JvmtiExport can_access_local_variables 0
JvmtiExport can_hotswap_or_post_breakpoint 1
JvmtiExport can_post_on_exceptions 0
# 1042 ciObject found
ciInstanceKlass java/util/jar/Attributes 1 1 273 1 7 1 1 7 1 7 1 100 1 7 1 1 7 1 1 7 1 100 1 1 1 1 1 1 1 12 10 12 10 1 7 10 12 9 1 1 12 10 1 1 12 11 1 1 1 1 12 10 10 1 7 1 1 1 12 11 1 1 10 1 12 11 1 1 12 11 1 12 11 1 1 1 7 1 12 10 1 100 10 1 1 12 11 1 7 1 1 12 11 1 7 1 1 12 11 1 1 12 11 1 12 11 12 11 1 12 11 1 1 12 11 1 12 11 1 1 12 11 1 1 1 12 11 1 1 12 11 1 12 11 1 12 10 1 1 1 100 1 100 10 10 1 12 10 1 1 12 10 1 1 12 10 1 8 1 12 10 10 1 1 12 10 1 1 12 10 1 1 1 12 9 10 12 10 1 12 9 1 7 1 1 12 9 1 1 12 10 1 100 1 12 10 1 1 12 10 1 1 1 12 10 1 100 1 7 10 1 1 12 10 10 1 8 1 1 12 10 1 8 1 12 10 1 8 1 12 10 1 1 12 10 1 12 10 1 12 10 1 8 1 12 10 1 100 12 10 1 8 1 100 1 1 12 10 1 8 1 8 1 12 10 1 8 1 8 1 1 1 1 1 1
ciInstanceKlass java/util/zip/Checksum 1 1 73 1 7 1 100 1 7 1 1 1 1 12 11 1 1 100 1 1 12 10 1 12 10 1 1 12 9 1 100 1 1 12 10 1 1 12 10 1 1 12 10 1 12 10 1 12 10 1 100 1 1 12 10 1 100 1 12 10 1 1 12 10 1 12 10 1 1 1 1 1 1 1 1
instanceKlass sun/util/calendar/ZoneInfoFile$Checksum
ciInstanceKlass java/util/zip/CRC32 1 1 142 1 7 1 7 1 100 1 1 1 1 1 1 12 10 1 1 12 9 1 12 10 1 1 100 10 1 100 10 1 1 12 10 1 1 100 1 1 12 10 1 12 10 12 9 1 100 10 1 1 12 10 1 100 1 1 12 11 1 1 12 10 1 100 1 1 12 10 1 100 1 12 10 1 1 12 10 1 12 10 1 12 10 1 100 1 12 10 1 100 1 12 10 1 1 12 10 12 10 1 12 10 1 1 5 0 1 1 12 10 1 12 10 1 7 1 1 12 10 12 10 1 1 12 10 1 12 10 1 1 7 1 12 10 1 7 1 12 10 1 1 1
staticfield java/util/zip/CRC32 $assertionsDisabled Z 1
ciInstanceKlass jdk/internal/perf/PerfCounter$CoreCounters 1 1 51 1 7 1 100 1 7 1 1 1 1 1 1 1 1 1 1 12 10 1 1 8 1 1 12 10 12 9 1 8 12 9 1 8 12 9 1 8 12 9 1 8 12 9 1 8 12 9 1 1 1
staticfield jdk/internal/perf/PerfCounter$CoreCounters pdt Ljdk/internal/perf/PerfCounter; jdk/internal/perf/PerfCounter
staticfield jdk/internal/perf/PerfCounter$CoreCounters lc Ljdk/internal/perf/PerfCounter; jdk/internal/perf/PerfCounter
staticfield jdk/internal/perf/PerfCounter$CoreCounters lct Ljdk/internal/perf/PerfCounter; jdk/internal/perf/PerfCounter
staticfield jdk/internal/perf/PerfCounter$CoreCounters rcbt Ljdk/internal/perf/PerfCounter; jdk/internal/perf/PerfCounter
staticfield jdk/internal/perf/PerfCounter$CoreCounters zfc Ljdk/internal/perf/PerfCounter; jdk/internal/perf/PerfCounter
staticfield jdk/internal/perf/PerfCounter$CoreCounters zfot Ljdk/internal/perf/PerfCounter; jdk/internal/perf/PerfCounter
instanceKlass java/nio/DirectLongBufferU
ciInstanceKlass java/nio/LongBuffer 1 1 319 1 7 1 1 7 1 100 1 100 1 100 1 1 1 1 1 1 1 1 1 1 1 1 1 12 10 12 9 12 9 12 10 1 1 12 10 1 1 1 1 1 1 12 10 1 100 1 12 10 1 1 1 100 1 12 10 1 100 1 12 10 1 12 10 1 1 1 1 1 1 1 1 1 1 1 1 100 1 1 12 10 1 1 12 10 1 12 10 1 100 10 1 1 12 10 12 10 12 10 1 12 10 5 0 1 12 9 12 9 1 1 12 10 1 100 1 12 10 1 1 12 9 1 1 12 10 12 10 5 0 1 1 12 10 1 1 12 10 1 100 1 1 12 10 1 100 12 10 1 1 1 12 10 1 12 10 1 100 10 1 100 10 1 1 12 10 1 12 9 1 12 10 1 100 10 1 100 1 12 10 12 10 12 10 12 10 1 12 9 1 1 1 100 10 1 1 12 10 12 10 1 1 12 10 1 12 10 1 12 10 1 12 10 1 12 10 1 1 1 1 100 10 1 1 12 10 1 7 1 12 10 1 1 12 10 1 8 1 12 10 1 8 1 8 1 12 10 1 8 12 10 1 1 1 1 100 1 1 12 10 1 1 1 100 1 1 12 10 1 1 12 10 1 100 10 12 10 1 12 10 12 10 12 10 12 10 12 10 12 10 12 10 12 10 12 10 1 12 10 1 1 12 10 1 1 12 9 7 1 7 1 1 12 10 1 1 1 1
staticfield java/nio/LongBuffer ARRAY_BASE_OFFSET J 16
staticfield java/nio/LongBuffer $assertionsDisabled Z 1
ciInstanceKlass java/nio/DirectLongBufferU 1 1 216 1 7 1 7 1 7 1 100 1 7 1 1 100 1 1 1 1 1 1 1 1 1 1 12 9 1 1 1 1 1 12 10 1 7 1 12 9 9 12 11 1 100 1 100 1 1 1 1 1 12 10 1 12 10 12 9 1 100 1 12 10 1 1 12 9 12 10 1 1 100 1 1 12 10 1 1 12 10 1 12 10 1 1 100 10 1 1 1 12 10 1 1 12 11 1 100 1 8 1 12 10 1 12 11 1 100 1 8 10 1 1 1 1 1 12 9 1 12 10 12 10 1 1 12 10 1 7 1 1 12 10 1 100 1 1 12 10 1 1 1 12 10 1 1 12 10 1 1 1 1 12 10 1 12 10 12 10 1 12 10 1 1 1 1 1 1 100 1 12 10 1 1 12 9 1 12 9 1 12 10 1 12 10 12 10 1 1 7 1 12 10 1 1 12 9 1 7 1 7 1 1 12 10 12 9 1 7 1 12 10 12 9 1 1 1
staticfield java/nio/DirectLongBufferU ARRAY_BASE_OFFSET J 16
staticfield java/nio/DirectLongBufferU UNALIGNED Z 1
staticfield java/nio/DirectLongBufferU $assertionsDisabled Z 1
instanceKlass java/util/jar/JarEntry
ciInstanceKlass java/util/zip/ZipEntry 1 1 303 1 7 1 7 1 100 1 100 1 1 1 1 1 1 1 1 1 1 1 1 1 1 1 1 1 1 1 1 1 3 1 3 1 5 0 1 5 0 1 1 1 12 10 5 0 12 9 12 9 12 9 12 9 12 9 12 9 12 9 12 9 8 1 7 1 1 12 10 1 7 1 1 12 10 3 1 100 1 8 12 10 12 9 1 1 8 12 9 12 9 12 9 12 9 12 9 1 1 1 1 1 7 1 1 12 10 1 1 12 10 1 100 1 12 10 1 100 1 1 12 9 1 100 1 1 12 10 1 1 1 12 10 1 12 10 1 1 1 12 10 1 12 10 1 12 10 1 12 10 1 12 10 5 0 1 12 10 3 1 100 1 1 12 10 1 100 1 1 12 10 1 1 12 10 1 12 10 1 1 10 1 1 12 10 5 0 5 0 5 0 5 0 5 0 5 0 1 12 10 1 1 1 8 1 1 12 10 1 1 12 10 1 1 8 1 1 1 8 1 1 1 8 1 1 1 1 1 8 1 1 1 1 8 1 1 1 1 1 12 10 1 8 1 1 12 10 1 1 12 10 5 0 1 1 12 10 1 7 1 1 12 10 1 12 10 1 12 10 100 1 1 1 1 1 1 1 8 1 1 12 10 1 12 10 1 12 10 1 1 1 100 12 10 10 1 100 1 12 10 1 1 1
ciInstanceKlass java/nio/file/Files 1 1 1007 1 7 1 7 1 7 1 100 1 100 1 100 1 7 1 100 1 7 1 1 100 1 100 1 1 1 7 1 7 1 1 7 1 1 100 1 100 1 1 1 3 1 1 1 1 1 1 1 1 1 12 10 1 1 1 7 1 1 12 11 1 7 1 12 10 1 1 16 1 1 12 10 15 1 100 1 1 12 10 15 1 12 18 1 1 1 100 12 10 1 7 12 10 1 1 12 10 1 1 1 12 10 1 1 7 1 1 12 10 1 100 10 1 1 12 10 1 7 1 7 10 1 1 1 1 1 12 9 1 12 10 1 1 1 8 1 7 1 1 12 10 12 10 1 7 10 1 8 1 1 12 10 1 1 12 10 1 1 12 10 1 12 10 1 1 1 1 12 9 1 7 1 12 11 1 1 12 10 1 1 7 1 100 1 100 1 12 10 1 1 12 11 1 100 1 12 11 1 7 1 1 12 10 1 100 11 1 8 1 12 10 1 1 12 11 1 1 12 11 1 100 1 1 12 11 1 1 12 11 1 12 11 1 12 10 1 7 1 1 12 9 1 1 12 10 1 1 1 1 7 1 1 12 10 1 100 12 10 1 1 1 1 1 12 10 1 1 1 1 1 1 12 10 1 1 1 12 10 1 1 12 10 1 1 12 10 1 1 1 12 10 1 100 1 12 10 1 12 10 1 12 10 1 12 10 1 1 12 10 1 1 12 10 1 1 1 100 10 5 0 1 7 10 1 100 1 7 1 1 12 10 1 100 1 12 10 10 1 1 12 10 1 12 10 1 1 1 1 12 9 1 100 11 1 100 12 10 1 1 12 9 1 1 1 12 10 1 1 1 12 10 1 1 1 12 10 1 1 1 1 12 10 1 100 1 12 10 1 12 10 12 9 1 100 1 1 12 11 1 100 10 1 12 10 1 8 1 1 12 10 1 100 1 12 11 1 10 1 1 1 1 100 10 1 12 11 1 1 1 1 100 10 1 100 10 1 1 12 11 1 1 1 100 1 12 11 1 1 1 12 11 1 1 7 12 11 1 7 12 10 12 11 1 12 10 12 11 1 1 1 1 12 11 1 1 1 100 1 100 1 1 12 11 1 1 12 11 1 1 1 100 10 1 8 1 12 10 1 12 10 12 10 1 1 1 1 1 1 12 9 12 10 1 1 12 9 1 1 12 9 1 1 1 1 12 10 1 1 12 10 1 1 12 9 1 1 12 10 1 12 10 1 1 12 10 1 1 12 10 1 12 10 1 7 1 1 12 11 1 1 12 11 1 12 11 1 7 1 1 12 9 1 12 9 1 12 10 1 12 11 1 12 9 1 12 9 1 12 10 1 12 10 10 1 1 1 7 1 7 1 1 12 10 3 12 10 1 1 1 100 1 1 12 10 1 100 1 12 10 1 100 1 12 10 1 1 100 1 1 12 9 12 10 1 1 1 1 12 10 1 100 10 1 12 10 1 100 1 12 10 1 12 10 1 1 100 1 7 1 1 12 9 1 100 1 8 10 1 12 10 1 8 10 10 1 7 1 1 12 9 12 9 1 7 1 1 12 10 10 1 1 1 12 10 12 10 1 100 1 1 12 10 1 7 1 1 12 10 1 1 12 10 1 1 12 10 1 7 1 12 10 1 7 1 12 10 11 5 0 1 100 1 8 10 12 10 1 1 12 10 12 10 1 1 12 10 1 7 1 1 12 10 1 12 10 12 9 1 7 1 1 12 11 1 1 1 1 100 10 1 12 10 1 12 11 10 1 1 12 10 1 1 1 12 10 1 12 10 1 100 1 1 1 100 11 1 100 1 100 1 12 10 1 12 10 10 1 1 12 10 1 1 1 12 10 1 1 12 10 1 1 12 11 12 10 1 1 1 1 100 1 100 11 1 12 10 1 100 1 1 12 10 1 100 1 1 12 10 12 10 1 100 1 1 12 11 11 1 1 1 100 1 12 10 10 15 1 12 18 16 1 1 12 10 15 16 1 1 12 18 1 1 12 11 1 100 1 1 12 10 1 1 1 16 1 1 12 10 15 1 16 1 1 12 18 1 1 12 11 1 12 10 15 18 1 100 1 1 1 1 100 1 12 10 1 100 1 12 9 1 12 10 1 12 11 12 9 1 100 1 1 12 10 1 1 12 10 10 1 1 12 10 1 10 1 12 10 1 1 12 10 15 1 12 18 1 1 12 10 1 12 10 10 1 12 11 1 100 11 1 100 1 12 10 1 1 12 10 1 1 12 11 1 7 1 1 12 10 1 1 1 1 1 1 1 1
staticfield java/nio/file/Files DEFAULT_CREATE_OPTIONS Ljava/util/Set; java/util/ImmutableCollections$Set12
staticfield java/nio/file/Files JLA Ljdk/internal/access/JavaLangAccess; java/lang/System$2
staticfield java/nio/file/Files $assertionsDisabled Z 1
ciInstanceKlass java/nio/file/attribute/FileAttributeView 1 0 7 1 100 1 100 1 100
ciInstanceKlass java/nio/file/attribute/BasicFileAttributeView 1 0 16 1 100 1 100 1 100 1 1 1 1 1 100 1 1 1
ciInstanceKlass sun/nio/fs/Util 1 1 102 1 7 1 100 1 1 1 1 12 10 1 12 9 1 1 1 100 1 1 12 10 1 1 1 12 10 1 1 1 1 12 10 1 1 12 10 1 100 1 1 12 10 1 1 1 1 1 7 10 1 100 1 1 12 10 1 1 1 12 10 1 100 1 1 1 100 1 7 1 1 12 9 1 100 10 1 100 1 8 1 12 10 1 1 8 1 7 1 1 12 10 1 7 1 1 12 10 1 1 1 1
staticfield sun/nio/fs/Util jnuEncoding Ljava/nio/charset/Charset; sun/nio/cs/MS1252
ciInstanceKlass sun/nio/fs/WindowsFileAttributeViews 1 1 26 1 100 1 100 1 7 1 7 1 1 1 1 12 10 1 1 1 12 10 1 1 10 1 1 1
instanceKlass sun/nio/fs/WindowsFileAttributeViews$Basic
ciInstanceKlass sun/nio/fs/AbstractBasicFileAttributeView 1 1 166 1 7 1 7 1 100 1 100 1 100 1 1 1 1 8 1 1 8 1 1 8 1 1 8 1 1 8 1 1 8 1 1 8 1 1 8 1 1 8 1 1 1 1 1 12 10 1 1 1 8 1 1 1 100 1 7 1 1 12 10 1 100 1 1 12 10 1 100 1 100 10 1 8 1 1 12 10 12 10 1 8 1 8 1 12 10 1 12 10 1 1 1 1 12 10 1 100 1 12 11 1 100 1 1 12 10 1 12 10 1 12 11 12 11 12 11 1 12 11 1 12 11 1 100 1 12 10 12 11 12 11 12 11 1 1 1 12 9 1 1 12 10 1 12 10 12 10 1 1 12 10 1 1 7 1 1 12 10 1 1 1 1 1 1 1
staticfield sun/nio/fs/AbstractBasicFileAttributeView basicAttributeNames Ljava/util/Set; java/util/HashSet
instanceKlass sun/nio/fs/WindowsFileAttributeViews$Dos
ciInstanceKlass sun/nio/fs/WindowsFileAttributeViews$Basic 1 1 116 1 7 1 7 1 100 1 1 1 1 1 1 1 1 12 10 12 9 12 9 1 1 1 100 1 7 1 7 1 12 10 1 7 1 1 12 10 1 1 12 10 1 1 5 0 5 0 1 1 1 100 3 3 1 1 12 10 1 100 1 1 12 10 1 1 12 10 1 1 12 10 1 1 12 10 1 100 1 1 12 10 1 12 10 1 8 1 100 1 1 12 10 12 10 1 100 1 1 1 12 10 1 1 12 10 12 10 1 12 10 1 1 1 1 1
ciInstanceKlass java/nio/file/attribute/DosFileAttributes 1 0 12 1 100 1 100 1 100 1 1 1 1 1
ciInstanceKlass sun/nio/fs/WindowsFileAttributes 1 1 309 1 7 1 7 1 100 1 1 1 1 3 1 3 1 3 1 3 1 3 1 3 1 3 1 3 1 3 1 3 1 1 1 1 1 1 1 1 3 1 1 1 1 1 1 1 1 1 5 0 1 5 0 1 1 1 1 1 1 1 1 1 1 1 1 1 1 1 100 1 7 1 1 12 10 5 0 1 12 10 1 7 1 1 12 9 1 7 1 1 12 10 5 0 1 12 9 1 1 1 1 12 10 1 1 1 12 10 12 9 12 9 12 9 12 9 12 9 12 9 12 9 12 9 12 9 1 1 12 9 1 7 1 1 12 10 5 0 1 1 12 10 5 0 5 0 5 0 5 0 5 0 5 0 5 0 5 0 12 10 1 1 1 1 7 1 1 12 10 1 1 1 1 12 10 1 1 100 1 7 1 1 12 10 1 7 1 1 12 10 1 1 12 10 1 12 10 1 100 12 10 1 1 12 9 1 7 1 1 12 10 1 1 12 10 12 10 1 1 12 10 1 7 1 12 10 1 1 12 10 12 10 1 1 12 10 1 1 12 10 12 10 1 12 10 1 1 12 10 12 10 1 12 10 1 1 1 1 1 12 10 1 1 1 1 12 10 3 1 3 1 1 1 12 10 12 10 1 1 1 1 1 1 1 12 10 1 8 1 8 1 7 1 1 12 10 1 12 10 1 7 1 1 12 10 1 1 1 1
staticfield sun/nio/fs/WindowsFileAttributes unsafe Ljdk/internal/misc/Unsafe; jdk/internal/misc/Unsafe
staticfield sun/nio/fs/WindowsFileAttributes ensureAccurateMetadata Z 0
ciInstanceKlass sun/nio/fs/NativeBuffers 1 1 110 1 7 1 100 1 7 1 1 1 1 3 1 1 1 1 1 1 1 12 10 1 1 1 7 1 12 10 1 12 9 1 7 1 1 12 10 1 7 1 1 12 10 1 12 10 1 1 12 10 12 10 1 1 1 12 10 1 12 10 1 1 1 7 1 12 9 12 9 1 100 10 12 9 1 1 12 10 1 1 12 10 1 1 12 10 1 1 12 10 12 10 1 1 7 1 1 12 10 1 1 12 10 10 1 1 1 1 1 1
staticfield sun/nio/fs/NativeBuffers unsafe Ljdk/internal/misc/Unsafe; jdk/internal/misc/Unsafe
staticfield sun/nio/fs/NativeBuffers $assertionsDisabled Z 1
ciInstanceKlass java/util/IdentityHashMap 1 1 336 1 7 1 1 7 1 100 1 100 1 100 1 100 1 100 1 100 1 100 1 100 1 7 1 7 1 100 1 100 1 100 1 100 1 100 1 100 1 1 1 1 1 100 1 100 1 1 1 1 1 1 1 1 1 1 1 3 1 3 1 3 1 1 1 1 1 1 1 1 1 1 1 5 0 1 1 12 9 1 7 1 1 1 12 10 1 1 12 10 1 100 1 100 10 1 8 1 1 12 10 1 12 10 1 1 12 10 1 12 10 1 1 12 10 3 1 7 1 12 10 12 9 1 1 1 12 11 6 0 12 10 1 12 10 12 9 1 1 1 1 1 7 1 1 12 10 1 1 1 1 12 10 12 10 7 12 10 1 1 1 1 1 1 1 1 1 1 12 10 12 9 3 3 1 100 1 8 10 1 12 11 1 100 1 1 12 11 1 100 1 12 11 1 1 12 11 1 12 11 1 12 11 12 10 1 1 12 10 1 1 1 10 12 10 10 12 11 1 12 10 1 1 100 12 10 12 9 10 1 100 1 12 10 1 1 12 9 1 12 10 1 1 1 1 12 9 10 1 100 1 10 1 1 1 100 1 100 1 12 10 1 12 10 1 12 10 1 1 1 100 1 1 12 10 1 12 10 1 100 1 8 10 1 100 1 1 12 10 1 100 1 1 12 11 12 10 1 1 12 10 1 10 1 1 1 1 100 1 12 10 1 100 1 12 11 1 100 10 1 1 1 1 100 1 12 11 1 10 1 1 1 1 1 1 1
staticfield java/util/IdentityHashMap NULL_KEY Ljava/lang/Object; java/lang/Object
ciInstanceKlass sun/nio/fs/NativeBuffer 1 1 86 1 7 1 7 1 100 1 7 1 1 7 1 7 1 1 1 1 1 1 1 1 1 1 1 1 1 1 12 10 12 9 1 7 1 1 12 10 12 9 12 9 1 7 1 1 12 10 1 12 10 1 1 12 10 12 9 1 1 12 10 1 7 1 1 12 10 1 1 1 1 12 11 1 1 12 9 1 1 1 1 12 10 1 1 1
staticfield sun/nio/fs/NativeBuffer unsafe Ljdk/internal/misc/Unsafe; jdk/internal/misc/Unsafe
ciInstanceKlass sun/nio/fs/WindowsNativeDispatcher 1 1 340 1 7 1 100 1 100 1 100 1 100 1 100 1 7 1 100 1 7 1 1 1 1 1 1 1 1 1 1 1 12 10 1 1 1 100 1 1 1 1 12 10 1 7 1 1 12 10 1 1 12 10 1 12 10 1 7 1 100 1 12 10 1 1 1 1 1 12 10 1 1 1 1 12 10 1 1 12 10 1 1 1 1 1 1 1 10 1 1 12 10 1 1 1 12 10 1 1 1 1 10 1 1 12 10 1 12 10 5 0 1 1 1 1 1 1 1 1 12 10 1 1 1 12 10 1 1 1 1 12 10 1 1 1 1 12 10 1 1 12 10 1 1 1 1 1 1 1 10 1 1 12 10 1 1 12 10 1 1 10 1 1 12 10 1 1 12 10 1 1 1 12 10 1 1 1 1 1 1 12 10 1 1 1 1 12 10 1 1 1 1 1 1 10 1 1 12 10 1 1 1 1 1 1 1 10 1 1 12 10 1 1 1 1 12 10 1 1 1 1 1 12 10 1 1 1 1 1 1 1 1 1 1 1 1 1 12 10 1 1 12 10 1 12 10 1 1 1 12 10 1 1 12 10 1 1 1 1 1 1 1 1 10 1 1 12 10 1 1 1 1 1 1 1 12 10 3 1 8 12 10 1 7 1 1 12 10 1 12 10 1 1 12 10 1 1 12 10 12 9 1 7 1 1 12 9 1 1 12 10 1 1 12 10 1 1 12 10 1 1 1 1 12 10 1 8 1 7 1 12 10 1 8 12 10 1 1 1 1 1
staticfield sun/nio/fs/WindowsNativeDispatcher unsafe Ljdk/internal/misc/Unsafe; jdk/internal/misc/Unsafe
ciInstanceKlass java/util/Enumeration 1 1 24 1 100 1 1 100 1 100 1 1 1 1 1 1 1 1 1 1 12 10 1 1 1 1
ciInstanceKlass java/io/RandomAccessFile 1 1 336 1 7 1 7 1 100 1 100 1 100 1 7 1 7 1 1 1 1 1 1 1 1 1 1 1 1 1 3 1 3 1 3 1 3 1 3 1 1 1 100 1 7 1 12 10 1 7 1 12 10 1 12 10 1 12 10 12 9 1 1 12 10 1 8 1 1 12 10 8 1 1 12 10 12 9 1 1 12 10 1 8 1 8 1 100 1 100 10 1 8 1 1 12 10 1 8 1 12 10 10 1 7 1 1 12 10 1 100 1 12 10 1 12 10 1 100 10 1 1 12 10 1 8 10 1 7 10 12 9 1 1 12 10 12 9 1 1 12 10 1 7 1 1 12 10 1 1 1 100 10 1 1 12 9 1 7 1 12 10 12 9 1 7 1 12 10 1 100 1 12 10 1 100 1 12 10 1 1 12 10 1 1 12 10 1 1 1 1 12 10 12 10 1 100 10 1 1 1 1 12 10 12 10 1 1 12 10 1 1 1 12 10 1 12 10 1 8 10 1 12 10 1 1 12 10 1 12 10 1 12 10 1 1 1 1 1 1 1 1 1 1 12 10 5 0 1 1 1 100 1 1 12 10 1 1 12 10 1 100 1 1 12 10 1 1 12 10 10 1 1 100 1 12 10 1 1 12 10 1 1 1 1 1 1 1 1 1 12 10 12 10 1 1 1 1 12 10 12 10 1 1 12 10 1 1 1 12 10 1 100 1 100 1 1 100 1 12 10 1 1 12 10 10 1 7 1 1 12 10 1 1 1 1 1 1
ciInstanceKlass jdk/internal/access/JavaIORandomAccessFileAccess 1 0 10 1 100 1 100 1 1 1 100 1
ciInstanceKlass java/io/FileCleanable 1 1 83 1 7 1 1 7 1 1 1 1 1 1 1 1 1 100 1 1 1 7 1 1 12 10 12 9 1 7 1 1 12 11 1 1 12 11 1 7 1 1 12 10 1 1 12 10 1 1 12 10 1 1 1 12 10 1 12 10 12 9 12 9 1 12 10 1 100 1 8 1 12 10 1 1 7 1 1 12 10 1 1 1 1
staticfield java/io/FileCleanable fdAccess Ljdk/internal/access/JavaIOFileDescriptorAccess; java/io/FileDescriptor$1
ciInstanceKlass java/util/zip/ZipFile$Source$End 1 1 24 1 100 1 7 1 7 1 100 1 1 1 1 1 1 1 1 1 1 12 10 1 1 1
ciInstanceKlass java/util/zip/ZipUtils 1 1 291 1 7 1 100 1 1 5 0 1 5 0 1 1 1 5 0 1 1 3 1 3 1 5 0 1 3 1 1 1 1 1 1 12 10 1 1 5 0 1 7 1 1 12 9 1 7 1 1 12 10 1 1 1 1 12 10 1 1 12 9 1 1 1 1 100 5 0 5 0 5 0 5 0 5 0 5 0 1 100 1 1 12 10 1 12 9 1 100 1 1 12 10 1 1 12 10 1 100 1 1 12 10 1 1 12 10 1 1 12 10 1 1 12 10 1 100 1 12 10 1 1 12 10 1 12 10 1 1 1 1 12 10 1 12 10 1 12 10 1 12 10 1 12 10 1 12 10 5 0 1 1 1 12 10 12 10 5 0 5 0 1 100 1 1 12 10 1 1 12 10 1 1 1 1 12 10 1 12 10 1 1 1 1 12 10 1 12 10 1 1 1 1 1 1 1 1 1 1 1 1 1 1 1 1 1 1 1 1 1 1 12 10 1 1 1 1 1 1 1 12 10 1 1 1 1 1 1 1 1 1 1 1 1 1 1 1 1 1 8 1 7 1 12 10 1 1 12 9 12 9 1 7 1 1 12 10 1 7 1 1 12 9 1 1 12 10 1 1 7 1 1 12 10 12 9 1 1 12 10 1 8 1 1 12 10 1 8 1 1 1
staticfield java/util/zip/ZipUtils defaultBuf Ljava/nio/ByteBuffer; java/nio/HeapByteBuffer
staticfield java/util/zip/ZipUtils unsafe Ljdk/internal/misc/Unsafe; jdk/internal/misc/Unsafe
staticfield java/util/zip/ZipUtils byteBufferArrayOffset J 48
staticfield java/util/zip/ZipUtils byteBufferOffsetOffset J 40
ciInstanceKlass java/util/concurrent/TimeUnit 1 1 252 1 7 1 1 7 1 7 1 1 1 1 1 1 1 1 1 1 5 0 1 5 0 1 5 0 1 5 0 1 5 0 1 5 0 1 5 0 1 1 1 1 1 1 1 1 1 1 1 1 1 12 9 7 1 1 12 10 1 1 1 12 10 1 1 1 1 12 10 12 9 5 0 12 9 1 100 12 9 12 9 12 9 12 9 12 9 12 9 1 1 5 0 1 1 1 1 12 9 1 1 12 10 1 1 12 10 1 12 10 1 12 10 1 12 10 12 10 1 1 100 1 1 12 10 1 12 10 3 12 9 12 9 1 1 1 1 1 1 1 1 100 12 10 1 100 1 1 12 10 1 1 1 100 1 12 10 1 12 10 1 1 1 100 1 1 12 9 1 12 9 1 12 9 12 9 12 9 12 9 12 9 1 100 1 12 10 1 1 1 12 9 1 8 1 100 1 1 12 10 10 12 9 12 9 12 9 12 9 12 9 1 100 1 100 10 1 8 1 1 12 10 1 12 10 1 1 12 10 1 12 10 1 1 8 12 10 8 8 8 8 8 8 12 10 1 1 1 1 1 1 1
staticfield java/util/concurrent/TimeUnit NANOSECONDS Ljava/util/concurrent/TimeUnit; java/util/concurrent/TimeUnit
staticfield java/util/concurrent/TimeUnit MICROSECONDS Ljava/util/concurrent/TimeUnit; java/util/concurrent/TimeUnit
staticfield java/util/concurrent/TimeUnit MILLISECONDS Ljava/util/concurrent/TimeUnit; java/util/concurrent/TimeUnit
staticfield java/util/concurrent/TimeUnit SECONDS Ljava/util/concurrent/TimeUnit; java/util/concurrent/TimeUnit
staticfield java/util/concurrent/TimeUnit MINUTES Ljava/util/concurrent/TimeUnit; java/util/concurrent/TimeUnit
staticfield java/util/concurrent/TimeUnit HOURS Ljava/util/concurrent/TimeUnit; java/util/concurrent/TimeUnit
staticfield java/util/concurrent/TimeUnit DAYS Ljava/util/concurrent/TimeUnit; java/util/concurrent/TimeUnit
staticfield java/util/concurrent/TimeUnit $VALUES [Ljava/util/concurrent/TimeUnit; 7 [Ljava/util/concurrent/TimeUnit;
ciInstanceKlass java/nio/file/attribute/FileTime 1 1 280 1 7 1 1 7 1 100 1 100 1 1 1 1 1 1 1 1 1 5 0 1 5 0 1 1 5 0 1 5 0 1 5 0 1 5 0 1 5 0 1 1 3 1 3 1 5 0 1 5 0 1 5 0 1 5 0 1 5 0 1 1 1 12 10 12 9 12 9 12 9 1 1 8 1 7 1 1 12 10 12 10 1 1 1 7 1 12 9 1 8 1 1 1 1 12 10 1 100 1 1 12 10 1 12 9 5 0 5 0 1 1 12 10 1 12 9 1 1 12 10 1 100 1 12 10 1 1 1 1 1 1 12 9 1 12 10 5 0 12 10 5 0 5 0 1 1 12 10 1 12 10 1 100 1 8 1 12 10 1 12 9 1 12 9 1 1 12 10 1 1 1 1 12 10 1 12 10 12 10 1 12 10 1 1 12 9 1 12 10 1 12 10 1 7 1 1 12 10 12 10 12 10 1 1 1 100 1 12 10 1 1 12 9 1 12 10 5 0 1 100 1 1 12 9 1 100 1 12 10 1 12 10 10 1 12 10 1 8 1 8 1 100 1 12 10 1 12 10 12 10 1 1 12 10 1 12 10 1 12 10 1 12 10 1 12 10 1 12 10 3 12 10 1 1 1 1 1 1 1
ciInstanceKlass jdk/internal/perf/PerfCounter 1 1 143 1 7 1 7 1 7 1 1 7 1 7 1 1 1 1 1 3 1 3 1 3 1 1 1 1 1 1 1 1 12 10 12 9 12 9 1 1 12 10 1 7 1 1 12 10 1 7 1 1 12 10 1 1 12 10 12 9 1 1 12 10 1 1 1 1 7 1 12 10 1 1 1 1 12 10 1 12 10 1 12 10 1 1 1 7 1 12 10 1 1 1 100 10 1 1 12 10 1 8 1 12 10 12 10 1 1 1 1 12 9 1 1 12 9 1 1 12 9 1 1 12 9 1 1 12 9 1 1 12 9 1 10 1 7 1 1 12 10 1 1 1 1
staticfield jdk/internal/perf/PerfCounter perf Ljdk/internal/perf/Perf; jdk/internal/perf/Perf
ciInstanceKlass java/nio/file/Path 1 1 185 1 7 1 1 100 1 100 1 100 1 100 1 100 1 100 1 100 1 1 100 1 1 1 1 7 1 1 12 10 1 7 1 12 10 1 1 7 1 1 12 10 1 100 1 8 1 1 12 10 1 7 1 8 1 1 12 10 1 1 12 10 1 7 12 10 1 1 12 10 1 100 1 1 12 11 1 100 1 1 12 11 1 1 12 11 10 1 100 1 100 1 12 10 1 8 1 1 12 10 1 8 1 12 10 10 1 1 1 1 1 1 1 1 1 1 1 1 1 1 12 11 12 11 1 12 11 1 1 1 1 12 11 1 1 100 10 12 11 12 11 1 1 1 1 1 1 1 100 1 1 1 7 11 10 1 100 1 8 10 1 1 1 1 1 12 11 1 1 12 10 1 1 1 1 1 1 12 11 1 1 1 1 1 1
ciInstanceKlass java/util/ListIterator 1 0 25 1 100 1 1 100 1 100 1 1 1 1 1 1 1 1 1 1 1 1 1 1 1 1 1
instanceKlass org/eclipse/m2e/core/internal/project/registry/ProjectRegistryManager$1
ciInstanceKlass java/util/LinkedHashMap 1 1 234 1 7 1 1 7 1 100 1 100 1 100 1 100 1 100 1 7 1 7 1 7 1 7 1 1 7 1 1 100 1 1 100 1 1 1 1 1 1 1 1 1 5 0 1 1 1 1 1 1 1 1 1 12 9 12 9 1 12 9 1 12 9 1 1 1 1 1 12 10 1 1 1 1 1 12 10 12 10 1 1 1 1 1 12 9 1 1 12 9 1 12 9 12 10 1 1 1 10 1 1 1 1 1 1 1 1 1 1 12 10 1 12 10 1 1 12 10 1 12 9 1 12 9 1 1 1 100 1 100 1 1 12 10 1 12 10 1 12 10 12 10 1 1 1 1 12 10 1 1 1 1 100 1 12 10 1 1 1 1 1 12 10 12 10 9 1 1 1 1 12 10 1 1 1 1 1 12 9 1 12 10 1 100 1 1 1 1 100 1 1 1 1 1 12 9 10 1 100 1 1 12 9 10 1 1 1 1 100 10 1 100 1 1 12 11 1 100 10 1 1 1 1 7 1 12 11 1 1 1 1 1 1 1
ciInstanceKlass java/util/Locale 1 1 1042 1 7 1 7 1 100 1 100 1 100 1 100 1 100 1 100 1 7 1 100 1 100 1 7 1 100 1 100 1 100 1 100 1 1 1 1 1 1 100 1 100 1 1 100 1 100 1 1 100 1 100 1 1 1 1 1 100 1 100 1 1 1 1 1 1 1 1 1 1 1 1 1 1 1 1 1 1 1 1 1 1 1 1 1 1 1 1 1 3 1 3 1 1 5 0 1 1 3 1 3 1 3 1 3 1 3 1 3 1 1 1 1 1 1 1 1 1 1 1 1 1 1 1 1 1 1 1 1 7 1 1 12 9 1 1 12 10 12 9 1 7 1 1 12 11 1 12 10 12 9 12 9 1 1 7 1 100 10 1 1 12 10 1 8 1 1 12 10 1 1 12 10 1 12 10 1 1 1 12 10 1 12 10 1 1 12 11 1 1 12 9 10 10 1 1 12 9 1 1 7 1 12 10 1 1 12 9 12 9 1 12 10 12 9 1 12 9 1 100 1 8 1 12 10 12 9 1 12 10 1 12 10 1 7 1 1 12 10 1 8 1 8 1 7 1 1 12 10 1 8 12 10 1 1 12 10 1 1 12 10 1 12 10 1 8 1 8 1 8 1 8 1 1 12 10 1 7 1 12 10 1 100 1 12 9 1 1 12 10 1 12 9 1 12 10 1 12 9 1 12 10 1 12 9 1 12 10 1 12 9 1 1 12 10 1 1 100 1 7 1 1 12 10 1 1 12 10 1 7 10 1 1 12 10 10 1 1 12 10 1 1 1 12 10 1 8 12 10 1 8 1 100 1 1 12 10 1 100 1 8 12 10 1 100 1 1 12 10 1 1 12 9 1 1 12 10 1 8 1 1 1 12 10 1 1 12 9 1 8 1 1 12 10 1 1 12 10 1 1 1 12 10 1 12 9 1 8 1 12 10 100 10 10 1 12 10 10 1 1 1 12 10 1 1 1 1 12 10 1 100 1 7 10 1 8 1 1 12 10 1 12 10 1 12 10 10 1 100 1 1 12 10 1 1 12 10 1 1 1 1 100 1 12 10 1 12 10 1 1 12 10 1 1 12 10 1 8 12 10 1 12 10 1 1 12 10 1 12 10 10 1 8 1 12 9 1 7 1 1 12 10 10 1 12 10 10 1 8 1 12 10 10 1 12 10 1 1 12 10 1 7 1 1 12 11 1 7 1 12 11 1 1 12 11 1 12 10 1 12 10 1 12 10 10 1 8 1 100 1 1 1 1 12 10 1 1 12 10 12 10 1 1 100 1 12 10 1 8 1 8 10 1 8 10 1 1 8 1 8 1 1 12 10 1 12 10 1 12 10 1 1 12 10 1 12 10 1 12 10 1 100 1 1 12 10 1 8 1 1 12 9 1 7 1 12 10 1 1 12 10 1 12 10 1 100 1 1 12 10 1 1 12 10 1 1 12 10 1 8 1 100 1 12 10 1 1 12 10 1 12 10 1 8 1 100 1 12 10 1 1 12 10 1 100 1 1 12 10 1 1 12 10 1 100 1 1 12 11 16 1 1 12 10 15 16 1 100 1 1 12 10 15 1 1 12 18 1 100 1 1 12 11 16 15 16 1 1 12 18 1 1 12 11 1 1 12 10 15 1 12 18 1 12 10 1 12 10 1 1 12 10 1 1 12 11 1 100 1 100 10 1 1 12 10 1 8 1 1 100 12 10 1 100 1 12 10 1 12 9 12 10 10 1 12 10 10 1 100 1 8 10 1 12 10 1 12 10 1 1 10 10 1 8 1 8 1 8 12 9 1 12 10 1 12 10 1 8 1 12 10 1 12 10 1 100 1 12 10 1 12 10 15 1 12 18 1 12 10 1 8 1 12 10 1 12 10 1 8 1 100 1 1 12 10 1 1 12 11 16 1 1 12 10 15 16 1 12 18 1 1 12 11 1 12 10 1 1 1 100 1 1 12 10 1 8 1 12 10 1 8 1 8 1 8 1 8 1 8 1 12 10 1 12 10 1 1 1 100 1 1 12 10 1 12 10 1 100 1 12 10 10 1 1 100 1 12 10 1 12 10 10 1 8 1 1 12 10 1 8 1 8 1 12 9 1 8 1 8 1 12 9 1 1 1 1 100 12 10 1 1 1 1 12 9 10 1 1 12 10 1 10 1 1 1 12 10 1 1 1 12 10 1 1 12 10 12 10 1 1 7 1 12 10 1 7 10 12 10 12 9 12 9 12 9 12 9 12 9 12 9 12 9 12 9 12 9 12 9 12 9 12 9 12 9 12 9 12 9 12 9 12 9 12 9 12 9 12 9 12 9 12 10 1 7 1 12 10 1 1 12 9 12 9 1 1 1 1 1 1 1 1
staticfield java/util/Locale ENGLISH Ljava/util/Locale; java/util/Locale
staticfield java/util/Locale FRENCH Ljava/util/Locale; java/util/Locale
staticfield java/util/Locale GERMAN Ljava/util/Locale; java/util/Locale
staticfield java/util/Locale ITALIAN Ljava/util/Locale; java/util/Locale
staticfield java/util/Locale JAPANESE Ljava/util/Locale; java/util/Locale
staticfield java/util/Locale KOREAN Ljava/util/Locale; java/util/Locale
staticfield java/util/Locale CHINESE Ljava/util/Locale; java/util/Locale
staticfield java/util/Locale SIMPLIFIED_CHINESE Ljava/util/Locale; java/util/Locale
staticfield java/util/Locale TRADITIONAL_CHINESE Ljava/util/Locale; java/util/Locale
staticfield java/util/Locale FRANCE Ljava/util/Locale; java/util/Locale
staticfield java/util/Locale GERMANY Ljava/util/Locale; java/util/Locale
staticfield java/util/Locale ITALY Ljava/util/Locale; java/util/Locale
staticfield java/util/Locale JAPAN Ljava/util/Locale; java/util/Locale
staticfield java/util/Locale KOREA Ljava/util/Locale; java/util/Locale
staticfield java/util/Locale UK Ljava/util/Locale; java/util/Locale
staticfield java/util/Locale US Ljava/util/Locale; java/util/Locale
staticfield java/util/Locale CANADA Ljava/util/Locale; java/util/Locale
staticfield java/util/Locale CANADA_FRENCH Ljava/util/Locale; java/util/Locale
staticfield java/util/Locale ROOT Ljava/util/Locale; java/util/Locale
staticfield java/util/Locale CONSTANT_LOCALES Ljava/util/Map; java/util/HashMap
staticfield java/util/Locale CHINA Ljava/util/Locale; java/util/Locale
staticfield java/util/Locale PRC Ljava/util/Locale; java/util/Locale
staticfield java/util/Locale TAIWAN Ljava/util/Locale; java/util/Locale
staticfield java/util/Locale serialPersistentFields [Ljava/io/ObjectStreamField; 6 [Ljava/io/ObjectStreamField;
staticfield java/util/Locale $assertionsDisabled Z 1
instanceKlass java/util/jar/JarFile
ciInstanceKlass java/util/zip/ZipFile 1 1 511 1 7 1 7 1 100 1 100 1 7 1 100 1 100 1 7 1 7 1 100 1 7 1 7 1 100 1 7 1 1 1 1 1 1 1 1 1 1 100 1 100 1 1 1 1 1 1 1 1 1 1 3 1 3 1 3 1 3 1 1 1 1 1 1 100 1 7 12 10 1 12 10 1 7 1 1 12 9 1 12 10 1 1 100 1 12 10 1 100 1 100 1 100 10 1 8 1 1 12 10 1 100 1 1 12 10 1 1 12 10 10 1 12 10 1 7 1 1 12 10 1 100 1 12 10 1 12 10 1 7 1 8 1 7 1 1 12 10 12 9 1 1 12 10 1 7 1 1 12 10 1 12 10 12 9 1 7 1 1 12 10 1 1 12 10 1 12 10 1 12 10 1 1 1 1 12 10 1 1 12 9 1 1 12 9 1 1 12 9 1 12 10 1 100 1 1 8 1 1 12 10 1 1 12 10 1 7 1 1 1 8 1 1 12 9 12 9 9 1 1 12 10 12 9 1 7 1 12 9 1 12 10 1 7 1 1 12 10 1 1 12 11 1 1 12 10 5 0 5 0 5 0 5 0 1 12 10 1 100 1 8 10 1 1 1 1 1 12 9 1 12 10 1 1 1 1 1 1 16 1 1 12 10 15 16 1 100 1 1 12 10 15 1 1 12 18 1 12 10 1 100 1 12 10 1 1 12 10 1 1 12 10 1 12 10 1 1 12 10 15 16 18 1 1 1 1 12 10 15 16 18 1 12 10 1 12 10 1 1 12 10 1 1 12 10 1 8 1 1 12 10 1 12 10 100 1 7 1 1 12 9 1 7 1 1 12 11 10 1 12 10 1 12 9 1 12 10 1 1 12 9 1 12 10 1 12 9 1 12 9 1 12 10 1 12 9 1 12 9 1 12 10 1 12 10 3 1 12 9 1 7 1 1 12 10 1 1 12 10 12 9 1 1 1 100 12 9 1 12 10 1 1 12 10 1 100 1 8 10 1 8 1 1 8 1 1 1 1 1 12 9 1 12 9 1 7 10 1 7 11 100 1 12 11 1 1 12 9 1 1 1 1 1 12 9 1 100 1 10 1 7 1 1 12 10 1 8 1 7 1 1 12 10 1 8 1 1 12 10 12 9 1 1 1 1 1 1 1 1 1
instanceKlass sun/net/www/protocol/jar/URLJarFile
ciInstanceKlass java/util/jar/JarFile 1 1 688 1 7 1 7 1 7 1 100 1 100 1 7 1 7 1 1 1 7 1 7 1 1 7 1 7 1 1 100 1 7 1 1 100 1 100 1 1 1 1 1 1 1 1 1 1 1 1 1 3 1 1 1 1 1 1 1 1 1 1 1 1 1 1 1 1 1 1 1 8 1 1 8 1 1 8 1 1 1 1 1 1 1 1 1 12 9 1 12 9 1 1 1 100 1 7 12 10 1 12 10 1 1 1 1 12 10 1 12 10 12 9 1 7 1 1 12 10 12 9 1 1 12 10 12 9 12 9 1 7 1 1 12 10 1 1 12 10 12 9 1 1 12 10 12 9 12 9 1 1 12 10 1 1 1 12 10 1 100 12 9 1 7 1 1 12 10 1 1 12 10 1 1 12 10 12 9 12 9 1 7 1 1 12 11 1 7 1 1 12 10 1 12 10 12 9 100 1 1 12 9 1 8 1 100 1 12 10 1 7 1 12 10 10 1 12 10 1 1 12 10 1 12 10 1 7 1 12 10 1 1 12 10 1 12 10 1 1 1 1 12 10 1 1 12 10 10 1 1 1 1 12 11 1 1 1 1 12 11 1 1 12 11 16 1 1 12 10 15 16 1 100 1 1 12 10 15 1 1 12 18 1 100 1 1 12 11 1 16 1 12 10 15 1 16 1 1 12 18 1 1 12 11 1 12 11 12 10 15 16 18 1 16 18 12 10 1 1 12 10 1 100 1 7 1 12 10 1 12 10 1 1 12 10 1 1 12 10 1 12 10 1 1 12 11 1 100 1 7 12 10 1 1 12 10 1 12 10 1 8 12 10 1 1 12 10 1 1 12 10 1 1 1 12 11 12 10 1 1 100 1 1 12 11 1 7 1 1 12 11 1 7 1 7 1 12 11 1 12 11 1 100 1 8 10 1 12 9 1 12 10 1 12 10 1 12 9 1 1 12 10 1 1 12 10 1 100 1 8 1 12 10 1 12 10 1 8 1 12 10 1 8 1 7 1 1 12 10 5 0 1 8 1 12 10 10 3 1 1 12 10 1 1 12 10 1 100 1 8 1 8 10 12 10 12 10 1 1 12 10 1 12 10 1 1 12 10 10 12 9 12 9 1 1 1 7 1 12 10 12 9 1 100 12 9 12 9 12 9 12 10 12 9 12 9 12 9 10 1 12 10 1 1 12 10 1 1 12 9 1 1 12 10 1 7 1 12 10 1 1 100 12 10 12 9 1 1 12 9 1 7 1 12 10 1 12 9 10 1 12 10 1 1 1 1 1 12 10 1 12 10 1 100 1 100 1 1 12 10 1 12 10 1 100 1 12 10 1 1 12 10 1 12 10 1 1 1 12 10 1 100 1 12 11 1 1 12 10 1 12 10 10 1 1 1 12 9 1 12 10 12 10 1 100 1 1 12 10 1 1 1 12 10 1 100 10 1 10 1 7 10 1 7 1 1 12 10 1 1 12 10 1 8 1 7 1 12 10 12 10 1 12 10 1 8 1 8 1 12 10 1 12 10 1 8 1 12 10 1 8 1 1 1 1 1 1 1 1
staticfield java/util/jar/JarFile BASE_VERSION Ljava/lang/Runtime$Version; java/lang/Runtime$Version
staticfield java/util/jar/JarFile BASE_VERSION_FEATURE I 8
staticfield java/util/jar/JarFile RUNTIME_VERSION Ljava/lang/Runtime$Version; java/lang/Runtime$Version
staticfield java/util/jar/JarFile MULTI_RELEASE_ENABLED Z 1
staticfield java/util/jar/JarFile MULTI_RELEASE_FORCED Z 0
staticfield java/util/jar/JarFile isInitializing Ljava/lang/ThreadLocal; java/lang/ThreadLocal
staticfield java/util/jar/JarFile JUZFA Ljdk/internal/access/JavaUtilZipFileAccess; java/util/zip/ZipFile$1
staticfield java/util/jar/JarFile CLASSPATH_CHARS [B 12
staticfield java/util/jar/JarFile CLASSPATH_LASTOCC [B 65
staticfield java/util/jar/JarFile CLASSPATH_OPTOSFT [B 12
staticfield java/util/jar/JarFile MULTIRELEASE_CHARS [B 19
staticfield java/util/jar/JarFile MULTIRELEASE_LASTOCC [B 65
staticfield java/util/jar/JarFile MULTIRELEASE_OPTOSFT [B 19
ciInstanceKlass java/util/zip/ZipFile$CleanableResource 1 1 143 1 7 1 7 1 100 1 100 1 7 1 7 1 1 1 7 1 1 1 1 1 1 1 1 1 1 1 1 1 1 100 1 12 10 1 7 1 1 12 10 1 1 12 10 12 9 1 7 10 1 7 1 1 12 10 12 9 1 7 10 12 9 1 100 1 100 1 1 12 10 12 9 1 12 11 1 1 1 7 1 1 12 11 1 7 1 100 1 12 10 1 1 1 12 10 1 1 12 11 1 12 10 1 1 7 1 1 12 11 1 100 1 1 12 11 1 100 1 12 11 1 12 10 1 1 12 10 1 1 12 10 1 100 1 12 10 1 1 1 1 1 1
instanceKlass java/util/zip/ZipCoder$UTF8ZipCoder
ciInstanceKlass java/util/zip/ZipCoder 1 1 205 1 7 1 7 1 7 1 1 1 1 1 1 1 1 1 1 1 1 1 1 1 1 7 1 1 12 9 12 9 1 1 12 10 1 1 1 100 1 1 12 10 1 100 1 1 12 10 1 100 1 1 12 10 1 100 1 12 10 1 100 1 12 10 1 12 10 1 1 1 1 1 12 10 1 12 10 1 100 1 1 12 10 1 1 12 10 1 12 10 1 1 12 10 1 12 10 1 1 12 10 1 12 10 1 7 1 10 1 1 1 1 100 10 1 12 10 100 1 100 1 1 1 12 10 1 12 10 1 1 12 10 1 1 12 10 1 100 1 1 12 10 1 12 10 12 9 12 9 1 100 1 12 10 1 100 1 1 12 9 1 1 12 10 1 12 10 12 9 1 12 10 1 12 10 12 10 12 9 1 8 1 12 10 1 8 1 1 12 10 1 1 7 1 1 12 10 12 9 10 1 1 1 1 1
staticfield java/util/zip/ZipCoder JLA Ljdk/internal/access/JavaLangAccess; java/lang/System$2
staticfield java/util/zip/ZipCoder UTF8 Ljava/util/zip/ZipCoder$UTF8ZipCoder; java/util/zip/ZipCoder$UTF8ZipCoder
ciInstanceKlass java/util/zip/ZipCoder$UTF8ZipCoder 1 1 43 1 7 1 7 1 1 1 12 10 1 1 1 1 1 1 12 9 1 7 1 12 11 1 1 1 12 11 1 1 1 100 1 1 12 10 1 1 1 1 1 1 1
ciInstanceKlass java/util/zip/ZipFile$Source 1 1 531 1 7 1 7 1 7 1 1 7 1 1 7 1 1 100 1 7 1 1 1 1 1 3 1 1 1 1 1 1 1 1 1 1 1 1 1 1 1 1 1 1 1 1 1 1 1 3 1 1 1 1 1 1 1 3 1 1 1 1 100 1 100 12 9 1 7 1 1 12 10 5 0 1 8 1 1 12 10 100 1 1 12 10 1 12 10 1 8 1 100 1 1 12 10 1 8 1 1 12 10 1 12 10 1 8 1 1 12 10 1 12 10 1 8 1 1 12 10 1 1 12 10 3 12 9 12 9 12 9 1 8 1 1 1 1 1 1 1 100 1 100 1 7 1 1 12 10 1 7 1 7 1 7 1 1 12 10 1 12 10 1 12 10 12 9 1 7 1 12 10 12 9 1 100 1 12 10 1 1 12 10 1 12 10 1 1 12 10 1 1 12 9 1 12 10 10 12 9 12 9 12 9 1 12 9 1 7 1 1 12 10 1 1 12 9 1 8 1 100 1 1 12 11 12 9 1 7 1 12 10 1 1 12 10 1 1 12 10 1 1 12 10 1 1 12 10 5 0 12 9 10 12 9 12 9 12 9 1 1 12 10 1 7 1 12 10 1 1 12 10 1 1 12 10 1 1 1 1 12 10 1 8 10 5 0 1 7 1 1 12 10 1 8 1 1 12 10 1 1 12 10 1 12 9 1 12 10 1 12 9 1 12 10 1 12 9 1 12 9 1 12 10 5 0 1 12 10 12 9 1 8 5 0 5 0 1 12 10 5 0 1 12 10 1 12 10 1 12 10 5 0 3 12 10 12 10 12 9 12 9 1 8 1 8 1 8 1 12 10 100 1 7 1 7 1 12 10 12 10 1 1 12 10 1 1 12 10 1 12 10 12 10 1 7 1 1 12 10 1 12 10 1 12 10 1 7 10 11 1 1 12 10 1 1 12 10 1 12 10 1 12 10 11 1 1 12 11 1 7 1 12 11 1 1 12 11 1 12 10 1 12 10 1 1 100 1 1 12 10 12 10 12 10 1 12 10 1 7 12 10 1 12 10 1 1 12 10 1 1 12 10 12 10 1 12 10 1 1 12 9 12 9 1 100 1 1 12 9 1 12 10 1 100 1 1 12 9 1 1 12 10 1 100 1 12 10 1 100 10 1 1 7 1 12 10 1 1 12 10 12 9 10 1 1 1 1 1 1 1 1
staticfield java/util/zip/ZipFile$Source JUJA Ljdk/internal/access/JavaUtilJarAccess; java/util/jar/JavaUtilJarAccessImpl
staticfield java/util/zip/ZipFile$Source EMPTY_META_VERSIONS [I 0
staticfield java/util/zip/ZipFile$Source files Ljava/util/HashMap; java/util/HashMap
staticfield java/util/zip/ZipFile$Source $assertionsDisabled Z 1
ciInstanceKlass java/util/zip/ZipFile$Source$Key 1 1 68 1 7 1 7 1 100 1 100 1 1 1 1 1 1 1 1 1 1 1 12 10 12 9 12 9 1 7 1 1 12 10 12 9 1 1 5 0 1 7 1 1 12 11 1 7 1 1 12 10 1 7 12 10 1 1 12 10 1 1 12 11 10 10 1 1 1 1
ciInstanceKlass java/nio/file/FileSystems 1 1 143 1 7 1 100 1 7 1 100 1 1 1 12 10 1 1 1 7 1 1 12 10 1 1 12 9 1 100 1 12 10 1 1 1 7 1 1 12 10 1 100 1 12 10 1 12 10 1 7 1 7 1 1 12 10 1 7 1 1 12 11 1 7 1 12 11 1 1 12 11 10 1 1 12 10 12 10 1 100 1 100 10 1 8 1 1 12 10 1 8 10 10 1 1 1 1 100 1 12 10 1 1 100 12 10 1 100 1 100 1 100 1 1 12 10 10 1 1 1 12 11 1 12 10 1 1 1 1 1 100 10 12 10 1 100 1 8 1 1 1 1 1 1
ciInstanceKlass java/nio/file/FileSystems$DefaultFileSystemHolder 1 1 117 1 7 1 100 1 7 1 1 7 1 1 1 1 12 10 1 10 1 7 1 1 12 10 1 7 1 8 1 7 1 1 12 10 1 1 12 10 1 1 1 100 1 7 1 1 12 10 1 8 1 7 1 1 12 10 1 8 1 100 1 1 12 10 1 100 1 100 1 1 12 10 1 100 1 1 12 10 1 1 12 10 1 100 1 1 12 10 1 1 12 10 1 8 1 1 12 10 1 100 1 8 1 12 10 1 12 10 1 12 10 12 9 1 1 1 1
staticfield java/nio/file/FileSystems$DefaultFileSystemHolder defaultFileSystem Ljava/nio/file/FileSystem; sun/nio/fs/WindowsFileSystem
ciInstanceKlass sun/nio/fs/DefaultFileSystemProvider 1 1 25 1 7 1 100 1 1 1 1 12 10 1 1 12 9 1 1 1 7 1 12 10 1 10 1
staticfield sun/nio/fs/DefaultFileSystemProvider INSTANCE Lsun/nio/fs/WindowsFileSystemProvider; sun/nio/fs/WindowsFileSystemProvider
instanceKlass jdk/internal/jrtfs/JrtFileSystemProvider
instanceKlass jdk/internal/jrtfs/JrtFileSystemProvider
instanceKlass jdk/nio/zipfs/ZipFileSystemProvider
instanceKlass sun/nio/fs/AbstractFileSystemProvider
ciInstanceKlass java/nio/file/spi/FileSystemProvider 1 1 303 1 7 1 7 1 7 1 100 1 100 1 1 1 1 1 1 1 1 1 1 1 1 1 1 7 1 1 12 10 1 100 1 8 1 1 12 10 1 100 1 12 10 1 1 12 10 12 10 12 10 1 1 1 1 7 10 1 7 1 1 12 10 1 7 1 1 12 10 1 1 12 10 1 7 1 7 1 1 12 11 1 1 12 11 1 1 12 10 1 8 1 7 1 1 12 10 11 1 1 12 11 12 9 1 7 1 1 12 10 1 7 1 1 12 10 12 9 12 9 1 100 1 8 10 10 1 7 1 1 12 10 1 12 11 1 7 1 1 12 10 1 100 1 1 1 1 100 1 1 1 1 1 1 1 100 10 1 1 1 100 1 7 1 1 12 9 1 12 9 1 100 1 100 10 1 8 1 1 12 10 1 12 10 1 8 1 12 10 10 1 7 1 1 12 10 1 7 1 12 10 1 100 1 7 1 12 10 1 1 12 9 1 7 10 1 100 1 7 1 12 9 1 100 1 8 10 11 1 7 1 12 10 1 100 1 12 10 1 1 1 1 1 1 1 1 1 1 1 1 1 1 1 1 1 1 1 1 1 1 1 100 12 10 1 1 1 1 1 1 1 1 1 1 1 1 1 1 1 1 1 1 1 1 1 1 1 1 12 9 1 12 9 1 1 12 11 1 1 1 1 1 1
staticfield java/nio/file/spi/FileSystemProvider lock Ljava/lang/Object; java/lang/Object
staticfield java/nio/file/spi/FileSystemProvider DEFAULT_OPEN_OPTIONS Ljava/util/Set; java/util/ImmutableCollections$SetN
ciInstanceKlass sun/nio/fs/WindowsFileSystemProvider 1 1 556 1 7 1 7 1 7 1 100 1 7 1 1 100 1 1 100 1 100 1 1 1 1 1 1 1 12 10 1 7 1 7 1 1 12 10 1 12 10 12 9 1 1 1 8 1 1 1 7 12 10 10 1 7 1 1 12 10 1 100 1 8 1 12 10 1 12 10 1 8 1 12 10 1 8 1 8 1 1 12 10 1 8 1 12 10 1 8 1 12 10 1 8 1 1 1 1 7 12 10 1 100 10 1 1 1 1 7 1 1 12 10 1 1 1 1 7 1 100 10 1 7 1 100 10 1 7 1 1 12 10 1 12 10 1 12 10 1 1 12 10 1 7 1 12 10 1 12 10 1 7 1 100 1 100 1 100 1 1 12 10 1 100 1 1 1 1 100 1 1 12 10 1 12 10 1 100 1 100 1 1 1 1 1 12 10 1 7 1 1 12 10 1 7 1 1 12 10 1 7 1 1 12 10 1 100 1 7 1 12 10 1 100 1 100 1 12 10 1 100 1 100 10 1 100 1 1 1 1 7 1 7 1 100 10 1 100 12 10 1 12 11 1 1 8 1 8 1 8 1 8 1 8 1 1 1 1 1 1 12 10 1 7 1 1 12 10 1 1 12 10 1 12 10 1 7 1 12 10 1 12 10 1 1 12 10 1 7 1 12 10 10 1 1 1 7 1 12 10 1 12 10 1 1 1 7 1 1 12 10 1 1 12 10 1 7 10 3 3 3 3 1 7 1 1 12 10 10 1 1 7 1 1 12 10 1 12 10 1 1 12 10 1 7 1 12 10 10 12 10 1 1 1 100 1 1 12 9 1 7 1 12 10 1 100 1 8 1 12 10 12 10 1 12 10 1 12 10 1 100 1 1 12 10 1 100 1 12 10 12 10 1 100 1 8 1 12 10 1 12 10 1 8 1 7 1 1 12 10 10 1 8 1 1 10 1 1 12 10 1 12 10 1 12 10 1 1 12 10 1 1 12 10 1 1 1 100 1 8 10 1 1 12 10 1 1 1 1 1 12 10 1 100 1 12 10 10 1 1 1 1 1 1 1 8 10 1 100 1 8 10 1 1 12 10 1 100 1 1 12 9 1 8 10 1 12 9 1 1 12 10 1 12 10 1 1 12 10 1 1 12 10 1 12 10 1 1 1 8 1 1 12 10 1 1 12 10 1 100 1 8 12 10 1 1 12 10 1 1 12 10 1 1 1 12 10 12 9 1 7 1 1 12 9 1 1 12 10 100 1 1 1 1 1 1 1
staticfield sun/nio/fs/WindowsFileSystemProvider EMPTY_PATH [B 0
instanceKlass jdk/internal/jrtfs/JrtFileSystem
instanceKlass jdk/internal/jrtfs/JrtFileSystem
instanceKlass jdk/nio/zipfs/ZipFileSystem
instanceKlass sun/nio/fs/WindowsFileSystem
ciInstanceKlass java/nio/file/FileSystem 1 1 40 1 100 1 7 1 100 1 1 12 10 1 1 1 1 100 1 1 1 1 1 1 1 1 1 1 1 1 1 1 1 1 1 1 1 1 1 1 1 1
ciInstanceKlass sun/nio/fs/WindowsFileSystem 1 1 286 1 7 1 7 1 100 1 100 1 100 1 7 1 100 1 7 1 7 1 1 1 1 1 1 1 1 1 1 1 1 1 8 1 1 8 1 1 1 12 10 12 9 1 1 12 10 1 1 12 10 1 7 1 1 12 9 1 12 9 1 100 1 8 1 12 10 1 100 1 7 1 1 12 10 12 9 1 12 10 12 9 1 1 1 8 1 1 1 1 1 100 1 100 10 1 1 1 1 100 1 100 1 100 1 1 12 10 1 12 10 1 100 10 1 100 1 1 12 10 1 100 1 7 1 12 10 1 1 12 10 1 8 1 12 10 1 12 10 1 1 12 10 1 7 1 1 12 10 1 1 12 10 1 7 1 1 12 10 1 1 1 100 1 8 12 10 1 1 12 10 1 1 12 10 1 12 10 1 1 12 9 1 1 1 7 1 1 12 10 10 1 100 1 12 10 1 12 10 12 10 1 1 1 1 12 9 1 1 1 1 12 10 10 1 100 10 1 1 12 10 1 12 10 1 1 12 10 1 7 1 1 12 10 1 8 1 8 10 1 7 1 1 12 10 1 12 10 1 1 1 100 10 1 1 7 1 8 1 8 1 8 1 8 1 8 1 7 1 1 12 10 1 12 10 1 1 12 10 1 1 1 1 1 1 1
staticfield sun/nio/fs/WindowsFileSystem supportedFileAttributeViews Ljava/util/Set; java/util/Collections$UnmodifiableSet
ciInstanceKlass sun/nio/fs/WindowsPathParser 1 1 135 1 7 1 100 1 7 1 1 1 1 8 1 1 12 10 1 1 1 12 10 1 1 8 1 7 1 1 12 10 1 1 12 10 1 1 12 10 1 7 1 1 12 9 1 1 12 10 1 12 10 1 100 1 8 1 12 10 1 1 12 10 1 8 1 7 10 1 8 1 1 12 10 1 8 1 1 12 10 1 12 10 1 12 10 1 12 9 1 12 9 1 12 9 1 12 9 1 12 10 1 1 12 10 1 12 10 1 8 1 8 1 12 10 1 12 10 1 12 10 1 8 1 8 1 8 1 1 12 10 1 1 1 1 1
ciInstanceKlass sun/nio/fs/WindowsPathType 1 1 55 1 7 1 1 7 1 1 1 1 1 1 1 1 1 1 12 9 7 1 1 12 10 1 1 1 12 10 1 1 1 12 10 1 12 9 12 9 12 9 12 9 12 9 1 8 10 8 8 8 8 12 10 1 1
staticfield sun/nio/fs/WindowsPathType ABSOLUTE Lsun/nio/fs/WindowsPathType; sun/nio/fs/WindowsPathType
staticfield sun/nio/fs/WindowsPathType UNC Lsun/nio/fs/WindowsPathType; sun/nio/fs/WindowsPathType
staticfield sun/nio/fs/WindowsPathType RELATIVE Lsun/nio/fs/WindowsPathType; sun/nio/fs/WindowsPathType
staticfield sun/nio/fs/WindowsPathType DIRECTORY_RELATIVE Lsun/nio/fs/WindowsPathType; sun/nio/fs/WindowsPathType
staticfield sun/nio/fs/WindowsPathType DRIVE_RELATIVE Lsun/nio/fs/WindowsPathType; sun/nio/fs/WindowsPathType
staticfield sun/nio/fs/WindowsPathType $VALUES [Lsun/nio/fs/WindowsPathType; 5 [Lsun/nio/fs/WindowsPathType;
ciInstanceKlass sun/nio/fs/WindowsPathParser$Result 1 1 29 1 7 1 7 1 100 1 1 1 1 1 1 1 1 1 12 10 12 9 12 9 12 9 1 1 1 1 1
instanceKlass sun/nio/fs/WindowsPath$WindowsPathWithAttributes
ciInstanceKlass sun/nio/fs/WindowsPath 1 1 521 1 7 1 7 1 100 1 7 1 7 1 7 1 7 1 1 1 100 1 100 1 1 100 1 100 1 1 100 1 1 1 3 1 3 1 1 1 1 1 1 1 1 1 1 1 1 1 1 1 1 12 10 12 9 12 9 12 9 12 9 1 1 1 12 10 1 12 10 1 12 10 12 10 12 10 1 1 1 100 1 12 10 1 12 10 1 100 1 7 1 100 1 100 1 12 10 1 12 10 12 10 1 1 1 1 7 1 1 12 10 1 1 12 10 12 9 1 7 1 1 12 10 1 12 10 1 8 1 12 10 1 7 1 1 12 10 1 12 10 1 7 1 12 9 10 1 100 1 12 9 1 1 12 10 1 12 10 1 12 10 1 8 1 1 12 10 1 7 10 1 1 12 10 1 12 10 1 12 10 1 12 10 1 12 9 1 12 10 1 1 12 10 1 1 12 10 10 1 1 12 10 1 8 1 8 1 8 1 1 12 10 1 7 1 1 12 10 1 8 1 8 1 12 10 1 8 1 12 10 1 8 1 1 1 1 1 1 12 10 1 1 12 10 1 1 12 9 1 1 12 9 1 1 1 100 10 1 100 10 1 1 12 10 1 12 10 1 12 10 1 1 12 10 12 10 1 100 1 8 10 1 12 10 1 8 12 10 1 12 10 1 7 1 1 12 10 1 1 12 10 1 1 12 10 1 8 1 12 10 1 8 1 8 10 10 1 12 10 12 10 1 100 1 1 1 12 9 1 12 10 10 1 12 9 1 7 10 1 7 1 1 12 10 1 12 10 1 12 10 1 1 12 10 7 12 10 1 12 10 10 1 1 100 1 1 12 10 1 1 12 10 1 12 9 1 1 3 3 1 1 12 10 1 12 10 1 1 12 10 12 10 1 1 12 10 3 1 100 1 1 12 10 1 12 10 1 8 1 1 12 10 1 1 7 1 1 12 10 12 10 1 100 12 10 1 12 10 1 12 10 1 1 1 7 1 12 10 1 1 8 1 12 10 1 100 1 100 10 10 1 12 10 1 1 12 10 1 7 1 1 12 10 1 7 1 1 12 10 1 1 1 1 100 1 100 1 1 12 10 1 100 1 100 1 100 1 1 12 9 1 12 10 1 8 1 12 10 1 12 10 12 10 1 12 10 12 10 1 1 12 10 1 1 1 1 1 1 1 1 1
ciInstanceKlass java/nio/file/attribute/BasicFileAttributes 1 0 18 1 100 1 100 1 1 1 1 1 1 1 1 1 1 1 1 1
ciInstanceKlass java/nio/file/LinkOption 1 1 43 1 7 1 1 7 1 100 1 100 1 1 1 1 1 1 12 9 100 1 1 12 10 1 1 1 12 10 1 1 1 12 10 1 12 9 1 8 10 12 10 1 1
staticfield java/nio/file/LinkOption NOFOLLOW_LINKS Ljava/nio/file/LinkOption; java/nio/file/LinkOption
staticfield java/nio/file/LinkOption $VALUES [Ljava/nio/file/LinkOption; 1 [Ljava/nio/file/LinkOption;
ciInstanceKlass java/lang/Void 1 1 25 1 7 1 100 1 1 1 1 1 12 10 1 1 8 1 7 1 1 12 10 12 9 1 1
staticfield java/lang/Void TYPE Ljava/lang/Class; java/lang/Class
ciInstanceKlass java/util/function/Function 1 1 62 1 7 1 1 100 1 1 100 1 100 1 1 1 1 1 1 1 1 100 1 12 10 16 1 1 12 11 15 1 7 1 1 12 10 15 1 12 18 1 1 1 12 11 15 18 1 1 1 1 12 11 15 12 18 12 11 1 1 1 1 1
ciInstanceKlass jdk/internal/ref/CleanerFactory 1 1 28 1 7 1 100 1 7 1 1 1 1 12 10 1 1 12 9 1 10 1 7 1 1 12 10 1 1 1
staticfield jdk/internal/ref/CleanerFactory commonCleaner Ljava/lang/ref/Cleaner; java/lang/ref/Cleaner
ciInstanceKlass java/lang/ref/Cleaner 1 1 58 1 7 1 7 1 100 1 7 1 7 1 7 1 1 1 1 1 1 12 10 10 12 9 1 1 10 1 1 12 10 1 1 8 1 7 1 1 12 10 1 1 1 8 1 8 1 12 10 1 10 1 1 12 10 1 1 1
ciInstanceKlass java/lang/ref/Cleaner$1 1 1 28 1 7 1 1 7 1 100 1 7 1 1 12 10 1 1 1 1 12 9 1 12 10 1 1 1 1 1
ciInstanceKlass jdk/internal/ref/CleanerImpl 1 1 126 1 7 1 7 1 100 1 7 1 100 1 7 1 1 1 1 7 1 100 1 1 1 1 1 1 1 1 1 1 1 1 1 12 9 1 100 8 1 1 12 10 1 1 1 7 1 1 12 11 1 12 10 1 7 10 12 9 10 12 9 1 1 12 10 1 100 1 8 1 12 10 1 12 10 1 1 12 10 1 7 1 1 12 11 1 7 1 1 12 10 12 10 1 1 100 1 1 12 10 1 7 1 7 1 1 12 10 1 12 10 5 0 1 1 12 10 1 12 11 1 1 1 1 1 1
ciInstanceKlass java/lang/ref/Cleaner$Cleanable 1 0 12 1 100 1 100 1 100 1 1 1 1 1
instanceKlass java/io/FileCleanable
instanceKlass jdk/internal/ref/CleanerImpl$CleanerCleanable
instanceKlass jdk/internal/ref/CleanerImpl$PhantomCleanableRef
ciInstanceKlass jdk/internal/ref/PhantomCleanable 1 1 86 1 7 1 1 7 1 100 1 100 1 1 1 1 1 1 1 1 1 1 7 1 1 12 10 1 7 1 1 12 10 1 1 12 9 1 12 10 12 9 12 9 1 12 9 12 9 1 1 12 10 1 7 1 1 12 10 1 100 1 100 1 1 1 1 12 10 1 12 10 1 12 10 1 1 100 8 1 12 10 1 8 1 1 1 1
ciInstanceKlass jdk/internal/ref/CleanerImpl$PhantomCleanableRef 1 1 41 1 7 1 1 7 1 100 1 1 1 1 1 1 12 10 12 9 1 12 10 1 1 7 1 12 11 1 1 1 100 8 1 12 10 1 8 1 1 1 1
instanceKlass org/eclipse/jdt/internal/core/builder/WorkQueue
instanceKlass org/eclipse/jdt/internal/compiler/ast/IJavadocTypeReference
instanceKlass org/eclipse/jdt/internal/compiler/parser/AbstractCommentParser
instanceKlass org/eclipse/jdt/internal/compiler/parser/JavadocTagConstants
instanceKlass org/eclipse/jdt/internal/compiler/parser/RecoveredElement
instanceKlass org/eclipse/jdt/internal/compiler/impl/CompilerStats
instanceKlass org/eclipse/jdt/internal/compiler/lookup/IQualifiedTypeResolutionListener
instanceKlass org/eclipse/jdt/internal/compiler/util/HashtableOfModule
instanceKlass org/eclipse/jdt/internal/compiler/lookup/TypeSystem$HashedParameterizedTypes
instanceKlass org/eclipse/jdt/internal/compiler/ClassFile
instanceKlass org/eclipse/jdt/internal/compiler/ClassFilePool
instanceKlass org/eclipse/jdt/internal/compiler/util/CharArrayMap
instanceKlass org/eclipse/jdt/internal/compiler/util/CharDelegateMap
instanceKlass org/eclipse/jdt/internal/compiler/util/CharArrayMapper
instanceKlass org/eclipse/jdt/internal/compiler/lookup/ImplicitNullAnnotationVerifier
instanceKlass org/eclipse/jdt/internal/compiler/lookup/TypeSystem
instanceKlass org/eclipse/jdt/internal/compiler/lookup/LookupEnvironment
instanceKlass org/eclipse/jdt/internal/compiler/lookup/ProblemReasons
instanceKlass org/eclipse/jdt/internal/compiler/ast/Invocation
instanceKlass org/eclipse/jdt/internal/compiler/ast/IPolyExpression
instanceKlass org/eclipse/jdt/internal/compiler/util/HashtableOfInt
instanceKlass org/eclipse/jdt/core/compiler/CategorizedProblem
instanceKlass org/eclipse/jdt/internal/compiler/problem/DefaultProblemFactory
instanceKlass org/eclipse/jdt/internal/compiler/DefaultErrorHandlingPolicies$4
instanceKlass org/eclipse/jdt/internal/compiler/IErrorHandlingPolicy
instanceKlass org/eclipse/jdt/internal/compiler/DefaultErrorHandlingPolicies
instanceKlass org/eclipse/jdt/internal/core/builder/ReferenceCollection
instanceKlass org/eclipse/jdt/internal/core/builder/State
instanceKlass org/eclipse/core/resources/IResourceVisitor
instanceKlass org/eclipse/jdt/core/compiler/BuildContext
instanceKlass org/eclipse/jdt/internal/core/builder/AbstractImageBuilder
instanceKlass org/eclipse/jdt/internal/core/builder/ICompilationUnitLocator
instanceKlass lombok/patcher/scripts/WrapMethodCallScript$1
instanceKlass org/eclipse/jdt/internal/core/builder/ClasspathJrt$JrtPackageVisitor
instanceKlass org/eclipse/jdt/internal/compiler/env/IUpdatableModule$UpdatesByKind
instanceKlass org/eclipse/jdt/internal/core/builder/ClasspathJrt$1
instanceKlass org/eclipse/jdt/internal/core/builder/ModuleEntryProcessor
instanceKlass org/eclipse/jdt/internal/core/ModuleUpdater
instanceKlass org/eclipse/jdt/internal/compiler/env/IMultiModuleEntry
instanceKlass org/eclipse/jdt/internal/core/builder/NameEnvironment
instanceKlass org/eclipse/jdt/internal/compiler/env/IModuleAwareNameEnvironment
instanceKlass org/eclipse/jdt/apt/core/util/AptPreferenceConstants
instanceKlass org/eclipse/jdt/apt/core/internal/generatedfile/GeneratedResourceChangeListener
instanceKlass org/eclipse/jdt/apt/core/util/IFactoryPath
instanceKlass org/eclipse/jdt/apt/core/util/AptConfig
instanceKlass javax/annotation/processing/Processor
instanceKlass org/eclipse/jdt/apt/core/internal/AptCompilationParticipantExtensionFactory
instanceKlass org/eclipse/jdt/internal/core/JavaModelManager$CompilationParticipants$1
instanceKlass org/eclipse/jdt/core/compiler/CompilationParticipant
instanceKlass org/eclipse/jdt/internal/core/JavaModelManager$CompilationParticipants$2
instanceKlass org/eclipse/buildship/core/internal/configuration/GradleProjectValidationResourceDeltaVisitor$GradleProjectValidator
instanceKlass org/eclipse/buildship/core/internal/configuration/GradleProjectValidationResourceDeltaVisitor
instanceKlass org/eclipse/core/internal/events/BuildManager$2
instanceKlass org/eclipse/jdt/internal/core/builder/BuildNotifier
instanceKlass org/eclipse/core/internal/events/BuildManager$1
instanceKlass org/eclipse/core/internal/events/BuildContext
instanceKlass org/eclipse/core/internal/resources/Workspace$ProjectBuildConfigOrder
instanceKlass org/eclipse/core/internal/resources/ComputeProjectOrder$VertexOrder
instanceKlass org/eclipse/core/internal/resources/ComputeProjectOrder$Digraph$Vertex
instanceKlass org/eclipse/core/internal/resources/ComputeProjectOrder$Digraph
instanceKlass org/eclipse/core/internal/resources/ComputeProjectOrder
instanceKlass org/eclipse/jdt/internal/core/DynamicProjectReferences
instanceKlass org/eclipse/core/resources/IDynamicReferenceProvider
instanceKlass org/eclipse/core/internal/resources/Workspace$BuildConfigurationComparator
instanceKlass org/eclipse/jdt/internal/core/JavaModelManager$InvalidArchiveInfo
instanceKlass org/eclipse/jdt/internal/core/UserLibraryClasspathContainer
instanceKlass org/eclipse/core/internal/jobs/JobQueue$2
instanceKlass org/eclipse/core/internal/dtree/DataTreeWriter
instanceKlass org/eclipse/core/internal/watson/ElementTreeWriter$1
instanceKlass org/eclipse/core/internal/watson/ElementTreeWriter
instanceKlass java/util/stream/Nodes$AbstractConcNode
instanceKlass java/util/function/LongFunction
instanceKlass java/util/concurrent/ForkJoinPool$DefaultForkJoinWorkerThreadFactory$1
instanceKlass java/util/concurrent/ForkJoinTask$Aux
instanceKlass org/eclipse/jdt/internal/compiler/util/HashtableOfObjectToInt
instanceKlass org/eclipse/jdt/internal/core/JavaModelManager$VariablesAndContainersSaveHelper
instanceKlass java/time/LocalTime$1
instanceKlass java/time/LocalDate$1
instanceKlass java/time/ZonedDateTime$1
instanceKlass java/util/Formatter$DateTime
instanceKlass java/util/logging/Level$RbAccess
instanceKlass org/eclipse/core/internal/resources/SaveManager$1
instanceKlass java/lang/StackStreamFactory$FrameBuffer
instanceKlass org/eclipse/core/internal/resources/SafeFileTable
instanceKlass java/lang/StackStreamFactory$1
instanceKlass org/eclipse/core/internal/resources/SaveContext
instanceKlass java/lang/StackStreamFactory
instanceKlass java/util/logging/LogRecord$CallerFinder
instanceKlass java/time/ZonedDateTime
instanceKlass java/time/chrono/ChronoZonedDateTime
instanceKlass java/time/LocalTime
instanceKlass java/time/zone/ZoneOffsetTransition
instanceKlass java/time/LocalDateTime
instanceKlass java/time/chrono/ChronoLocalDateTime
instanceKlass java/time/zone/ZoneOffsetTransitionRule
instanceKlass java/time/zone/ZoneRules
instanceKlass java/time/zone/Ser
instanceKlass java/time/zone/ZoneRulesProvider$1
instanceKlass java/time/zone/ZoneRulesProvider
instanceKlass java/time/ZoneId
instanceKlass java/util/logging/LogManager$CloseOnReset
instanceKlass java/util/logging/StreamHandler$1
instanceKlass java/util/logging/Handler$1
instanceKlass java/util/logging/ErrorManager
instanceKlass jdk/internal/logger/SimpleConsoleLogger$Formatting
instanceKlass java/util/logging/Formatter
instanceKlass java/time/Clock
instanceKlass java/time/InstantSource
instanceKlass java/util/logging/LogRecord
instanceKlass org/eclipse/jdt/ls/core/internal/preferences/PreferenceManager$1
instanceKlass org/eclipse/jdt/ls/core/internal/handlers/InlayHintsPreferenceChangeListener
instanceKlass org/eclipse/jdt/ls/core/internal/managers/StandardProjectsManager$3
instanceKlass org/eclipse/core/internal/resources/MarkerManager$1
instanceKlass java/util/TreeMap$NavigableSubMap$SubMapIterator
instanceKlass java/util/AbstractMap$2$1
instanceKlass org/eclipse/jdt/internal/core/JavaModelManager$10
instanceKlass org/eclipse/core/resources/ResourceAttributes
instanceKlass org/eclipse/jdt/internal/compiler/util/GenericXMLWriter$1
instanceKlass org/eclipse/buildship/core/internal/configuration/GradleProjectNatureDeconfiguredEvent
instanceKlass org/eclipse/buildship/core/internal/workspace/GradleNatureAddedEvent
instanceKlass org/eclipse/buildship/core/internal/workspace/WorkbenchShutdownEvent
instanceKlass org/eclipse/buildship/core/internal/workspace/BaseProjectChangedEvent
instanceKlass org/eclipse/buildship/core/internal/configuration/GradleProjectNatureConfiguredEvent
instanceKlass org/eclipse/buildship/core/internal/configuration/GradleProjectBuilder$1
instanceKlass org/eclipse/buildship/core/internal/configuration/GradleProjectBuilder
instanceKlass org/eclipse/buildship/core/internal/configuration/DefaultGradleProjectNature
instanceKlass org/eclipse/core/internal/resources/NatureManager$1
instanceKlass org/eclipse/core/internal/utils/BitMask
instanceKlass org/eclipse/buildship/core/internal/workspace/DefaultWorkspaceOperations$1
instanceKlass org/eclipse/buildship/core/BuildConfiguration$BuildConfigurationBuilder
instanceKlass org/eclipse/buildship/core/BuildConfiguration
instanceKlass org/eclipse/jdt/launching/AbstractVMRunner
instanceKlass org/eclipse/jdt/ls/internal/gradle/checksums/ValidationResult
instanceKlass com/sun/crypto/provider/ChaCha20Cipher$EngineAEADDec
instanceKlass com/sun/crypto/provider/Poly1305
instanceKlass com/sun/crypto/provider/ChaCha20Cipher$EngineAEADEnc
instanceKlass com/sun/crypto/provider/ChaCha20Cipher$ChaChaEngine
instanceKlass sun/security/rsa/MGF1
instanceKlass sun/security/ssl/SSLKeyExchange$SSLKeyExECDHERSAOrPSS
instanceKlass org/eclipse/core/runtime/jobs/IJobStatus
instanceKlass org/eclipse/jdt/ls/internal/gradle/checksums/WrapperValidator$3
instanceKlass org/eclipse/jdt/ls/internal/gradle/checksums/WrapperValidator$2
instanceKlass com/google/gson/JsonParser
instanceKlass org/eclipse/jdt/ls/internal/gradle/checksums/HashProvider
instanceKlass java/nio/file/FileTreeWalker$1
instanceKlass org/eclipse/jdt/ls/core/internal/managers/BasicFileDetector
instanceKlass org/eclipse/jdt/ls/core/internal/managers/GradleUtils
instanceKlass com/google/common/base/Strings
instanceKlass org/eclipse/jdt/ls/core/internal/AbstractProjectImporter
instanceKlass org/eclipse/jdt/ls/core/internal/IProjectImporter
instanceKlass org/eclipse/jdt/internal/compiler/classfmt/ExternalAnnotationDecorator$ZipFileProducer
instanceKlass org/eclipse/jdt/core/IImportContainer
instanceKlass org/eclipse/jdt/core/IImportDeclaration
instanceKlass org/eclipse/jdt/core/IPackageDeclaration
instanceKlass java/util/TreeMap$TreeMapSpliterator
instanceKlass org/eclipse/jdt/ls/core/internal/managers/InvisibleProjectPreferenceChangeListener
instanceKlass org/eclipse/jdt/ls/core/internal/managers/EclipseBuildSupport
instanceKlass org/eclipse/jdt/ls/core/internal/managers/MavenBuildSupport
instanceKlass org/eclipse/jdt/ls/core/internal/managers/GradlePreferenceChangeListener
instanceKlass org/eclipse/jdt/ls/core/internal/managers/GradleBuildSupport
instanceKlass org/eclipse/jdt/ls/core/internal/ExtensionsExtractor
instanceKlass org/eclipse/jdt/ls/core/internal/managers/IBuildSupport
instanceKlass org/eclipse/jdt/ls/core/internal/managers/BuildSupportManager
instanceKlass org/eclipse/jdt/ls/internal/gradle/checksums/WrapperValidator
instanceKlass jdk/internal/math/FormattedFloatingDecimal$2
instanceKlass jdk/internal/math/FormattedFloatingDecimal
instanceKlass com/google/gson/annotations/Expose
instanceKlass org/eclipse/jdt/ls/core/internal/handlers/ProgressReporterManager$MulticastProgressReporter
instanceKlass org/eclipse/buildship/core/internal/DefaultGradleBuild$DefaultSynchronizationResult
instanceKlass org/eclipse/jdt/internal/core/search/indexing/IndexManager$MetaIndexUpdateRequest
instanceKlass org/eclipse/jdt/internal/core/index/DiskIndex$IntList
instanceKlass org/eclipse/jdt/internal/compiler/env/AutomaticModuleNaming
instanceKlass org/eclipse/jdt/internal/compiler/classfmt/JavaBinaryNames
instanceKlass org/eclipse/jdt/internal/compiler/ExtraFlags
instanceKlass org/eclipse/jdt/internal/compiler/env/ClassSignature
instanceKlass org/eclipse/jdt/internal/compiler/env/EnumConstantSignature
instanceKlass org/eclipse/jdt/internal/compiler/impl/Constant
instanceKlass org/eclipse/jdt/internal/compiler/classfmt/ElementValuePairInfo
instanceKlass org/eclipse/jdt/internal/core/search/matching/TypeDeclarationPattern$PackageNameSet
instanceKlass org/eclipse/jdt/internal/compiler/flow/FlowContext
instanceKlass org/eclipse/jdt/internal/compiler/flow/FlowInfo
instanceKlass org/eclipse/jdt/internal/core/search/indexing/AbstractIndexer
instanceKlass org/eclipse/jdt/core/search/ISearchPattern
instanceKlass org/eclipse/jdt/internal/core/search/IRestrictedAccessMethodRequestor
instanceKlass org/eclipse/jdt/core/search/SearchEngine
instanceKlass org/eclipse/jdt/internal/compiler/util/SimpleSet
instanceKlass org/eclipse/jdt/core/search/SearchDocument
instanceKlass org/eclipse/debug/internal/core/LaunchDelegate
instanceKlass org/eclipse/debug/core/ILaunchConfigurationWorkingCopy
instanceKlass org/eclipse/debug/core/ILaunchConfigurationType
instanceKlass org/eclipse/buildship/core/internal/preferences/DefaultPersistentModel
instanceKlass org/eclipse/buildship/core/internal/util/gradle/JavaVersionUtil
instanceKlass org/eclipse/buildship/core/internal/workspace/JavaSourceSettingsUpdater
instanceKlass org/eclipse/buildship/core/internal/workspace/GradleClasspathContainer
instanceKlass org/eclipse/buildship/core/internal/util/classpath/ClasspathUtils
instanceKlass org/eclipse/buildship/core/internal/workspace/ClasspathContainerUpdater
instanceKlass org/eclipse/buildship/core/internal/workspace/LibraryFilter$1
instanceKlass org/eclipse/buildship/core/internal/workspace/LibraryFilter
instanceKlass org/eclipse/buildship/core/internal/workspace/SourceFolderUpdater$SourceFolderEntryBuilder
instanceKlass org/eclipse/buildship/core/internal/workspace/SourceFolderUpdater
instanceKlass org/eclipse/buildship/core/internal/workspace/OutputLocationUpdater
instanceKlass org/eclipse/buildship/core/internal/workspace/BaseConfigurator$1
instanceKlass org/eclipse/buildship/core/internal/util/gradle/CompatSourceSettings
instanceKlass com/google/common/base/Java8Usage
instanceKlass com/google/common/base/Preconditions
instanceKlass com/google/common/collect/PeekingIterator
instanceKlass com/google/common/collect/Iterators
instanceKlass com/google/common/collect/ImmutableSet$SetBuilderImpl
instanceKlass org/eclipse/buildship/core/internal/workspace/BuildCommandUpdater
instanceKlass org/eclipse/core/internal/resources/ModelObjectWriter
instanceKlass org/eclipse/buildship/core/internal/workspace/ManagedModelMergingStrategy$Result
instanceKlass org/eclipse/buildship/core/internal/workspace/ManagedModelMergingStrategy
instanceKlass org/eclipse/buildship/core/internal/workspace/ProjectNatureUpdater
instanceKlass org/eclipse/buildship/core/internal/workspace/GradleFolderUpdater$GradleFolderInfo
instanceKlass org/eclipse/buildship/core/internal/workspace/GradleFolderUpdater
instanceKlass org/eclipse/buildship/core/internal/workspace/LinkedResourcesUpdater
instanceKlass org/eclipse/buildship/core/internal/workspace/BuildScriptLocationUpdater
instanceKlass org/eclipse/buildship/core/internal/workspace/PersistentModelBuilder
instanceKlass org/eclipse/buildship/core/internal/workspace/ProjectNameUpdater
instanceKlass org/eclipse/buildship/core/internal/workspace/SynchronizeGradleBuildOperation$1
instanceKlass org/eclipse/buildship/core/internal/util/gradle/Pair
instanceKlass org/eclipse/buildship/core/internal/util/gradle/CompatProjectConnection$CompatBuildActionExecuter
instanceKlass org/eclipse/buildship/core/internal/CachingBuildActionExecuter
instanceKlass org/eclipse/buildship/core/internal/workspace/ProjectConfigurators$BaseContext
instanceKlass org/eclipse/buildship/core/internal/workspace/SynchronizeGradleBuildOperation$3
instanceKlass org/eclipse/buildship/core/internal/configuration/GradleProjectNature$1
instanceKlass org/eclipse/buildship/core/internal/workspace/SynchronizeGradleBuildOperation$2
instanceKlass com/google/common/collect/AbstractIterator$1
instanceKlass com/google/common/primitives/IntsMethodsForWeb
instanceKlass com/google/common/graph/DirectedGraphConnections$8
instanceKlass com/google/common/graph/DirectedGraphConnections
instanceKlass com/google/common/graph/Network
instanceKlass com/google/common/graph/Graphs
instanceKlass com/google/common/graph/ElementOrder$1
instanceKlass com/google/common/graph/GraphConnections
instanceKlass com/google/common/graph/MapIteratorCache
instanceKlass com/google/common/graph/MutableValueGraph
instanceKlass com/google/common/graph/ValueGraph
instanceKlass com/google/common/graph/AbstractBaseGraph
instanceKlass com/google/common/graph/ElementOrder
instanceKlass com/google/common/graph/MutableGraph
instanceKlass com/google/common/graph/AbstractGraphBuilder
instanceKlass org/eclipse/buildship/core/internal/workspace/WtpConfigurator
instanceKlass org/eclipse/buildship/core/internal/workspace/BaseConfigurator
instanceKlass com/google/common/graph/Graph
instanceKlass com/google/common/graph/BaseGraph
instanceKlass com/google/common/graph/PredecessorsFunction
instanceKlass org/eclipse/buildship/core/internal/extension/InternalProjectConfigurator
instanceKlass org/eclipse/buildship/core/ProjectConfigurator
instanceKlass org/eclipse/buildship/core/InitializationContext
instanceKlass org/eclipse/buildship/core/ProjectContext
instanceKlass org/eclipse/buildship/core/SynchronizationContext
instanceKlass org/eclipse/buildship/core/internal/workspace/ProjectConfigurators
instanceKlass org/eclipse/buildship/core/internal/extension/ProjectConfiguratorContribution
instanceKlass org/eclipse/buildship/core/internal/workspace/SynchronizeGradleBuildOperation
instanceKlass org/eclipse/buildship/core/internal/workspace/RunOnImportTasksOperation
instanceKlass com/google/common/collect/AbstractMapBasedMultimap$KeySet$1
instanceKlass org/eclipse/buildship/core/internal/workspace/ValidateProjectLocationOperation
instanceKlass org/eclipse/buildship/core/internal/util/gradle/Path
instanceKlass org/gradle/tooling/model/eclipse/EclipseClasspathContainer
instanceKlass org/gradle/tooling/model/ComponentSelector
instanceKlass org/gradle/tooling/model/GradleModuleVersion
instanceKlass org/gradle/tooling/model/eclipse/EclipseProjectNature
instanceKlass org/gradle/tooling/model/eclipse/EclipseBuildCommand
instanceKlass org/gradle/tooling/model/eclipse/EclipseSourceDirectory
instanceKlass org/gradle/tooling/model/SourceDirectory
instanceKlass org/gradle/tooling/model/eclipse/EclipseLinkedResource
instanceKlass org/gradle/tooling/model/eclipse/ClasspathAttribute
instanceKlass org/gradle/tooling/model/eclipse/AccessRule
instanceKlass org/gradle/tooling/model/eclipse/EclipseProjectDependency
instanceKlass org/gradle/tooling/model/ProjectDependency
instanceKlass org/gradle/tooling/model/GradleTask
instanceKlass org/gradle/tooling/model/gradle/GradleScript
instanceKlass sun/reflect/generics/tree/IntSignature
instanceKlass org/eclipse/buildship/core/internal/util/gradle/HierarchicalElementUtils
instanceKlass org/gradle/internal/remote/internal/inet/SocketConnection$1
instanceKlass org/gradle/launcher/exec/BuildActionResult
instanceKlass org/gradle/internal/serialize/Message
instanceKlass org/eclipse/buildship/core/internal/util/gradle/CompatEclipseProject$FallbackOutputLocation
instanceKlass org/gradle/tooling/model/java/InstalledJdk
instanceKlass org/eclipse/buildship/core/internal/util/gradle/CompatEclipseProject$FallbackJavaSourceSettings
instanceKlass org/eclipse/buildship/core/internal/util/gradle/ModelUtils
instanceKlass org/eclipse/buildship/core/internal/util/gradle/CompatModelElement
instanceKlass org/gradle/plugins/ide/internal/tooling/eclipse/DefaultEclipseTask
instanceKlass org/gradle/plugins/ide/internal/tooling/eclipse/DefaultEclipseProjectNature
instanceKlass org/gradle/plugins/ide/internal/tooling/java/DefaultInstalledJdk
instanceKlass org/gradle/plugins/ide/internal/tooling/model/LaunchableGradleTask
instanceKlass org/gradle/tooling/internal/gradle/DefaultBuildIdentifier
instanceKlass org/gradle/tooling/model/BuildIdentifier
instanceKlass org/gradle/plugins/ide/internal/tooling/model/DefaultGradleScript
instanceKlass org/gradle/tooling/model/gradle/GradleScript
instanceKlass org/gradle/plugins/ide/internal/tooling/model/DefaultGradleModuleVersion
instanceKlass org/gradle/api/internal/artifacts/DefaultModuleIdentifier
instanceKlass org/gradle/api/internal/artifacts/Module
instanceKlass org/gradle/api/artifacts/component/ModuleComponentIdentifier
instanceKlass org/gradle/api/artifacts/component/ComponentIdentifier
instanceKlass org/gradle/api/artifacts/ModuleIdentifier
instanceKlass org/gradle/api/internal/artifacts/DefaultModuleVersionIdentifier
instanceKlass org/gradle/plugins/ide/internal/tooling/eclipse/DefaultClasspathAttribute
instanceKlass org/gradle/plugins/ide/internal/tooling/eclipse/DefaultEclipseComponentSelector
instanceKlass org/gradle/api/artifacts/ModuleVersionIdentifier
instanceKlass org/gradle/tooling/model/GradleModuleVersion
instanceKlass org/gradle/plugins/ide/internal/tooling/eclipse/DefaultEclipseClasspathEntry
instanceKlass com/google/common/collect/AbstractMapEntry
instanceKlass com/google/common/collect/UnmodifiableIterator
instanceKlass com/google/common/collect/BiMap
instanceKlass com/google/common/collect/ImmutableMap
instanceKlass com/google/common/collect/ImmutableMap$Builder
instanceKlass com/google/common/collect/ImmutableMap$SerializedForm
instanceKlass org/gradle/plugins/ide/internal/tooling/eclipse/DefaultEclipseBuildCommand
instanceKlass org/gradle/tooling/internal/gradle/DefaultProjectIdentifier
instanceKlass org/gradle/tooling/model/ProjectIdentifier
instanceKlass org/gradle/tooling/model/Model
instanceKlass org/gradle/plugins/ide/internal/tooling/eclipse/DefaultEclipseOutputLocation
instanceKlass org/gradle/plugins/ide/internal/tooling/eclipse/DefaultEclipseJavaSourceSettings
instanceKlass org/gradle/plugins/ide/internal/tooling/model/DefaultGradleProject
instanceKlass org/gradle/plugins/ide/internal/tooling/eclipse/DefaultEclipseProject
instanceKlass org/gradle/tooling/internal/gradle/GradleProjectIdentity
instanceKlass org/gradle/tooling/internal/gradle/GradleBuildIdentity
instanceKlass org/objectweb/asm/Context
instanceKlass org/gradle/tooling/provider/model/internal/LegacyConsumerInterface
instanceKlass com/google/common/cache/LocalCache$StrongValueReference
instanceKlass org/gradle/tooling/model/eclipse/EclipseJavaSourceSettings
instanceKlass org/gradle/tooling/model/eclipse/EclipseOutputLocation
instanceKlass java/io/ObjectInputStream$Caches
instanceKlass org/gradle/internal/serialize/ExceptionReplacingObjectInputStream$1
instanceKlass org/gradle/tooling/internal/provider/serialization/WellKnownClassLoaderRegistry$2
instanceKlass org/gradle/tooling/internal/provider/serialization/ClientSidePayloadClassLoaderRegistry$2
instanceKlass org/gradle/tooling/internal/provider/serialization/DefaultPayloadClassLoaderRegistry$2
instanceKlass org/gradle/tooling/internal/provider/PhasedActionEventConsumer$1
instanceKlass jdk/internal/misc/ScopedMemoryAccess$Scope$Handle
instanceKlass com/google/common/collect/ImmutableList$SerializedForm
instanceKlass org/gradle/internal/logging/text/AbstractLineChoppingStyledTextOutput$StateContext
instanceKlass org/gradle/internal/logging/events/StyledTextOutputEvent$Span
instanceKlass org/gradle/internal/logging/events/operations/StyledTextBuildOperationProgressDetails$Span
instanceKlass org/gradle/internal/operations/logging/StyledTextBuildOperationProgressDetails$Span
instanceKlass org/gradle/internal/build/event/types/DefaultTaskDescriptor
instanceKlass org/gradle/internal/build/event/types/DefaultScriptPluginIdentifier
instanceKlass java/time/Ser
instanceKlass org/gradle/internal/build/event/types/DefaultBinaryPluginIdentifier
instanceKlass org/gradle/internal/build/event/types/DefaultPluginApplicationResult
instanceKlass org/gradle/internal/build/event/types/AbstractResult
instanceKlass org/gradle/tooling/internal/provider/PhasedBuildActionResult
instanceKlass org/gradle/internal/build/event/types/DefaultOperationDescriptor
instanceKlass org/gradle/internal/build/event/types/AbstractProgressEvent
instanceKlass org/gradle/launcher/daemon/client/InputForwarder$1
instanceKlass org/gradle/launcher/daemon/client/DaemonCancelForwarder$1
instanceKlass org/gradle/launcher/daemon/client/DaemonCancelForwarder
instanceKlass org/gradle/launcher/daemon/client/InputForwarder
instanceKlass org/gradle/launcher/daemon/client/DaemonClientInputForwarder$ForwardTextStreamToConnection
instanceKlass org/gradle/launcher/daemon/client/DaemonClientInputForwarder
instanceKlass java/nio/channels/spi/AbstractSelector$1
instanceKlass java/net/UrlDeserializedState
instanceKlass java/io/ObjectStreamClass$5
instanceKlass java/io/ObjectStreamClass$4
instanceKlass java/io/ObjectStreamClass$3
instanceKlass java/io/ObjectStreamClass$MemberSignature
instanceKlass java/io/ObjectStreamClass$1
instanceKlass org/gradle/launcher/daemon/client/DaemonClientConnection
instanceKlass org/gradle/internal/serialize/Serializers$StatefulSerializerAdapter$2
instanceKlass org/gradle/internal/serialize/Serializers$StatefulSerializerAdapter$1
instanceKlass org/gradle/internal/remote/internal/inet/SocketInetAddress$Serializer
instanceKlass org/gradle/internal/remote/internal/inet/SocketInetAddress
instanceKlass org/gradle/internal/io/BufferCaster
instanceKlass java/lang/invoke/ConstantBootstraps
instanceKlass java/nio/channels/SelectionKey
instanceKlass java/nio/BufferMismatch
instanceKlass sun/nio/ch/UnixDomainSocketsUtil
instanceKlass sun/nio/ch/UnixDomainSockets
instanceKlass sun/nio/ch/PipeImpl$Initializer$LoopbackConnector
instanceKlass sun/nio/ch/PipeImpl$Initializer
instanceKlass java/nio/channels/Pipe
instanceKlass sun/nio/ch/WEPoll
instanceKlass sun/nio/ch/Util$2
instanceKlass java/nio/channels/Selector
instanceKlass org/gradle/internal/remote/internal/KryoBackedMessageSerializer
instanceKlass org/gradle/internal/remote/internal/inet/SocketConnection
instanceKlass org/gradle/internal/serialize/ObjectWriter
instanceKlass org/gradle/internal/serialize/ObjectReader
instanceKlass org/gradle/internal/serialize/Serializers$StatefulSerializerAdapter
instanceKlass org/gradle/internal/serialize/StatefulSerializer
instanceKlass org/gradle/internal/serialize/Serializers
instanceKlass org/gradle/internal/remote/internal/RemoteConnection
instanceKlass org/gradle/internal/remote/internal/MessageSerializer
instanceKlass org/gradle/internal/remote/internal/inet/SocketConnectCompletion
instanceKlass java/nio/channels/spi/SelectorProvider$Holder
instanceKlass org/gradle/launcher/daemon/client/DefaultDaemonConnector$CleanupOnStaleAddress
instanceKlass org/gradle/launcher/daemon/registry/DaemonInfo
instanceKlass org/gradle/launcher/daemon/registry/PersistentDaemonRegistry$2
instanceKlass org/gradle/internal/time/TimeFormatting
instanceKlass org/gradle/launcher/daemon/diagnostics/DaemonDiagnostics
instanceKlass org/gradle/launcher/daemon/diagnostics/DaemonStartupInfo
instanceKlass org/gradle/internal/remote/internal/inet/MultiChoiceAddress
instanceKlass org/gradle/internal/remote/internal/inet/InetEndpoint
instanceKlass java/util/regex/Matcher$ImmutableMatchResult
instanceKlass java/util/Scanner$PatternLRUCache
instanceKlass java/util/Scanner
instanceKlass org/gradle/util/internal/DisconnectableInputStream$1
instanceKlass org/gradle/util/internal/DisconnectableInputStream$ThreadExecuter
instanceKlass org/gradle/internal/logging/sink/GroupingProgressLogEventGenerator$OperationState
instanceKlass org/gradle/process/internal/streams/ForwardStdinStreamsHandler
instanceKlass org/gradle/launcher/daemon/DaemonExecHandleBuilder
instanceKlass org/gradle/internal/nativeintegration/services/FileSystems
instanceKlass org/gradle/api/internal/file/collections/DefaultDirectoryFileTreeFactory$1
instanceKlass org/gradle/internal/remote/Address
instanceKlass org/gradle/launcher/daemon/bootstrap/DaemonStartupCommunication
instanceKlass org/gradle/launcher/daemon/bootstrap/DaemonOutputConsumer
instanceKlass org/gradle/internal/stream/EncodedStream
instanceKlass org/gradle/launcher/daemon/bootstrap/GradleDaemon
instanceKlass org/gradle/internal/operations/OperationIdentifier
instanceKlass org/gradle/internal/logging/progress/DefaultProgressLoggerFactory$ProgressLoggerImpl
instanceKlass org/gradle/launcher/daemon/client/DaemonStartupMessage
instanceKlass org/gradle/launcher/daemon/registry/DaemonStopEvents$1
instanceKlass org/gradle/internal/serialize/AbstractEncoder
instanceKlass org/gradle/cache/internal/filelock/LockInfo
instanceKlass org/gradle/cache/internal/SimpleStateCache$1Updater
instanceKlass org/gradle/cache/internal/FileIntegrityViolationSuppressingPersistentStateCacheDecorator$1
instanceKlass org/gradle/launcher/daemon/registry/PersistentDaemonRegistry$7
instanceKlass org/gradle/launcher/daemon/registry/DaemonStopEvents$2
instanceKlass org/gradle/launcher/daemon/registry/DaemonStopEvents
instanceKlass org/gradle/internal/Pair
instanceKlass org/gradle/launcher/daemon/client/DefaultDaemonConnector$1
instanceKlass org/gradle/cache/internal/DefaultFileLockManager$DefaultFileLock$3
instanceKlass org/gradle/cache/internal/DefaultFileLockManager$DefaultFileLock$2
instanceKlass org/gradle/cache/internal/DefaultFileLockManager$DefaultFileLock$1
instanceKlass org/gradle/launcher/daemon/registry/DaemonInfo$Serializer
instanceKlass org/gradle/internal/serialize/AbstractDecoder
instanceKlass org/gradle/cache/internal/filelock/DefaultLockStateSerializer$SequenceNumberLockState
instanceKlass org/gradle/internal/io/IOQuery$Result
instanceKlass org/gradle/cache/internal/filelock/FileLockOutcome
instanceKlass org/gradle/cache/internal/DefaultFileLockManager$DefaultFileLock$4
instanceKlass org/gradle/internal/io/ExponentialBackoff
instanceKlass org/gradle/cache/internal/DefaultFileLockManager$AwaitableFileLockReleasedSignal
instanceKlass org/gradle/cache/FileLockReleasedSignal
instanceKlass org/gradle/cache/internal/filelock/LockInfoSerializer
instanceKlass org/gradle/cache/internal/filelock/LockInfoAccess
instanceKlass org/gradle/cache/internal/filelock/LockStateAccess
instanceKlass org/gradle/cache/internal/filelock/LockFileAccess
instanceKlass org/gradle/cache/internal/filelock/LockState
instanceKlass org/gradle/cache/internal/filelock/DefaultLockStateSerializer
instanceKlass org/gradle/internal/io/IOQuery
instanceKlass org/gradle/cache/FileLock$State
instanceKlass org/gradle/cache/internal/filelock/LockStateSerializer
instanceKlass sun/nio/ch/DatagramChannelImpl$DefaultOptionsHolder
instanceKlass sun/nio/ch/DatagramSocketAdaptor$DatagramSockets
instanceKlass sun/nio/ch/NativeSocketAddress
instanceKlass sun/net/ResourceManager
instanceKlass java/nio/channels/MulticastChannel
instanceKlass java/nio/channels/NetworkChannel
instanceKlass sun/nio/ch/SelChImpl
instanceKlass java/nio/channels/spi/SelectorProvider
instanceKlass sun/nio/ch/DefaultSelectorProvider
instanceKlass java/net/Inet4AddressImpl
instanceKlass org/gradle/internal/remote/internal/inet/InetAddresses
instanceKlass java/net/DatagramSocket
instanceKlass org/gradle/cache/internal/locklistener/FileLockCommunicator
instanceKlass org/gradle/cache/internal/filelock/LockOptionsBuilder
instanceKlass org/gradle/cache/internal/SimpleStateCache$1
instanceKlass org/gradle/launcher/daemon/configuration/DaemonJvmOptions$1
instanceKlass org/gradle/launcher/exec/DefaultBuildActionParameters
instanceKlass org/gradle/internal/logging/source/NoOpLoggingSystem$1
instanceKlass org/gradle/internal/logging/console/ThrottlingOutputEventListener$1
instanceKlass java/util/concurrent/Executors$DelegatedExecutorService
instanceKlass org/gradle/internal/logging/console/ThrottlingOutputEventListener
instanceKlass org/gradle/internal/logging/format/PrettyPrefixedLogHeaderFormatter
instanceKlass org/gradle/internal/logging/sink/GroupingProgressLogEventGenerator
instanceKlass org/gradle/internal/logging/console/BuildLogLevelFilterRenderer
instanceKlass org/gradle/internal/logging/console/AbstractUserInputRenderer
instanceKlass org/gradle/internal/logging/sink/ErrorOutputDispatchingListener
instanceKlass org/gradle/internal/logging/text/AbstractLineChoppingStyledTextOutput$SeenFromEol
instanceKlass org/gradle/internal/logging/text/AbstractLineChoppingStyledTextOutput$4
instanceKlass org/gradle/internal/logging/text/AbstractLineChoppingStyledTextOutput$3
instanceKlass org/gradle/internal/logging/text/AbstractLineChoppingStyledTextOutput$2
instanceKlass org/gradle/internal/logging/text/AbstractLineChoppingStyledTextOutput$1
instanceKlass org/gradle/internal/logging/text/AbstractLineChoppingStyledTextOutput$State
instanceKlass org/gradle/internal/logging/text/StreamBackedStandardOutputListener
instanceKlass org/gradle/internal/logging/text/AbstractStyledTextOutput
instanceKlass org/gradle/internal/logging/console/StyledTextOutputBackedRenderer
instanceKlass org/gradle/internal/logging/console/Console
instanceKlass org/gradle/internal/logging/sink/ConsoleConfigureAction
instanceKlass org/gradle/tooling/internal/provider/LoggingBridgingBuildActionExecuter$OutputEventListenerAdapter
instanceKlass org/gradle/internal/logging/services/DefaultLoggingManager$ConsoleAttachment
instanceKlass org/gradle/tooling/internal/provider/ConnectionOperationParameters
instanceKlass org/gradle/configuration/GradleLauncherMetaData
instanceKlass org/gradle/initialization/DefaultBuildRequestMetaData
instanceKlass org/gradle/initialization/DefaultBuildRequestContext
instanceKlass org/gradle/initialization/BuildRequestContext
instanceKlass org/gradle/tooling/internal/provider/DaemonBuildActionExecuter
instanceKlass org/gradle/tooling/internal/provider/LoggingBridgingBuildActionExecuter
instanceKlass org/gradle/launcher/daemon/context/DefaultDaemonContext$Serializer
instanceKlass org/gradle/launcher/daemon/context/DefaultDaemonContext
instanceKlass net/rubygrapefruit/platform/internal/jni/PosixProcessFunctions
instanceKlass org/gradle/launcher/daemon/context/DaemonCompatibilitySpec
instanceKlass org/gradle/internal/logging/source/NoOpLoggingSystem
instanceKlass org/gradle/tooling/internal/protocol/PhasedActionResult
instanceKlass org/gradle/tooling/internal/provider/PhasedActionEventConsumer
instanceKlass org/gradle/tooling/internal/provider/ProviderConnection$BuildProgressListenerInvokingBuildEventConsumer
instanceKlass org/gradle/tooling/internal/consumer/parameters/FailsafeBuildProgressListenerAdapter
instanceKlass com/google/common/collect/AbstractMapEntry
instanceKlass com/google/common/collect/ImmutableMap$Builder
instanceKlass com/google/common/collect/CollectPreconditions
instanceKlass org/gradle/tooling/internal/provider/ProviderConnection$ProgressListenerConfiguration
instanceKlass org/gradle/tooling/internal/provider/FailsafePhasedActionResultListener
instanceKlass org/gradle/api/internal/file/BasicFileResolver
instanceKlass org/gradle/launcher/cli/converter/BuildOptionBackedConverter
instanceKlass org/gradle/launcher/cli/converter/StartParameterConverter
instanceKlass com/google/common/collect/Lists
instanceKlass org/gradle/internal/DefaultTaskExecutionRequest
instanceKlass org/gradle/internal/buildoption/BuildOption$Value
instanceKlass org/gradle/api/launcher/cli/WelcomeMessageConfiguration
instanceKlass org/gradle/internal/concurrent/DefaultParallelismConfiguration
instanceKlass org/gradle/internal/logging/DefaultLoggingConfiguration
instanceKlass org/gradle/tooling/internal/provider/ProviderStartParameterConverter
instanceKlass org/gradle/tooling/internal/provider/serialization/SerializedPayload
instanceKlass org/gradle/tooling/internal/provider/serialization/ClientSidePayloadClassLoaderRegistry$LocalClassLoaderMapping
instanceKlass org/gradle/tooling/model/eclipse/RunEclipseSynchronizationTasks
instanceKlass java/io/ObjectStreamClass$ExceptionInfo
instanceKlass org/gradle/tooling/internal/protocol/cpp/InternalCppTestSuite
instanceKlass org/gradle/tooling/internal/protocol/cpp/InternalCppStaticLibrary
instanceKlass org/gradle/tooling/internal/protocol/cpp/InternalCppSharedLibrary
instanceKlass org/gradle/tooling/internal/protocol/cpp/InternalCppLibrary
instanceKlass org/gradle/tooling/internal/protocol/cpp/InternalCppExecutable
instanceKlass org/gradle/tooling/internal/protocol/cpp/InternalCppApplication
instanceKlass org/gradle/tooling/model/cpp/CppTestSuite
instanceKlass org/gradle/tooling/model/cpp/CppStaticLibrary
instanceKlass org/gradle/tooling/model/cpp/CppSharedLibrary
instanceKlass org/gradle/tooling/model/cpp/CppLibrary
instanceKlass org/gradle/tooling/model/cpp/CppExecutable
instanceKlass org/gradle/tooling/model/cpp/CppApplication
instanceKlass org/gradle/tooling/internal/protocol/InternalActionAwareBuildController
instanceKlass org/gradle/tooling/internal/consumer/connection/NestedActionAwareBuildControllerAdapter$1
instanceKlass org/gradle/util/internal/DefaultGradleVersion$Stage
instanceKlass org/gradle/internal/IoActions$TextFileWriterIoAction
instanceKlass org/gradle/internal/IoActions$1
instanceKlass org/gradle/tooling/internal/consumer/connection/ToolingParameterProxy
instanceKlass org/gradle/tooling/model/Task
instanceKlass org/gradle/tooling/model/Launchable
instanceKlass org/gradle/tooling/internal/gradle/TaskListingLaunchable
instanceKlass org/gradle/tooling/internal/consumer/parameters/ConsumerOperationParameters$1
instanceKlass org/gradle/tooling/internal/protocol/events/InternalTestSuccessResult
instanceKlass org/gradle/tooling/internal/protocol/events/InternalTestStartedProgressEvent
instanceKlass org/gradle/tooling/internal/protocol/events/InternalTestSkippedResult
instanceKlass org/gradle/tooling/internal/protocol/events/InternalTestOutputResult
instanceKlass org/gradle/tooling/internal/protocol/events/InternalTestOutputEvent
instanceKlass org/gradle/tooling/internal/protocol/events/InternalTestOutputDescriptor
instanceKlass org/gradle/tooling/internal/protocol/events/InternalTestFinishedProgressEvent
instanceKlass org/gradle/tooling/internal/protocol/events/InternalTestProgressEvent
instanceKlass org/gradle/tooling/internal/protocol/events/InternalTestFailureResult
instanceKlass org/gradle/tooling/internal/protocol/events/InternalTestResult
instanceKlass org/gradle/tooling/internal/protocol/events/InternalTaskWithExtraInfoDescriptor
instanceKlass org/gradle/tooling/internal/protocol/events/InternalTaskSuccessResult
instanceKlass org/gradle/tooling/internal/protocol/events/InternalTaskSkippedResult
instanceKlass org/gradle/tooling/internal/protocol/events/InternalTaskFailureResult
instanceKlass org/gradle/tooling/internal/protocol/events/InternalTaskDescriptor
instanceKlass org/gradle/tooling/internal/protocol/events/InternalTaskCachedResult
instanceKlass org/gradle/tooling/internal/protocol/events/InternalSuccessResult
instanceKlass org/gradle/tooling/internal/protocol/events/InternalStatusEvent
instanceKlass org/gradle/tooling/internal/protocol/events/InternalScriptPluginIdentifier
instanceKlass org/gradle/tooling/internal/protocol/events/InternalProjectConfigurationResult$InternalPluginApplicationResult
instanceKlass org/gradle/tooling/internal/protocol/events/InternalProjectConfigurationResult
instanceKlass org/gradle/tooling/internal/protocol/events/InternalOperationStartedProgressEvent
instanceKlass org/gradle/tooling/internal/protocol/events/InternalOperationFinishedProgressEvent
instanceKlass org/gradle/tooling/internal/protocol/events/InternalProgressEvent
instanceKlass org/gradle/tooling/internal/protocol/events/InternalJvmTestDescriptor
instanceKlass org/gradle/tooling/internal/protocol/events/InternalTestDescriptor
instanceKlass org/gradle/tooling/internal/protocol/events/InternalJavaCompileTaskOperationResult$InternalAnnotationProcessorResult
instanceKlass org/gradle/tooling/internal/protocol/events/InternalJavaCompileTaskOperationResult
instanceKlass org/gradle/tooling/internal/protocol/events/InternalIncrementalTaskResult
instanceKlass org/gradle/tooling/internal/protocol/events/InternalTaskResult
instanceKlass org/gradle/tooling/internal/protocol/events/InternalFileDownloadResult
instanceKlass org/gradle/tooling/internal/protocol/events/InternalFailureResult
instanceKlass org/gradle/tooling/internal/protocol/events/InternalOperationResult
instanceKlass org/gradle/tooling/internal/protocol/events/InternalBinaryPluginIdentifier
instanceKlass org/gradle/tooling/internal/protocol/events/InternalPluginIdentifier
instanceKlass org/gradle/tooling/internal/protocol/InternalFailure
instanceKlass org/gradle/tooling/internal/consumer/DefaultFailure
instanceKlass org/gradle/tooling/events/work/WorkItemSuccessResult
instanceKlass org/gradle/tooling/internal/protocol/events/InternalWorkItemDescriptor
instanceKlass org/gradle/tooling/events/work/WorkItemFailureResult
instanceKlass org/gradle/tooling/events/transform/TransformSuccessResult
instanceKlass org/gradle/tooling/internal/protocol/events/InternalTransformDescriptor
instanceKlass org/gradle/tooling/events/transform/internal/DefaultTransformOperationDescriptor$DefaultTransformerDescriptor
instanceKlass org/gradle/tooling/events/transform/internal/DefaultTransformOperationDescriptor$DefaultSubjectDescriptor
instanceKlass org/gradle/tooling/events/transform/TransformFailureResult
instanceKlass org/gradle/tooling/events/transform/TransformOperationDescriptor$TransformerDescriptor
instanceKlass org/gradle/tooling/events/transform/TransformOperationDescriptor$SubjectDescriptor
instanceKlass org/gradle/tooling/events/test/TestSuccessResult
instanceKlass org/gradle/tooling/events/test/internal/DefaultTestSkippedResult
instanceKlass org/gradle/tooling/events/test/TestSkippedResult
instanceKlass org/gradle/tooling/events/test/internal/DefaultTestOutputEvent
instanceKlass org/gradle/tooling/events/test/TestFailureResult
instanceKlass org/gradle/tooling/events/internal/OperationDescriptorWrapper
instanceKlass org/gradle/tooling/events/test/JvmTestOperationDescriptor
instanceKlass org/gradle/tooling/events/task/java/JavaCompileTaskOperationResult
instanceKlass org/gradle/tooling/events/task/internal/java/DefaultAnnotationProcessorResult
instanceKlass org/gradle/tooling/events/task/TaskSuccessResult
instanceKlass org/gradle/tooling/events/task/internal/DefaultTaskSkippedResult
instanceKlass org/gradle/tooling/events/task/TaskSkippedResult
instanceKlass org/gradle/tooling/events/SkippedResult
instanceKlass org/gradle/tooling/events/task/internal/DefaultTaskOperationDescriptor$1
instanceKlass org/gradle/internal/impldep/com/google/common/base/Suppliers$ThreadSafeSupplier
instanceKlass org/gradle/internal/impldep/com/google/common/base/Suppliers$SupplierOfInstance
instanceKlass org/gradle/internal/impldep/com/google/common/base/Suppliers$SupplierFunction
instanceKlass org/gradle/internal/impldep/com/google/common/base/Suppliers$SupplierComposition
instanceKlass org/gradle/internal/impldep/com/google/common/base/Suppliers$NonSerializableMemoizingSupplier
instanceKlass org/gradle/internal/impldep/com/google/common/base/Suppliers$MemoizingSupplier
instanceKlass org/gradle/internal/impldep/com/google/common/base/Suppliers$ExpiringMemoizingSupplier
instanceKlass org/gradle/internal/impldep/com/google/common/base/Suppliers
instanceKlass org/gradle/tooling/events/task/internal/TaskExecutionDetails
instanceKlass org/gradle/tooling/events/task/TaskFailureResult
instanceKlass org/gradle/tooling/events/task/TaskExecutionResult
instanceKlass org/gradle/tooling/events/StatusEvent
instanceKlass org/gradle/tooling/events/ScriptPluginIdentifier
instanceKlass org/gradle/tooling/events/internal/AbstractPluginIdentifier
instanceKlass org/gradle/tooling/events/BinaryPluginIdentifier
instanceKlass org/gradle/tooling/internal/protocol/events/InternalFileDownloadDescriptor
instanceKlass org/gradle/tooling/events/internal/DefaultOperationSuccessResult
instanceKlass org/gradle/tooling/events/configuration/ProjectConfigurationSuccessResult
instanceKlass org/gradle/tooling/events/SuccessResult
instanceKlass org/gradle/tooling/internal/protocol/events/InternalProjectConfigurationDescriptor
instanceKlass org/gradle/tooling/events/internal/DefaultOperationDescriptor
instanceKlass org/gradle/tooling/events/internal/BaseProgressEvent
instanceKlass org/gradle/tooling/events/internal/DefaultOperationFailureResult
instanceKlass org/gradle/tooling/events/configuration/ProjectConfigurationFailureResult
instanceKlass org/gradle/tooling/events/FailureResult
instanceKlass org/gradle/tooling/events/configuration/internal/DefaultPluginApplicationResult
instanceKlass org/gradle/tooling/events/configuration/ProjectConfigurationOperationResult$PluginApplicationResult
instanceKlass org/gradle/internal/event/BroadcastDispatch$ActionInvocationHandler
instanceKlass org/gradle/internal/event/BroadcastDispatch$1
instanceKlass org/gradle/internal/dispatch/ProxyDispatchAdapter$1
instanceKlass org/gradle/util/internal/CollectionUtils$SetDiff
instanceKlass org/gradle/util/internal/CollectionUtils$InjectionStep
instanceKlass org/gradle/util/internal/CollectionUtils$1$1
instanceKlass org/gradle/util/internal/CollectionUtils$1
instanceKlass org/gradle/internal/Transformers$ToStringTransformer
instanceKlass org/gradle/internal/Transformers$CommandLineArgumentTransformer
instanceKlass org/gradle/internal/Transformers$CastingTransformer
instanceKlass org/gradle/internal/Transformers$6
instanceKlass org/gradle/internal/Transformers$5
instanceKlass org/gradle/internal/Transformers$4
instanceKlass org/gradle/internal/Transformers$3
instanceKlass org/gradle/internal/Transformers$2
instanceKlass org/gradle/internal/Pair$2
instanceKlass org/gradle/internal/Pair$1
instanceKlass org/gradle/internal/Pair
instanceKlass org/gradle/api/specs/NotSpec
instanceKlass org/gradle/tooling/model/idea/IdeaLanguageLevel
instanceKlass org/gradle/tooling/internal/consumer/converters/IdeaProjectJavaLanguageSettingsMixin$CompatibilityIdeaProjectJavaLanguageSettings
instanceKlass org/gradle/tooling/model/idea/IdeaModule
instanceKlass org/gradle/tooling/model/internal/Exceptions
instanceKlass org/gradle/internal/reflect/ReflectionCache$1
instanceKlass org/gradle/internal/reflect/JavaReflectionUtil
instanceKlass org/gradle/internal/reflect/DirectInstantiator$ConstructorCache$1
instanceKlass org/gradle/internal/impldep/com/google/common/collect/Iterables$6$1
instanceKlass org/gradle/internal/impldep/com/google/common/collect/Iterables$10
instanceKlass org/gradle/internal/impldep/com/google/common/collect/Streams$TemporaryPair
instanceKlass org/gradle/internal/impldep/com/google/common/collect/Streams$DoubleFunctionWithIndex
instanceKlass java/util/function/DoubleConsumer
instanceKlass org/gradle/internal/impldep/com/google/common/collect/Streams$LongFunctionWithIndex
instanceKlass java/util/function/LongConsumer
instanceKlass org/gradle/internal/impldep/com/google/common/collect/Streams$IntFunctionWithIndex
instanceKlass org/gradle/internal/impldep/com/google/common/collect/Streams$FunctionWithIndex
instanceKlass org/gradle/internal/impldep/com/google/common/collect/Streams$MapWithIndexSpliterator
instanceKlass org/gradle/internal/impldep/com/google/common/collect/Streams$1OptionalState
instanceKlass java/util/PrimitiveIterator$OfLong
instanceKlass java/util/PrimitiveIterator$OfInt
instanceKlass java/util/PrimitiveIterator$OfDouble
instanceKlass java/util/PrimitiveIterator
instanceKlass java/util/OptionalLong
instanceKlass java/util/OptionalDouble
instanceKlass java/util/stream/LongStream
instanceKlass java/util/stream/DoubleStream
instanceKlass org/gradle/internal/impldep/com/google/common/collect/Streams
instanceKlass org/gradle/internal/impldep/com/google/common/collect/FluentIterable$FromIterableFunction
instanceKlass org/gradle/internal/impldep/com/google/common/collect/FluentIterable
instanceKlass org/gradle/internal/impldep/com/google/common/collect/Lists$ReverseList$1
instanceKlass org/gradle/internal/impldep/com/google/common/collect/MultimapBuilder$EnumSetSupplier
instanceKlass org/gradle/internal/impldep/com/google/common/collect/MultimapBuilder$TreeSetSupplier
instanceKlass org/gradle/internal/impldep/com/google/common/collect/MultimapBuilder$LinkedHashSetSupplier
instanceKlass org/gradle/internal/impldep/com/google/common/collect/MultimapBuilder$HashSetSupplier
instanceKlass org/gradle/internal/impldep/com/google/common/collect/MultimapBuilder$ArrayListSupplier
instanceKlass org/gradle/internal/impldep/com/google/common/collect/MultimapBuilder$MultimapBuilderWithKeys
instanceKlass org/gradle/internal/impldep/com/google/common/collect/MultimapBuilder
instanceKlass org/gradle/internal/impldep/com/google/common/collect/TreeRangeSet$1
instanceKlass org/gradle/internal/impldep/com/google/common/collect/ImmutableRangeSet$SerializedForm
instanceKlass org/gradle/internal/impldep/com/google/common/collect/ImmutableRangeSet$Builder
instanceKlass org/gradle/internal/impldep/com/google/common/collect/ImmutableRangeSet$AsSetSerializedForm
instanceKlass org/gradle/internal/impldep/com/google/common/collect/RegularContiguousSet$SerializedForm
instanceKlass org/gradle/internal/impldep/com/google/common/collect/EmptyContiguousSet$SerializedForm
instanceKlass org/gradle/internal/impldep/com/google/common/collect/EmptyContiguousSet$1
instanceKlass org/gradle/internal/impldep/com/google/common/collect/AbstractRangeSet
instanceKlass org/gradle/internal/impldep/com/google/common/collect/RangeSet
instanceKlass org/gradle/internal/impldep/com/google/common/collect/SortedLists$1
instanceKlass org/gradle/internal/impldep/com/google/common/collect/SortedLists
instanceKlass org/gradle/internal/impldep/com/google/common/collect/ImmutableSortedMap$1
instanceKlass org/gradle/internal/impldep/com/google/common/collect/ImmutableRangeMap$SerializedForm
instanceKlass org/gradle/internal/impldep/com/google/common/collect/ImmutableRangeMap$Builder
instanceKlass org/gradle/internal/impldep/com/google/common/collect/ImmutableRangeMap
instanceKlass org/gradle/internal/impldep/com/google/common/collect/RangeMap
instanceKlass org/gradle/internal/impldep/com/google/common/collect/CollectCollectors$EnumSetAccumulator
instanceKlass org/gradle/internal/impldep/com/google/common/collect/ImmutableMap$SerializedForm
instanceKlass org/gradle/internal/impldep/com/google/common/collect/RegularImmutableBiMap$InverseSerializedForm
instanceKlass org/gradle/internal/impldep/com/google/common/collect/RegularImmutableBiMap$1
instanceKlass org/gradle/internal/impldep/com/google/common/collect/JdkBackedImmutableBiMap$1
instanceKlass org/gradle/internal/impldep/com/google/common/collect/RegularImmutableMap$Values$SerializedForm
instanceKlass org/gradle/internal/impldep/com/google/common/collect/RegularImmutableMap$KeySet$SerializedForm
instanceKlass org/gradle/internal/impldep/com/google/common/collect/ImmutableMapValues$SerializedForm
instanceKlass org/gradle/internal/impldep/com/google/common/collect/ImmutableMapKeySet$KeySetSerializedForm
instanceKlass org/gradle/internal/impldep/com/google/common/collect/ImmutableMapEntrySet$EntrySetSerializedForm
instanceKlass org/gradle/internal/impldep/com/google/common/collect/MapMakerInternalMap$WeakKeyWeakValueEntry$Helper
instanceKlass org/gradle/internal/impldep/com/google/common/collect/MapMakerInternalMap$WeakKeyStrongValueEntry$Helper
instanceKlass org/gradle/internal/impldep/com/google/common/collect/MapMakerInternalMap$WeakKeyDummyValueEntry$Helper
instanceKlass org/gradle/internal/impldep/com/google/common/collect/MapMakerInternalMap$StrongKeyWeakValueEntry$Helper
instanceKlass org/gradle/internal/impldep/com/google/common/collect/MapMakerInternalMap$StrongKeyStrongValueEntry$Helper
instanceKlass org/gradle/internal/impldep/com/google/common/collect/MapMakerInternalMap$StrongKeyDummyValueEntry$Helper
instanceKlass org/gradle/internal/impldep/com/google/common/collect/MapMakerInternalMap$StrongValueEntry
instanceKlass org/gradle/internal/impldep/com/google/common/collect/MapMakerInternalMap$HashIterator
instanceKlass org/gradle/internal/impldep/com/google/common/collect/MapMakerInternalMap$CleanupMapTask
instanceKlass org/gradle/internal/impldep/com/google/common/collect/MapMakerInternalMap$AbstractStrongKeyEntry
instanceKlass org/gradle/internal/impldep/com/google/common/collect/Maps$ValueDifferenceImpl
instanceKlass org/gradle/internal/impldep/com/google/common/collect/SortedMapDifference
instanceKlass org/gradle/internal/impldep/com/google/common/collect/Maps$MapDifferenceImpl
instanceKlass org/gradle/internal/impldep/com/google/common/collect/AbstractNavigableMap$1
instanceKlass org/gradle/internal/impldep/com/google/common/collect/Maps$FilteredEntryBiMap$1
instanceKlass org/gradle/internal/impldep/com/google/common/collect/Maps$9
instanceKlass org/gradle/internal/impldep/com/google/common/collect/Table$Cell
instanceKlass org/gradle/internal/impldep/com/google/common/collect/Synchronized$SynchronizedTable$2
instanceKlass org/gradle/internal/impldep/com/google/common/collect/Synchronized$SynchronizedTable$1
instanceKlass org/gradle/internal/impldep/com/google/common/collect/Table
instanceKlass java/util/function/UnaryOperator
instanceKlass org/gradle/internal/impldep/com/google/common/collect/Synchronized$SynchronizedObject
instanceKlass org/gradle/internal/impldep/com/google/common/collect/Synchronized$1
instanceKlass org/gradle/internal/impldep/com/google/common/collect/Multimaps$UnmodifiableMultimap$1
instanceKlass org/gradle/internal/impldep/com/google/common/collect/Multimaps$TransformedEntriesMultimap$1
instanceKlass org/gradle/internal/impldep/com/google/common/collect/Multimaps$MapMultimap$1$1
instanceKlass org/gradle/internal/impldep/com/google/common/collect/SortedSetMultimap
instanceKlass org/gradle/internal/impldep/com/google/common/collect/AbstractMapBasedMultimap$WrappedCollection$WrappedIterator
instanceKlass org/gradle/internal/impldep/com/google/common/collect/AbstractMapBasedMultimap$KeySet$1
instanceKlass org/gradle/internal/impldep/com/google/common/collect/AbstractMapBasedMultimap$AsMap$AsMapIterator
instanceKlass org/gradle/internal/impldep/com/google/common/collect/AbstractMapBasedMultimap$Itr
instanceKlass org/gradle/internal/impldep/com/google/common/collect/Multimaps$AsMap$EntrySet$1
instanceKlass org/gradle/internal/impldep/com/google/common/collect/ImmutableSortedSet$SerializedForm
instanceKlass org/gradle/internal/impldep/com/google/common/collect/SortedIterables
instanceKlass java/util/Spliterators$AbstractSpliterator
instanceKlass org/gradle/internal/impldep/com/google/common/collect/ImmutableSetMultimap$SetFieldSettersHolder
instanceKlass org/gradle/internal/impldep/com/google/common/collect/ImmutableMultimap$KeysSerializedForm
instanceKlass org/gradle/internal/impldep/com/google/common/collect/ImmutableMultimap$FieldSettersHolder
instanceKlass org/gradle/internal/impldep/com/google/common/collect/ImmutableMultimap$Builder
instanceKlass org/gradle/internal/impldep/com/google/common/collect/ListMultimap
instanceKlass org/gradle/internal/impldep/com/google/common/collect/FilteredSetMultimap
instanceKlass org/gradle/internal/impldep/com/google/common/collect/FilteredEntryMultimap$Keys$1$1
instanceKlass org/gradle/internal/impldep/com/google/common/collect/SetMultimap
instanceKlass org/gradle/internal/impldep/com/google/common/collect/FilteredEntryMultimap$ValuePredicate
instanceKlass org/gradle/internal/impldep/com/google/common/collect/FilteredMultimap
instanceKlass org/gradle/internal/impldep/com/google/common/collect/Multimaps
instanceKlass org/gradle/internal/impldep/com/google/common/collect/AbstractMultimap
instanceKlass org/gradle/internal/impldep/com/google/common/collect/Synchronized
instanceKlass org/gradle/internal/impldep/com/google/common/collect/Range$UpperBoundFn
instanceKlass org/gradle/internal/impldep/com/google/common/collect/ComparisonChain
instanceKlass org/gradle/internal/impldep/com/google/common/collect/Range$LowerBoundFn
instanceKlass org/gradle/internal/impldep/com/google/common/collect/Range$1
instanceKlass org/gradle/internal/impldep/com/google/common/primitives/Booleans
instanceKlass org/gradle/internal/impldep/com/google/common/collect/DiscreteDomain$1
instanceKlass org/gradle/internal/impldep/com/google/common/collect/DiscreteDomain
instanceKlass org/gradle/internal/impldep/com/google/common/collect/Cut$1
instanceKlass org/gradle/internal/impldep/com/google/common/collect/Cut
instanceKlass org/gradle/internal/impldep/com/google/common/collect/RangeGwtSerializationDependencies
instanceKlass org/gradle/internal/impldep/com/google/common/collect/TopKSelector
instanceKlass org/gradle/internal/impldep/com/google/common/collect/Ordering$ArbitraryOrderingHolder
instanceKlass org/gradle/internal/impldep/com/google/common/collect/Ordering
instanceKlass org/gradle/internal/impldep/com/google/common/collect/SortedMultiset
instanceKlass org/gradle/internal/impldep/com/google/common/collect/SortedIterable
instanceKlass org/gradle/internal/impldep/com/google/common/collect/SortedMultisetBridge
instanceKlass org/gradle/internal/impldep/com/google/common/collect/Multisets$MultisetIteratorImpl
instanceKlass org/gradle/internal/impldep/com/google/common/collect/Multisets$FilteredMultiset$1
instanceKlass org/gradle/internal/impldep/com/google/common/collect/Multisets$DecreasingCount
instanceKlass org/gradle/internal/impldep/com/google/common/collect/ImmutableMultiset$SerializedForm
instanceKlass org/gradle/internal/impldep/com/google/common/collect/ImmutableMultiset$EntrySetSerializedForm
instanceKlass org/gradle/internal/impldep/com/google/common/collect/Serialization$FieldSetter
instanceKlass org/gradle/internal/impldep/com/google/common/collect/Serialization$1
instanceKlass org/gradle/internal/impldep/com/google/common/collect/Multimap
instanceKlass org/gradle/internal/impldep/com/google/common/collect/Serialization
instanceKlass org/gradle/internal/impldep/com/google/common/collect/AbstractMapBasedMultiset$MapBasedMultisetIterator
instanceKlass org/gradle/internal/impldep/com/google/common/collect/AbstractMapBasedMultiset$2
instanceKlass org/gradle/internal/impldep/com/google/common/collect/Count
instanceKlass org/gradle/internal/impldep/com/google/common/collect/AbstractMapBasedMultiset$1
instanceKlass org/gradle/internal/impldep/com/google/common/collect/Multisets$AbstractEntry
instanceKlass org/gradle/internal/impldep/com/google/common/collect/Multisets
instanceKlass org/gradle/internal/impldep/com/google/common/collect/Multiset$Entry
instanceKlass java/util/function/ObjIntConsumer
instanceKlass org/gradle/internal/impldep/com/google/common/collect/Multiset
instanceKlass org/gradle/internal/impldep/com/google/common/primitives/IntsMethodsForWeb
instanceKlass org/gradle/internal/impldep/com/google/common/math/MathPreconditions
instanceKlass org/gradle/internal/impldep/com/google/common/primitives/UnsignedLongs$ParseOverflowDetection
instanceKlass org/gradle/internal/impldep/com/google/common/primitives/ParseRequest
instanceKlass org/gradle/internal/impldep/com/google/common/primitives/Longs$AsciiDigits
instanceKlass org/gradle/internal/impldep/com/google/common/primitives/Longs
instanceKlass org/gradle/internal/impldep/com/google/common/primitives/UnsignedLongs
instanceKlass org/gradle/internal/impldep/com/google/common/math/LongMath$1
instanceKlass org/gradle/internal/impldep/com/google/common/math/DoubleUtils
instanceKlass org/gradle/internal/impldep/com/google/common/math/LongMath
instanceKlass org/gradle/internal/impldep/com/google/common/math/IntMath$1
instanceKlass org/gradle/internal/impldep/com/google/common/math/IntMath
instanceKlass org/gradle/internal/impldep/com/google/common/collect/ImmutableSet$SerializedForm
instanceKlass org/gradle/internal/impldep/com/google/common/collect/ImmutableAsList$SerializedForm
instanceKlass org/gradle/internal/impldep/com/google/common/collect/ImmutableSet$SetBuilderImpl
instanceKlass org/gradle/internal/impldep/com/google/common/collect/Hashing
instanceKlass org/gradle/internal/impldep/com/google/common/collect/ImmutableEnumSet$EnumSerializedForm
instanceKlass org/gradle/internal/impldep/com/google/common/collect/ImmutableEnumSet$1
instanceKlass org/gradle/internal/impldep/com/google/common/collect/Sets
instanceKlass org/gradle/internal/impldep/com/google/common/collect/Maps$13
instanceKlass org/gradle/internal/impldep/com/google/common/collect/Maps$11
instanceKlass org/gradle/internal/impldep/com/google/common/collect/Maps$EntryTransformer
instanceKlass org/gradle/internal/impldep/com/google/common/collect/Maps$10
instanceKlass org/gradle/internal/impldep/com/google/common/collect/MapDifference$ValueDifference
instanceKlass org/gradle/internal/impldep/com/google/common/collect/MapDifference
instanceKlass org/gradle/internal/impldep/com/google/common/collect/AbstractMapEntry
instanceKlass org/gradle/internal/impldep/com/google/common/collect/Maps
instanceKlass org/gradle/internal/impldep/com/google/common/collect/ForwardingObject
instanceKlass org/gradle/internal/impldep/com/google/common/collect/MapMakerInternalMap$WeakValueEntry
instanceKlass org/gradle/internal/impldep/com/google/common/collect/MapMakerInternalMap$DummyInternalEntry
instanceKlass org/gradle/internal/impldep/com/google/common/collect/MapMakerInternalMap$1
instanceKlass org/gradle/internal/impldep/com/google/common/collect/MapMakerInternalMap$WeakValueReference
instanceKlass org/gradle/internal/impldep/com/google/common/collect/MapMakerInternalMap$InternalEntryHelper
instanceKlass org/gradle/internal/impldep/com/google/common/collect/MapMakerInternalMap$InternalEntry
instanceKlass org/gradle/internal/impldep/com/google/common/base/Equivalence$Wrapper
instanceKlass org/gradle/internal/impldep/com/google/common/base/Equivalence$EquivalentToPredicate
instanceKlass org/gradle/internal/impldep/com/google/common/base/Equivalence$1
instanceKlass org/gradle/internal/impldep/com/google/common/base/Equivalence
instanceKlass org/gradle/internal/impldep/com/google/common/base/Ascii
instanceKlass org/gradle/internal/impldep/com/google/common/collect/MapMaker
instanceKlass org/gradle/internal/impldep/com/google/common/collect/Platform
instanceKlass org/gradle/internal/impldep/com/google/common/collect/ObjectArrays
instanceKlass org/gradle/internal/impldep/com/google/common/collect/ImmutableList$SerializedForm
instanceKlass org/gradle/internal/impldep/com/google/common/collect/ImmutableCollection$Builder
instanceKlass org/gradle/internal/impldep/com/google/common/collect/ImmutableMap$Builder
instanceKlass org/gradle/internal/impldep/com/google/common/collect/BiMap
instanceKlass org/gradle/internal/impldep/com/google/common/collect/ImmutableEnumMap$EnumSerializedForm
instanceKlass org/gradle/internal/impldep/com/google/common/collect/ImmutableEnumMap$1
instanceKlass org/gradle/internal/impldep/com/google/common/collect/ImmutableMap
instanceKlass org/gradle/internal/impldep/com/google/common/collect/CollectCollectors$EnumMapAccumulator
instanceKlass java/util/function/ToIntFunction
instanceKlass org/gradle/internal/impldep/com/google/common/collect/CollectCollectors
instanceKlass org/gradle/internal/impldep/com/google/common/collect/Lists
instanceKlass org/gradle/internal/impldep/com/google/common/collect/Iterators$PeekingImpl
instanceKlass org/gradle/internal/impldep/com/google/common/collect/PeekingIterator
instanceKlass org/gradle/internal/impldep/com/google/common/collect/Iterators$MergingIterator$1
instanceKlass org/gradle/internal/impldep/com/google/common/collect/Iterators$ConcatenatedIterator
instanceKlass org/gradle/internal/impldep/com/google/common/collect/Iterators$7
instanceKlass org/gradle/internal/impldep/com/google/common/collect/TransformedIterator
instanceKlass org/gradle/internal/impldep/com/google/common/collect/AbstractIterator$1
instanceKlass org/gradle/internal/impldep/com/google/common/collect/Iterators$2
instanceKlass org/gradle/internal/impldep/com/google/common/collect/Iterators$11
instanceKlass org/gradle/internal/impldep/com/google/common/collect/UnmodifiableIterator
instanceKlass org/gradle/internal/impldep/com/google/common/collect/Iterators
instanceKlass org/gradle/internal/impldep/com/google/common/collect/CollectSpliterators$FlatMapSpliterator$Factory
instanceKlass org/gradle/internal/impldep/com/google/common/collect/CollectSpliterators$FlatMapSpliterator
instanceKlass org/gradle/internal/impldep/com/google/common/collect/CollectSpliterators$1WithCharacteristics
instanceKlass org/gradle/internal/impldep/com/google/common/collect/CollectSpliterators$1Splitr
instanceKlass org/gradle/internal/impldep/com/google/common/collect/CollectSpliterators$1
instanceKlass org/gradle/internal/impldep/com/google/common/collect/CollectSpliterators
instanceKlass org/gradle/internal/impldep/com/google/common/collect/CollectPreconditions
instanceKlass org/gradle/internal/impldep/com/google/common/collect/Collections2
instanceKlass org/gradle/internal/impldep/com/google/common/base/Predicates$SubtypeOfPredicate
instanceKlass org/gradle/internal/impldep/com/google/common/base/Predicates$OrPredicate
instanceKlass org/gradle/internal/impldep/com/google/common/base/Predicates$NotPredicate
instanceKlass org/gradle/internal/impldep/com/google/common/base/Predicates$IsEqualToPredicate
instanceKlass org/gradle/internal/impldep/com/google/common/base/Predicates$InstanceOfPredicate
instanceKlass org/gradle/internal/impldep/com/google/common/base/Predicates$InPredicate
instanceKlass org/gradle/internal/impldep/com/google/common/base/ExtraObjectsMethodsForWeb
instanceKlass org/gradle/internal/impldep/com/google/common/base/MoreObjects$ToStringHelper$ValueHolder
instanceKlass org/gradle/internal/impldep/com/google/common/base/MoreObjects$ToStringHelper
instanceKlass org/gradle/internal/impldep/com/google/common/base/MoreObjects$1
instanceKlass org/gradle/internal/impldep/com/google/common/base/MoreObjects
instanceKlass org/gradle/internal/impldep/com/google/common/base/Predicates$ContainsPatternPredicate
instanceKlass org/gradle/internal/impldep/com/google/common/base/Predicates$CompositionPredicate
instanceKlass org/gradle/internal/impldep/com/google/common/base/Predicates$AndPredicate
instanceKlass org/gradle/internal/impldep/com/google/common/base/Predicates$1
instanceKlass org/gradle/internal/impldep/com/google/common/base/Predicates
instanceKlass org/gradle/internal/impldep/com/google/common/collect/Iterables
instanceKlass org/gradle/internal/impldep/com/google/common/base/Joiner$MapJoiner
instanceKlass org/gradle/internal/impldep/com/google/common/base/Joiner
instanceKlass org/gradle/tooling/internal/adapter/ProtocolToModelAdapter$ClassMixInMethodInvoker
instanceKlass org/gradle/internal/time/TimeFormatting
instanceKlass org/gradle/internal/impldep/com/google/common/base/AbstractIterator$1
instanceKlass org/gradle/internal/impldep/com/google/common/base/AbstractIterator
instanceKlass org/gradle/internal/impldep/com/google/common/base/Optional$1
instanceKlass org/gradle/internal/impldep/com/google/common/base/Supplier
instanceKlass org/gradle/internal/impldep/com/google/common/base/CommonMatcher
instanceKlass org/gradle/internal/impldep/com/google/common/base/CommonPattern
instanceKlass org/gradle/internal/impldep/com/google/common/base/Platform$JdkPatternCompiler
instanceKlass org/gradle/internal/impldep/com/google/common/base/Platform$1
instanceKlass org/gradle/internal/impldep/com/google/common/base/PatternCompiler
instanceKlass org/gradle/internal/impldep/com/google/common/base/Converter$1$1
instanceKlass org/gradle/internal/impldep/com/google/common/base/Converter$1
instanceKlass org/gradle/internal/impldep/com/google/common/base/Converter
instanceKlass org/gradle/internal/impldep/com/google/common/base/Enums
instanceKlass org/gradle/internal/impldep/com/google/common/base/CharMatcher
instanceKlass org/gradle/internal/impldep/com/google/common/base/Predicate
instanceKlass org/gradle/internal/impldep/com/google/common/base/Platform
instanceKlass org/gradle/internal/impldep/com/google/common/base/Strings
instanceKlass org/gradle/internal/impldep/com/google/common/base/Java8Usage$SomeTypeAnnotation
instanceKlass org/gradle/tooling/internal/adapter/ProtocolToModelAdapter$2
instanceKlass org/gradle/tooling/model/DomainObjectSet
instanceKlass com/google/common/primitives/IntsMethodsForWeb
instanceKlass org/gradle/tooling/internal/protocol/InternalBuildController
instanceKlass org/gradle/tooling/internal/protocol/InternalBuildControllerVersion2
instanceKlass com/google/common/collect/MapMakerInternalMap$StrongValueEntry
instanceKlass com/google/common/io/ByteArrayDataInput
instanceKlass com/google/common/io/ByteArrayDataOutput
instanceKlass com/google/common/io/ByteStreams
instanceKlass org/objectweb/asm/ClassReader
instanceKlass org/gradle/internal/serialize/ExceptionPlaceholder
instanceKlass org/gradle/internal/serialize/ExceptionReplacingObjectOutputStream$1
instanceKlass java/io/ObjectOutputStream$ReplaceTable
instanceKlass java/io/ObjectOutputStream$HandleTable
instanceKlass org/gradle/internal/io/StreamByteBuffer$StreamByteBufferChunk
instanceKlass org/gradle/internal/io/StreamByteBuffer
instanceKlass org/gradle/tooling/internal/provider/serialization/WellKnownClassLoaderRegistry$1
instanceKlass org/gradle/tooling/internal/provider/serialization/ClientSidePayloadClassLoaderRegistry$1
instanceKlass org/gradle/tooling/BuildController
instanceKlass org/gradle/tooling/internal/consumer/connection/InternalBuildActionAdapter
instanceKlass org/gradle/tooling/internal/consumer/connection/InternalPhasedActionAdapter
instanceKlass org/gradle/tooling/internal/consumer/DefaultPhasedActionResultListener
instanceKlass org/gradle/tooling/internal/consumer/DefaultPhasedBuildActionExecuter$2
instanceKlass org/gradle/tooling/internal/consumer/DefaultPhasedBuildActionExecuter$1
instanceKlass org/gradle/tooling/internal/consumer/DefaultPhasedBuildAction
instanceKlass org/gradle/tooling/internal/consumer/DefaultPhasedBuildAction$DefaultBuildActionWrapper
instanceKlass org/eclipse/buildship/core/internal/util/gradle/CompatProjectConnection$CompatIntermediateResultHander
instanceKlass org/eclipse/buildship/core/internal/CachingIntermediateResultHandler
instanceKlass org/gradle/tooling/internal/consumer/PhasedBuildAction$BuildActionWrapper
instanceKlass org/gradle/tooling/internal/consumer/PhasedBuildAction
instanceKlass org/gradle/tooling/internal/consumer/DefaultBuildActionExecuter$Builder
instanceKlass org/eclipse/buildship/core/internal/util/gradle/CompatProjectConnection$CompatBuilder
instanceKlass org/eclipse/buildship/core/internal/util/gradle/IdeAttachedProjectConnection$IdeAttachedBuilder
instanceKlass org/eclipse/buildship/core/internal/CachingBuilder
instanceKlass org/eclipse/buildship/core/internal/util/gradle/SimpleIntermediateResultHandler
instanceKlass org/eclipse/buildship/core/internal/workspace/BuildActionSequence
instanceKlass org/gradle/tooling/model/eclipse/EclipseRuntime
instanceKlass org/gradle/tooling/model/eclipse/RunClosedProjectBuildDependencies
instanceKlass org/eclipse/buildship/core/internal/workspace/CompositeModelQuery
instanceKlass org/eclipse/buildship/core/internal/util/gradle/IdeFriendlyClassLoading
instanceKlass org/eclipse/buildship/core/internal/workspace/TellGradleToRunSynchronizationTasks
instanceKlass org/eclipse/buildship/core/internal/workspace/DefaultEclipseWorkspace
instanceKlass org/eclipse/buildship/core/internal/workspace/EclipseRuntimeConfigurer
instanceKlass org/eclipse/buildship/core/internal/workspace/DefaultEclipseWorkspaceProject
instanceKlass org/gradle/tooling/model/eclipse/EclipseWorkspaceProject
instanceKlass org/eclipse/buildship/core/internal/util/gradle/GradleVersion
instanceKlass org/gradle/tooling/internal/build/DefaultBuildEnvironment$1
instanceKlass org/gradle/internal/impldep/com/google/common/base/Optional
instanceKlass org/gradle/tooling/internal/adapter/ProtocolToModelAdapter$MethodInvocationCache$MethodInvocationKey
instanceKlass org/gradle/tooling/internal/adapter/MethodInvocation
instanceKlass org/apache/commons/io/file/Counters$LongCounter
instanceKlass org/apache/commons/io/file/Counters$AbstractPathCounters
instanceKlass org/apache/commons/io/file/Counters$Counter
instanceKlass org/apache/commons/io/file/Counters$PathCounters
instanceKlass org/apache/commons/io/file/Counters
instanceKlass org/apache/commons/io/file/DeleteOption
instanceKlass org/apache/commons/io/file/PathUtils
instanceKlass org/apache/commons/io/filefilter/IOFileFilter
instanceKlass org/apache/commons/io/file/PathFilter
instanceKlass org/apache/commons/io/FileUtils
instanceKlass org/gradle/process/internal/DefaultExecHandle$ExecResultImpl
instanceKlass org/gradle/internal/concurrent/CompositeStoppable$2
instanceKlass org/gradle/process/internal/shutdown/ShutdownHooks
instanceKlass org/gradle/process/internal/streams/ExecOutputHandleRunner
instanceKlass java/lang/ProcessImpl$2
instanceKlass java/lang/ProcessHandleImpl
instanceKlass java/lang/ProcessHandle
instanceKlass net/rubygrapefruit/platform/internal/jni/WindowsHandleFunctions
instanceKlass net/rubygrapefruit/platform/internal/FunctionResult
instanceKlass java/lang/ProcessBuilder
instanceKlass org/gradle/internal/concurrent/ManagedExecutorImpl$1
instanceKlass org/gradle/internal/operations/CurrentBuildOperationPreservingRunnable
instanceKlass org/gradle/process/internal/ProcessBuilderFactory
instanceKlass org/gradle/process/internal/DefaultExecHandle$CompositeStreamsHandler
instanceKlass org/gradle/process/internal/ExecHandleRunner
instanceKlass org/gradle/process/internal/ExecHandleListener
instanceKlass org/gradle/process/internal/ExecHandleShutdownHookAction
instanceKlass net/rubygrapefruit/platform/internal/DefaultProcessLauncher
instanceKlass net/rubygrapefruit/platform/internal/WindowsProcessLauncher
instanceKlass net/rubygrapefruit/platform/internal/WrapperProcessLauncher
instanceKlass com/google/common/collect/ImmutableMap
instanceKlass com/google/common/collect/BiMap
instanceKlass com/google/common/base/Converter
instanceKlass com/google/common/collect/Maps$EntryTransformer
instanceKlass com/google/common/collect/SortedMapDifference
instanceKlass com/google/common/collect/MapDifference
instanceKlass com/google/common/collect/Maps
instanceKlass com/google/common/base/Joiner
instanceKlass org/gradle/process/ExecResult
instanceKlass org/gradle/process/internal/DefaultExecHandle
instanceKlass org/gradle/process/internal/ProcessSettings
instanceKlass org/gradle/process/internal/streams/OutputStreamsForwarder
instanceKlass org/apache/commons/lang/StringUtils
instanceKlass com/google/common/io/Files$2
instanceKlass com/google/common/io/ByteSource
instanceKlass com/google/common/io/LineProcessor
instanceKlass com/google/common/io/ByteSink
instanceKlass com/google/common/graph/SuccessorsFunction
instanceKlass com/google/common/io/Files
instanceKlass org/gradle/api/internal/file/AbstractFileResolver$2
instanceKlass org/apache/commons/io/FilenameUtils
instanceKlass org/gradle/internal/typeconversion/NotationConverterToNotationParserAdapter$ResultImpl
instanceKlass kotlin/jvm/functions/Function0
instanceKlass kotlin/Function
instanceKlass org/gradle/util/internal/DeferredUtil
instanceKlass org/gradle/process/internal/ProcessArgumentsSpec
instanceKlass org/gradle/process/internal/streams/SafeStreams
instanceKlass org/gradle/process/internal/ProcessStreamsSpec
instanceKlass org/gradle/process/internal/streams/EmptyStdInStreamsHandler
instanceKlass org/gradle/process/internal/ExecHandle
instanceKlass org/gradle/process/internal/StreamsHandler
instanceKlass org/gradle/process/internal/DefaultProcessForkOptions
instanceKlass org/gradle/process/internal/ProcessArgumentsSpec$HasExecutable
instanceKlass org/objectweb/asm/Attribute
instanceKlass org/objectweb/asm/Handler
instanceKlass org/objectweb/asm/Label
instanceKlass org/objectweb/asm/Frame
instanceKlass org/objectweb/asm/ByteVector
instanceKlass org/objectweb/asm/Symbol
instanceKlass org/objectweb/asm/SymbolTable
instanceKlass org/objectweb/asm/MethodVisitor
instanceKlass org/objectweb/asm/FieldVisitor
instanceKlass org/objectweb/asm/ModuleVisitor
instanceKlass org/objectweb/asm/AnnotationVisitor
instanceKlass org/objectweb/asm/RecordComponentVisitor
instanceKlass org/gradle/internal/ErroringAction
instanceKlass com/google/common/base/Suppliers$MemoizingSupplier
instanceKlass com/google/common/base/Suppliers$NonSerializableMemoizingSupplier
instanceKlass org/gradle/internal/jvm/inspection/MetadataProbe
instanceKlass org/gradle/api/internal/file/temp/TempFiles
instanceKlass org/gradle/cli/CommandLineParser$OptionString
instanceKlass org/gradle/tooling/model/DomainObjectSet
instanceKlass org/eclipse/buildship/core/internal/CacheKey$Builder
instanceKlass org/eclipse/buildship/core/internal/CacheKey
instanceKlass org/gradle/internal/impldep/com/google/common/base/Java8Usage
instanceKlass org/gradle/internal/impldep/com/google/common/base/Preconditions
instanceKlass org/gradle/tooling/internal/consumer/parameters/ConsumerOperationParameters$Builder$1
instanceKlass org/gradle/util/internal/CollectionUtils
instanceKlass org/gradle/tooling/internal/adapter/ProtocolToModelAdapter$AdaptingMethodInvoker
instanceKlass org/gradle/tooling/internal/adapter/ProtocolToModelAdapter$PropertyCachingMethodInvoker
instanceKlass org/gradle/tooling/internal/adapter/ProtocolToModelAdapter$SafeMethodInvoker
instanceKlass org/gradle/tooling/internal/adapter/ProtocolToModelAdapter$SupportedPropertyInvoker
instanceKlass org/gradle/tooling/internal/adapter/ProtocolToModelAdapter$ChainedMethodInvoker
instanceKlass org/gradle/tooling/internal/adapter/ProtocolToModelAdapter$BeanMixInMethodInvoker
instanceKlass org/gradle/tooling/internal/adapter/ProtocolToModelAdapter$InvocationHandlerImpl
instanceKlass org/gradle/tooling/internal/adapter/ProtocolToModelAdapter$ViewKey
instanceKlass org/gradle/tooling/model/build/GradleEnvironment
instanceKlass org/gradle/tooling/model/build/JavaEnvironment
instanceKlass org/gradle/tooling/model/cpp/CppBinary
instanceKlass org/gradle/tooling/model/cpp/CppComponent
instanceKlass org/gradle/tooling/internal/adapter/ProtocolToModelAdapter$ViewGraphDetails
instanceKlass org/gradle/tooling/internal/adapter/ProtocolToModelAdapter$MixInMappingAction
instanceKlass org/gradle/tooling/internal/consumer/converters/EclipseExternalDependencyUnresolvedMixin
instanceKlass org/gradle/tooling/model/eclipse/EclipseExternalDependency
instanceKlass org/gradle/tooling/internal/consumer/converters/EclipseProjectHasAutoBuildMixin
instanceKlass org/gradle/tooling/internal/consumer/converters/IncludedBuildsMixin
instanceKlass org/gradle/tooling/internal/consumer/converters/IdeaModuleDependencyTargetNameMixin
instanceKlass org/gradle/tooling/internal/consumer/converters/IdeaProjectJavaLanguageSettingsMixin
instanceKlass org/gradle/tooling/internal/consumer/converters/FixedBuildIdentifierProvider
instanceKlass org/gradle/tooling/internal/consumer/converters/BasicGradleProjectIdentifierMixin
instanceKlass org/gradle/tooling/model/gradle/BasicGradleProject
instanceKlass org/gradle/tooling/internal/adapter/ProtocolToModelAdapter$TypeSpecificMappingAction
instanceKlass org/gradle/tooling/internal/consumer/converters/GradleProjectIdentifierMixin
instanceKlass org/gradle/tooling/internal/gradle/DefaultBuildIdentifier
instanceKlass org/gradle/tooling/model/BuildIdentifier
instanceKlass org/gradle/tooling/internal/gradle/DefaultProjectIdentifier
instanceKlass org/gradle/tooling/model/ProjectIdentifier
instanceKlass org/gradle/tooling/internal/adapter/ProtocolToModelAdapter$DefaultViewBuilder
instanceKlass org/gradle/tooling/internal/provider/connection/ProviderBuildResult
instanceKlass org/gradle/tooling/internal/gradle/DefaultBuildIdentifier
instanceKlass org/gradle/tooling/model/BuildIdentifier
instanceKlass org/gradle/tooling/model/build/GradleEnvironment
instanceKlass org/gradle/tooling/model/build/JavaEnvironment
instanceKlass org/gradle/tooling/internal/build/DefaultBuildEnvironment
instanceKlass org/gradle/tooling/internal/gradle/GradleBuildIdentity
instanceKlass org/gradle/tooling/internal/protocol/InternalBuildEnvironment
instanceKlass org/gradle/tooling/model/build/BuildEnvironment
instanceKlass org/gradle/tooling/model/BuildModel
instanceKlass org/gradle/tooling/model/Model
instanceKlass org/gradle/tooling/internal/provider/ProviderConnection$Parameters
instanceKlass org/gradle/internal/jvm/JpmsConfiguration
instanceKlass org/gradle/util/internal/ArgumentsSplitter
instanceKlass org/gradle/internal/buildoption/Origin
instanceKlass org/gradle/launcher/cli/converter/LayoutToPropertiesConverter$Result
instanceKlass org/gradle/util/internal/CollectionUtils
instanceKlass org/gradle/launcher/cli/converter/LayoutToPropertiesConverter$1
instanceKlass org/gradle/initialization/SettingsLocation
instanceKlass org/gradle/launcher/configuration/AllProperties
instanceKlass org/gradle/launcher/cli/converter/LayoutToPropertiesConverter
instanceKlass org/gradle/internal/buildoption/BuildOptionSet$2
instanceKlass org/gradle/launcher/cli/converter/InitialPropertiesConverter$1
instanceKlass org/gradle/cli/CommandLineParser$OptionParserState
instanceKlass org/gradle/cli/ParsedCommandLineOption
instanceKlass org/gradle/cli/ParsedCommandLine
instanceKlass org/gradle/cli/CommandLineOption
instanceKlass org/gradle/launcher/configuration/InitialProperties
instanceKlass org/gradle/launcher/cli/converter/InitialPropertiesConverter
instanceKlass org/gradle/cli/CommandLineParser$ParserState
instanceKlass org/gradle/cli/CommandLineParser
instanceKlass org/gradle/tooling/internal/provider/InternalCancellationTokenAdapter
instanceKlass org/gradle/internal/featurelifecycle/LoggingIncubatingFeatureHandler
instanceKlass org/gradle/util/internal/IncubationLogger
instanceKlass org/gradle/internal/featurelifecycle/FeatureUsage
instanceKlass org/gradle/internal/featurelifecycle/UsageLocationReporter
instanceKlass org/gradle/internal/featurelifecycle/LoggingDeprecatedFeatureHandler
instanceKlass org/gradle/internal/featurelifecycle/FeatureHandler
instanceKlass org/gradle/internal/deprecation/DeprecationMessageBuilder
instanceKlass org/gradle/internal/deprecation/DeprecationLogger
instanceKlass org/gradle/tooling/internal/adapter/ProtocolToModelAdapter$ChainedMethodInvoker
instanceKlass org/gradle/tooling/internal/adapter/ProtocolToModelAdapter$ClassMixInMethodInvoker
instanceKlass org/gradle/tooling/internal/protocol/InternalLaunchable
instanceKlass org/gradle/tooling/internal/gradle/GradleProjectIdentity
instanceKlass org/gradle/tooling/internal/gradle/GradleBuildIdentity
instanceKlass org/gradle/tooling/internal/adapter/ProtocolToModelAdapter$MixInMappingAction
instanceKlass org/gradle/tooling/internal/adapter/ProtocolToModelAdapter$TypeSpecificMappingAction
instanceKlass org/gradle/tooling/internal/provider/connection/BuildLogLevelMixIn
instanceKlass org/gradle/tooling/internal/adapter/ProtocolToModelAdapter$DefaultViewBuilder
instanceKlass org/gradle/tooling/internal/provider/connection/ProviderOperationParameters
instanceKlass org/slf4j/helpers/FormattingTuple
instanceKlass org/slf4j/helpers/MessageFormatter
instanceKlass org/gradle/tooling/internal/consumer/parameters/BuildCancellationTokenAdapter
instanceKlass org/gradle/tooling/internal/consumer/versioning/ModelMapping$DefaultModelIdentifier
instanceKlass org/gradle/tooling/internal/consumer/connection/ParameterValidatingConsumerConnection
instanceKlass org/gradle/internal/logging/source/JavaUtilLoggingSystem$SnapshotImpl
instanceKlass org/gradle/internal/logging/config/LoggingSystemAdapter$SnapshotImpl
instanceKlass org/gradle/internal/dispatch/MethodInvocation
instanceKlass org/gradle/internal/logging/sink/OutputEventRenderer$SnapshotImpl
instanceKlass com/google/common/collect/MapMakerInternalMap$WeakKeyStrongValueEntry$Helper
instanceKlass com/google/common/collect/MapMakerInternalMap$InternalEntry
instanceKlass com/google/common/collect/MapMakerInternalMap$1
instanceKlass com/google/common/collect/MapMakerInternalMap$InternalEntryHelper
instanceKlass com/google/common/collect/MapMakerInternalMap$WeakValueReference
instanceKlass com/google/common/collect/MapMaker
instanceKlass org/gradle/tooling/internal/provider/serialization/ClasspathInferer
instanceKlass org/gradle/tooling/internal/provider/serialization/DefaultPayloadClassLoaderRegistry$DetailsToClassLoaderTransformer
instanceKlass org/gradle/tooling/internal/provider/serialization/DefaultPayloadClassLoaderRegistry$ClassLoaderToDetailsTransformer
instanceKlass org/gradle/TaskExecutionRequest
instanceKlass org/gradle/tooling/internal/provider/serialization/ModelClassLoaderFactory
instanceKlass org/gradle/tooling/internal/provider/serialization/ClientSidePayloadClassLoaderFactory
instanceKlass org/gradle/tooling/internal/provider/serialization/DefaultPayloadClassLoaderRegistry
instanceKlass org/gradle/tooling/internal/provider/serialization/ClientSidePayloadClassLoaderRegistry
instanceKlass org/gradle/tooling/internal/provider/serialization/ClassLoaderDetails
instanceKlass org/gradle/tooling/internal/provider/serialization/SerializeMap
instanceKlass org/gradle/tooling/internal/provider/serialization/DeserializeMap
instanceKlass org/gradle/tooling/internal/provider/serialization/WellKnownClassLoaderRegistry
instanceKlass org/gradle/tooling/internal/provider/serialization/PayloadSerializer
instanceKlass org/gradle/internal/event/DefaultListenerManager$ListenerDetails
instanceKlass org/gradle/launcher/daemon/client/StopDispatcher
instanceKlass org/gradle/internal/remote/internal/Connection
instanceKlass org/gradle/internal/dispatch/Receive
instanceKlass org/gradle/launcher/daemon/protocol/DaemonMessageSerializer$OutputMessageSerializer
instanceKlass org/gradle/internal/logging/serializer/LogLevelChangeEventSerializer
instanceKlass org/gradle/internal/logging/serializer/ProgressEventSerializer
instanceKlass org/gradle/internal/logging/serializer/ProgressCompleteEventSerializer
instanceKlass org/gradle/internal/operations/BuildOperationMetadata
instanceKlass org/gradle/internal/logging/serializer/ProgressStartEventSerializer
instanceKlass org/gradle/internal/logging/serializer/SpanSerializer
instanceKlass org/gradle/internal/logging/serializer/StyledTextOutputEventSerializer
instanceKlass org/gradle/internal/logging/serializer/UserInputResumeEventSerializer
instanceKlass org/gradle/internal/logging/serializer/PromptOutputEventSerializer
instanceKlass org/gradle/internal/logging/serializer/UserInputRequestEventSerializer
instanceKlass org/gradle/internal/logging/serializer/LogEventSerializer
instanceKlass org/gradle/launcher/daemon/protocol/DaemonMessageSerializer$CloseInputSerializer
instanceKlass org/gradle/launcher/daemon/protocol/DaemonMessageSerializer$ForwardInputSerializer
instanceKlass org/gradle/launcher/daemon/protocol/DaemonMessageSerializer$BuildEventSerializer
instanceKlass org/gradle/launcher/daemon/protocol/DaemonMessageSerializer$FinishedSerializer
instanceKlass org/gradle/launcher/daemon/protocol/DaemonMessageSerializer$SuccessSerializer
instanceKlass org/gradle/launcher/daemon/protocol/DaemonMessageSerializer$FailureSerializer
instanceKlass org/gradle/launcher/daemon/protocol/DaemonMessageSerializer$BuildStartedSerializer
instanceKlass org/gradle/launcher/daemon/protocol/DaemonMessageSerializer$DaemonUnavailableSerializer
instanceKlass org/gradle/launcher/daemon/protocol/DaemonMessageSerializer$CancelSerializer
instanceKlass org/gradle/launcher/exec/BuildActionParameters
instanceKlass org/gradle/launcher/daemon/protocol/DaemonMessageSerializer$BuildActionParametersSerializer
instanceKlass org/gradle/initialization/BuildClientMetaData
instanceKlass org/gradle/launcher/daemon/protocol/DaemonMessageSerializer$BuildSerializer
instanceKlass org/gradle/launcher/daemon/protocol/Message
instanceKlass org/gradle/launcher/daemon/protocol/DaemonMessageSerializer
instanceKlass org/gradle/internal/event/DefaultListenerManager$EventBroadcast
instanceKlass org/gradle/launcher/daemon/context/DaemonConnectDetails
instanceKlass org/gradle/launcher/daemon/client/DaemonClientConnection$StaleAddressDetector
instanceKlass org/gradle/launcher/daemon/client/DefaultDaemonConnector
instanceKlass org/gradle/internal/serialize/DefaultSerializerRegistry$TypeInfo
instanceKlass org/gradle/tooling/internal/provider/action/BuildActionSerializer$TestExecutionRequestActionSerializer
instanceKlass org/gradle/tooling/internal/provider/action/BuildActionSerializer$ClientProvidedPhasedActionSerializer
instanceKlass org/gradle/tooling/internal/provider/serialization/SerializedPayloadSerializer
instanceKlass org/gradle/tooling/internal/provider/action/BuildActionSerializer$ClientProvidedBuildActionSerializer
instanceKlass org/gradle/tooling/internal/provider/action/BuildActionSerializer$BuildEventSubscriptionsSerializer
instanceKlass org/gradle/tooling/internal/provider/action/BuildActionSerializer$BuildModelActionSerializer
instanceKlass org/gradle/tooling/internal/provider/action/SubscribableBuildAction
instanceKlass org/gradle/tooling/internal/provider/action/BuildActionSerializer$ValueSerializer
instanceKlass org/gradle/internal/serialize/AbstractSerializer
instanceKlass org/gradle/internal/serialize/BaseSerializerFactory
instanceKlass org/gradle/internal/serialize/AbstractCollectionSerializer
instanceKlass org/gradle/tooling/internal/provider/action/BuildActionSerializer$NullableFileSerializer
instanceKlass org/gradle/tooling/internal/provider/action/BuildActionSerializer$StartParameterSerializer
instanceKlass org/gradle/tooling/internal/provider/action/BuildActionSerializer$ExecuteBuildActionSerializer
instanceKlass org/gradle/tooling/internal/provider/action/ExecuteBuildAction
instanceKlass org/gradle/internal/serialize/DefaultSerializerRegistry$HierarchySerializerMatcher
instanceKlass org/gradle/internal/serialize/DefaultSerializerRegistry$StrictSerializerMatcher
instanceKlass org/gradle/internal/serialize/DefaultSerializerRegistry$SerializerClassMatcherStrategy
instanceKlass org/gradle/internal/serialize/DefaultSerializerRegistry$1
instanceKlass org/gradle/internal/serialize/DefaultSerializerRegistry
instanceKlass org/gradle/internal/serialize/SerializerRegistry
instanceKlass org/gradle/tooling/internal/provider/action/BuildActionSerializer
instanceKlass org/gradle/internal/logging/services/ProgressLoggingBridge
instanceKlass org/gradle/internal/logging/progress/ProgressLogger
instanceKlass org/gradle/internal/logging/progress/DefaultProgressLoggerFactory
instanceKlass org/gradle/internal/operations/DefaultBuildOperationIdFactory
instanceKlass org/gradle/internal/serialize/FlushableEncoder
instanceKlass org/gradle/launcher/daemon/client/DefaultDaemonStarter
instanceKlass org/gradle/internal/remote/internal/ConnectCompletion
instanceKlass org/gradle/internal/remote/internal/inet/TcpOutgoingConnector
instanceKlass org/gradle/internal/remote/internal/inet/MultiChoiceAddressSerializer
instanceKlass org/gradle/launcher/daemon/registry/DaemonRegistryContent$Serializer
instanceKlass org/gradle/launcher/daemon/registry/DaemonRegistryContent
instanceKlass org/gradle/cache/LockOptions
instanceKlass org/gradle/cache/internal/AbstractFileAccess
instanceKlass org/gradle/internal/serialize/Decoder
instanceKlass org/gradle/internal/serialize/Encoder
instanceKlass org/gradle/cache/internal/SimpleStateCache
instanceKlass org/gradle/cache/internal/FileIntegrityViolationSuppressingPersistentStateCacheDecorator
instanceKlass org/slf4j/helpers/BasicMarker
instanceKlass org/slf4j/Marker
instanceKlass org/slf4j/helpers/BasicMarkerFactory
instanceKlass org/slf4j/IMarkerFactory
instanceKlass org/slf4j/MarkerFactory
instanceKlass org/gradle/api/logging/Logging
instanceKlass org/gradle/cache/PersistentStateCache$UpdateAction
instanceKlass org/gradle/cache/PersistentStateCache
instanceKlass org/gradle/launcher/daemon/registry/PersistentDaemonRegistry
instanceKlass org/gradle/internal/id/RandomLongIdGenerator
instanceKlass org/gradle/cache/internal/DefaultProcessMetaDataProvider
instanceKlass org/gradle/internal/io/ExponentialBackoff$Signal
instanceKlass org/gradle/cache/FileLock
instanceKlass org/gradle/cache/FileAccess
instanceKlass org/gradle/cache/internal/DefaultFileLockManager
instanceKlass org/gradle/internal/nativeintegration/ReflectiveEnvironment
instanceKlass org/gradle/internal/nativeintegration/processenvironment/AbstractProcessEnvironment
instanceKlass net/rubygrapefruit/platform/internal/DefaultProcess
instanceKlass net/rubygrapefruit/platform/internal/WrapperProcess
instanceKlass org/gradle/util/internal/GFileUtils
instanceKlass org/gradle/internal/concurrent/Synchronizer
instanceKlass org/gradle/cache/internal/CacheSupport
instanceKlass org/gradle/cache/internal/CacheAccessSerializer
instanceKlass org/gradle/cache/Cache
instanceKlass org/gradle/launcher/daemon/registry/DaemonRegistryServices
instanceKlass org/gradle/launcher/daemon/client/NotifyDaemonAboutChangedPathsClient
instanceKlass org/gradle/launcher/daemon/client/DaemonStopClient
instanceKlass org/gradle/launcher/daemon/context/DaemonContext
instanceKlass org/gradle/launcher/daemon/client/ReportDaemonStatusClient
instanceKlass org/gradle/launcher/daemon/registry/DaemonRegistry
instanceKlass org/gradle/launcher/daemon/client/DaemonClient
instanceKlass org/gradle/launcher/daemon/registry/DaemonDir
instanceKlass org/gradle/launcher/daemon/context/DaemonContextBuilder
instanceKlass org/gradle/launcher/daemon/client/DaemonStarter
instanceKlass org/gradle/launcher/daemon/client/DaemonConnector
instanceKlass org/gradle/api/internal/specs/ExplainingSpec
instanceKlass sun/management/Util
instanceKlass java/util/Collections$2
instanceKlass sun/management/RuntimeImpl
instanceKlass java/util/stream/ReduceOps$2ReducingSink
instanceKlass jdk/management/jfr/internal/FlightRecorderMXBeanProvider$SingleMBeanComponent
instanceKlass jdk/management/jfr/FlightRecorderMXBean
instanceKlass java/lang/management/DefaultPlatformMBeanProvider$11
instanceKlass java/lang/management/DefaultPlatformMBeanProvider$10
instanceKlass java/lang/management/DefaultPlatformMBeanProvider$9
instanceKlass sun/management/ManagementFactoryHelper$LoggingMXBeanAccess$1
instanceKlass sun/management/ManagementFactoryHelper$LoggingMXBeanAccess
instanceKlass java/lang/management/DefaultPlatformMBeanProvider$8
instanceKlass java/lang/management/DefaultPlatformMBeanProvider$7
instanceKlass java/lang/management/DefaultPlatformMBeanProvider$6
instanceKlass java/lang/management/DefaultPlatformMBeanProvider$5
instanceKlass java/lang/management/DefaultPlatformMBeanProvider$4
instanceKlass java/lang/management/DefaultPlatformMBeanProvider$3
instanceKlass java/lang/management/DefaultPlatformMBeanProvider$2
instanceKlass java/lang/management/DefaultPlatformMBeanProvider$1
instanceKlass com/sun/management/internal/PlatformMBeanProviderImpl$5
instanceKlass sun/management/VMManagementImpl
instanceKlass sun/management/VMManagement
instanceKlass sun/management/ManagementFactoryHelper
instanceKlass sun/management/NotificationEmitterSupport
instanceKlass javax/management/NotificationEmitter
instanceKlass javax/management/NotificationBroadcaster
instanceKlass com/sun/management/DiagnosticCommandMBean
instanceKlass javax/management/DynamicMBean
instanceKlass com/sun/management/internal/PlatformMBeanProviderImpl$4
instanceKlass com/sun/management/internal/PlatformMBeanProviderImpl$3
instanceKlass com/sun/management/internal/PlatformMBeanProviderImpl$2
instanceKlass com/sun/management/internal/PlatformMBeanProviderImpl$1
instanceKlass sun/management/spi/PlatformMBeanProvider$PlatformComponent
instanceKlass sun/management/spi/PlatformMBeanProvider
instanceKlass java/lang/management/ManagementFactory$PlatformMBeanFinder$1
instanceKlass java/lang/management/ManagementFactory$PlatformMBeanFinder
instanceKlass java/lang/management/RuntimeMXBean
instanceKlass java/lang/management/PlatformManagedObject
instanceKlass java/lang/management/ManagementFactory
instanceKlass org/gradle/process/internal/CurrentProcess
instanceKlass org/gradle/api/internal/provider/ValueSupplier$Present
instanceKlass org/gradle/api/internal/provider/ValueSupplier$Missing
instanceKlass org/gradle/api/internal/provider/ValueSupplier$Value
instanceKlass org/gradle/api/internal/provider/Providers
instanceKlass org/gradle/api/internal/provider/ValueSanitizers$4
instanceKlass org/gradle/api/internal/provider/ValueSanitizers$3
instanceKlass org/gradle/api/internal/provider/ValueSanitizers$2
instanceKlass org/gradle/api/internal/provider/ValueSanitizers$1
instanceKlass org/gradle/api/internal/provider/ValueCollector
instanceKlass org/gradle/api/internal/provider/ValueSanitizer
instanceKlass org/gradle/api/internal/provider/ValueSanitizers
instanceKlass org/gradle/internal/Describables$AbstractDescribable
instanceKlass org/gradle/internal/DisplayName
instanceKlass org/gradle/internal/Describables
instanceKlass org/gradle/api/internal/provider/AbstractProperty$FinalizationState
instanceKlass org/gradle/api/internal/provider/AbstractMinimalProvider
instanceKlass org/gradle/internal/state/Managed
instanceKlass org/gradle/api/internal/provider/PropertyInternal
instanceKlass org/gradle/internal/state/OwnerAware
instanceKlass org/gradle/api/internal/provider/HasConfigurableValueInternal
instanceKlass org/gradle/api/internal/provider/ProviderInternal
instanceKlass org/gradle/api/internal/provider/ValueSupplier
instanceKlass org/gradle/process/internal/DefaultJavaDebugOptions
instanceKlass org/gradle/process/internal/JvmOptions
instanceKlass org/gradle/launcher/cli/converter/BuildLayoutConverter$Result
instanceKlass org/gradle/internal/buildoption/CommandLineOptionConfiguration
instanceKlass org/gradle/internal/buildoption/AbstractBuildOption
instanceKlass org/gradle/internal/buildoption/BuildOption
instanceKlass org/gradle/internal/buildoption/PropertiesConverter
instanceKlass org/gradle/internal/buildoption/BuildOptionSet
instanceKlass org/gradle/cli/AbstractCommandLineConverter
instanceKlass org/gradle/launcher/configuration/BuildLayoutResult
instanceKlass org/gradle/cli/CommandLineConverter
instanceKlass org/gradle/launcher/cli/converter/BuildLayoutConverter
instanceKlass com/google/common/collect/ObjectArrays
instanceKlass org/gradle/launcher/daemon/configuration/DaemonParameters
instanceKlass org/gradle/internal/service/DefaultServiceRegistry$RegistrationWrapper
instanceKlass org/gradle/internal/service/scopes/Scopes$Build
instanceKlass java/lang/FunctionalInterface
instanceKlass kotlin/annotation/Target
instanceKlass kotlin/annotation/Retention
instanceKlass kotlin/Metadata
instanceKlass org/gradle/api/Incubating
instanceKlass org/gradle/internal/service/scopes/Scopes$BuildTree
instanceKlass org/gradle/internal/service/scopes/Scopes$BuildSession
instanceKlass org/gradle/internal/service/scopes/Scopes$UserHome
instanceKlass org/gradle/internal/service/scopes/ServiceScope
instanceKlass org/gradle/internal/service/scopes/EventScope
instanceKlass org/gradle/internal/service/scopes/StatefulListener
instanceKlass org/gradle/internal/service/scopes/Scope$Global
instanceKlass org/gradle/internal/service/scopes/Scope
instanceKlass org/gradle/internal/jvm/inspection/DefaultJvmVersionDetector
instanceKlass org/gradle/internal/serialization/Cached
instanceKlass org/gradle/internal/jvm/inspection/JvmInstallationMetadata$DefaultJvmInstallationMetadata
instanceKlass org/gradle/internal/jvm/inspection/JvmInstallationMetadata
instanceKlass org/gradle/internal/jvm/inspection/DefaultJvmMetadataDetector
instanceKlass org/gradle/internal/jvm/inspection/CachingJvmMetadataDetector
instanceKlass org/gradle/internal/concurrent/ExecutorPolicy$CatchAndRecordFailures
instanceKlass org/gradle/internal/concurrent/ThreadFactoryImpl
instanceKlass org/gradle/initialization/DefaultBuildCancellationToken
instanceKlass org/gradle/api/provider/Property
instanceKlass org/gradle/api/internal/model/InstantiatorBackedObjectFactory
instanceKlass org/gradle/process/internal/ExecHandleBuilder
instanceKlass org/gradle/process/internal/JavaExecAction
instanceKlass org/gradle/process/JavaExecSpec
instanceKlass org/gradle/process/internal/ExecAction
instanceKlass org/gradle/process/ExecSpec
instanceKlass org/gradle/process/BaseExecSpec
instanceKlass org/gradle/process/internal/JavaForkOptionsInternal
instanceKlass org/gradle/process/JavaForkOptions
instanceKlass org/gradle/process/ProcessForkOptions
instanceKlass org/gradle/process/JavaDebugOptions
instanceKlass org/gradle/process/internal/DefaultExecActionFactory
instanceKlass org/gradle/internal/concurrent/ManagedScheduledExecutor
instanceKlass org/gradle/internal/concurrent/ManagedExecutor
instanceKlass org/gradle/internal/concurrent/AsyncStoppable
instanceKlass org/gradle/internal/concurrent/ExecutorPolicy
instanceKlass org/gradle/internal/concurrent/DefaultExecutorFactory
instanceKlass org/gradle/api/internal/tasks/DefaultTaskDependencyFactory
instanceKlass org/gradle/api/internal/file/FileCollectionInternal$1
instanceKlass org/gradle/api/file/FileVisitor
instanceKlass org/gradle/api/tasks/TaskDependency
instanceKlass org/gradle/api/internal/file/FileCollectionStructureVisitor
instanceKlass org/gradle/api/provider/Provider
instanceKlass org/gradle/api/internal/file/FileCollectionInternal$Source
instanceKlass org/gradle/api/internal/file/AbstractFileCollection
instanceKlass org/gradle/api/file/ConfigurableFileCollection
instanceKlass org/gradle/api/provider/HasConfigurableValue
instanceKlass org/gradle/api/file/ConfigurableFileTree
instanceKlass org/gradle/api/file/DirectoryTree
instanceKlass org/gradle/api/internal/file/FileTreeInternal
instanceKlass org/gradle/api/file/FileTree
instanceKlass org/gradle/api/internal/file/collections/MinimalFileTree
instanceKlass org/gradle/api/internal/file/collections/MinimalFileCollection
instanceKlass org/gradle/api/internal/file/FileCollectionInternal
instanceKlass org/gradle/api/internal/tasks/TaskDependencyContainer
instanceKlass org/gradle/api/file/FileCollection
instanceKlass org/gradle/api/internal/file/DefaultFileCollectionFactory
instanceKlass org/gradle/internal/state/ModelObject
instanceKlass org/gradle/api/internal/file/collections/DefaultDirectoryFileTreeFactory
instanceKlass org/gradle/internal/nativeintegration/filesystem/services/FallbackStat
instanceKlass org/gradle/internal/nativeintegration/filesystem/services/EmptyChmod
instanceKlass org/gradle/internal/nativeintegration/filesystem/jdk7/Jdk7Symlink
instanceKlass net/rubygrapefruit/platform/file/PosixFileInfo
instanceKlass org/gradle/internal/nativeintegration/services/NativeServices$BrokenService
instanceKlass org/gradle/internal/nativeintegration/filesystem/services/UnavailablePosixFiles
instanceKlass net/rubygrapefruit/platform/terminal/Terminals
instanceKlass org/gradle/api/internal/file/temp/GradleUserHomeTemporaryFileProvider$1
instanceKlass org/gradle/internal/nativeintegration/services/NativeServices$2
instanceKlass net/rubygrapefruit/platform/file/WindowsFileInfo
instanceKlass net/rubygrapefruit/platform/file/FileInfo
instanceKlass net/rubygrapefruit/platform/internal/DirList
instanceKlass net/rubygrapefruit/platform/internal/AbstractFiles
instanceKlass net/rubygrapefruit/platform/file/WindowsFiles
instanceKlass org/gradle/internal/nativeintegration/filesystem/services/NativePlatformBackedFileMetadataAccessor
instanceKlass org/gradle/api/tasks/util/internal/PatternSets$PatternSetFactory
instanceKlass org/gradle/api/tasks/util/internal/PatternSets
instanceKlass com/google/common/cache/LocalCache$AbstractReferenceEntry
instanceKlass com/google/common/cache/LocalCache$LoadingValueReference
instanceKlass com/google/common/cache/RemovalListener
instanceKlass com/google/common/cache/Weigher
instanceKlass com/google/common/base/Predicate
instanceKlass com/google/common/base/Equivalence
instanceKlass com/google/common/base/MoreObjects
instanceKlass com/google/common/cache/LocalCache$1
instanceKlass com/google/common/cache/ReferenceEntry
instanceKlass com/google/common/cache/LocalCache$ValueReference
instanceKlass com/google/common/cache/CacheLoader
instanceKlass com/google/common/cache/LocalCache$LocalManualCache
instanceKlass com/google/common/cache/CacheBuilder$2
instanceKlass com/google/common/cache/CacheStats
instanceKlass com/google/common/base/Suppliers$SupplierOfInstance
instanceKlass com/google/common/base/Suppliers
instanceKlass com/google/common/cache/CacheBuilder$1
instanceKlass com/google/common/cache/AbstractCache$StatsCounter
instanceKlass com/google/common/cache/LoadingCache
instanceKlass com/google/common/cache/Cache
instanceKlass com/google/common/base/Ticker
instanceKlass com/google/common/base/Supplier
instanceKlass com/google/common/cache/CacheBuilder
instanceKlass org/gradle/cache/internal/HeapProportionalCacheSizer
instanceKlass org/gradle/internal/exceptions/DiagnosticsVisitor
instanceKlass org/gradle/internal/typeconversion/ErrorHandlingNotationParser
instanceKlass org/gradle/internal/typeconversion/NotationConvertResult
instanceKlass org/gradle/internal/typeconversion/NotationConverterToNotationParserAdapter
instanceKlass org/gradle/internal/typeconversion/TypeInfo
instanceKlass org/gradle/internal/typeconversion/NotationParserBuilder
instanceKlass org/gradle/api/internal/file/FileOrUriNotationConverter
instanceKlass org/gradle/api/internal/file/AbstractFileResolver
instanceKlass org/gradle/internal/scripts/ScriptingLanguages$1
instanceKlass org/gradle/scripts/ScriptingLanguage
instanceKlass org/gradle/internal/scripts/ScriptingLanguages
instanceKlass org/gradle/tooling/internal/provider/BuildSessionLifecycleBuildActionExecuter
instanceKlass org/gradle/tooling/internal/provider/StartParamsValidatingActionExecuter
instanceKlass org/gradle/initialization/BuildRequestMetaData
instanceKlass org/gradle/initialization/exception/ExceptionAnalyser
instanceKlass org/gradle/initialization/exception/ExceptionCollector
instanceKlass org/gradle/tooling/internal/provider/SessionFailureReportingActionExecuter
instanceKlass org/gradle/StartParameter
instanceKlass org/gradle/concurrent/ParallelismConfiguration
instanceKlass org/gradle/api/logging/configuration/LoggingConfiguration
instanceKlass org/gradle/tooling/internal/provider/SetupLoggingActionExecuter
instanceKlass org/gradle/internal/execution/timeout/TimeoutHandler
instanceKlass org/gradle/cache/GlobalCacheLocations
instanceKlass org/gradle/initialization/ClassLoaderScopeRegistry
instanceKlass org/gradle/process/internal/worker/WorkerProcessFactory
instanceKlass org/gradle/cache/internal/FileContentCacheFactory
instanceKlass org/gradle/cache/scopes/ScopedCache
instanceKlass org/gradle/cache/CacheRepository
instanceKlass org/gradle/cache/internal/CacheScopeMapping
instanceKlass org/gradle/internal/file/FileAccessTimeJournal
instanceKlass org/gradle/internal/classloader/HashingClassLoaderFactory
instanceKlass org/gradle/internal/hash/ClassLoaderHierarchyHasher
instanceKlass org/gradle/groovy/scripts/internal/ScriptSourceHasher
instanceKlass org/gradle/api/internal/initialization/loadercache/ClassLoaderCache
instanceKlass org/gradle/internal/isolation/IsolatableFactory
instanceKlass org/gradle/internal/service/scopes/WorkerSharedUserHomeScopeServices
instanceKlass org/gradle/internal/service/scopes/DefaultGradleUserHomeScopeServiceRegistry
instanceKlass org/gradle/internal/logging/text/AbstractStyledTextOutputFactory
instanceKlass org/gradle/internal/logging/services/DefaultLoggingManager$StartableLoggingSystem
instanceKlass org/gradle/internal/logging/services/DefaultLoggingManager$StartableLoggingRouter
instanceKlass org/gradle/internal/logging/services/DefaultLoggingManager
instanceKlass org/gradle/internal/logging/source/JavaUtilLoggingSystem
instanceKlass org/gradle/internal/logging/slf4j/Slf4jLoggingConfigurer
instanceKlass org/gradle/internal/logging/config/LoggingSystemAdapter
instanceKlass org/gradle/internal/logging/source/StdErrLoggingSystem
instanceKlass org/gradle/internal/logging/source/PrintStreamLoggingSystem$SnapshotImpl
instanceKlass org/gradle/internal/logging/source/PrintStreamLoggingSystem$OutputEventDestination
instanceKlass org/gradle/internal/logging/source/PrintStreamLoggingSystem$1
instanceKlass org/gradle/internal/logging/events/operations/StyledTextBuildOperationProgressDetails
instanceKlass org/gradle/internal/operations/logging/StyledTextBuildOperationProgressDetails
instanceKlass org/gradle/internal/io/TextStream
instanceKlass org/gradle/internal/logging/source/PrintStreamLoggingSystem
instanceKlass org/gradle/internal/logging/source/StdOutLoggingSystem
instanceKlass org/gradle/internal/invocation/BuildAction
instanceKlass org/gradle/launcher/daemon/client/DaemonGreeter
instanceKlass org/gradle/internal/serialize/Serializer
instanceKlass org/gradle/launcher/daemon/client/JvmVersionValidator
instanceKlass org/gradle/launcher/daemon/client/DaemonClientGlobalServices
instanceKlass org/gradle/internal/id/UUIDGenerator
instanceKlass org/gradle/internal/remote/MessagingClient
instanceKlass org/gradle/internal/remote/internal/IncomingConnector
instanceKlass org/gradle/internal/remote/internal/OutgoingConnector
instanceKlass org/gradle/internal/remote/MessagingServer
instanceKlass org/gradle/internal/id/IdGenerator
instanceKlass org/gradle/internal/remote/services/MessagingServices
instanceKlass org/gradle/api/internal/file/DefaultFileLookup
instanceKlass org/gradle/internal/scripts/DefaultScriptFileResolver
instanceKlass org/gradle/internal/scripts/ScriptFileResolver
instanceKlass org/gradle/tooling/internal/provider/runner/OperationDependencyLookup
instanceKlass org/gradle/tooling/internal/provider/runner/ToolingApiBuildEventListenerFactory
instanceKlass org/gradle/configurationcache/serialization/beans/BeanConstructors
instanceKlass org/gradle/nativeplatform/NativeBinarySpec
instanceKlass org/gradle/platform/base/BinarySpec
instanceKlass org/gradle/platform/base/Binary
instanceKlass org/gradle/api/CheckableComponentSpec
instanceKlass org/gradle/api/BuildableComponentSpec
instanceKlass org/gradle/platform/base/ComponentSpec
instanceKlass org/gradle/model/ModelElement
instanceKlass org/gradle/api/Buildable
instanceKlass org/gradle/internal/resource/transport/sftp/SftpClientFactory
instanceKlass org/gradle/internal/resource/transport/sftp/SftpResourcesPluginServiceRegistry$GlobalScopeServices
instanceKlass org/gradle/internal/resource/transport/aws/s3/S3ResourcesPluginServiceRegistry$GlobalScopeServices
instanceKlass org/gradle/internal/resource/transport/gcp/gcs/GcsResourcesPluginServiceRegistry$GlobalScopeServices
instanceKlass org/gradle/nativeplatform/TargetMachineBuilder
instanceKlass org/gradle/nativeplatform/TargetMachine
instanceKlass org/gradle/nativeplatform/internal/DefaultTargetMachineFactory
instanceKlass org/gradle/nativeplatform/TargetMachineFactory
instanceKlass org/gradle/nativeplatform/internal/NativePlatformResolver
instanceKlass org/gradle/platform/base/internal/PlatformResolver
instanceKlass org/gradle/nativeplatform/platform/internal/NativePlatformInternal
instanceKlass org/gradle/nativeplatform/platform/NativePlatform
instanceKlass org/gradle/platform/base/Platform
instanceKlass org/gradle/nativeplatform/platform/internal/OperatingSystemInternal
instanceKlass org/gradle/nativeplatform/platform/OperatingSystem
instanceKlass org/gradle/api/Named
instanceKlass org/gradle/nativeplatform/platform/internal/NativePlatforms
instanceKlass org/gradle/internal/logging/text/DiagnosticsVisitor
instanceKlass org/gradle/buildinit/plugins/internal/action/InitBuiltInCommand
instanceKlass org/gradle/api/component/SoftwareComponentFactory
instanceKlass org/gradle/api/plugins/internal/PluginAuthorServices$GlobalScopeServices
instanceKlass org/gradle/internal/build/event/BuildEventSubscriptions
instanceKlass org/gradle/internal/build/event/OperationResultPostProcessorFactory
instanceKlass org/gradle/language/java/internal/JavaLanguagePluginServiceRegistry$JavaGlobalScopeServices
instanceKlass org/gradle/platform/base/internal/registry/ComponentModelBaseServiceRegistry$GlobalScopeServices
instanceKlass org/gradle/reporting/ReportRenderer
instanceKlass org/gradle/api/reporting/components/internal/DiagnosticsServices$1
instanceKlass org/gradle/api/plugins/internal/HelpBuiltInCommand
instanceKlass org/gradle/configuration/project/BuiltInCommand
instanceKlass org/gradle/api/internal/artifacts/configurations/MarkConfigurationObservedListener
instanceKlass org/gradle/api/internal/artifacts/configurations/ProjectDependencyObservedListener
instanceKlass org/gradle/internal/resource/ExternalResourceName
instanceKlass org/gradle/api/Describable
instanceKlass org/gradle/api/artifacts/component/ComponentSelector
instanceKlass org/gradle/api/internal/artifacts/transform/ArtifactTransformActionScheme
instanceKlass org/gradle/api/internal/tasks/properties/annotations/AbstractInputFilePropertyAnnotationHandler
instanceKlass org/gradle/api/internal/artifacts/transform/ArtifactTransformParameterScheme
instanceKlass org/gradle/api/internal/attributes/EmptySchema
instanceKlass org/gradle/api/internal/attributes/AttributesSchemaInternal
instanceKlass org/gradle/api/internal/attributes/DescribableAttributesSchema
instanceKlass org/gradle/api/attributes/AttributesSchema
instanceKlass org/gradle/api/internal/artifacts/ivyservice/moduleconverter/dependencies/AbstractIvyDependencyDescriptorFactory
instanceKlass org/gradle/api/internal/artifacts/ivyservice/moduleconverter/dependencies/IvyDependencyDescriptorFactory
instanceKlass org/gradle/api/internal/artifacts/dsl/dependencies/PlatformSupport
instanceKlass org/gradle/cache/internal/ProducerGuard
instanceKlass org/gradle/internal/typeconversion/NotationParser
instanceKlass org/gradle/api/internal/artifacts/ivyservice/moduleconverter/LocalComponentMetadataBuilder
instanceKlass org/gradle/api/internal/artifacts/ivyservice/moduleconverter/dependencies/LocalConfigurationMetadataBuilder
instanceKlass org/gradle/api/internal/artifacts/ivyservice/moduleconverter/dependencies/DependencyDescriptorFactory
instanceKlass org/gradle/internal/resource/local/FileResourceRepository
instanceKlass org/gradle/internal/resource/ExternalResourceRepository
instanceKlass org/gradle/api/internal/artifacts/ImmutableModuleIdentifierFactory
instanceKlass org/gradle/api/internal/artifacts/ivyservice/IvyContextManager
instanceKlass org/gradle/internal/typeconversion/NotationConverter
instanceKlass org/gradle/api/internal/artifacts/ivyservice/moduleconverter/dependencies/ExcludeRuleConverter
instanceKlass org/gradle/api/internal/artifacts/DependencyManagementGlobalScopeServices
instanceKlass org/gradle/internal/resource/transport/http/HttpClientHelper$Factory
instanceKlass org/gradle/internal/resource/connector/ResourceConnectorFactory
instanceKlass org/gradle/internal/resource/transport/http/SslContextFactory
instanceKlass org/gradle/internal/resource/transport/http/HttpResourcesPluginServiceRegistry$GlobalScopeServices
instanceKlass org/gradle/kotlin/dsl/support/ImplicitImports
instanceKlass org/gradle/kotlin/dsl/support/GlobalServices
instanceKlass org/gradle/api/internal/changedetection/state/FileHasherStatistics$Collector
instanceKlass org/gradle/internal/snapshot/impl/DirectorySnapshotterStatistics$Collector
instanceKlass org/gradle/internal/service/scopes/VirtualFileSystemServices$GlobalScopeServices
instanceKlass org/gradle/api/internal/tasks/properties/PropertyWalker
instanceKlass org/gradle/api/internal/tasks/properties/TaskScheme
instanceKlass org/gradle/api/internal/tasks/properties/TypeScheme
instanceKlass org/gradle/internal/service/scopes/ExecutionGlobalServices$AnnotationHandlerRegistration
instanceKlass org/gradle/internal/service/scopes/ExecutionGlobalServices$AnnotationHandlerRegistar
instanceKlass org/gradle/api/internal/tasks/properties/InspectionSchemeFactory
instanceKlass org/gradle/api/model/ReplacedBy
instanceKlass org/gradle/api/tasks/Internal
instanceKlass org/gradle/api/tasks/OutputFiles
instanceKlass org/gradle/api/tasks/OutputFile
instanceKlass org/gradle/api/tasks/OutputDirectory
instanceKlass org/gradle/api/tasks/OutputDirectories
instanceKlass org/gradle/api/tasks/options/OptionValues
instanceKlass org/gradle/api/tasks/Nested
instanceKlass org/gradle/api/tasks/LocalState
instanceKlass org/gradle/api/tasks/InputFiles
instanceKlass org/gradle/api/tasks/InputFile
instanceKlass org/gradle/api/tasks/InputDirectory
instanceKlass org/gradle/api/artifacts/transform/InputArtifactDependencies
instanceKlass org/gradle/api/artifacts/transform/InputArtifact
instanceKlass org/gradle/api/tasks/Input
instanceKlass org/gradle/api/tasks/Destroys
instanceKlass org/gradle/api/tasks/Console
instanceKlass org/gradle/internal/reflect/annotations/TypeAnnotationMetadataStore
instanceKlass org/gradle/internal/execution/WorkInputListeners
instanceKlass org/gradle/internal/execution/TaskExecutionTracker
instanceKlass org/gradle/api/internal/project/taskfactory/TaskClassInfoStore
instanceKlass org/gradle/api/internal/tasks/properties/annotations/TypeAnnotationHandler
instanceKlass org/gradle/internal/service/scopes/ExecutionGlobalServices
instanceKlass org/gradle/internal/operations/BuildOperationAncestryTracker
instanceKlass org/gradle/internal/build/event/BuildEventServices$1
instanceKlass org/gradle/internal/build/event/BuildEventListenerFactory
instanceKlass org/gradle/initialization/BuildEventConsumer
instanceKlass org/gradle/internal/operations/BuildOperationListener
instanceKlass org/gradle/internal/build/event/DefaultBuildEventsListenerRegistry
instanceKlass org/gradle/internal/build/event/BuildEventListenerRegistryInternal
instanceKlass org/gradle/build/event/BuildEventsListenerRegistry
instanceKlass org/gradle/tooling/internal/provider/serialization/ClassLoaderCache
instanceKlass org/gradle/tooling/internal/provider/ExecuteBuildActionRunner
instanceKlass org/gradle/internal/buildtree/BuildActionRunner
instanceKlass org/gradle/internal/buildevents/BuildLoggerFactory
instanceKlass org/gradle/tooling/internal/provider/LauncherServices$ToolingGlobalScopeServices
instanceKlass org/gradle/internal/service/DefaultServiceLocator$ServiceFactory
instanceKlass org/gradle/internal/service/scopes/AbstractPluginServiceRegistry
instanceKlass org/gradle/internal/service/scopes/PluginServiceRegistry
instanceKlass org/eclipse/buildship/core/internal/workspace/SynchronizingBuildScriptUpdateListener$1
instanceKlass org/eclipse/buildship/core/internal/workspace/ProjectChangeListener$1
instanceKlass org/eclipse/debug/internal/core/IInternalDebugCoreConstants
instanceKlass org/eclipse/debug/internal/core/Preferences
instanceKlass org/eclipse/debug/core/commands/IDebugCommandRequest
instanceKlass org/eclipse/debug/core/IRequest
instanceKlass org/eclipse/debug/internal/core/StepFilterManager
instanceKlass org/eclipse/debug/core/ILaunchListener
instanceKlass org/eclipse/core/internal/preferences/PreferencesService$5
instanceKlass org/eclipse/debug/internal/core/LaunchManager$LaunchManagerVisitor
instanceKlass org/gradle/api/internal/classpath/DefaultModuleRegistry$DefaultModule
instanceKlass org/gradle/api/Transformer
instanceKlass org/gradle/util/internal/GUtil
instanceKlass com/google/common/collect/Sets
instanceKlass groovy/lang/MetaClass
instanceKlass groovy/lang/MetaObjectProtocol
instanceKlass groovy/lang/GroovySystem
instanceKlass groovy/lang/MetaClassRegistry
instanceKlass groovy/lang/GroovyObject
instanceKlass org/objectweb/asm/ClassVisitor
instanceKlass org/gradle/internal/util/Trie$Builder
instanceKlass org/gradle/internal/util/Trie
instanceKlass org/gradle/internal/classloader/FilteringClassLoader$TrieSet
instanceKlass org/gradle/internal/classloader/ClassLoaderUtils$Java9PackagesFetcher
instanceKlass org/gradle/internal/classloader/ClassLoaderUtils$AbstractClassLoaderLookuper
instanceKlass org/gradle/internal/classloader/ClassLoaderUtils$ClassLoaderPackagesFetcher
instanceKlass org/gradle/internal/classloader/ClassLoaderUtils$ClassDefiner
instanceKlass org/gradle/internal/classloader/ClassLoaderUtils
instanceKlass org/gradle/initialization/GradleApiSpecAggregator$DefaultSpec
instanceKlass kotlin/jvm/internal/Intrinsics
instanceKlass kotlin/collections/SetsKt__SetsJVMKt
instanceKlass com/google/common/collect/PeekingIterator
instanceKlass com/google/common/collect/UnmodifiableIterator
instanceKlass com/google/common/collect/Iterators
instanceKlass com/google/common/collect/Hashing
instanceKlass org/apache/groovy/json/DefaultFastStringServiceFactory
instanceKlass org/apache/groovy/json/FastStringServiceFactory
instanceKlass org/gradle/internal/reflect/ReflectionCache$CacheEntry
instanceKlass com/google/common/math/IntMath$1
instanceKlass com/google/common/math/MathPreconditions
instanceKlass com/google/common/math/IntMath
instanceKlass com/google/common/collect/ImmutableCollection$Builder
instanceKlass com/google/common/collect/ImmutableSet$SetBuilderImpl
instanceKlass org/gradle/kotlin/dsl/provider/KotlinGradleApiSpecProvider
instanceKlass org/gradle/initialization/GradleApiSpecProvider$SpecAdapter
instanceKlass org/gradle/initialization/GradleApiSpecProvider
instanceKlass org/gradle/internal/service/DefaultServiceLocator
instanceKlass org/gradle/initialization/GradleApiSpecProvider$Spec
instanceKlass org/gradle/initialization/GradleApiSpecAggregator
instanceKlass com/google/common/base/Function
instanceKlass org/gradle/internal/reflect/CachedInvokable
instanceKlass org/gradle/internal/reflect/ReflectionCache
instanceKlass org/gradle/internal/reflect/DirectInstantiator
instanceKlass org/gradle/initialization/DefaultClassLoaderRegistry
instanceKlass org/gradle/internal/installation/GradleRuntimeShadedJarDetector
instanceKlass org/objectweb/asm/Type
instanceKlass org/gradle/initialization/DefaultLegacyTypesSupport
instanceKlass org/gradle/api/internal/DynamicModulesClassPathProvider
instanceKlass org/gradle/api/internal/DefaultClassPathProvider
instanceKlass org/gradle/api/internal/ClassPathProvider
instanceKlass org/gradle/api/internal/DefaultClassPathRegistry
instanceKlass org/gradle/api/internal/classpath/DefaultPluginModuleRegistry
instanceKlass org/gradle/api/internal/classpath/ManifestUtil
instanceKlass org/gradle/internal/classpath/DefaultClassPath$ImmutableUniqueList$Builder
instanceKlass org/gradle/internal/classloader/ClassLoaderSpec
instanceKlass org/gradle/internal/classloader/ClassLoaderHierarchy
instanceKlass org/gradle/internal/classloader/ClassLoaderVisitor
instanceKlass org/gradle/api/internal/classpath/Module
instanceKlass org/gradle/model/internal/manage/schema/extract/ModelSchemaAspectExtractionStrategy
instanceKlass org/gradle/api/internal/tasks/properties/annotations/AbstractOutputPropertyAnnotationHandler
instanceKlass org/gradle/api/internal/tasks/properties/annotations/PropertyAnnotationHandler
instanceKlass org/gradle/internal/instantiation/InjectAnnotationHandler
instanceKlass org/gradle/model/internal/manage/schema/extract/ModelSchemaExtractionStrategy
instanceKlass org/gradle/api/tasks/util/PatternSet
instanceKlass org/gradle/api/tasks/util/PatternFilterable
instanceKlass org/gradle/api/tasks/AntBuilderAware
instanceKlass org/gradle/model/internal/inspect/MethodModelRuleExtractor
instanceKlass org/gradle/api/internal/file/FileLookup
instanceKlass org/gradle/internal/event/DefaultListenerManager
instanceKlass org/gradle/internal/service/AnnotatedServiceLifecycleHandler
instanceKlass org/gradle/api/internal/DocumentationRegistry
instanceKlass org/gradle/cache/internal/locklistener/DefaultFileLockContentionHandler
instanceKlass org/gradle/cache/internal/locklistener/FileLockContentionHandler
instanceKlass org/gradle/internal/remote/internal/inet/InetAddressFactory
instanceKlass org/gradle/api/internal/file/DefaultFilePropertyFactory
instanceKlass org/gradle/api/internal/file/FileResolver
instanceKlass org/gradle/internal/file/PathToFileResolver
instanceKlass org/gradle/internal/file/RelativeFilePathResolver
instanceKlass org/gradle/api/internal/provider/PropertyHost
instanceKlass org/gradle/api/internal/tasks/TaskDependencyFactory
instanceKlass org/gradle/internal/state/ManagedFactoryRegistry
instanceKlass org/gradle/api/internal/file/FileFactory
instanceKlass org/gradle/internal/instantiation/InstanceGenerator
instanceKlass org/gradle/internal/operations/BuildOperationProgressEventEmitter
instanceKlass org/gradle/execution/DefaultWorkValidationWarningRecorder
instanceKlass org/gradle/execution/WorkValidationWarningReporter
instanceKlass org/gradle/internal/execution/steps/ValidateStep$ValidationWarningRecorder
instanceKlass org/gradle/internal/logging/LoggingManagerInternal
instanceKlass org/gradle/internal/logging/StandardOutputCapture
instanceKlass org/gradle/api/logging/LoggingManager
instanceKlass org/gradle/api/internal/cache/StringInterner
instanceKlass com/google/common/collect/Interner
instanceKlass org/gradle/model/internal/manage/schema/extract/ModelSchemaAspectExtractor
instanceKlass org/gradle/api/internal/model/NamedObjectInstantiator
instanceKlass org/gradle/internal/state/ManagedFactory
instanceKlass org/gradle/api/internal/file/FilePropertyFactory
instanceKlass org/gradle/model/internal/inspect/ModelRuleSourceDetector
instanceKlass org/gradle/internal/service/CachingServiceLocator
instanceKlass org/gradle/internal/operations/CurrentBuildOperationRef
instanceKlass org/gradle/model/internal/inspect/ModelRuleExtractor
instanceKlass org/gradle/model/internal/manage/instance/ManagedProxyFactory
instanceKlass org/gradle/api/internal/classpath/DefaultModuleRegistry
instanceKlass org/gradle/cache/GlobalCache
instanceKlass org/gradle/api/internal/classpath/ModuleRegistry
instanceKlass org/gradle/internal/environment/GradleBuildEnvironment
instanceKlass org/gradle/api/specs/Spec
instanceKlass org/gradle/internal/classpath/DefaultClassPath
instanceKlass org/gradle/internal/classpath/ClassPath
instanceKlass org/gradle/process/internal/health/memory/OsMemoryInfo
instanceKlass org/gradle/internal/service/scopes/GradleUserHomeScopeServiceRegistry
instanceKlass org/gradle/api/internal/collections/DomainObjectCollectionFactory
instanceKlass org/gradle/internal/operations/BuildOperationListenerManager
instanceKlass org/gradle/process/internal/health/memory/JvmMemoryInfo
instanceKlass org/gradle/initialization/JdkToolsInitializer
instanceKlass org/gradle/internal/classloader/ClassLoaderFactory
instanceKlass org/gradle/internal/instantiation/InstantiatorFactory
instanceKlass org/gradle/internal/instantiation/PropertyRoleAnnotationHandler
instanceKlass org/gradle/api/tasks/util/internal/PatternSpecFactory
instanceKlass org/gradle/model/internal/manage/schema/extract/ModelSchemaExtractor
instanceKlass org/gradle/model/internal/manage/binding/StructBindingsStore
instanceKlass org/gradle/configuration/ImportsReader
instanceKlass org/gradle/cache/internal/InMemoryCacheDecoratorFactory
instanceKlass org/gradle/api/model/ObjectFactory
instanceKlass org/gradle/internal/reflect/Instantiator
instanceKlass org/gradle/internal/service/ServiceLocator
instanceKlass org/gradle/model/internal/manage/schema/ModelSchemaStore
instanceKlass org/gradle/internal/execution/history/OverlappingOutputDetector
instanceKlass org/gradle/initialization/ClassLoaderRegistry
instanceKlass org/gradle/api/internal/classpath/PluginModuleRegistry
instanceKlass org/gradle/api/internal/ClassPathRegistry
instanceKlass org/gradle/internal/execution/history/changes/ExecutionStateChangeDetector
instanceKlass org/gradle/process/internal/health/memory/MemoryManager
instanceKlass org/gradle/internal/file/Deleter
instanceKlass org/gradle/internal/hash/StreamHasher
instanceKlass org/gradle/cache/internal/CacheFactory
instanceKlass org/gradle/cache/internal/CrossBuildInMemoryCacheFactory
instanceKlass org/gradle/api/internal/provider/PropertyFactory
instanceKlass org/gradle/internal/operations/BuildOperationIdFactory
instanceKlass org/gradle/internal/logging/progress/ProgressLoggerFactory
instanceKlass org/gradle/internal/logging/progress/ProgressListener
instanceKlass org/gradle/initialization/LegacyTypesSupport
instanceKlass org/gradle/internal/concurrent/ExecutorFactory
instanceKlass org/gradle/process/internal/ExecFactory
instanceKlass org/gradle/api/internal/ProcessOperations
instanceKlass org/gradle/process/internal/JavaForkOptionsFactory
instanceKlass org/gradle/process/internal/JavaExecHandleFactory
instanceKlass org/gradle/process/internal/ExecHandleFactory
instanceKlass org/gradle/process/internal/ExecActionFactory
instanceKlass org/gradle/cache/FileLockManager
instanceKlass org/gradle/cache/internal/ProcessMetaDataProvider
instanceKlass org/gradle/internal/jvm/inspection/JvmMetadataDetector
instanceKlass org/gradle/api/internal/file/collections/DirectoryFileTreeFactory
instanceKlass org/gradle/internal/service/scopes/BasicGlobalScopeServices
instanceKlass org/gradle/internal/event/ListenerManager
instanceKlass org/gradle/tooling/internal/provider/ProviderConnection
instanceKlass org/gradle/tooling/internal/provider/ShutdownCoordinator
instanceKlass org/gradle/launcher/daemon/client/DaemonStartListener
instanceKlass org/gradle/api/internal/file/FileCollectionFactory
instanceKlass org/gradle/internal/jvm/inspection/JvmVersionDetector
instanceKlass org/gradle/initialization/layout/BuildLayoutFactory
instanceKlass org/gradle/launcher/daemon/client/DaemonClientFactory
instanceKlass org/gradle/launcher/exec/BuildExecuter
instanceKlass org/gradle/internal/service/DefaultServiceRegistry$CompositeServiceProvider
instanceKlass org/gradle/internal/service/DefaultServiceRegistry$ParentServices
instanceKlass org/gradle/launcher/exec/BuildActionExecuter
instanceKlass org/gradle/tooling/internal/provider/serialization/PayloadClassLoaderRegistry
instanceKlass org/gradle/tooling/internal/provider/serialization/PayloadClassLoaderFactory
instanceKlass org/gradle/tooling/internal/provider/ConnectionScopeServices
instanceKlass org/gradle/internal/service/ServiceRegistryBuilder
instanceKlass org/gradle/internal/logging/sink/OutputEventListenerManager$1
instanceKlass org/gradle/internal/logging/services/TextStreamOutputEventListener
instanceKlass org/gradle/internal/logging/sink/OutputEventListenerManager
instanceKlass org/gradle/internal/logging/services/DefaultLoggingManagerFactory
instanceKlass org/gradle/internal/logging/services/LoggingServiceRegistry$1
instanceKlass org/gradle/internal/logging/config/LoggingConfigurer
instanceKlass org/gradle/internal/logging/config/LoggingSourceSystem
instanceKlass org/gradle/internal/logging/text/StyledTextOutputFactory
instanceKlass org/gradle/internal/nativeintegration/jansi/JansiStorage
instanceKlass org/fusesource/jansi/Ansi
instanceKlass org/gradle/internal/nativeintegration/jansi/JansiLibrary
instanceKlass org/gradle/internal/nativeintegration/jansi/JansiLibraryFactory$1
instanceKlass net/rubygrapefruit/platform/internal/jni/NativeLibraryFunctions
instanceKlass net/rubygrapefruit/platform/internal/LibraryDef
instanceKlass net/rubygrapefruit/platform/internal/NativeLibraryLocator
instanceKlass net/rubygrapefruit/platform/internal/NativeLibraryLoader
instanceKlass net/rubygrapefruit/platform/Process
instanceKlass net/rubygrapefruit/platform/internal/Platform
instanceKlass net/rubygrapefruit/platform/Native
instanceKlass org/gradle/api/internal/file/temp/DefaultTemporaryFileProvider
instanceKlass org/gradle/internal/nativeintegration/services/NativeServices$1
instanceKlass org/gradle/internal/file/StatStatistics
instanceKlass org/gradle/internal/file/StatStatistics$Collector
instanceKlass org/gradle/internal/nativeintegration/filesystem/services/GenericFileSystem
instanceKlass org/gradle/internal/service/InjectUtil
instanceKlass org/gradle/internal/service/DefaultServiceRegistry$1
instanceKlass org/gradle/internal/nativeintegration/filesystem/services/GenericFileSystem$Factory
instanceKlass org/gradle/api/internal/file/temp/TemporaryFileProvider
instanceKlass org/gradle/internal/nativeintegration/filesystem/FileCanonicalizer
instanceKlass org/gradle/internal/nativeintegration/filesystem/FileSystem
instanceKlass org/gradle/internal/file/Stat
instanceKlass org/gradle/internal/file/Chmod
instanceKlass org/gradle/internal/nativeintegration/filesystem/FileModeMutator
instanceKlass org/gradle/internal/nativeintegration/filesystem/FileModeAccessor
instanceKlass org/gradle/internal/nativeintegration/filesystem/Symlink
instanceKlass org/gradle/internal/nativeintegration/filesystem/services/FileSystemServices
instanceKlass org/gradle/internal/nativeintegration/jansi/DefaultJansiRuntimeResolver
instanceKlass org/gradle/internal/nativeintegration/jansi/JansiRuntimeResolver
instanceKlass org/gradle/internal/nativeintegration/jansi/JansiLibraryFactory
instanceKlass org/gradle/internal/nativeintegration/jansi/JansiStorageLocator
instanceKlass org/gradle/internal/nativeintegration/jansi/JansiBootPathConfigurer
instanceKlass org/gradle/internal/service/DefaultServiceRegistry$ClassInspector$ClassDetails
instanceKlass org/gradle/internal/reflect/JavaMethod
instanceKlass org/gradle/internal/service/AbstractServiceMethod
instanceKlass net/rubygrapefruit/platform/memory/Memory
instanceKlass net/rubygrapefruit/platform/file/PosixFiles
instanceKlass net/rubygrapefruit/platform/file/Files
instanceKlass net/rubygrapefruit/platform/SystemInfo
instanceKlass net/rubygrapefruit/platform/file/FileSystems
instanceKlass org/gradle/internal/jvm/Jvm
instanceKlass org/gradle/internal/jvm/JavaInfo
instanceKlass net/rubygrapefruit/platform/WindowsRegistry
instanceKlass org/gradle/internal/os/OperatingSystem
instanceKlass org/gradle/internal/service/RelevantMethodsBuilder
instanceKlass org/gradle/internal/Cast
instanceKlass org/gradle/internal/service/ServiceMethod
instanceKlass org/gradle/internal/service/MethodHandleBasedServiceMethodFactory
instanceKlass org/gradle/internal/service/DefaultServiceMethodFactory
instanceKlass org/gradle/internal/service/ServiceMethodFactory
instanceKlass org/gradle/internal/service/RelevantMethods
instanceKlass org/gradle/internal/service/DefaultServiceRegistry$ClassInspector
instanceKlass org/gradle/internal/service/DefaultServiceRegistry$ThisAsService
instanceKlass org/gradle/internal/concurrent/CompositeStoppable$1
instanceKlass org/gradle/internal/concurrent/CompositeStoppable
instanceKlass org/gradle/internal/service/AnnotatedServiceLifecycleHandler$Registration
instanceKlass org/gradle/internal/service/DefaultServiceRegistry$OwnServices
instanceKlass org/gradle/initialization/GradleUserHomeDirProvider
instanceKlass org/gradle/internal/nativeintegration/NativeCapabilities
instanceKlass net/rubygrapefruit/platform/ProcessLauncher
instanceKlass net/rubygrapefruit/platform/NativeIntegration
instanceKlass org/gradle/internal/nativeintegration/ProcessEnvironment
instanceKlass org/gradle/internal/nativeintegration/filesystem/FileMetadataAccessor
instanceKlass org/gradle/internal/nativeintegration/console/ConsoleDetector
instanceKlass org/gradle/internal/nativeintegration/network/HostnameLookup
instanceKlass org/gradle/internal/service/ServiceRegistration
instanceKlass org/gradle/internal/service/ServiceProvider$Visitor
instanceKlass org/gradle/internal/service/DefaultServiceRegistry$ManagedObjectServiceProvider
instanceKlass org/gradle/internal/service/Service
instanceKlass org/gradle/internal/service/ServiceProvider
instanceKlass org/gradle/internal/concurrent/Stoppable
instanceKlass org/gradle/internal/service/DefaultServiceRegistry
instanceKlass org/gradle/internal/service/ContainsServices
instanceKlass org/gradle/internal/FileUtils$1
instanceKlass org/gradle/internal/FileUtils
instanceKlass org/gradle/internal/installation/GradleInstallation$1
instanceKlass org/gradle/internal/installation/GradleInstallation
instanceKlass org/gradle/internal/classloader/ClasspathUtil
instanceKlass org/gradle/internal/installation/beacon/InstallationBeacon
instanceKlass org/gradle/internal/installation/CurrentGradleInstallationLocator
instanceKlass org/gradle/internal/installation/CurrentGradleInstallation
instanceKlass org/gradle/internal/SystemProperties
instanceKlass org/gradle/initialization/BuildLayoutParameters
instanceKlass com/google/common/base/Java8Usage
instanceKlass com/google/common/base/Preconditions
instanceKlass com/google/common/base/Optional
instanceKlass org/gradle/tooling/internal/adapter/ProtocolToModelAdapter$MethodInvocationCache$MethodInvocationKey
instanceKlass org/gradle/tooling/internal/adapter/MethodInvocation
instanceKlass org/gradle/tooling/internal/adapter/ProtocolToModelAdapter$AdaptingMethodInvoker
instanceKlass org/gradle/tooling/internal/adapter/ProtocolToModelAdapter$PropertyCachingMethodInvoker
instanceKlass org/gradle/tooling/internal/adapter/ProtocolToModelAdapter$SafeMethodInvoker
instanceKlass org/gradle/tooling/internal/adapter/ProtocolToModelAdapter$SupportedPropertyInvoker
instanceKlass org/gradle/tooling/internal/adapter/ProtocolToModelAdapter$InvocationHandlerImpl
instanceKlass org/gradle/tooling/internal/adapter/ProtocolToModelAdapter$ViewKey
instanceKlass org/gradle/tooling/internal/adapter/ProtocolToModelAdapter$ViewGraphDetails
instanceKlass org/gradle/tooling/internal/provider/connection/ProviderConnectionParameters
instanceKlass org/gradle/tooling/internal/adapter/CollectionMapper
instanceKlass org/gradle/tooling/internal/adapter/TypeInspector
instanceKlass org/gradle/internal/time/DefaultTimer
instanceKlass org/gradle/tooling/internal/adapter/ProtocolToModelAdapter$MethodInvocationCache
instanceKlass org/gradle/tooling/internal/adapter/ProtocolToModelAdapter$ReflectionMethodInvoker
instanceKlass org/gradle/tooling/internal/adapter/MethodInvoker
instanceKlass org/gradle/tooling/internal/adapter/ProtocolToModelAdapter$1
instanceKlass org/gradle/tooling/internal/adapter/ProtocolToModelAdapter$NoOpDecoration
instanceKlass org/gradle/tooling/internal/adapter/ViewBuilder
instanceKlass org/gradle/tooling/internal/adapter/TargetTypeProvider
instanceKlass org/gradle/tooling/internal/adapter/ProtocolToModelAdapter$ViewDecoration
instanceKlass org/gradle/tooling/internal/adapter/ProtocolToModelAdapter
instanceKlass org/gradle/tooling/internal/adapter/ObjectGraphAdapter
instanceKlass org/gradle/tooling/internal/protocol/InternalBuildAction
instanceKlass org/gradle/tooling/internal/consumer/connection/CancellableActionRunner
instanceKlass org/gradle/tooling/internal/consumer/connection/PluginClasspathInjectionSupportedCheckModelProducer
instanceKlass org/gradle/internal/Transformers$1
instanceKlass org/gradle/internal/Transformers
instanceKlass org/gradle/tooling/internal/consumer/connection/CancellationExceptionTransformer
instanceKlass org/gradle/tooling/internal/consumer/versioning/VersionDetails
instanceKlass org/gradle/tooling/internal/provider/DefaultConnectionMetaData
instanceKlass org/gradle/tooling/internal/protocol/InternalBuildActionVersion2
instanceKlass org/gradle/tooling/internal/protocol/InternalPhasedAction
instanceKlass org/gradle/tooling/internal/protocol/PhasedActionResultListener
instanceKlass org/gradle/tooling/internal/protocol/test/InternalTestExecutionRequest
instanceKlass org/gradle/tooling/internal/protocol/InternalCancellationToken
instanceKlass org/gradle/tooling/internal/protocol/ShutdownParameters
instanceKlass org/gradle/tooling/internal/consumer/connection/ModelProducer
instanceKlass org/gradle/tooling/internal/consumer/connection/ActionRunner
instanceKlass org/gradle/tooling/model/gradle/ProjectPublications
instanceKlass org/gradle/tooling/model/gradle/GradleBuild
instanceKlass org/gradle/tooling/model/idea/BasicIdeaProject
instanceKlass org/gradle/tooling/model/GradleProject
instanceKlass org/gradle/tooling/model/BuildableElement
instanceKlass org/gradle/tooling/model/idea/IdeaProject
instanceKlass org/gradle/tooling/internal/protocol/ModelIdentifier
instanceKlass org/gradle/tooling/internal/consumer/versioning/ModelMapping
instanceKlass org/gradle/tooling/internal/consumer/converters/BackwardsCompatibleIdeaModuleDependency
instanceKlass org/gradle/tooling/model/idea/IdeaModuleDependency
instanceKlass org/gradle/tooling/model/idea/IdeaSingleEntryLibraryDependency
instanceKlass org/gradle/tooling/model/ExternalDependency
instanceKlass org/gradle/tooling/model/idea/IdeaDependency
instanceKlass org/gradle/tooling/model/Dependency
instanceKlass org/gradle/tooling/internal/consumer/converters/ConsumerTargetTypeProvider
instanceKlass org/gradle/tooling/internal/adapter/CollectionMapper
instanceKlass org/gradle/tooling/internal/adapter/TypeInspector
instanceKlass org/gradle/internal/time/DefaultTimer
instanceKlass org/gradle/tooling/internal/adapter/ProtocolToModelAdapter$MethodInvocationCache
instanceKlass org/gradle/tooling/internal/adapter/ProtocolToModelAdapter$ReflectionMethodInvoker
instanceKlass org/gradle/tooling/internal/adapter/MethodInvoker
instanceKlass org/gradle/tooling/internal/adapter/ProtocolToModelAdapter$1
instanceKlass org/gradle/tooling/internal/adapter/ProtocolToModelAdapter$NoOpDecoration
instanceKlass org/gradle/tooling/internal/adapter/ViewBuilder
instanceKlass org/gradle/tooling/internal/adapter/ProtocolToModelAdapter$ViewDecoration
instanceKlass org/gradle/tooling/internal/adapter/ProtocolToModelAdapter
instanceKlass org/gradle/tooling/internal/adapter/ObjectGraphAdapter
instanceKlass org/gradle/api/Action
instanceKlass org/gradle/internal/IoActions
instanceKlass org/gradle/util/GradleVersion
instanceKlass org/gradle/internal/logging/events/operations/LogEventBuildOperationProgressDetails
instanceKlass org/gradle/internal/operations/logging/LogEventBuildOperationProgressDetails
instanceKlass org/gradle/internal/logging/slf4j/BuildOperationAwareLogger
instanceKlass org/gradle/internal/logging/sink/OutputEventRenderer$2
instanceKlass org/gradle/internal/dispatch/ReflectionDispatch
instanceKlass org/gradle/internal/logging/sink/OutputEventRenderer$1
instanceKlass org/gradle/internal/logging/sink/OutputEventRenderer$LazyListener
instanceKlass org/gradle/internal/logging/events/OutputEventListener$1
instanceKlass org/gradle/internal/dispatch/ProxyDispatchAdapter$DispatchingInvocationHandler
instanceKlass org/gradle/internal/dispatch/ProxyDispatchAdapter
instanceKlass org/gradle/internal/logging/events/operations/ProgressStartBuildOperationProgressDetails
instanceKlass org/gradle/internal/operations/logging/ProgressStartBuildOperationProgressDetails
instanceKlass org/gradle/internal/logging/sink/OutputEventTransformer
instanceKlass org/gradle/internal/exceptions/MultiCauseException
instanceKlass org/gradle/internal/event/AbstractBroadcastDispatch
instanceKlass org/gradle/internal/event/ListenerBroadcast
instanceKlass org/gradle/internal/dispatch/Dispatch
instanceKlass org/gradle/internal/logging/console/ColorMap
instanceKlass org/gradle/internal/nativeintegration/console/ConsoleMetaData
instanceKlass org/gradle/internal/logging/text/StyledTextOutput
instanceKlass org/gradle/api/logging/StandardOutputListener
instanceKlass org/gradle/internal/Factory
instanceKlass org/gradle/internal/logging/format/LogHeaderFormatter
instanceKlass org/gradle/internal/logging/config/LoggingSystem$Snapshot
instanceKlass org/gradle/internal/logging/events/OutputEvent
instanceKlass org/gradle/internal/logging/sink/OutputEventRenderer
instanceKlass org/gradle/internal/logging/config/LoggingRouter
instanceKlass org/gradle/internal/logging/LoggingOutputInternal
instanceKlass org/gradle/api/logging/LoggingOutput
instanceKlass org/gradle/internal/logging/config/LoggingSystem
instanceKlass org/gradle/internal/logging/slf4j/OutputEventListenerBackedLoggerContext$NoOpLogger
instanceKlass org/gradle/api/logging/Logger
instanceKlass org/gradle/internal/time/TimeSource$1
instanceKlass org/gradle/internal/time/TimeSource
instanceKlass org/gradle/internal/time/MonotonicClock
instanceKlass org/gradle/internal/time/CountdownTimer
instanceKlass org/gradle/internal/time/Timer
instanceKlass org/gradle/internal/time/Clock
instanceKlass org/gradle/internal/time/Time
instanceKlass org/gradle/internal/logging/events/OutputEventListener
instanceKlass org/gradle/internal/logging/slf4j/OutputEventListenerBackedLoggerContext
instanceKlass org/slf4j/impl/StaticLoggerBinder
instanceKlass org/slf4j/spi/LoggerFactoryBinder
instanceKlass org/slf4j/helpers/Util
instanceKlass org/slf4j/helpers/NOPLoggerFactory
instanceKlass org/slf4j/Logger
instanceKlass org/slf4j/helpers/SubstituteLoggerFactory
instanceKlass org/slf4j/ILoggerFactory
instanceKlass org/slf4j/event/LoggingEvent
instanceKlass org/slf4j/LoggerFactory
instanceKlass org/gradle/internal/service/ServiceRegistry
instanceKlass org/gradle/internal/service/ServiceLookup
instanceKlass org/gradle/tooling/internal/protocol/ConnectionMetaDataVersion1
instanceKlass org/gradle/tooling/internal/protocol/BuildResult
instanceKlass org/gradle/initialization/BuildCancellationToken
instanceKlass org/gradle/internal/reflect/ReflectionCache$CacheEntry
instanceKlass org/gradle/internal/impldep/com/google/common/base/Function
instanceKlass org/gradle/internal/reflect/CachedInvokable
instanceKlass org/gradle/internal/reflect/ReflectionCache
instanceKlass org/gradle/internal/reflect/DirectInstantiator
instanceKlass org/gradle/internal/reflect/Instantiator
instanceKlass org/gradle/internal/service/DefaultServiceLocator$ServiceFactory
instanceKlass org/gradle/tooling/internal/provider/DefaultConnection
instanceKlass org/gradle/tooling/internal/protocol/InternalStopWhenIdleConnection
instanceKlass org/gradle/tooling/internal/protocol/InternalInvalidatableVirtualFileSystemConnection
instanceKlass org/gradle/tooling/internal/protocol/InternalPhasedActionConnection
instanceKlass org/gradle/tooling/internal/protocol/test/InternalTestExecutionConnection
instanceKlass org/gradle/tooling/internal/protocol/StoppableConnection
instanceKlass org/gradle/tooling/internal/protocol/InternalParameterAcceptingConnection
instanceKlass org/gradle/tooling/internal/protocol/InternalCancellableConnection
instanceKlass org/gradle/tooling/internal/protocol/InternalBuildActionExecutor
instanceKlass org/gradle/tooling/internal/protocol/ModelBuilder
instanceKlass org/gradle/tooling/internal/protocol/ConfigurableConnection
instanceKlass org/gradle/tooling/internal/protocol/BuildActionRunner
instanceKlass org/gradle/tooling/internal/protocol/InternalConnection
instanceKlass java/time/Instant
instanceKlass sun/security/ssl/Alert$AlertConsumer
instanceKlass org/gradle/tooling/internal/protocol/ConnectionVersion4
instanceKlass org/gradle/internal/service/DefaultServiceLocator
instanceKlass org/gradle/internal/util/Trie$Builder
instanceKlass org/gradle/internal/util/Trie
instanceKlass org/gradle/internal/classloader/FilteringClassLoader$TrieSet
instanceKlass jdk/internal/loader/BootLoader$PackageHelper
instanceKlass java/util/stream/Streams$2
instanceKlass java/util/stream/Streams$ConcatSpliterator
instanceKlass org/gradle/internal/classloader/ClassLoaderUtils$AbstractClassLoaderLookuper
instanceKlass org/gradle/internal/classloader/ClassLoaderUtils$ClassLoaderPackagesFetcher
instanceKlass org/gradle/internal/classloader/ClassLoaderUtils$ClassDefiner
instanceKlass org/gradle/internal/classloader/ClassLoaderUtils
instanceKlass org/gradle/internal/classloader/ClassLoaderSpec
instanceKlass org/gradle/tooling/internal/consumer/DistributionFactory$InstalledDistribution$1
instanceKlass java/io/FileFilter
instanceKlass org/gradle/tooling/internal/consumer/DistributionFactory$InstalledDistribution
instanceKlass org/gradle/wrapper/Install$InstallCheck
instanceKlass org/gradle/wrapper/BootstrapMainStarter$1
instanceKlass org/gradle/wrapper/BootstrapMainStarter
instanceKlass org/gradle/wrapper/Install$1
instanceKlass org/gradle/wrapper/PathAssembler$LocalDistribution
instanceKlass org/gradle/wrapper/DownloadProgressListener
instanceKlass org/gradle/wrapper/Download
instanceKlass org/gradle/wrapper/ExclusiveFileAccessManager
instanceKlass org/gradle/wrapper/PathAssembler
instanceKlass org/gradle/tooling/internal/consumer/DistributionInstaller$AsyncDownload
instanceKlass org/gradle/wrapper/Logger
instanceKlass org/gradle/wrapper/Install
instanceKlass org/gradle/wrapper/SystemPropertiesHandler
instanceKlass org/gradle/wrapper/GradleUserHomeLookup
instanceKlass org/gradle/tooling/internal/consumer/DistributionFactory$ZippedDistribution$1
instanceKlass org/gradle/tooling/internal/consumer/DistributionInstaller$NoOpListener
instanceKlass org/gradle/wrapper/IDownload
instanceKlass org/gradle/tooling/internal/consumer/DistributionInstaller
instanceKlass org/gradle/tooling/internal/consumer/parameters/ProgressListenerAdapter$1
instanceKlass org/gradle/internal/dispatch/MethodInvocation
instanceKlass org/gradle/internal/operations/BuildOperationMetadata
instanceKlass org/gradle/util/internal/GUtil
instanceKlass org/gradle/internal/operations/OperationIdentifier
instanceKlass org/gradle/internal/logging/progress/DefaultProgressLoggerFactory$ProgressLoggerImpl
instanceKlass org/gradle/internal/dispatch/ReflectionDispatch
instanceKlass org/gradle/internal/event/DefaultListenerManager$ListenerDetails
instanceKlass org/gradle/tooling/internal/consumer/SynchronizedLogging$ThreadLoggingServices
instanceKlass org/gradle/internal/operations/CurrentBuildOperationRef
instanceKlass org/gradle/internal/logging/events/OutputEvent
instanceKlass org/gradle/internal/logging/events/operations/ProgressStartBuildOperationProgressDetails
instanceKlass org/gradle/internal/operations/logging/ProgressStartBuildOperationProgressDetails
instanceKlass org/gradle/internal/dispatch/ProxyDispatchAdapter$DispatchingInvocationHandler
instanceKlass org/gradle/internal/dispatch/ProxyDispatchAdapter
instanceKlass org/gradle/internal/service/scopes/StatefulListener
instanceKlass org/gradle/internal/event/DefaultListenerManager$EventBroadcast
instanceKlass org/gradle/internal/service/scopes/EventScope
instanceKlass org/gradle/internal/logging/progress/ProgressLogger
instanceKlass org/gradle/internal/logging/progress/DefaultProgressLoggerFactory
instanceKlass org/gradle/internal/service/scopes/Scope$Global
instanceKlass org/gradle/internal/service/scopes/Scope
instanceKlass org/gradle/internal/event/DefaultListenerManager
instanceKlass org/gradle/tooling/internal/consumer/connection/ProgressLoggingConsumerActionExecutor$ProgressListenerAdapter
instanceKlass org/gradle/internal/logging/progress/ProgressListener
instanceKlass org/gradle/internal/concurrent/ManagedExecutorImpl$1
instanceKlass org/gradle/tooling/internal/consumer/async/DefaultAsyncConsumerActionExecutor$1$1
instanceKlass org/gradle/internal/concurrent/ServiceLifecycle$1
instanceKlass org/gradle/internal/Factories$1
instanceKlass org/gradle/internal/Factories
instanceKlass org/gradle/tooling/internal/consumer/async/DefaultAsyncConsumerActionExecutor$1
instanceKlass org/gradle/tooling/internal/consumer/DefaultModelBuilder$ResultHandlerAdapter$1
instanceKlass org/gradle/tooling/internal/consumer/ExceptionTransformer
instanceKlass org/gradle/tooling/internal/consumer/ResultHandlerAdapter
instanceKlass org/gradle/tooling/internal/consumer/DefaultModelBuilder$1
instanceKlass org/gradle/tooling/events/PluginIdentifier
instanceKlass org/gradle/tooling/events/test/TestOperationDescriptor
instanceKlass org/gradle/tooling/events/task/TaskOperationDescriptor
instanceKlass org/gradle/tooling/events/test/TestOperationResult
instanceKlass org/gradle/tooling/events/work/WorkItemOperationResult
instanceKlass org/gradle/tooling/events/task/TaskOperationResult
instanceKlass org/gradle/tooling/Failure
instanceKlass org/gradle/tooling/events/transform/TransformOperationResult
instanceKlass org/gradle/tooling/events/task/TaskStartEvent
instanceKlass org/gradle/tooling/events/task/TaskFinishEvent
instanceKlass org/gradle/tooling/events/test/TestFinishEvent
instanceKlass org/gradle/tooling/events/test/TestStartEvent
instanceKlass org/gradle/tooling/events/task/TaskProgressEvent
instanceKlass org/gradle/tooling/events/download/FileDownloadOperationDescriptor
instanceKlass org/gradle/tooling/events/work/WorkItemFinishEvent
instanceKlass org/gradle/tooling/events/transform/TransformStartEvent
instanceKlass org/gradle/tooling/events/configuration/ProjectConfigurationOperationDescriptor
instanceKlass org/gradle/tooling/events/work/WorkItemStartEvent
instanceKlass org/gradle/tooling/events/work/WorkItemProgressEvent
instanceKlass org/gradle/tooling/events/test/TestOutputEvent
instanceKlass org/gradle/tooling/events/task/java/JavaCompileTaskOperationResult$AnnotationProcessorResult
instanceKlass org/gradle/tooling/events/configuration/ProjectConfigurationFinishEvent
instanceKlass org/gradle/tooling/events/work/WorkItemOperationDescriptor
instanceKlass org/gradle/tooling/events/test/TestOutputDescriptor
instanceKlass org/gradle/tooling/internal/protocol/events/InternalOperationDescriptor
instanceKlass org/gradle/tooling/events/transform/TransformFinishEvent
instanceKlass org/gradle/tooling/events/transform/TransformProgressEvent
instanceKlass org/gradle/tooling/events/test/TestProgressEvent
instanceKlass org/gradle/tooling/events/transform/TransformOperationDescriptor
instanceKlass org/gradle/tooling/events/configuration/ProjectConfigurationOperationResult
instanceKlass org/gradle/tooling/events/configuration/ProjectConfigurationStartEvent
instanceKlass org/gradle/tooling/events/configuration/ProjectConfigurationProgressEvent
instanceKlass org/gradle/tooling/events/download/FileDownloadResult
instanceKlass org/gradle/tooling/events/OperationResult
instanceKlass org/gradle/tooling/events/download/FileDownloadStartEvent
instanceKlass org/gradle/tooling/events/OperationDescriptor
instanceKlass org/gradle/tooling/events/StartEvent
instanceKlass org/gradle/tooling/events/download/FileDownloadFinishEvent
instanceKlass org/gradle/tooling/events/download/FileDownloadProgressEvent
instanceKlass org/gradle/tooling/events/FinishEvent
instanceKlass org/gradle/tooling/events/ProgressEvent
instanceKlass org/gradle/tooling/internal/consumer/parameters/BuildProgressListenerAdapter
instanceKlass org/gradle/tooling/internal/consumer/parameters/FailsafeBuildProgressListenerAdapter
instanceKlass org/gradle/internal/event/AbstractBroadcastDispatch
instanceKlass org/gradle/internal/event/ListenerBroadcast
instanceKlass org/gradle/internal/dispatch/Dispatch
instanceKlass org/gradle/tooling/ProgressEvent
instanceKlass org/gradle/tooling/internal/consumer/parameters/ProgressListenerAdapter
instanceKlass org/gradle/tooling/internal/consumer/BlockingResultHandler
instanceKlass org/gradle/api/specs/Spec
instanceKlass org/gradle/internal/classpath/DefaultClassPath
instanceKlass org/gradle/internal/classpath/ClassPath
instanceKlass org/gradle/tooling/internal/consumer/parameters/ConsumerOperationParameters$Builder
instanceKlass org/gradle/tooling/internal/protocol/ProgressListenerVersion1
instanceKlass org/gradle/tooling/internal/consumer/parameters/ConsumerOperationParameters
instanceKlass org/gradle/tooling/internal/protocol/BuildParameters
instanceKlass org/gradle/tooling/internal/protocol/BuildParametersVersion1
instanceKlass org/gradle/tooling/internal/protocol/BuildOperationParametersVersion1
instanceKlass org/gradle/tooling/internal/protocol/LongRunningOperationParametersVersion1
instanceKlass org/gradle/tooling/internal/consumer/AbstractLongRunningOperation
instanceKlass org/eclipse/buildship/core/internal/util/gradle/CompatProjectConnection$CompatModelBuilder
instanceKlass org/eclipse/buildship/core/internal/CachingModelBuilder
instanceKlass org/gradle/tooling/model/build/BuildEnvironment
instanceKlass org/gradle/tooling/model/BuildModel
instanceKlass org/gradle/tooling/BuildAction
instanceKlass org/gradle/tooling/model/eclipse/EclipseWorkspace
instanceKlass org/gradle/tooling/IntermediateResultHandler
instanceKlass org/eclipse/buildship/core/internal/workspace/EclipseModelUtils
instanceKlass org/eclipse/buildship/core/internal/CachingProjectConnection
instanceKlass org/eclipse/buildship/core/internal/util/progress/CancellationForwardingListener
instanceKlass org/gradle/tooling/events/ProgressListener
instanceKlass com/google/common/base/Predicates
instanceKlass org/eclipse/buildship/core/internal/util/progress/DelegatingProgressListener
instanceKlass org/gradle/tooling/ProgressListener
instanceKlass org/eclipse/buildship/core/internal/gradle/GradleProgressAttributes$GradleProgressAttributesBuilder
instanceKlass org/eclipse/buildship/core/internal/gradle/GradleProgressAttributes
instanceKlass org/gradle/tooling/internal/protocol/ResultHandlerVersion1
instanceKlass org/gradle/api/Transformer
instanceKlass org/gradle/tooling/TestLauncher
instanceKlass org/gradle/tooling/BuildLauncher
instanceKlass org/gradle/tooling/internal/consumer/DefaultProjectConnection
instanceKlass org/gradle/internal/concurrent/ServiceLifecycle
instanceKlass org/gradle/internal/concurrent/ExecutorPolicy$CatchAndRecordFailures
instanceKlass org/gradle/internal/concurrent/ThreadFactoryImpl
instanceKlass org/gradle/tooling/internal/consumer/async/DefaultAsyncConsumerActionExecutor
instanceKlass org/gradle/tooling/internal/consumer/connection/RethrowingErrorsConsumerActionExecutor
instanceKlass org/gradle/tooling/internal/consumer/connection/ProgressLoggingConsumerActionExecutor
instanceKlass org/gradle/tooling/internal/consumer/connection/CancellableConsumerActionExecutor
instanceKlass org/gradle/tooling/internal/consumer/connection/ConsumerAction
instanceKlass org/gradle/tooling/internal/protocol/InternalBuildProgressListener
instanceKlass org/gradle/tooling/internal/consumer/connection/LazyConsumerActionExecutor
instanceKlass org/gradle/tooling/internal/consumer/DistributionFactory$ZippedDistribution
instanceKlass org/gradle/wrapper/WrapperConfiguration
instanceKlass org/gradle/wrapper/WrapperExecutor
instanceKlass org/gradle/internal/FileUtils$1
instanceKlass org/gradle/internal/FileUtils
instanceKlass org/gradle/initialization/SettingsLocation
instanceKlass org/gradle/internal/scripts/ScriptingLanguages$1
instanceKlass org/gradle/scripts/ScriptingLanguage
instanceKlass org/gradle/internal/scripts/ScriptingLanguages
instanceKlass org/gradle/internal/scripts/DefaultScriptFileResolver
instanceKlass org/gradle/internal/scripts/ScriptFileResolver
instanceKlass org/gradle/initialization/layout/BuildLayoutFactory
instanceKlass org/gradle/api/Action
instanceKlass org/gradle/internal/IoActions
instanceKlass org/gradle/util/GradleVersion
instanceKlass org/gradle/tooling/ResultHandler
instanceKlass org/gradle/tooling/BuildActionExecuter
instanceKlass org/gradle/tooling/ModelBuilder
instanceKlass org/gradle/tooling/ConfigurableLauncher
instanceKlass org/eclipse/buildship/core/internal/util/gradle/CompatProjectConnection
instanceKlass org/gradle/tooling/internal/consumer/DefaultConnectionParameters$Builder
instanceKlass org/gradle/tooling/internal/consumer/DefaultConnectionParameters
instanceKlass org/gradle/tooling/internal/consumer/ConnectionParameters
instanceKlass org/gradle/tooling/internal/protocol/ConnectionParameters
instanceKlass org/gradle/tooling/internal/protocol/InternalProtocolInterface
instanceKlass org/gradle/internal/Cast
instanceKlass org/gradle/tooling/internal/consumer/ConnectorServices$ConnectorServiceRegistry$1
instanceKlass org/gradle/tooling/internal/consumer/Distribution
instanceKlass org/gradle/tooling/internal/consumer/async/AsyncConsumerActionExecutor
instanceKlass org/gradle/tooling/internal/consumer/connection/ConsumerActionExecutor
instanceKlass org/gradle/internal/event/ListenerManager
instanceKlass org/gradle/internal/logging/progress/ProgressLoggerFactory
instanceKlass org/gradle/tooling/internal/consumer/SynchronizedLogging
instanceKlass org/gradle/internal/operations/DefaultBuildOperationIdFactory
instanceKlass org/gradle/internal/time/TimeSource$1
instanceKlass org/gradle/internal/time/TimeSource
instanceKlass org/gradle/internal/time/MonotonicClock
instanceKlass org/gradle/internal/time/CountdownTimer
instanceKlass org/gradle/internal/time/Timer
instanceKlass org/gradle/internal/time/Time
instanceKlass org/gradle/internal/concurrent/ManagedScheduledExecutor
instanceKlass org/gradle/internal/concurrent/ManagedExecutor
instanceKlass org/gradle/internal/concurrent/AsyncStoppable
instanceKlass org/gradle/internal/concurrent/ExecutorPolicy
instanceKlass org/gradle/internal/concurrent/DefaultExecutorFactory
instanceKlass org/gradle/internal/service/AnnotatedServiceLifecycleHandler
instanceKlass org/gradle/internal/classloader/ClassLoaderHierarchy
instanceKlass org/gradle/tooling/internal/consumer/connection/HasCompatibilityMapping
instanceKlass org/gradle/tooling/internal/adapter/TargetTypeProvider
instanceKlass org/gradle/tooling/internal/consumer/connection/ConsumerConnection
instanceKlass org/gradle/internal/service/ServiceLocator
instanceKlass org/gradle/tooling/internal/consumer/loader/DefaultToolingImplementationLoader
instanceKlass org/gradle/tooling/internal/consumer/loader/CachingToolingImplementationLoader
instanceKlass org/gradle/tooling/internal/consumer/loader/SynchronizedToolingImplementationLoader
instanceKlass org/gradle/tooling/BuildActionExecuter$Builder
instanceKlass org/gradle/tooling/LongRunningOperation
instanceKlass org/eclipse/buildship/core/internal/util/gradle/IdeAttachedProjectConnection
instanceKlass org/eclipse/buildship/core/internal/configuration/GradleArguments
instanceKlass org/gradle/tooling/ProjectConnection
instanceKlass org/gradle/tooling/model/eclipse/EclipseProject
instanceKlass org/gradle/tooling/model/eclipse/HierarchicalEclipseProject
instanceKlass org/gradle/tooling/model/HasGradleProject
instanceKlass org/gradle/tooling/model/ProjectModel
instanceKlass org/gradle/tooling/model/HierarchicalElement
instanceKlass org/gradle/tooling/model/Element
instanceKlass org/gradle/tooling/model/Model
instanceKlass org/eclipse/jdt/ls/core/internal/JobHelpers$InitializeJobMatcher
instanceKlass org/eclipse/lsp4j/FileOperationPatternOptions
instanceKlass org/eclipse/lsp4j/FileOperationPattern
instanceKlass org/eclipse/lsp4j/FileOperationFilter
instanceKlass org/eclipse/lsp4j/FileOperationOptions
instanceKlass org/eclipse/lsp4j/FileOperationsServerCapabilities
instanceKlass org/eclipse/lsp4j/TextDocumentRegistrationOptions
instanceKlass org/eclipse/lsp4j/DocumentOnTypeFormattingOptions
instanceKlass org/eclipse/lsp4j/ServerInfo
instanceKlass com/google/gson/internal/Streams
instanceKlass java/util/concurrent/ForkJoinTask
instanceKlass java/util/concurrent/CompletableFuture$AsynchronousCompletionTask
instanceKlass java/util/concurrent/ForkJoinPool$WorkQueue
instanceKlass java/util/concurrent/ForkJoinPool$DefaultCommonPoolForkJoinWorkerThreadFactory
instanceKlass java/util/concurrent/ForkJoinPool$1
instanceKlass java/util/concurrent/ForkJoinPool$DefaultForkJoinWorkerThreadFactory
instanceKlass java/util/concurrent/ForkJoinPool$ForkJoinWorkerThreadFactory
instanceKlass java/util/concurrent/CompletableFuture$AltResult
instanceKlass org/eclipse/jdt/ls/core/internal/JobHelpers$LoadingGradleVersionJobMatcher
instanceKlass org/eclipse/jdt/ls/core/internal/JobHelpers$BuildJobMatcher
instanceKlass org/eclipse/jdt/ls/core/internal/JobHelpers$ProjectRegistryRefreshJobMatcher
instanceKlass org/eclipse/jdt/ls/core/internal/JobHelpers$IJobMatcher
instanceKlass org/eclipse/jdt/ls/core/internal/JobHelpers
instanceKlass org/eclipse/jdt/ls/core/internal/ProjectUtils
instanceKlass org/eclipse/lsp4j/util/Preconditions
instanceKlass org/eclipse/jdt/core/dom/IBinding
instanceKlass org/eclipse/lsp4j/SemanticTokensLegend
instanceKlass org/eclipse/jdt/ls/core/internal/handlers/SemanticTokensHandler
instanceKlass org/eclipse/lsp4j/DocumentFilter
instanceKlass org/eclipse/lsp4j/SemanticTokensServerFull
instanceKlass org/eclipse/lsp4j/WorkspaceFoldersOptions
instanceKlass org/eclipse/lsp4j/WorkspaceServerCapabilities
instanceKlass org/eclipse/lsp4j/SaveOptions
instanceKlass org/eclipse/lsp4j/TextDocumentSyncOptions
instanceKlass org/eclipse/jdt/ls/core/internal/handlers/WorkspaceExecuteCommandHandler$DelegateCommandHandlerDescriptor
instanceKlass org/apache/commons/lang3/BooleanUtils
instanceKlass org/eclipse/lsp4j/ServerCapabilities
instanceKlass org/eclipse/buildship/core/internal/workspace/ImportRootProjectOperation$1
instanceKlass org/eclipse/buildship/core/internal/workspace/ImportRootProjectOperation
instanceKlass org/eclipse/buildship/core/internal/marker/GradleErrorMarker
instanceKlass org/eclipse/buildship/core/internal/marker/GradleMarkerManager
instanceKlass org/eclipse/jdt/internal/core/DeltaProcessor$OutputsInfo
instanceKlass org/eclipse/jdt/internal/core/ExternalFolderChange
instanceKlass org/eclipse/jdt/internal/core/ClasspathValidation
instanceKlass java/util/stream/MatchOps$BooleanTerminalSink
instanceKlass java/util/stream/MatchOps$MatchOp
instanceKlass java/util/stream/MatchOps
instanceKlass org/apache/commons/codec/binary/Hex
instanceKlass org/apache/commons/codec/BinaryDecoder
instanceKlass org/apache/commons/codec/Decoder
instanceKlass org/apache/commons/codec/BinaryEncoder
instanceKlass org/apache/commons/codec/Encoder
instanceKlass sun/security/provider/ByteArrayAccess$LE
instanceKlass org/apache/commons/codec/binary/StringUtils
instanceKlass org/apache/commons/codec/digest/DigestUtils
instanceKlass org/eclipse/m2e/core/internal/project/ProjectProcessingTracker
instanceKlass org/eclipse/m2e/core/internal/embedder/ReadonlyMavenExecutionRequest
instanceKlass org/apache/maven/settings/RuntimeInfo
instanceKlass org/apache/maven/execution/DefaultMavenExecutionResult
instanceKlass org/eclipse/aether/repository/RemoteRepository$Builder
instanceKlass org/eclipse/aether/util/repository/DefaultAuthenticationSelector
instanceKlass org/eclipse/aether/util/repository/DefaultProxySelector
instanceKlass org/eclipse/aether/util/repository/DefaultMirrorSelector
instanceKlass org/apache/maven/settings/crypto/DefaultSettingsDecryptionResult
instanceKlass org/apache/maven/settings/crypto/DefaultSettingsDecryptionRequest
instanceKlass jdk/internal/math/FDBigInteger
instanceKlass org/eclipse/aether/internal/impl/Utils
instanceKlass org/eclipse/aether/internal/impl/TrackingFileManager
instanceKlass org/eclipse/aether/internal/impl/SimpleLocalRepositoryManager
instanceKlass org/eclipse/aether/internal/impl/PrioritizedComponent
instanceKlass org/eclipse/sisu/wire/EntrySetAdapter$ValueIterator
instanceKlass org/eclipse/aether/util/ConfigUtils
instanceKlass org/eclipse/aether/internal/impl/PrioritizedComponents
instanceKlass org/apache/maven/RepositoryUtils$MavenArtifactTypeRegistry
instanceKlass org/apache/maven/RepositoryUtils
instanceKlass org/eclipse/aether/util/repository/SimpleResolutionErrorPolicy
instanceKlass org/eclipse/aether/util/repository/SimpleArtifactDescriptorPolicy
instanceKlass org/eclipse/aether/artifact/DefaultArtifactType
instanceKlass org/eclipse/aether/util/artifact/SimpleArtifactTypeRegistry
instanceKlass org/eclipse/aether/util/graph/transformer/JavaDependencyContextRefiner
instanceKlass org/eclipse/aether/util/graph/transformer/ChainedDependencyGraphTransformer
instanceKlass org/eclipse/aether/util/graph/transformer/ConflictResolver
instanceKlass org/eclipse/aether/graph/Exclusion
instanceKlass org/eclipse/aether/util/graph/selector/ExclusionDependencySelector
instanceKlass org/eclipse/aether/util/graph/selector/OptionalDependencySelector
instanceKlass org/eclipse/aether/util/graph/selector/ScopeDependencySelector
instanceKlass org/eclipse/aether/util/graph/selector/AndDependencySelector
instanceKlass org/eclipse/aether/util/graph/manager/ClassicDependencyManager
instanceKlass org/eclipse/aether/util/graph/traverser/FatArtifactTraverser
instanceKlass org/eclipse/aether/DefaultSessionData
instanceKlass org/eclipse/aether/DefaultRepositorySystemSession$NullFileTransformerManager
instanceKlass org/eclipse/aether/DefaultRepositorySystemSession$NullArtifactTypeRegistry
instanceKlass org/eclipse/jdt/internal/compiler/util/HashtableOfObject
instanceKlass org/eclipse/aether/DefaultRepositorySystemSession$NullAuthenticationSelector
instanceKlass org/eclipse/aether/DefaultRepositorySystemSession$NullProxySelector
instanceKlass org/eclipse/aether/DefaultRepositorySystemSession$NullMirrorSelector
instanceKlass org/eclipse/aether/artifact/ArtifactType
instanceKlass com/google/gson/internal/ConstructorConstructor$8
instanceKlass org/apache/maven/repository/internal/MavenRepositorySystemUtils
instanceKlass org/eclipse/jdt/internal/compiler/util/HashtableOfIntValues
instanceKlass com/google/common/io/Closer$SuppressingSuppressor
instanceKlass com/google/common/io/Closer$Suppressor
instanceKlass com/google/common/io/Closer
instanceKlass com/google/common/io/CharSink
instanceKlass com/google/common/io/Files$2
instanceKlass com/google/common/io/LineProcessor
instanceKlass com/google/common/io/ByteSink
instanceKlass org/apache/maven/plugin/CompoundMojoExecutionListener
instanceKlass com/google/common/graph/SuccessorsFunction
instanceKlass com/google/common/io/Files
instanceKlass com/google/common/base/Splitter$3
instanceKlass com/google/common/base/CommonMatcher
instanceKlass com/google/common/io/ByteSource
instanceKlass com/google/common/io/CharSource
instanceKlass org/eclipse/jdt/internal/compiler/util/SimpleSetOfCharArray
instanceKlass com/google/common/io/Closeables
instanceKlass sun/net/www/http/KeepAliveEntry
instanceKlass org/eclipse/jdt/internal/core/index/DiskIndex
instanceKlass org/apache/maven/project/RepositorySessionDecorator
instanceKlass sun/net/www/http/KeepAliveCache$1
instanceKlass org/eclipse/jdt/internal/core/util/SimpleWordSet
instanceKlass org/eclipse/jdt/internal/core/index/MemoryIndex
instanceKlass org/eclipse/jdt/internal/core/search/indexing/ReadWriteMonitor
instanceKlass org/eclipse/jdt/internal/core/index/Index
instanceKlass com/google/inject/internal/BytecodeGen
instanceKlass com/google/inject/internal/DelegatingInvocationHandler
instanceKlass org/eclipse/jdt/internal/core/index/MetaIndex
instanceKlass com/google/common/io/CharStreams
instanceKlass com/google/common/base/Charsets
instanceKlass sun/net/www/http/KeepAliveStreamCleaner$2
instanceKlass sun/net/www/http/KeepAliveStreamCleaner$1
instanceKlass sun/net/www/http/Hurryable
instanceKlass sun/net/www/HeaderParser
instanceKlass org/codehaus/plexus/classworlds/realm/Entry
instanceKlass org/apache/maven/classrealm/DefaultClassRealmRequest
instanceKlass org/eclipse/sisu/wire/EntryListAdapter$ValueIterator
instanceKlass org/apache/maven/properties/internal/SystemProperties
instanceKlass org/apache/maven/shared/utils/StringUtils
instanceKlass org/apache/maven/cli/MavenCli
instanceKlass org/eclipse/m2e/core/internal/embedder/MavenProperties
instanceKlass org/codehaus/plexus/util/Os
instanceKlass org/apache/maven/properties/internal/EnvironmentUtils
instanceKlass org/apache/maven/artifact/repository/layout/ArtifactRepositoryLayout2
instanceKlass sun/net/www/protocol/http/AuthCacheImpl
instanceKlass sun/net/www/protocol/http/AuthCache
instanceKlass sun/net/www/protocol/http/AuthCacheValue
instanceKlass sun/net/DefaultProgressMeteringPolicy
instanceKlass sun/net/ProgressMeteringPolicy
instanceKlass sun/security/ssl/TransportContext$NotifyHandshake$1
instanceKlass sun/net/ProgressMonitor
instanceKlass sun/security/ssl/TransportContext$NotifyHandshake
instanceKlass org/eclipse/sisu/wire/NamedIterableAdapter
instanceKlass com/sun/crypto/provider/GaloisCounterMode$GCTRGHASH
instanceKlass com/sun/crypto/provider/GHASH
instanceKlass com/sun/crypto/provider/GCM
instanceKlass com/sun/crypto/provider/GaloisCounterMode$GCMEngine
instanceKlass javax/crypto/spec/GCMParameterSpec
instanceKlass org/apache/maven/model/merge/ModelMerger$KeyComputer
instanceKlass sun/security/ssl/ChangeCipherSpec$T13ChangeCipherSpecConsumer
instanceKlass sun/security/ssl/ChangeCipherSpec$T10ChangeCipherSpecProducer
instanceKlass sun/security/ssl/ChangeCipherSpec$T10ChangeCipherSpecConsumer
instanceKlass org/apache/maven/model/PatternSet
instanceKlass sun/security/ssl/ChangeCipherSpec
instanceKlass sun/security/internal/spec/TlsPrfParameterSpec
instanceKlass sun/security/ssl/Finished$1
instanceKlass org/apache/maven/model/Contributor
instanceKlass sun/security/ssl/Finished$T13VerifyDataGenerator
instanceKlass sun/security/ssl/Finished$T12VerifyDataGenerator
instanceKlass sun/security/ssl/Finished$T10VerifyDataGenerator
instanceKlass org/apache/maven/model/merge/ModelMerger$Remapping
instanceKlass sun/security/ssl/Finished$S30VerifyDataGenerator
instanceKlass sun/security/ssl/Finished$VerifyDataGenerator
instanceKlass sun/security/internal/spec/TlsKeyMaterialSpec
instanceKlass javax/crypto/spec/IvParameterSpec
instanceKlass sun/security/internal/spec/TlsKeyMaterialParameterSpec
instanceKlass sun/security/ssl/SSLTrafficKeyDerivation$LegacyTrafficKeyDerivation
instanceKlass sun/security/ssl/SSLTrafficKeyDerivation$1
instanceKlass sun/security/ssl/SSLTrafficKeyDerivation$T13TrafficKeyDerivationGenerator
instanceKlass sun/nio/cs/ThreadLocalCoders$Cache
instanceKlass sun/security/ssl/SSLTrafficKeyDerivation$T12TrafficKeyDerivationGenerator
instanceKlass sun/security/ssl/SSLTrafficKeyDerivation$T10TrafficKeyDerivationGenerator
instanceKlass sun/nio/cs/ThreadLocalCoders
instanceKlass sun/security/ssl/SSLTrafficKeyDerivation$S30TrafficKeyDerivationGenerator
instanceKlass com/sun/crypto/provider/TlsMasterSecretGenerator$TlsMasterSecretKey
instanceKlass sun/security/internal/interfaces/TlsMasterSecret
instanceKlass sun/security/internal/spec/TlsMasterSecretParameterSpec
instanceKlass sun/security/ssl/SSLMasterKeyDerivation$LegacyMasterKeyDerivation
instanceKlass sun/security/ssl/SSLMasterKeyDerivation$1
instanceKlass sun/security/ssl/SSLKeyDerivationGenerator
instanceKlass javax/crypto/spec/SecretKeySpec$1
instanceKlass jdk/internal/access/JavaxCryptoSpecAccess
instanceKlass javax/crypto/spec/SecretKeySpec
instanceKlass org/apache/maven/artifact/resolver/DefaultArtifactResolver$DaemonThreadCreator
instanceKlass com/google/common/collect/LinkedHashMultimap$ValueSet$1
instanceKlass javax/crypto/KeyAgreementSpi
instanceKlass com/google/common/collect/AbstractMapBasedMultimap$WrappedCollection$WrappedIterator
instanceKlass com/google/common/collect/SortedSetMultimap
instanceKlass com/google/common/collect/Multimaps
instanceKlass sun/security/ssl/KAKeyDerivation
instanceKlass com/google/inject/internal/CycleDetectingLock$CycleDetectingLockFactory$ReentrantCycleDetectingLock$1
instanceKlass org/eclipse/sisu/inject/Guice4$1
instanceKlass org/apache/maven/settings/building/DefaultSettingsBuildingResult
instanceKlass sun/security/ssl/ECDHKeyExchange$1
instanceKlass org/codehaus/plexus/util/xml/pull/EntityReplacementMap
instanceKlass org/apache/maven/settings/io/xpp3/SettingsXpp3Reader$1
instanceKlass org/apache/maven/settings/io/xpp3/SettingsXpp3Reader$ContentTransformer
instanceKlass org/apache/maven/settings/io/xpp3/SettingsXpp3Reader
instanceKlass org/codehaus/plexus/interpolation/SimpleRecursionInterceptor
instanceKlass org/apache/maven/settings/building/DefaultSettingsBuilder$1
instanceKlass org/codehaus/plexus/interpolation/os/OperatingSystemUtils$DefaultEnvVarSource
instanceKlass org/codehaus/plexus/interpolation/os/OperatingSystemUtils$EnvVarSource
instanceKlass sun/security/ssl/ECDHClientKeyExchange$ECDHEClientKeyExchangeProducer
instanceKlass org/codehaus/plexus/interpolation/os/OperatingSystemUtils
instanceKlass sun/security/ssl/ECDHClientKeyExchange$ECDHEClientKeyExchangeConsumer
instanceKlass sun/security/ssl/ECDHClientKeyExchange$ECDHClientKeyExchangeProducer
instanceKlass sun/security/ssl/ECDHClientKeyExchange$ECDHClientKeyExchangeConsumer
instanceKlass org/codehaus/plexus/interpolation/AbstractValueSource
instanceKlass sun/security/ssl/ECDHClientKeyExchange
instanceKlass org/codehaus/plexus/interpolation/RegexBasedInterpolator
instanceKlass org/codehaus/plexus/util/xml/pull/MXSerializer
instanceKlass java/security/spec/XECPublicKeySpec
instanceKlass sun/security/ssl/XDHKeyExchange$XDHECredentials
instanceKlass sun/security/ssl/NamedGroupCredentials
instanceKlass sun/security/ssl/ECDHServerKeyExchange$ECDHServerKeyExchangeProducer
instanceKlass org/codehaus/plexus/util/xml/pull/XmlSerializer
instanceKlass sun/security/ssl/ECDHServerKeyExchange$ECDHServerKeyExchangeConsumer
instanceKlass sun/security/ssl/ECDHServerKeyExchange
instanceKlass org/apache/maven/settings/io/xpp3/SettingsXpp3Writer
instanceKlass sun/security/util/DomainName$RegisteredDomainImpl
instanceKlass sun/security/util/DomainName$CommonMatch
instanceKlass sun/security/util/DomainName$Match
instanceKlass org/codehaus/plexus/util/StringUtils
instanceKlass sun/security/util/DomainName$1
instanceKlass java/util/LinkedList$DescendingIterator
instanceKlass sun/security/util/DomainName$Rule
instanceKlass sun/security/util/DomainName$Rules$RuleSet
instanceKlass org/eclipse/sisu/inject/LazyBeanEntry$JsrNamed
instanceKlass org/eclipse/sisu/inject/LazyBeanEntry
instanceKlass javax/annotation/Priority
instanceKlass org/eclipse/sisu/inject/Implementations
instanceKlass sun/security/util/DomainName$Rules$1
instanceKlass org/eclipse/sisu/plexus/LazyPlexusBean
instanceKlass sun/security/util/DomainName$Rules
instanceKlass sun/security/util/DomainName
instanceKlass org/eclipse/sisu/inject/RankedSequence$Itr
instanceKlass sun/security/util/RegisteredDomain
instanceKlass org/eclipse/sisu/inject/RankedBindings$Itr
instanceKlass sun/security/util/HostnameChecker
instanceKlass org/eclipse/sisu/inject/LocatedBeans$Itr
instanceKlass org/eclipse/sisu/plexus/RealmFilteredBeans$FilteredItr
instanceKlass org/eclipse/sisu/plexus/DefaultPlexusBeans$Itr
instanceKlass org/eclipse/sisu/plexus/DefaultPlexusBeans
instanceKlass org/eclipse/sisu/plexus/RealmFilteredBeans
instanceKlass sun/security/util/AnchorCertificates$1
instanceKlass sun/security/util/AnchorCertificates
instanceKlass java/time/temporal/ValueRange
instanceKlass org/eclipse/sisu/inject/LocatedBeans
instanceKlass java/time/temporal/TemporalField
instanceKlass org/eclipse/sisu/inject/MildElements$Indexable
instanceKlass java/time/LocalDate
instanceKlass java/time/chrono/ChronoLocalDate
instanceKlass com/google/inject/internal/ProviderInternalFactory$1
instanceKlass java/time/temporal/Temporal
instanceKlass java/time/temporal/TemporalAdjuster
instanceKlass java/time/temporal/TemporalAccessor
instanceKlass sun/security/validator/SymantecTLSPolicy
instanceKlass sun/security/validator/CADistrustPolicy$2
instanceKlass java/util/Vector$Itr
instanceKlass java/security/cert/PKIXCertPathValidatorResult
instanceKlass java/security/cert/CertPathValidatorResult
instanceKlass com/google/inject/internal/ConstructorInjector$1
instanceKlass org/eclipse/sisu/inject/MildValues$ValueItr
instanceKlass sun/security/ec/ECDSAOperations
instanceKlass org/eclipse/sisu/inject/RankedSequence$Content
instanceKlass com/google/inject/internal/CircularDependencyProxy
instanceKlass org/eclipse/sisu/inject/InjectorBindings
instanceKlass java/security/interfaces/DSAPublicKey
instanceKlass java/security/interfaces/DSAKey
instanceKlass sun/security/provider/certpath/CertPathConstraintsParameters
instanceKlass sun/security/provider/certpath/PKIXMasterCertPathValidator
instanceKlass sun/security/provider/certpath/PolicyNodeImpl
instanceKlass java/security/cert/PolicyNode
instanceKlass com/google/inject/spi/ProvisionListener$ProvisionInvocation
instanceKlass com/google/inject/internal/MembersInjectorImpl$1
instanceKlass com/google/inject/internal/InternalContext
instanceKlass com/google/inject/internal/Initializer$1
instanceKlass sun/security/util/UntrustedCertificates$1
instanceKlass sun/security/util/UntrustedCertificates
instanceKlass java/security/cert/X509CertSelector
instanceKlass java/security/cert/CertSelector
instanceKlass sun/security/provider/certpath/PKIX$ValidatorParams
instanceKlass sun/security/provider/certpath/PKIX
instanceKlass java/security/cert/CertPathValidatorSpi
instanceKlass java/security/cert/CertPathValidator
instanceKlass sun/security/util/DisabledAlgorithmConstraints$CertPathHolder
instanceKlass java/security/cert/PKIXCertPathChecker
instanceKlass java/security/cert/CertPathChecker
instanceKlass sun/security/ssl/SSLAlgorithmConstraints$SupportedSignatureAlgorithmConstraints
instanceKlass jdk/internal/icu/impl/NormalizerImpl$ReorderingBuffer
instanceKlass jdk/internal/icu/impl/NormalizerImpl$UTF16Plus
instanceKlass com/google/common/collect/TransformedIterator
instanceKlass com/google/common/collect/AbstractMapBasedMultimap$AsMap$AsMapIterator
instanceKlass java/security/cert/PKIXParameters
instanceKlass java/security/cert/CertPathParameters
instanceKlass sun/security/provider/certpath/CertPathHelper
instanceKlass java/security/cert/TrustAnchor
instanceKlass sun/security/validator/EndEntityChecker
instanceKlass sun/security/validator/Validator
instanceKlass javax/net/ssl/SSLEngine
instanceKlass sun/security/ssl/X509Authentication$X509Credentials
instanceKlass sun/security/ssl/X509Authentication$X509PossessionGenerator
instanceKlass sun/security/ssl/SSLAuthentication
instanceKlass sun/security/ssl/SSLKeyExchange$SSLKeyExECDHEECDSA
instanceKlass sun/security/ssl/SSLKeyExchange$1
instanceKlass sun/security/ssl/ServerNameExtension$SHServerNamesSpec
instanceKlass sun/security/ssl/RenegoInfoExtension$RenegotiationInfoSpec
instanceKlass sun/security/ssl/HandshakeHash$CloneableHash
instanceKlass sun/security/ssl/HandshakeHash$T12HandshakeHash
instanceKlass sun/security/util/ByteArrays
instanceKlass sun/security/ssl/TransportContext$1
instanceKlass sun/security/ssl/Plaintext
instanceKlass com/google/inject/internal/SingleMethodInjector$1
instanceKlass com/google/inject/internal/InjectorImpl$MethodInvoker
instanceKlass com/google/inject/internal/SingleMethodInjector
instanceKlass com/google/inject/internal/InjectorImpl$ProviderBindingImpl$1
instanceKlass com/google/inject/internal/InjectorImpl$1
instanceKlass org/eclipse/jdt/internal/core/JavaElementDelta$Key
instanceKlass com/google/inject/internal/SingleFieldInjector
instanceKlass org/eclipse/jdt/internal/core/BufferManager$1
instanceKlass com/google/inject/internal/SingleParameterInjector
instanceKlass org/eclipse/jdt/internal/core/SimpleDelta
instanceKlass org/eclipse/sisu/plexus/PlexusConfigurations$ConfigurationProvider
instanceKlass sun/security/ssl/OutputRecord$T13PaddingHolder
instanceKlass org/eclipse/sisu/bean/BeanPropertySetter
instanceKlass sun/security/ssl/KeyShareExtension$CHKeyShareSpec
instanceKlass javax/annotation/PreDestroy
instanceKlass javax/annotation/PostConstruct
instanceKlass sun/security/util/ArrayUtil
instanceKlass java/security/interfaces/ECPrivateKey
instanceKlass com/google/inject/internal/MembersInjectorImpl
instanceKlass org/eclipse/sisu/bean/BeanInjector
instanceKlass org/eclipse/sisu/plexus/PlexusLifecycleManager$2
instanceKlass org/eclipse/sisu/bean/PropertyBinder$1
instanceKlass org/eclipse/sisu/plexus/ProvidedPropertyBinding
instanceKlass org/eclipse/sisu/plexus/PlexusRequirements$AbstractRequirementProvider
instanceKlass org/eclipse/sisu/bean/BeanPropertyField
instanceKlass org/eclipse/sisu/bean/DeclaredMembers$MemberIterator
instanceKlass org/eclipse/sisu/bean/BeanPropertyIterator
instanceKlass org/eclipse/sisu/bean/DeclaredMembers
instanceKlass org/eclipse/sisu/bean/IgnoreSetters
instanceKlass org/eclipse/sisu/bean/BeanProperties
instanceKlass sun/security/ec/ECOperations
instanceKlass org/eclipse/sisu/plexus/PlexusRequirements
instanceKlass sun/security/ssl/ECDHKeyExchange$ECDHEPossession
instanceKlass sun/security/ssl/KeyShareExtension$KeyShareEntry
instanceKlass sun/security/ssl/XDHKeyExchange$1
instanceKlass org/eclipse/sisu/plexus/PlexusConfigurations
instanceKlass java/security/interfaces/XECPrivateKey
instanceKlass org/eclipse/sisu/plexus/PlexusPropertyBinder
instanceKlass java/security/interfaces/XECPublicKey
instanceKlass org/eclipse/sisu/bean/BeanLifecycle
instanceKlass java/security/KeyPair
instanceKlass com/google/inject/internal/EncounterImpl
instanceKlass sun/security/util/math/MutableIntegerModuloP
instanceKlass sun/security/jca/JCAUtil$CachedSecureRandomHolder
instanceKlass sun/security/jca/JCAUtil
instanceKlass sun/security/ec/XECOperations
instanceKlass sun/security/ec/XECParameters
instanceKlass com/google/inject/internal/AbstractBindingProcessor$Processor$1
instanceKlass org/eclipse/jdt/internal/core/util/LRUCache$LRUCacheEntry
instanceKlass org/eclipse/jdt/internal/core/util/ILRUCacheable
instanceKlass sun/security/ssl/XDHKeyExchange$XDHEPossession
instanceKlass sun/security/ssl/ECDHKeyExchange$ECDHEXDHKAGenerator
instanceKlass org/eclipse/osgi/container/ModuleResolutionReport
instanceKlass sun/security/ssl/ECDHKeyExchange$ECDHEKAGenerator
instanceKlass sun/security/ssl/ECDHKeyExchange$ECDHKAGenerator
instanceKlass sun/security/ssl/ECDHKeyExchange$ECDHEPossessionGenerator
instanceKlass sun/security/ssl/ECDHKeyExchange
instanceKlass sun/security/ssl/DHKeyExchange$DHEKAGenerator
instanceKlass sun/security/ssl/DHKeyExchange$DHEPossessionGenerator
instanceKlass sun/security/ssl/DHKeyExchange
instanceKlass sun/security/ssl/RSAKeyExchange$RSAKAGenerator
instanceKlass sun/security/ssl/RSAKeyExchange$EphemeralRSAPossessionGenerator
instanceKlass sun/security/ssl/RSAKeyExchange
instanceKlass org/apache/maven/session/scope/internal/SessionScope$2
instanceKlass org/eclipse/osgi/internal/container/NamespaceList$Builder$1
instanceKlass sun/security/ssl/SSLKeyExchange$T13KeyAgreement
instanceKlass sun/security/ssl/SSLKeyAgreement
instanceKlass sun/security/ssl/SSLPossessionGenerator
instanceKlass org/eclipse/jdt/internal/core/JavaProject$ModuleLookup
instanceKlass org/apache/maven/execution/scope/internal/MojoExecutionScope$2
instanceKlass org/eclipse/osgi/internal/container/NamespaceList$Builder$7
instanceKlass sun/security/ssl/SSLKeyExchange
instanceKlass sun/security/ssl/SSLHandshakeBinding
instanceKlass sun/security/ssl/SSLKeyAgreementGenerator
instanceKlass sun/security/ssl/PskKeyExchangeModesExtension$PskKeyExchangeModesSpec
instanceKlass sun/security/ssl/SupportedVersionsExtension$CHSupportedVersionsSpec
instanceKlass sun/security/ssl/SignatureAlgorithmsExtension$SignatureSchemesSpec
instanceKlass org/eclipse/osgi/internal/container/NamespaceList$Builder$6
instanceKlass sun/security/ssl/SessionTicketExtension$SessionTicketSpec
instanceKlass org/apache/felix/resolver/WireImpl
instanceKlass sun/security/ssl/ExtendedMasterSecretExtension$ExtendedMasterSecretSpec
instanceKlass sun/security/ssl/CertStatusExtension$CertStatusRequestV2Spec
instanceKlass sun/security/ssl/ECPointFormatsExtension$ECPointFormatsSpec
instanceKlass sun/security/ssl/SupportedGroupsExtension$SupportedGroupsSpec
instanceKlass org/apache/felix/resolver/util/ArrayMap$1$1
instanceKlass sun/security/ssl/CertStatusExtension$CertStatusRequest
instanceKlass sun/security/ssl/CertStatusExtension$CertStatusRequestSpec
instanceKlass sun/security/ssl/ServerNameExtension$CHServerNamesSpec
instanceKlass sun/security/ssl/SSLExtension$SSLExtensionSpec
instanceKlass sun/security/ssl/SSLExtension$ClientExtensions
instanceKlass sun/security/ssl/PreSharedKeyExtension$SHPreSharedKeyStringizer
instanceKlass sun/security/ssl/PreSharedKeyExtension$SHPreSharedKeyAbsence
instanceKlass com/google/inject/internal/ProviderInternalFactory
instanceKlass sun/security/ssl/PreSharedKeyExtension$SHPreSharedKeyConsumer
instanceKlass sun/security/ssl/PreSharedKeyExtension$SHPreSharedKeyProducer
instanceKlass com/google/inject/internal/InternalProviderInstanceBindingImpl$Factory
instanceKlass sun/security/ssl/PreSharedKeyExtension$CHPreSharedKeyStringizer
instanceKlass sun/security/ssl/PreSharedKeyExtension$CHPreSharedKeyOnTradeAbsence
instanceKlass sun/security/ssl/PreSharedKeyExtension$CHPreSharedKeyUpdate
instanceKlass sun/security/ssl/PreSharedKeyExtension$CHPreSharedKeyOnLoadAbsence
instanceKlass sun/security/ssl/PreSharedKeyExtension$CHPreSharedKeyConsumer
instanceKlass com/google/inject/internal/FactoryProxy
instanceKlass sun/security/ssl/PreSharedKeyExtension$CHPreSharedKeyProducer
instanceKlass sun/security/ssl/PreSharedKeyExtension
instanceKlass org/apache/felix/resolver/ResolverImpl$UsedBlames
instanceKlass sun/security/ssl/RenegoInfoExtension$RenegotiationInfoStringizer
instanceKlass sun/security/ssl/RenegoInfoExtension$SHRenegotiationInfoAbsence
instanceKlass sun/security/ssl/RenegoInfoExtension$SHRenegotiationInfoConsumer
instanceKlass sun/security/ssl/RenegoInfoExtension$SHRenegotiationInfoProducer
instanceKlass sun/security/ssl/RenegoInfoExtension$CHRenegotiationInfoAbsence
instanceKlass sun/security/ssl/RenegoInfoExtension$CHRenegotiationInfoConsumer
instanceKlass sun/security/ssl/RenegoInfoExtension$CHRenegotiationInfoProducer
instanceKlass org/apache/felix/resolver/ResolverImpl$6
instanceKlass sun/security/ssl/RenegoInfoExtension
instanceKlass sun/security/ssl/KeyShareExtension$HRRKeyShareStringizer
instanceKlass com/google/inject/internal/InternalFactoryToProviderAdapter
instanceKlass sun/security/ssl/KeyShareExtension$HRRKeyShareReproducer
instanceKlass sun/security/ssl/KeyShareExtension$HRRKeyShareConsumer
instanceKlass com/google/inject/internal/ConstructionContext
instanceKlass sun/security/ssl/KeyShareExtension$HRRKeyShareProducer
instanceKlass sun/security/ssl/KeyShareExtension$SHKeyShareStringizer
instanceKlass org/apache/felix/resolver/ResolverImpl$5
instanceKlass sun/security/ssl/KeyShareExtension$SHKeyShareAbsence
instanceKlass com/google/inject/internal/SingletonScope$1
instanceKlass sun/security/ssl/KeyShareExtension$SHKeyShareConsumer
instanceKlass sun/security/ssl/KeyShareExtension$SHKeyShareProducer
instanceKlass sun/security/ssl/KeyShareExtension$CHKeyShareStringizer
instanceKlass com/google/inject/internal/ProviderToInternalFactoryAdapter
instanceKlass sun/security/ssl/KeyShareExtension$CHKeyShareOnTradeAbsence
instanceKlass sun/security/ssl/KeyShareExtension$CHKeyShareConsumer
instanceKlass sun/security/ssl/KeyShareExtension$CHKeyShareProducer
instanceKlass sun/security/ssl/KeyShareExtension
instanceKlass com/google/inject/internal/CycleDetectingLock$CycleDetectingLockFactory$ReentrantCycleDetectingLock
instanceKlass sun/security/ssl/CertSignAlgsExtension$CertSignatureSchemesStringizer
instanceKlass sun/security/ssl/CertSignAlgsExtension$CRCertSignatureSchemesUpdate
instanceKlass sun/security/ssl/CertSignAlgsExtension$CRCertSignatureSchemesConsumer
instanceKlass sun/security/ssl/CertSignAlgsExtension$CRCertSignatureSchemesProducer
instanceKlass sun/security/ssl/CertSignAlgsExtension$CHCertSignatureSchemesUpdate
instanceKlass com/google/inject/internal/Initializer$InjectableReference
instanceKlass sun/security/ssl/CertSignAlgsExtension$CHCertSignatureSchemesConsumer
instanceKlass com/google/inject/internal/ProvisionListenerStackCallback
instanceKlass sun/security/ssl/CertSignAlgsExtension$CHCertSignatureSchemesProducer
instanceKlass sun/security/ssl/CertSignAlgsExtension
instanceKlass sun/security/ssl/CertificateAuthoritiesExtension$CertificateAuthoritiesStringizer
instanceKlass com/google/inject/internal/ProvisionListenerCallbackStore$KeyBinding
instanceKlass sun/security/ssl/CertificateAuthoritiesExtension$CRCertificateAuthoritiesConsumer
instanceKlass sun/security/ssl/CertificateAuthoritiesExtension$CRCertificateAuthoritiesProducer
instanceKlass sun/security/ssl/CertificateAuthoritiesExtension$CHCertificateAuthoritiesConsumer
instanceKlass com/google/inject/internal/util/Classes
instanceKlass sun/security/ssl/CertificateAuthoritiesExtension$CHCertificateAuthoritiesProducer
instanceKlass sun/security/ssl/CertificateAuthoritiesExtension
instanceKlass sun/security/ssl/PskKeyExchangeModesExtension$PskKeyExchangeModesStringizer
instanceKlass sun/security/ssl/PskKeyExchangeModesExtension$PskKeyExchangeModesOnTradeAbsence
instanceKlass sun/security/ssl/PskKeyExchangeModesExtension$PskKeyExchangeModesOnLoadAbsence
instanceKlass sun/security/ssl/PskKeyExchangeModesExtension$PskKeyExchangeModesConsumer
instanceKlass sun/security/ssl/PskKeyExchangeModesExtension$PskKeyExchangeModesProducer
instanceKlass sun/security/ssl/PskKeyExchangeModesExtension
instanceKlass sun/security/ssl/CookieExtension$CookieStringizer
instanceKlass sun/security/ssl/CookieExtension$HRRCookieReproducer
instanceKlass com/google/inject/spi/ExposedBinding
instanceKlass com/google/inject/internal/CreationListener
instanceKlass sun/security/ssl/CookieExtension$HRRCookieConsumer
instanceKlass sun/security/ssl/CookieExtension$HRRCookieProducer
instanceKlass com/google/inject/internal/InjectorShell$LoggerFactory
instanceKlass sun/security/ssl/CookieExtension$CHCookieUpdate
instanceKlass com/google/inject/internal/InjectorShell$InjectorFactory
instanceKlass sun/security/ssl/CookieExtension$CHCookieConsumer
instanceKlass sun/security/ssl/CookieExtension$CHCookieProducer
instanceKlass com/google/inject/internal/Initializables$1
instanceKlass sun/security/ssl/CookieExtension
instanceKlass com/google/inject/internal/Initializables
instanceKlass sun/security/ssl/SupportedVersionsExtension$HRRSupportedVersionsReproducer
instanceKlass com/google/inject/internal/ConstantFactory
instanceKlass com/google/inject/internal/InjectorShell
instanceKlass sun/security/ssl/SupportedVersionsExtension$HRRSupportedVersionsConsumer
instanceKlass sun/security/ssl/SupportedVersionsExtension$HRRSupportedVersionsProducer
instanceKlass sun/security/ssl/SupportedVersionsExtension$SHSupportedVersionsStringizer
instanceKlass sun/security/ssl/SupportedVersionsExtension$SHSupportedVersionsConsumer
instanceKlass sun/security/ssl/SupportedVersionsExtension$SHSupportedVersionsProducer
instanceKlass sun/security/ssl/SupportedVersionsExtension$CHSupportedVersionsStringizer
instanceKlass sun/security/ssl/SupportedVersionsExtension$CHSupportedVersionsConsumer
instanceKlass sun/security/ssl/SupportedVersionsExtension$CHSupportedVersionsProducer
instanceKlass sun/security/ssl/SupportedVersionsExtension
instanceKlass org/apache/felix/resolver/ResolverImpl$4
instanceKlass sun/security/ssl/SignatureAlgorithmsExtension$SignatureSchemesStringizer
instanceKlass sun/security/ssl/SignatureAlgorithmsExtension$CRSignatureSchemesUpdate
instanceKlass sun/security/ssl/SignatureAlgorithmsExtension$CRSignatureSchemesAbsence
instanceKlass sun/security/ssl/SignatureAlgorithmsExtension$CRSignatureSchemesConsumer
instanceKlass sun/security/ssl/SignatureAlgorithmsExtension$CRSignatureSchemesProducer
instanceKlass sun/security/ssl/SignatureAlgorithmsExtension$CHSignatureSchemesOnTradeAbsence
instanceKlass sun/security/ssl/SignatureAlgorithmsExtension$CHSignatureSchemesUpdate
instanceKlass sun/security/ssl/SignatureAlgorithmsExtension$CHSignatureSchemesOnLoadAbsence
instanceKlass sun/security/ssl/SignatureAlgorithmsExtension$CHSignatureSchemesConsumer
instanceKlass sun/security/ssl/SignatureAlgorithmsExtension$CHSignatureSchemesProducer
instanceKlass sun/security/ssl/SignatureAlgorithmsExtension
instanceKlass sun/security/ssl/SessionTicketExtension$SessionTicketStringizer
instanceKlass sun/security/ssl/SessionTicketExtension$T12SHSessionTicketConsumer
instanceKlass com/google/inject/internal/ProvisionListenerCallbackStore
instanceKlass sun/security/ssl/SessionTicketExtension$T12CHSessionTicketConsumer
instanceKlass sun/security/ssl/SessionTicketExtension
instanceKlass sun/security/ssl/ExtendedMasterSecretExtension$ExtendedMasterSecretStringizer
instanceKlass sun/security/ssl/ExtendedMasterSecretExtension$SHExtendedMasterSecretAbsence
instanceKlass com/google/inject/spi/TypeEncounter
instanceKlass sun/security/ssl/ExtendedMasterSecretExtension$SHExtendedMasterSecretConsumer
instanceKlass com/google/inject/internal/SingleMemberInjector
instanceKlass sun/security/ssl/ExtendedMasterSecretExtension$SHExtendedMasterSecretProducer
instanceKlass sun/security/ssl/ExtendedMasterSecretExtension$CHExtendedMasterSecretAbsence
instanceKlass sun/security/ssl/ExtendedMasterSecretExtension$CHExtendedMasterSecretConsumer
instanceKlass sun/security/ssl/ExtendedMasterSecretExtension$CHExtendedMasterSecretProducer
instanceKlass com/google/inject/internal/MembersInjectorStore
instanceKlass sun/security/ssl/ExtendedMasterSecretExtension
instanceKlass sun/security/ssl/AlpnExtension$AlpnStringizer
instanceKlass sun/security/ssl/AlpnExtension$SHAlpnAbsence
instanceKlass sun/security/ssl/AlpnExtension$SHAlpnConsumer
instanceKlass sun/security/ssl/AlpnExtension$SHAlpnProducer
instanceKlass sun/security/ssl/AlpnExtension$CHAlpnAbsence
instanceKlass sun/security/ssl/AlpnExtension$CHAlpnConsumer
instanceKlass sun/security/ssl/AlpnExtension$CHAlpnProducer
instanceKlass com/google/inject/internal/TypeConverterBindingProcessor$4
instanceKlass org/apache/felix/resolver/ResolverImpl$Blame
instanceKlass sun/security/ssl/AlpnExtension
instanceKlass sun/security/ssl/ECPointFormatsExtension$ECPointFormatsStringizer
instanceKlass sun/security/ssl/ECPointFormatsExtension$SHECPointFormatsConsumer
instanceKlass sun/security/ssl/ECPointFormatsExtension$CHECPointFormatsConsumer
instanceKlass org/apache/felix/resolver/ResolverImpl$3
instanceKlass com/google/inject/internal/TypeConverterBindingProcessor$2
instanceKlass sun/security/ssl/ECPointFormatsExtension$CHECPointFormatsProducer
instanceKlass sun/security/ssl/ECPointFormatsExtension
instanceKlass sun/security/ssl/SupportedGroupsExtension$EESupportedGroupsConsumer
instanceKlass sun/security/ssl/SupportedGroupsExtension$SupportedGroupsStringizer
instanceKlass sun/security/ssl/SupportedGroupsExtension$CHSupportedGroupsOnTradeAbsence
instanceKlass sun/security/ssl/SupportedGroupsExtension$CHSupportedGroupsConsumer
instanceKlass com/google/inject/internal/TypeConverterBindingProcessor$1
instanceKlass sun/security/ssl/SupportedGroupsExtension
instanceKlass sun/security/ssl/CertStatusExtension$CertStatusRespStringizer
instanceKlass sun/security/ssl/CertStatusExtension$CertStatusRequestsStringizer
instanceKlass sun/security/ssl/CertStatusExtension$SHCertStatusReqV2Consumer
instanceKlass sun/security/ssl/CertStatusExtension$SHCertStatusReqV2Producer
instanceKlass sun/security/ssl/CertStatusExtension$CHCertStatusReqV2Consumer
instanceKlass sun/security/ssl/CertStatusExtension$CHCertStatusReqV2Producer
instanceKlass sun/security/ssl/CertStatusExtension$CertStatusRequestStringizer
instanceKlass sun/security/ssl/CertStatusExtension$CTCertStatusResponseConsumer
instanceKlass com/google/inject/internal/TypeConverterBindingProcessor$5
instanceKlass sun/security/ssl/CertStatusExtension$CTCertStatusResponseProducer
instanceKlass org/apache/felix/resolver/ResolverImpl$Packages
instanceKlass sun/security/ssl/CertStatusExtension$SHCertStatusReqConsumer
instanceKlass sun/security/ssl/CertStatusExtension$SHCertStatusReqProducer
instanceKlass sun/security/ssl/CertStatusExtension$CHCertStatusReqConsumer
instanceKlass sun/security/ssl/CertStatusExtension$CHCertStatusReqProducer
instanceKlass sun/security/ssl/CertStatusExtension
instanceKlass org/apache/felix/resolver/WrappedCapability
instanceKlass sun/security/ssl/MaxFragExtension$MaxFragLenStringizer
instanceKlass sun/security/ssl/MaxFragExtension$EEMaxFragmentLengthUpdate
instanceKlass sun/security/ssl/MaxFragExtension$EEMaxFragmentLengthConsumer
instanceKlass sun/security/ssl/MaxFragExtension$EEMaxFragmentLengthProducer
instanceKlass sun/security/ssl/MaxFragExtension$SHMaxFragmentLengthUpdate
instanceKlass sun/security/ssl/MaxFragExtension$SHMaxFragmentLengthConsumer
instanceKlass org/apache/felix/resolver/WrappedRequirement
instanceKlass com/google/inject/internal/FailableCache
instanceKlass sun/security/ssl/MaxFragExtension$SHMaxFragmentLengthProducer
instanceKlass sun/security/ssl/MaxFragExtension$CHMaxFragmentLengthConsumer
instanceKlass com/google/inject/internal/ConstructorInjectorStore
instanceKlass sun/security/ssl/MaxFragExtension$CHMaxFragmentLengthProducer
instanceKlass sun/security/ssl/MaxFragExtension
instanceKlass sun/security/ssl/ServerNameExtension$EEServerNameConsumer
instanceKlass sun/security/ssl/ServerNameExtension$EEServerNameProducer
instanceKlass sun/security/ssl/ServerNameExtension$SHServerNamesStringizer
instanceKlass sun/security/ssl/ServerNameExtension$SHServerNameConsumer
instanceKlass sun/security/ssl/ServerNameExtension$SHServerNameProducer
instanceKlass com/google/inject/internal/DeferredLookups
instanceKlass sun/security/ssl/ServerNameExtension$CHServerNamesStringizer
instanceKlass sun/security/ssl/ServerNameExtension$CHServerNameConsumer
instanceKlass sun/security/ssl/SSLExtension$ExtensionConsumer
instanceKlass sun/security/ssl/ServerNameExtension$CHServerNameProducer
instanceKlass sun/security/ssl/ServerNameExtension
instanceKlass org/eclipse/jdt/internal/compiler/codegen/ConstantPool
instanceKlass sun/security/ssl/SSLStringizer
instanceKlass sun/security/ssl/SSLExtensions
instanceKlass sun/security/ssl/SSLHandshake$HandshakeMessage
instanceKlass org/apache/felix/resolver/ResolverImpl$WireCandidate
instanceKlass sun/security/ssl/RandomCookie
instanceKlass org/eclipse/jdt/internal/compiler/classfmt/ClassFileConstants
instanceKlass com/google/inject/spi/ConvertedConstantBinding
instanceKlass org/eclipse/jdt/internal/compiler/env/IBinaryElementValuePair
instanceKlass com/google/inject/spi/ProviderBinding
instanceKlass com/google/common/collect/ListMultimap
instanceKlass com/google/inject/internal/InjectorImpl
instanceKlass java/util/concurrent/ThreadPoolExecutor$CallerRunsPolicy
instanceKlass org/eclipse/osgi/internal/framework/EquinoxContainerAdaptor$1$2
instanceKlass sun/security/ssl/SupportedGroupsExtension$SupportedGroups
instanceKlass com/google/inject/internal/Lookups
instanceKlass sun/security/ssl/SSLKeyDerivation
instanceKlass sun/security/ssl/SSLCredentials
instanceKlass org/apache/felix/resolver/ResolverImpl$EnhancedExecutor$1
instanceKlass sun/security/ssl/NamedGroupPossession
instanceKlass sun/security/ssl/SSLPossession
instanceKlass sun/security/ssl/HandshakeContext
instanceKlass org/apache/felix/resolver/ResolverImpl$1Computer
instanceKlass com/google/inject/internal/InjectorImpl$InjectorOptions
instanceKlass sun/security/ssl/SSLConfiguration$1
instanceKlass javax/net/ssl/SSLParameters
instanceKlass org/apache/felix/resolver/ResolverImpl$EnhancedExecutor
instanceKlass sun/net/www/protocol/http/AuthenticatorKeys
instanceKlass sun/nio/ch/ExtendedSocketOption$1
instanceKlass org/apache/felix/resolver/WrappedResource
instanceKlass sun/nio/ch/ExtendedSocketOption
instanceKlass sun/nio/ch/OptionKey
instanceKlass sun/nio/ch/SocketOptionRegistry$LazyInitialization
instanceKlass sun/nio/ch/SocketOptionRegistry$RegistryKey
instanceKlass sun/nio/ch/SocketOptionRegistry
instanceKlass org/eclipse/sisu/wire/BeanProviders$4
instanceKlass java/net/StandardSocketOptions$StdSocketOption
instanceKlass java/net/StandardSocketOptions
instanceKlass org/eclipse/sisu/wire/BeanProviders$3
instanceKlass org/sonatype/inject/BeanEntry
instanceKlass org/eclipse/sisu/BeanEntry
instanceKlass org/eclipse/sisu/wire/BeanProviders$6
instanceKlass org/eclipse/sisu/wire/PlaceholderBeanProvider
instanceKlass org/apache/felix/resolver/util/OpenHashMap$1
instanceKlass jdk/internal/icu/impl/Trie2$UTrie2Header
instanceKlass jdk/internal/icu/impl/Trie2$1
instanceKlass jdk/internal/icu/impl/Trie2$ValueMapper
instanceKlass jdk/internal/icu/impl/Trie2
instanceKlass jdk/internal/icu/impl/UCharacterProperty$IsAcceptable
instanceKlass org/apache/felix/resolver/util/CopyOnWriteSet
instanceKlass com/google/inject/internal/ProvisionListenerStackCallback$ProvisionCallback
instanceKlass com/google/inject/internal/ConstructorInjector
instanceKlass jdk/internal/icu/impl/UCharacterProperty$IntProperty
instanceKlass jdk/internal/icu/impl/UCharacterProperty
instanceKlass org/apache/felix/resolver/util/OpenHashMap$MapEntry
instanceKlass com/google/inject/internal/DefaultConstructionProxyFactory$ReflectiveProxy
instanceKlass jdk/internal/icu/lang/UCharacter
instanceKlass com/google/inject/internal/ConstructionProxy
instanceKlass org/apache/felix/resolver/util/OpenHashMap$MapIterator
instanceKlass com/google/inject/internal/DefaultConstructionProxyFactory
instanceKlass com/google/inject/internal/ConstructionProxyFactory
instanceKlass com/google/inject/internal/ConstructorBindingImpl$Factory
instanceKlass jdk/internal/icu/impl/Trie
instanceKlass jdk/internal/icu/text/StringPrep$StringPrepTrieImpl
instanceKlass jdk/internal/icu/impl/Trie$DataManipulate
instanceKlass org/eclipse/sisu/inject/TypeArguments$Implicit
instanceKlass jdk/internal/icu/impl/StringPrepDataReader
instanceKlass org/eclipse/sisu/wire/BeanProviders$7
instanceKlass org/eclipse/sisu/wire/BeanProviders$1
instanceKlass jdk/internal/icu/text/StringPrep
instanceKlass java/net/IDN
instanceKlass com/google/inject/spi/ProviderLookup$1
instanceKlass com/google/inject/spi/ProviderWithDependencies
instanceKlass javax/net/ssl/SNIServerName
instanceKlass com/google/inject/spi/ProviderLookup
instanceKlass org/eclipse/sisu/wire/BeanProviders
instanceKlass org/eclipse/sisu/inject/HiddenSource
instanceKlass org/eclipse/sisu/wire/LocatorWiring
instanceKlass com/google/inject/ProvidedBy
instanceKlass com/google/inject/ImplementedBy
instanceKlass org/apache/felix/resolver/Candidates$PopulateResult
instanceKlass org/sonatype/plexus/components/cipher/PBECipher
instanceKlass java/lang/StrictMath
instanceKlass org/apache/maven/settings/crypto/SettingsDecryptionResult
instanceKlass org/apache/maven/settings/building/DefaultSettingsProblemCollector
instanceKlass org/apache/maven/settings/merge/MavenSettingsMerger
instanceKlass org/osgi/service/resolver/HostedCapability
instanceKlass org/apache/felix/resolver/util/CandidateSelector
instanceKlass org/apache/maven/settings/building/SettingsBuildingResult
instanceKlass org/apache/maven/settings/building/SettingsProblemCollector
instanceKlass org/apache/felix/resolver/Candidates
instanceKlass org/eclipse/aether/impl/MetadataGenerator
instanceKlass org/apache/maven/model/Relocation
instanceKlass org/apache/felix/resolver/Util
instanceKlass org/eclipse/aether/spi/log/Logger
instanceKlass org/eclipse/aether/internal/impl/collect/DefaultVersionFilterContext
instanceKlass org/apache/felix/resolver/ResolverImpl$ResolveSession
instanceKlass org/eclipse/aether/graph/DefaultDependencyNode
instanceKlass org/eclipse/aether/version/Version
instanceKlass org/eclipse/aether/internal/impl/collect/DefaultDependencyCollector$PremanagedDependency
instanceKlass org/eclipse/aether/internal/impl/collect/DataPool
instanceKlass org/eclipse/osgi/internal/framework/OSGiFrameworkHooks$CoreResolverHookFactory$CoreResolverHook
instanceKlass org/eclipse/osgi/report/resolution/ResolutionReport$Listener
instanceKlass org/eclipse/aether/graph/Dependency
instanceKlass org/eclipse/aether/internal/impl/collect/DefaultDependencyCollector$Results
instanceKlass org/eclipse/aether/internal/impl/collect/DefaultDependencyCollector$Args
instanceKlass org/eclipse/aether/collection/VersionFilter$VersionFilterContext
instanceKlass org/eclipse/aether/collection/DependencyGraphTransformationContext
instanceKlass org/eclipse/aether/collection/DependencyCollectionContext
instanceKlass org/eclipse/osgi/container/ModuleResolutionReport$Builder
instanceKlass org/eclipse/aether/internal/impl/Maven2RepositoryLayoutFactory$Maven2RepositoryLayout
instanceKlass com/google/inject/util/Types
instanceKlass org/osgi/service/resolver/ResolveContext
instanceKlass org/eclipse/aether/impl/UpdateCheck
instanceKlass org/eclipse/aether/spi/connector/transport/Transporter
instanceKlass org/eclipse/osgi/container/ModuleDatabase$1
instanceKlass org/eclipse/osgi/container/ModuleContainer$ResolutionLock$Permits
instanceKlass org/eclipse/aether/resolution/VersionRangeResult
instanceKlass org/eclipse/aether/resolution/VersionRangeRequest
instanceKlass org/eclipse/aether/resolution/VersionRequest
instanceKlass org/eclipse/aether/resolution/ArtifactDescriptorResult
instanceKlass org/eclipse/osgi/container/ModuleContainer$ContainerWiring$1
instanceKlass org/eclipse/jdt/ls/core/internal/handlers/BundleUtils$1
instanceKlass org/eclipse/aether/resolution/ArtifactDescriptorRequest
instanceKlass org/eclipse/aether/resolution/DependencyResult
instanceKlass org/eclipse/aether/resolution/DependencyRequest
instanceKlass org/eclipse/aether/collection/CollectResult
instanceKlass org/eclipse/aether/collection/CollectRequest
instanceKlass org/osgi/framework/VersionRange
instanceKlass sun/net/NetHooks
instanceKlass org/eclipse/aether/spi/connector/layout/RepositoryLayout
instanceKlass java/net/SocksSocketImpl$3
instanceKlass org/eclipse/osgi/container/builders/OSGiManifestBuilderFactory
instanceKlass org/eclipse/osgi/internal/container/LockSet$LockHolder
instanceKlass jdk/net/ExtendedSocketOptions$PlatformSocketOptions$1
instanceKlass jdk/net/ExtendedSocketOptions$PlatformSocketOptions
instanceKlass org/eclipse/aether/transform/FileTransformer
instanceKlass jdk/net/ExtendedSocketOptions$ExtSocketOption
instanceKlass java/net/SocketOption
instanceKlass jdk/net/ExtendedSocketOptions
instanceKlass org/eclipse/osgi/internal/container/NamespaceList$Builder$4
instanceKlass org/eclipse/jdt/internal/compiler/util/Messages
instanceKlass sun/net/ext/ExtendedSocketOptions
instanceKlass sun/nio/ch/Net$1
instanceKlass java/net/ProtocolFamily
instanceKlass sun/nio/ch/Net
instanceKlass java/net/InetSocketAddress$InetSocketAddressHolder
instanceKlass java/net/InetAddress$CachedAddresses
instanceKlass sun/net/InetAddressCachePolicy$2
instanceKlass org/eclipse/core/internal/registry/RegistryChangeEvent
instanceKlass sun/net/InetAddressCachePolicy$1
instanceKlass sun/net/InetAddressCachePolicy
instanceKlass org/eclipse/core/runtime/IRegistryChangeEvent
instanceKlass org/eclipse/core/internal/registry/ExtensionRegistry$1
instanceKlass java/nio/file/SimpleFileVisitor
instanceKlass org/eclipse/aether/installation/InstallResult
instanceKlass org/eclipse/core/internal/registry/osgi/ExtensionEventDispatcherJob$1
instanceKlass org/eclipse/aether/installation/InstallRequest
instanceKlass org/eclipse/core/internal/registry/RegistryDelta
instanceKlass org/eclipse/aether/spi/io/FileProcessor$ProgressListener
instanceKlass org/eclipse/core/internal/registry/ExtensionDelta
instanceKlass org/eclipse/aether/internal/impl/DefaultDeployer$EventCatapult
instanceKlass org/eclipse/osgi/internal/framework/BundleContextImpl$3
instanceKlass org/eclipse/aether/SyncContext
instanceKlass org/eclipse/aether/deployment/DeployResult
instanceKlass org/apache/felix/scr/impl/AbstractExtender$1
instanceKlass org/eclipse/aether/deployment/DeployRequest
instanceKlass org/eclipse/aether/repository/RepositoryPolicy
instanceKlass org/eclipse/aether/transfer/TransferResource
instanceKlass org/eclipse/aether/spi/connector/checksum/ChecksumPolicy
instanceKlass org/eclipse/aether/resolution/VersionResult
instanceKlass org/eclipse/aether/repository/LocalArtifactResult
instanceKlass org/eclipse/aether/internal/impl/DefaultArtifactResolver$ResolutionGroup
instanceKlass org/eclipse/aether/resolution/ArtifactResult
instanceKlass org/eclipse/aether/resolution/ArtifactRequest
instanceKlass org/apache/maven/model/Activation
instanceKlass org/eclipse/jdt/core/IJarEntryResource
instanceKlass org/apache/maven/model/ActivationOS
instanceKlass org/eclipse/core/internal/content/ContentTypeHandler
instanceKlass org/apache/maven/model/profile/activation/JdkVersionProfileActivator$RangeValue
instanceKlass org/eclipse/core/internal/content/ContentTypeManager$DebuggingHolder
instanceKlass org/apache/maven/model/InputLocation
instanceKlass org/eclipse/core/internal/content/FileSpec
instanceKlass org/eclipse/core/internal/content/ContentType
instanceKlass org/apache/maven/model/InputSource
instanceKlass org/apache/maven/model/interpolation/StringVisitorModelInterpolator$InnerInterpolator
instanceKlass org/eclipse/jdt/ls/core/internal/handlers/BundleUtils$BundleInfo
instanceKlass org/apache/maven/model/ActivationFile
instanceKlass org/eclipse/core/internal/content/Util
instanceKlass org/eclipse/jdt/ls/core/internal/handlers/BundleUtils
instanceKlass org/apache/maven/model/profile/DefaultProfileActivationContext
instanceKlass org/apache/maven/model/building/ModelBuildingEventCatapult
instanceKlass org/apache/maven/model/building/ModelData
instanceKlass org/apache/maven/model/building/ModelCacheTag
instanceKlass org/apache/maven/model/building/DefaultModelProblemCollector
instanceKlass org/eclipse/m2e/core/MavenPlugin
instanceKlass org/eclipse/core/internal/content/ContentTypeVisitor
instanceKlass org/apache/maven/model/building/ModelBuildingEvent
instanceKlass org/apache/maven/model/building/ModelProblemCollectorExt
instanceKlass org/apache/maven/model/profile/ProfileActivationContext
instanceKlass org/apache/maven/cli/internal/extension/model/CoreExtension
instanceKlass org/eclipse/jdt/ls/core/internal/contentassist/TypeFilter
instanceKlass org/apache/maven/cli/CliRequest
instanceKlass org/apache/maven/building/ProblemCollector
instanceKlass org/apache/maven/toolchain/building/ToolchainsBuildingRequest
instanceKlass org/apache/maven/toolchain/merge/MavenToolchainMerger
instanceKlass org/eclipse/jdt/ls/core/internal/handlers/MapFlattener
instanceKlass org/codehaus/plexus/interpolation/InterpolationPostProcessor
instanceKlass org/apache/maven/toolchain/building/ToolchainsBuildingResult
instanceKlass org/eclipse/jdt/ls/core/internal/preferences/ClientPreferences
instanceKlass org/apache/maven/classrealm/ClassRealmConstituent
instanceKlass org/eclipse/aether/repository/WorkspaceRepository
instanceKlass com/google/gson/internal/bind/ObjectTypeAdapter$2
instanceKlass org/apache/maven/ArtifactFilterManagerDelegate
instanceKlass com/google/gson/internal/LinkedTreeMap$LinkedTreeMapIterator
instanceKlass io/takari/aether/client/AetherClient
instanceKlass io/takari/aether/client/RetryableSource
instanceKlass org/eclipse/sisu/Nullable
instanceKlass com/google/gson/internal/ConstructorConstructor$13
instanceKlass org/eclipse/jdt/internal/compiler/classfmt/ModuleInfo$ServiceInfo
instanceKlass org/eclipse/aether/spi/locator/ServiceLocator
instanceKlass org/eclipse/aether/repository/RemoteRepository
instanceKlass org/eclipse/jdt/internal/compiler/classfmt/ModuleInfo$PackageExportInfo
instanceKlass java/net/InetAddress$NameServiceAddresses
instanceKlass java/net/InetAddress$Addresses
instanceKlass org/eclipse/jdt/ls/core/internal/JSONUtility
instanceKlass java/util/concurrent/ConcurrentSkipListMap$Iter
instanceKlass org/eclipse/jdt/internal/compiler/classfmt/ModuleInfo$ModuleReferenceInfo
instanceKlass org/eclipse/aether/spi/connector/RepositoryConnector
instanceKlass sun/security/ssl/SessionId
instanceKlass org/eclipse/jdt/internal/compiler/env/IModule$IService
instanceKlass org/eclipse/jdt/internal/compiler/env/IModule$IModuleReference
instanceKlass org/eclipse/jdt/internal/compiler/env/IModule$IPackageExport
instanceKlass org/apache/maven/profiles/ProfileManager
instanceKlass org/eclipse/jdt/ls/core/internal/handlers/BaseInitHandler
instanceKlass org/apache/maven/project/DefaultMavenProjectBuilder
instanceKlass org/eclipse/jdt/internal/compiler/codegen/AttributeNamesConstants
instanceKlass org/eclipse/jdt/internal/compiler/env/IBinaryNestedType
instanceKlass org/apache/maven/lifecycle/DefaultLifecycleExecutor
instanceKlass org/eclipse/jdt/internal/compiler/env/IBinaryTypeAnnotation
instanceKlass org/eclipse/jdt/internal/compiler/env/IBinaryModule
instanceKlass org/eclipse/jdt/internal/compiler/env/IBinaryAnnotation
instanceKlass org/eclipse/jdt/internal/compiler/env/IRecordComponent
instanceKlass org/eclipse/jdt/internal/compiler/env/IBinaryMethod
instanceKlass org/eclipse/jdt/internal/compiler/env/IGenericMethod
instanceKlass java/security/spec/MGF1ParameterSpec
instanceKlass org/eclipse/jdt/internal/compiler/env/IBinaryField
instanceKlass org/eclipse/jdt/internal/compiler/env/IGenericField
instanceKlass sun/security/ec/ParametersMap$1
instanceKlass org/eclipse/jdt/internal/compiler/classfmt/ClassFileStruct
instanceKlass org/apache/maven/lifecycle/internal/ProjectSegment
instanceKlass sun/security/ec/ed/EdDSAParameters$SHAKE256DigesterFactory
instanceKlass org/apache/maven/lifecycle/internal/builder/multithreaded/ThreadOutputMuxer
instanceKlass com/google/gson/internal/LinkedTreeMap$Node
instanceKlass sun/security/ec/point/ProjectivePoint
instanceKlass com/google/gson/internal/LinkedTreeMap$1
instanceKlass org/apache/maven/lifecycle/internal/builder/multithreaded/ConcurrencyDependencyGraph
instanceKlass java/util/concurrent/CompletionService
instanceKlass org/apache/maven/lifecycle/internal/builder/multithreaded/MultiThreadedBuilder
instanceKlass sun/security/ec/ed/EdDSAParameters$Digester
instanceKlass sun/security/ec/ed/EdDSAParameters$SHA512DigesterFactory
instanceKlass com/google/gson/internal/bind/TypeAdapters$34
instanceKlass sun/security/ec/point/ExtendedHomogeneousPoint
instanceKlass org/apache/maven/settings/RepositoryPolicy
instanceKlass sun/security/ec/point/AffinePoint
instanceKlass jdk/internal/jrtfs/JrtFileSystem$1
instanceKlass sun/security/util/math/intpoly/IntegerPolynomial$Limb
instanceKlass sun/security/util/math/SmallValue
instanceKlass sun/security/ec/point/MutablePoint
instanceKlass org/apache/maven/settings/RepositoryBase
instanceKlass sun/security/ec/point/ImmutablePoint
instanceKlass org/eclipse/lsp4j/jsonrpc/json/adapters/JsonElementTypeAdapter$Factory
instanceKlass sun/security/util/math/intpoly/IntegerPolynomial$Element
instanceKlass sun/security/util/math/ImmutableIntegerModuloP
instanceKlass sun/security/util/math/IntegerModuloP
instanceKlass org/eclipse/jdt/internal/core/nd/java/model/BinaryModuleDescriptor
instanceKlass org/eclipse/lsp4j/MarkdownCapabilities
instanceKlass org/eclipse/jdt/internal/compiler/env/IBinaryType
instanceKlass sun/security/util/math/intpoly/IntegerPolynomial
instanceKlass org/eclipse/jdt/internal/core/nd/java/model/BinaryTypeFactory
instanceKlass org/eclipse/lsp4j/RegularExpressionsCapabilities
instanceKlass org/apache/maven/configuration/BeanConfigurationRequest
instanceKlass sun/security/ec/ParametersMap
instanceKlass org/apache/maven/configuration/internal/DefaultBeanConfigurator
instanceKlass org/eclipse/jdt/internal/core/nd/java/model/BinaryModuleFactory
instanceKlass org/eclipse/lsp4j/WindowShowMessageRequestActionItemCapabilities
instanceKlass sun/security/ec/ed/EdECOperations
instanceKlass sun/security/ec/ed/EdDSAParameters$DigesterFactory
instanceKlass org/apache/maven/project/DefaultDependencyResolutionResult
instanceKlass sun/security/util/math/IntegerFieldModuloP
instanceKlass sun/security/ec/ed/EdDSAParameters
instanceKlass org/eclipse/core/internal/resources/OS
instanceKlass org/eclipse/lsp4j/ShowDocumentCapabilities
instanceKlass org/eclipse/lsp4j/WindowShowMessageRequestCapabilities
instanceKlass org/eclipse/jdt/internal/core/JavaProject$3
instanceKlass org/apache/maven/project/DefaultProjectDependenciesResolver
instanceKlass org/eclipse/jdt/internal/core/JavaProject$2
instanceKlass java/security/spec/EdDSAParameterSpec
instanceKlass sun/security/ec/ed/EdDSASignature$MessageAccumulator
instanceKlass org/eclipse/lsp4j/SemanticTokensClientCapabilitiesRequestsFull
instanceKlass org/apache/maven/execution/ProjectExecutionListener
instanceKlass org/apache/maven/profiles/ProfilesRoot
instanceKlass com/google/gson/internal/UnsafeAllocator
instanceKlass javax/crypto/spec/DHParameterSpec
instanceKlass sun/security/ssl/PredefinedDHParameterSpecs$1
instanceKlass org/eclipse/jdt/core/ILocalVariable
instanceKlass com/google/gson/internal/ConstructorConstructor$14
instanceKlass org/eclipse/lsp4j/SemanticTokensClientCapabilitiesRequests
instanceKlass sun/security/ssl/PredefinedDHParameterSpecs
instanceKlass org/apache/maven/lifecycle/internal/DefaultLifecycleMappingDelegate
instanceKlass org/eclipse/jdt/core/IMethod
instanceKlass org/eclipse/jdt/core/IField
instanceKlass com/sun/security/sasl/Provider$1
instanceKlass org/apache/maven/wagon/OutputData
instanceKlass org/eclipse/lsp4j/jsonrpc/json/adapters/EitherTypeAdapter$EitherTypeArgument
instanceKlass org/apache/maven/wagon/InputData
instanceKlass sun/security/mscapi/SunMSCAPI$2
instanceKlass org/apache/maven/wagon/events/SessionListener
instanceKlass org/eclipse/lsp4j/DiagnosticsTagSupport
instanceKlass org/apache/maven/wagon/resource/Resource
instanceKlass org/apache/maven/wagon/repository/RepositoryPermissions
instanceKlass org/apache/maven/wagon/events/TransferEventSupport
instanceKlass org/eclipse/jdt/core/CompletionRequestor
instanceKlass org/eclipse/jdt/core/ICompletionRequestor
instanceKlass org/eclipse/lsp4j/CodeActionKindCapabilities
instanceKlass org/apache/maven/wagon/events/SessionEventSupport
instanceKlass org/eclipse/lsp4j/CodeActionResolveSupportCapabilities
instanceKlass org/eclipse/lsp4j/CodeActionLiteralSupportCapabilities
instanceKlass org/apache/maven/wagon/proxy/ProxyInfoProvider
instanceKlass org/apache/maven/toolchain/DefaultToolchain
instanceKlass org/eclipse/jdt/core/IModularClassFile
instanceKlass org/apache/maven/toolchain/java/JavaToolchain
instanceKlass org/eclipse/lsp4j/ParameterInformationCapabilities
instanceKlass org/apache/maven/toolchain/java/JavaToolchainFactory
instanceKlass org/eclipse/lsp4j/SignatureInformationCapabilities
instanceKlass org/apache/maven/toolchain/ToolchainPrivate
instanceKlass org/apache/maven/repository/legacy/resolver/conflict/OldestConflictResolver
instanceKlass sun/security/mscapi/SunMSCAPI$1
instanceKlass org/apache/maven/artifact/repository/layout/DefaultRepositoryLayout
instanceKlass org/jcp/xml/dsig/internal/dom/XMLDSigRI$2
instanceKlass org/apache/maven/repository/legacy/resolver/conflict/DefaultConflictResolverFactory
instanceKlass org/jcp/xml/dsig/internal/dom/XMLDSigRI$1
instanceKlass org/eclipse/lsp4j/CompletionItemInsertTextModeSupportCapabilities
instanceKlass org/eclipse/lsp4j/CompletionItemResolveSupportCapabilities
instanceKlass org/apache/maven/repository/legacy/resolver/conflict/NewestConflictResolver
instanceKlass org/eclipse/lsp4j/CompletionItemTagSupportCapabilities
instanceKlass org/eclipse/aether/DefaultRepositorySystemSession
instanceKlass com/sun/security/sasl/gsskerb/JdkSASL$1
instanceKlass org/eclipse/lsp4j/CompletionItemCapabilities
instanceKlass org/eclipse/jdt/internal/compiler/util/CharDeduplication$CacheReference
instanceKlass org/eclipse/jdt/internal/compiler/util/CharDeduplication
instanceKlass org/eclipse/lsp4j/CompletionItemKindCapabilities
instanceKlass sun/security/pkcs11/SunPKCS11$Descriptor
instanceKlass javax/security/auth/callback/CallbackHandler
instanceKlass javax/security/auth/Subject
instanceKlass org/apache/maven/DefaultMaven
instanceKlass org/apache/maven/toolchain/Toolchain
instanceKlass org/eclipse/lsp4j/PublishDiagnosticsCapabilities
instanceKlass org/eclipse/jdt/internal/compiler/parser/Scanner
instanceKlass org/apache/maven/toolchain/DefaultToolchainManager
instanceKlass sun/security/smartcardio/SunPCSC$1
instanceKlass sun/security/jgss/SunProvider$1
instanceKlass org/apache/maven/artifact/resolver/DefaultArtifactResolver
instanceKlass org/apache/maven/project/ReactorModelPool
instanceKlass org/apache/maven/project/DependencyResolutionResult
instanceKlass javax/net/ssl/ExtendedSSLSession
instanceKlass org/apache/maven/model/building/ModelBuildingResult
instanceKlass javax/net/ssl/SSLSession
instanceKlass org/apache/maven/project/DefaultProjectBuilder$InternalConfig
instanceKlass sun/security/ssl/SSLConfiguration$CustomizedClientSignatureSchemes
instanceKlass javax/crypto/KeyGeneratorSpi
instanceKlass javax/crypto/KeyGenerator
instanceKlass org/apache/maven/project/ReactorModelCache
instanceKlass sun/security/ssl/SSLConfiguration
instanceKlass org/apache/maven/model/building/ModelCache
instanceKlass org/apache/maven/model/resolution/ModelResolver
instanceKlass org/apache/maven/project/DependencyResolutionRequest
instanceKlass sun/security/ssl/SSLCipher$SSLWriteCipher
instanceKlass sun/security/ssl/KeyUpdate$KeyUpdateProducer
instanceKlass org/eclipse/jdt/core/JavaConventions
instanceKlass sun/security/ssl/KeyUpdate$KeyUpdateConsumer
instanceKlass org/apache/maven/model/building/ModelBuildingListener
instanceKlass sun/security/ssl/KeyUpdate$KeyUpdateKickstartProducer
instanceKlass sun/security/ssl/KeyUpdate
instanceKlass org/apache/maven/project/DefaultProjectBuilder
instanceKlass sun/security/ssl/CertificateStatus$CertificateStatusAbsence
instanceKlass sun/security/ssl/HandshakeAbsence
instanceKlass sun/security/ssl/CertificateStatus$CertificateStatusProducer
instanceKlass sun/security/ssl/CertificateStatus$CertificateStatusConsumer
instanceKlass sun/security/ssl/CertificateStatus
instanceKlass sun/security/ssl/Finished$T13FinishedProducer
instanceKlass sun/security/ssl/Finished$T13FinishedConsumer
instanceKlass sun/security/ssl/Finished$T12FinishedProducer
instanceKlass sun/security/ssl/Finished$T12FinishedConsumer
instanceKlass sun/security/ssl/Finished
instanceKlass org/eclipse/jdt/internal/core/JrtPackageFragmentRoot$1
instanceKlass sun/security/ssl/ClientKeyExchange$ClientKeyExchangeProducer
instanceKlass sun/security/ssl/ClientKeyExchange$ClientKeyExchangeConsumer
instanceKlass org/apache/maven/lifecycle/internal/TaskSegment
instanceKlass sun/security/ssl/ClientKeyExchange
instanceKlass sun/security/ssl/CertificateVerify$T13CertificateVerifyProducer
instanceKlass sun/security/ssl/CertificateVerify$T13CertificateVerifyConsumer
instanceKlass org/eclipse/jdt/internal/core/util/HashtableOfArrayToObject
instanceKlass sun/security/ssl/CertificateVerify$T12CertificateVerifyProducer
instanceKlass org/apache/maven/execution/BuildSummary
instanceKlass sun/security/ssl/CertificateVerify$T12CertificateVerifyConsumer
instanceKlass sun/security/ssl/CertificateVerify$T10CertificateVerifyProducer
instanceKlass sun/security/ssl/CertificateVerify$T10CertificateVerifyConsumer
instanceKlass sun/security/ssl/CertificateVerify$S30CertificateVerifyProducer
instanceKlass sun/security/ssl/CertificateVerify$S30CertificateVerifyConsumer
instanceKlass sun/security/ssl/CertificateVerify
instanceKlass org/eclipse/jdt/internal/compiler/util/ObjectVector$1
instanceKlass sun/security/ssl/ServerHelloDone$ServerHelloDoneProducer
instanceKlass org/apache/maven/plugin/internal/DefaultPluginManager
instanceKlass sun/security/ssl/ServerHelloDone$ServerHelloDoneConsumer
instanceKlass sun/security/ssl/ServerHelloDone
instanceKlass sun/security/ssl/CertificateRequest$T13CertificateRequestProducer
instanceKlass sun/security/ssl/CertificateRequest$T13CertificateRequestConsumer
instanceKlass sun/security/ssl/CertificateRequest$T12CertificateRequestProducer
instanceKlass sun/security/ssl/CertificateRequest$T12CertificateRequestConsumer
instanceKlass sun/security/ssl/CertificateRequest$T10CertificateRequestProducer
instanceKlass sun/security/ssl/CertificateRequest$T10CertificateRequestConsumer
instanceKlass sun/security/ssl/CertificateRequest
instanceKlass org/apache/maven/repository/legacy/resolver/DefaultLegacyArtifactCollector
instanceKlass sun/security/ssl/ServerKeyExchange$ServerKeyExchangeProducer
instanceKlass sun/security/ssl/ServerKeyExchange$ServerKeyExchangeConsumer
instanceKlass sun/security/ssl/ServerKeyExchange
instanceKlass sun/security/ssl/CertificateMessage$T13CertificateProducer
instanceKlass sun/security/ssl/CertificateMessage$T13CertificateConsumer
instanceKlass sun/security/ssl/CertificateMessage$T12CertificateProducer
instanceKlass sun/security/ssl/CertificateMessage$T12CertificateConsumer
instanceKlass org/apache/maven/plugin/internal/DefaultLegacySupport
instanceKlass sun/security/ssl/CertificateMessage
instanceKlass sun/security/ssl/EncryptedExtensions$EncryptedExtensionsConsumer
instanceKlass org/apache/maven/project/validation/ModelValidationResult
instanceKlass sun/security/ssl/EncryptedExtensions$EncryptedExtensionsProducer
instanceKlass sun/security/ssl/EncryptedExtensions
instanceKlass sun/security/ssl/NewSessionTicket$T12NewSessionTicketProducer
instanceKlass org/eclipse/lsp4j/SymbolTagSupportCapabilities
instanceKlass sun/security/ssl/NewSessionTicket$T13NewSessionTicketProducer
instanceKlass org/apache/maven/project/validation/DefaultModelValidator
instanceKlass sun/security/ssl/NewSessionTicket$T12NewSessionTicketConsumer
instanceKlass org/eclipse/lsp4j/SymbolKindCapabilities
instanceKlass sun/security/ssl/NewSessionTicket$T13NewSessionTicketConsumer
instanceKlass org/apache/maven/repository/metadata/ClasspathContainer
instanceKlass sun/security/ssl/NewSessionTicket
instanceKlass sun/security/ssl/HelloVerifyRequest$HelloVerifyRequestProducer
instanceKlass sun/security/ssl/HelloVerifyRequest$HelloVerifyRequestConsumer
instanceKlass sun/security/ssl/HelloVerifyRequest
instanceKlass org/apache/maven/repository/metadata/DefaultClasspathTransformation
instanceKlass sun/security/ssl/ServerHello$T13HelloRetryRequestConsumer
instanceKlass sun/security/ssl/ServerHello$T13ServerHelloConsumer
instanceKlass sun/security/ssl/ServerHello$T12ServerHelloConsumer
instanceKlass sun/security/ssl/ServerHello$T13HelloRetryRequestReproducer
instanceKlass org/eclipse/lsp4j/jsonrpc/json/adapters/TypeUtils$ParameterizedTypeImpl
instanceKlass sun/security/ssl/ServerHello$T13HelloRetryRequestProducer
instanceKlass sun/security/ssl/ServerHello$T13ServerHelloProducer
instanceKlass sun/security/ssl/ServerHello$T12ServerHelloProducer
instanceKlass org/eclipse/lsp4j/WorkspaceEditChangeAnnotationSupportCapabilities
instanceKlass sun/security/ssl/ServerHello$ServerHelloConsumer
instanceKlass sun/security/ssl/ServerHello
instanceKlass sun/security/ssl/ClientHello$D13ClientHelloConsumer
instanceKlass org/eclipse/lsp4j/CodeLensWorkspaceCapabilities
instanceKlass sun/security/ssl/ClientHello$D12ClientHelloConsumer
instanceKlass org/eclipse/lsp4j/SemanticTokensWorkspaceCapabilities
instanceKlass org/apache/maven/execution/DefaultRuntimeInformation
instanceKlass sun/security/ssl/ClientHello$T13ClientHelloConsumer
instanceKlass sun/security/ssl/ClientHello$T12ClientHelloConsumer
instanceKlass sun/security/ssl/HandshakeConsumer
instanceKlass sun/security/ssl/ClientHello$ClientHelloProducer
instanceKlass org/eclipse/lsp4j/DynamicRegistrationCapabilities
instanceKlass sun/security/ssl/ClientHello$ClientHelloConsumer
instanceKlass sun/security/ssl/ClientHello$ClientHelloKickstartProducer
instanceKlass org/apache/maven/repository/legacy/resolver/conflict/NearestConflictResolver
instanceKlass sun/security/ssl/ClientHello
instanceKlass org/eclipse/lsp4j/WorkspaceEditCapabilities
instanceKlass sun/security/ssl/HelloRequest$HelloRequestProducer
instanceKlass org/sonatype/plexus/components/sec/dispatcher/PasswordDecryptor
instanceKlass sun/security/ssl/HelloRequest$HelloRequestConsumer
instanceKlass sun/reflect/generics/tree/VoidDescriptor
instanceKlass sun/security/ssl/HelloRequest$HelloRequestKickstartProducer
instanceKlass sun/security/ssl/SSLProducer
instanceKlass sun/security/ssl/HelloRequest
instanceKlass sun/security/ssl/HandshakeProducer
instanceKlass sun/security/ssl/SSLConsumer
instanceKlass org/sonatype/plexus/components/sec/dispatcher/model/SettingsSecurity
instanceKlass org/eclipse/lsp4j/GeneralClientCapabilities
instanceKlass sun/security/ssl/Authenticator$MacImpl
instanceKlass org/eclipse/lsp4j/WindowClientCapabilities
instanceKlass sun/security/ssl/Authenticator$MAC
instanceKlass org/apache/maven/lifecycle/internal/DefaultLifecycleExecutionPlanCalculator
instanceKlass org/eclipse/lsp4j/TextDocumentClientCapabilities
instanceKlass sun/security/ssl/Authenticator
instanceKlass sun/security/ssl/SSLCipher$SSLReadCipher
instanceKlass sun/security/ssl/InputRecord
instanceKlass sun/security/ssl/SSLRecord
instanceKlass sun/security/ssl/Record
instanceKlass org/apache/maven/rtinfo/internal/DefaultRuntimeInformation
instanceKlass sun/security/ssl/TransportContext
instanceKlass sun/security/ssl/ConnectionContext
instanceKlass org/apache/maven/project/artifact/ProjectArtifactsCache$CacheRecord
instanceKlass sun/security/ssl/HandshakeHash$CacheOnlyHash
instanceKlass sun/security/ssl/HandshakeHash$TranscriptHash
instanceKlass sun/security/ssl/HandshakeHash
instanceKlass org/apache/maven/project/artifact/ProjectArtifactsCache$Key
instanceKlass org/apache/maven/project/artifact/DefaultProjectArtifactsCache
instanceKlass org/eclipse/lsp4j/WorkspaceClientCapabilities
instanceKlass java/net/SocksConsts
instanceKlass org/apache/maven/artifact/repository/layout/FlatRepositoryLayout
instanceKlass sun/net/PlatformSocketImpl
instanceKlass org/apache/maven/eventspy/EventSpy$Context
instanceKlass org/apache/maven/eventspy/EventSpy
instanceKlass org/eclipse/lsp4j/ClientCapabilities
instanceKlass java/net/SocketImpl
instanceKlass org/apache/maven/execution/ExecutionListener
instanceKlass java/net/SocketOptions
instanceKlass java/net/Socket
instanceKlass sun/security/ssl/SSLTransport
instanceKlass com/google/gson/internal/Primitives
instanceKlass sun/net/www/http/KeepAliveKey
instanceKlass sun/net/NetworkClient$1
instanceKlass sun/net/NetworkClient
instanceKlass org/apache/maven/model/RepositoryPolicy
instanceKlass org/eclipse/lsp4j/jsonrpc/validation/NonNull
instanceKlass com/google/gson/annotations/SerializedName
instanceKlass org/apache/maven/repository/Proxy
instanceKlass org/eclipse/lsp4j/ClientInfo
instanceKlass javax/net/ssl/HandshakeCompletedListener
instanceKlass sun/net/spi/DefaultProxySelector$3
instanceKlass sun/net/spi/DefaultProxySelector$NonProxyInfo
instanceKlass org/apache/maven/artifact/repository/Authentication
instanceKlass sun/net/spi/DefaultProxySelector$1
instanceKlass com/google/gson/internal/ConstructorConstructor$3
instanceKlass java/net/Proxy
instanceKlass org/apache/maven/repository/ArtifactTransferListener
instanceKlass java/net/ProxySelector
instanceKlass sun/net/www/protocol/http/HttpURLConnection$7
instanceKlass java/net/ResponseCache
instanceKlass sun/net/www/protocol/http/HttpURLConnection$3
instanceKlass java/net/CookieHandler
instanceKlass sun/net/www/protocol/http/HttpURLConnection$2
instanceKlass org/apache/maven/repository/legacy/LegacyRepositorySystem
instanceKlass org/eclipse/lsp4j/adapters/InitializeParamsTypeAdapter$Factory
instanceKlass com/google/gson/annotations/JsonAdapter
instanceKlass org/eclipse/lsp4j/jsonrpc/messages/Tuple$Two
instanceKlass org/eclipse/lsp4j/jsonrpc/messages/Tuple
instanceKlass sun/net/NetProperties$1
instanceKlass sun/net/NetProperties
instanceKlass org/eclipse/lsp4j/jsonrpc/json/adapters/TypeUtils
instanceKlass org/apache/maven/model/Reporting
instanceKlass java/nio/file/Files$3
instanceKlass javax/net/ssl/X509ExtendedKeyManager
instanceKlass javax/net/ssl/X509KeyManager
instanceKlass javax/net/ssl/KeyManager
instanceKlass java/nio/file/FileTreeWalker$Event
instanceKlass java/nio/file/FileTreeWalker$DirectoryNode
instanceKlass com/google/gson/internal/JsonReaderInternalAccess
instanceKlass javax/net/ssl/KeyManagerFactorySpi
instanceKlass jdk/internal/jrtfs/JrtFileAttributes
instanceKlass javax/net/ssl/KeyManagerFactory$1
instanceKlass javax/net/ssl/KeyManagerFactory
instanceKlass org/eclipse/lsp4j/jsonrpc/json/StreamMessageProducer$Headers
instanceKlass org/apache/maven/model/RepositoryBase
instanceKlass sun/security/ssl/SSLContextImpl$DefaultManagersHolder$1
instanceKlass javax/net/ssl/X509ExtendedTrustManager
instanceKlass javax/net/ssl/X509TrustManager
instanceKlass javax/net/ssl/TrustManager
instanceKlass sun/security/validator/TrustStoreUtil
instanceKlass org/apache/maven/model/PluginContainer
instanceKlass org/apache/maven/project/inheritance/DefaultModelInheritanceAssembler
instanceKlass org/eclipse/equinox/internal/app/EclipseAppHandle$1
instanceKlass org/eclipse/equinox/internal/app/EclipseAppHandle$2
instanceKlass org/apache/maven/artifact/repository/metadata/io/DefaultMetadataReader
instanceKlass org/eclipse/lsp4j/jsonrpc/json/ConcurrentMessageProcessor$1
instanceKlass org/eclipse/jdt/core/manipulation/CoreASTProvider$WAIT_FLAG
instanceKlass org/eclipse/jdt/core/manipulation/CoreASTProvider
instanceKlass org/apache/maven/lifecycle/internal/DefaultLifecycleTaskSegmentCalculator
instanceKlass org/eclipse/jdt/ls/core/internal/MovingAverage
instanceKlass org/eclipse/jdt/ls/core/internal/handlers/BaseDiagnosticsHandler
instanceKlass org/apache/maven/repository/metadata/MetadataGraph
instanceKlass org/apache/maven/repository/metadata/MetadataGraphVertex
instanceKlass org/eclipse/jdt/core/IProblemRequestor
instanceKlass org/apache/maven/repository/metadata/DefaultGraphConflictResolver
instanceKlass org/eclipse/jdt/ls/core/internal/handlers/LogHandler$1
instanceKlass org/apache/maven/artifact/repository/DefaultArtifactRepositoryFactory
instanceKlass org/eclipse/aether/util/graph/visitor/AbstractDepthFirstNodeListGenerator
instanceKlass org/apache/maven/plugin/descriptor/PluginDescriptorBuilder
instanceKlass org/eclipse/jdt/ls/core/internal/handlers/DefaultLogFilter
instanceKlass org/eclipse/jdt/ls/core/internal/handlers/ILogFilter
instanceKlass org/eclipse/jdt/ls/core/internal/handlers/LogHandler
instanceKlass org/eclipse/lsp4j/jsonrpc/StandardLauncher
instanceKlass org/eclipse/lsp4j/jsonrpc/json/ConcurrentMessageProcessor
instanceKlass org/apache/maven/plugin/logging/Log
instanceKlass org/apache/maven/plugin/internal/DefaultMavenPluginManager
instanceKlass org/eclipse/lsp4j/jsonrpc/json/StreamMessageProducer
instanceKlass org/apache/maven/model/building/Result
instanceKlass org/eclipse/lsp4j/WorkDoneProgressNotification
instanceKlass org/apache/maven/execution/ProjectDependencyGraph
instanceKlass org/apache/maven/model/building/ModelSource
instanceKlass org/apache/maven/graph/DefaultGraphBuilder
instanceKlass org/apache/maven/artifact/handler/manager/DefaultArtifactHandlerManager
instanceKlass org/apache/maven/artifact/versioning/VersionRange
instanceKlass org/apache/maven/artifact/factory/DefaultArtifactFactory
instanceKlass sun/security/x509/NetscapeCertTypeExtension$MapEntry
instanceKlass org/eclipse/lsp4j/jsonrpc/services/EndpointProxy
instanceKlass org/apache/maven/lifecycle/mapping/LifecyclePhase
instanceKlass org/apache/maven/lifecycle/internal/DefaultLifecyclePluginAnalyzer$GoalSpec
instanceKlass org/apache/maven/lifecycle/internal/DefaultLifecyclePluginAnalyzer
instanceKlass org/apache/maven/exception/ExceptionSummary
instanceKlass org/apache/maven/exception/DefaultExceptionHandler
instanceKlass org/apache/maven/artifact/resolver/ArtifactResolutionResult
instanceKlass org/eclipse/lsp4j/jsonrpc/messages/ResponseError
instanceKlass org/apache/maven/artifact/resolver/ArtifactResolutionRequest
instanceKlass org/eclipse/lsp4j/jsonrpc/messages/Message
instanceKlass org/eclipse/lsp4j/jsonrpc/RemoteEndpoint
instanceKlass org/apache/maven/artifact/resolver/DefaultResolutionErrorHandler
instanceKlass org/apache/maven/model/building/ModelProblemCollector
instanceKlass org/apache/maven/model/merge/ModelMerger
instanceKlass java/security/interfaces/ECPublicKey
instanceKlass org/eclipse/lsp4j/jsonrpc/services/GenericEndpoint
instanceKlass sun/security/provider/JavaKeyStore$TrustedCertEntry
instanceKlass org/eclipse/lsp4j/jsonrpc/json/StreamMessageConsumer
instanceKlass org/eclipse/lsp4j/jsonrpc/json/MessageConstants
instanceKlass org/apache/maven/model/plugin/DefaultLifecycleBindingsInjector
instanceKlass sun/security/action/OpenFileInputStreamAction
instanceKlass com/google/gson/internal/bind/ReflectiveTypeAdapterFactory$BoundField
instanceKlass com/google/gson/internal/bind/ReflectiveTypeAdapterFactory
instanceKlass org/apache/maven/plugin/DefaultBuildPluginManager
instanceKlass com/google/gson/internal/bind/JsonAdapterAnnotationTypeAdapterFactory
instanceKlass java/security/KeyStoreSpi
instanceKlass org/apache/maven/toolchain/model/TrackableBase
instanceKlass com/google/gson/internal/bind/MapTypeAdapterFactory
instanceKlass java/security/KeyStore$1
instanceKlass java/security/KeyStore
instanceKlass com/google/gson/internal/bind/CollectionTypeAdapterFactory
instanceKlass sun/security/ssl/TrustStoreManager$TrustStoreDescriptor$1
instanceKlass sun/security/util/FilePaths
instanceKlass sun/security/ssl/TrustStoreManager$TrustStoreDescriptor
instanceKlass com/google/gson/internal/bind/ArrayTypeAdapter$1
instanceKlass org/apache/maven/toolchain/DefaultToolchainsBuilder
instanceKlass sun/security/ssl/TrustStoreManager$TrustAnchorManager
instanceKlass sun/security/ssl/TrustStoreManager
instanceKlass com/google/gson/internal/bind/DateTypeAdapter$1
instanceKlass javax/net/ssl/TrustManagerFactorySpi
instanceKlass org/apache/maven/project/ProjectBuilderConfiguration
instanceKlass javax/net/ssl/TrustManagerFactory$1
instanceKlass javax/net/ssl/TrustManagerFactory
instanceKlass sun/security/ssl/SSLContextImpl$DefaultManagersHolder
instanceKlass sun/security/action/GetIntegerAction
instanceKlass org/codehaus/plexus/interpolation/Interpolator
instanceKlass org/codehaus/plexus/interpolation/BasicInterpolator
instanceKlass sun/security/ssl/SSLSessionContextImpl
instanceKlass javax/net/ssl/SSLSessionContext
instanceKlass sun/security/ssl/EphemeralKeyManager$EphemeralKeyPair
instanceKlass java/util/concurrent/atomic/AtomicLongArray
instanceKlass sun/security/ssl/EphemeralKeyManager
instanceKlass org/codehaus/plexus/interpolation/ValueSource
instanceKlass org/codehaus/plexus/interpolation/RecursionInterceptor
instanceKlass com/google/gson/internal/bind/NumberTypeAdapter$1
instanceKlass com/google/gson/internal/bind/ObjectTypeAdapter$1
instanceKlass org/apache/maven/artifact/resolver/ResolutionNode
instanceKlass com/google/gson/internal/bind/TypeAdapters$28
instanceKlass sun/security/ssl/SSLContextImpl$CustomizedSSLProtocols
instanceKlass org/apache/maven/repository/legacy/resolver/conflict/FarthestConflictResolver
instanceKlass com/google/gson/internal/bind/TypeAdapters$32
instanceKlass org/apache/maven/model/building/ModelProblem
instanceKlass org/apache/maven/project/artifact/MavenMetadataSource$ProjectRelocation
instanceKlass java/util/Currency
instanceKlass org/apache/maven/model/Dependency
instanceKlass com/google/gson/internal/bind/TypeAdapters$33
instanceKlass java/security/spec/NamedParameterSpec
instanceKlass sun/security/util/ECKeySizeParameterSpec
instanceKlass java/security/AlgorithmParametersSpi
instanceKlass java/security/AlgorithmParameters
instanceKlass sun/security/util/ECUtil
instanceKlass sun/security/ec/point/Point
instanceKlass java/util/concurrent/atomic/AtomicIntegerArray
instanceKlass org/apache/maven/repository/legacy/metadata/MetadataResolutionRequest
instanceKlass java/security/KeyPairGeneratorSpi
instanceKlass jdk/internal/jimage/ImageBufferCache$2
instanceKlass org/apache/maven/project/artifact/MavenMetadataSource
instanceKlass jdk/internal/jimage/ImageBufferCache
instanceKlass javax/crypto/KeyAgreement
instanceKlass com/google/gson/internal/bind/TypeAdapters$31
instanceKlass jdk/internal/jimage/ImageReader$SharedImageReader$LocationVisitor
instanceKlass jdk/internal/jimage/ImageLocation
instanceKlass com/google/gson/internal/bind/TypeAdapters$30
instanceKlass sun/security/ssl/JsseJce$EcAvailability
instanceKlass sun/security/ssl/SSLAlgorithmDecomposer$1
instanceKlass java/util/RegularEnumSet$EnumSetIterator
instanceKlass java/nio/file/FileTreeWalker
instanceKlass org/apache/maven/lifecycle/internal/PhaseRecorder
instanceKlass org/apache/maven/lifecycle/internal/DependencyContext
instanceKlass org/eclipse/jdt/internal/compiler/util/JRTUtil$AbstractFileVisitor
instanceKlass org/apache/maven/lifecycle/internal/ProjectIndex
instanceKlass jdk/internal/jrtfs/JrtDirectoryStream$1
instanceKlass sun/security/ssl/Utilities
instanceKlass sun/security/ssl/JsseJce
instanceKlass jdk/internal/jimage/ImageReader$Node
instanceKlass jdk/internal/jrtfs/JrtPath
instanceKlass sun/security/ssl/NamedGroup$XDHScheme
instanceKlass sun/security/ssl/NamedGroup$FFDHEScheme
instanceKlass com/google/gson/internal/bind/TypeAdapters
instanceKlass jdk/internal/jrtfs/JrtDirectoryStream
instanceKlass sun/security/ssl/NamedGroup$ECDHEScheme
instanceKlass sun/security/ssl/NamedGroup$NamedGroupScheme
instanceKlass org/apache/maven/project/DefaultProjectBuildingHelper
instanceKlass jdk/internal/jimage/decompressor/Decompressor
instanceKlass com/google/gson/internal/JavaVersion
instanceKlass sun/security/ssl/SSLCipher$1
instanceKlass jdk/internal/jimage/ImageStringsReader
instanceKlass sun/security/ssl/SSLCipher$T13CC20P1305WriteCipherGenerator
instanceKlass org/apache/maven/repository/legacy/repository/DefaultArtifactRepositoryFactory
instanceKlass sun/security/ssl/SSLCipher$T12CC20P1305WriteCipherGenerator
instanceKlass sun/security/ssl/SSLCipher$T13CC20P1305ReadCipherGenerator
instanceKlass com/google/gson/internal/reflect/ReflectionAccessor
instanceKlass sun/security/ssl/SSLCipher$T12CC20P1305ReadCipherGenerator
instanceKlass sun/security/ssl/SSLCipher$T13GcmWriteCipherGenerator
instanceKlass com/google/gson/internal/ObjectConstructor
instanceKlass com/google/gson/internal/ConstructorConstructor
instanceKlass jdk/internal/jimage/ImageHeader
instanceKlass sun/security/ssl/SSLCipher$T13GcmReadCipherGenerator
instanceKlass org/apache/maven/artifact/resolver/filter/ArtifactFilter
instanceKlass sun/security/ssl/SSLCipher$T12GcmWriteCipherGenerator
instanceKlass org/apache/maven/DefaultProjectDependenciesResolver
instanceKlass sun/security/ssl/SSLCipher$T12GcmReadCipherGenerator
instanceKlass sun/nio/ch/Util$4
instanceKlass sun/nio/ch/FileChannelImpl$Unmapper
instanceKlass jdk/internal/access/foreign/UnmapperProxy
instanceKlass com/google/gson/Gson
instanceKlass jdk/internal/misc/ExtendedMapMode
instanceKlass java/nio/channels/spi/AbstractInterruptibleChannel$1
instanceKlass sun/nio/ch/Interruptible
instanceKlass org/apache/maven/repository/DefaultMirrorSelector
instanceKlass java/nio/channels/FileChannel$MapMode
instanceKlass jdk/internal/jimage/BasicImageReader$2
instanceKlass com/sun/crypto/provider/AESConstants
instanceKlass jdk/internal/jimage/BasicImageReader$1
instanceKlass org/apache/maven/wagon/observers/ChecksumObserver
instanceKlass com/google/gson/internal/sql/SqlTimestampTypeAdapter$1
instanceKlass jdk/internal/jimage/ImageReader$Node
instanceKlass org/apache/maven/wagon/repository/Repository
instanceKlass jdk/internal/jimage/ImageStrings
instanceKlass javax/crypto/JceSecurityManager$1
instanceKlass jdk/internal/jimage/BasicImageReader
instanceKlass sun/security/ssl/SSLCipher$T11BlockWriteCipherGenerator
instanceKlass com/google/gson/internal/sql/SqlTimeTypeAdapter$1
instanceKlass sun/security/ssl/SSLCipher$T11BlockReadCipherGenerator
instanceKlass com/sun/crypto/provider/PKCS5Padding
instanceKlass com/sun/crypto/provider/Padding
instanceKlass com/sun/crypto/provider/FeedbackCipher
instanceKlass com/google/gson/internal/sql/SqlDateTypeAdapter$1
instanceKlass org/apache/maven/repository/legacy/DefaultWagonManager
instanceKlass com/sun/crypto/provider/SymmetricCipher
instanceKlass com/sun/crypto/provider/DESConstants
instanceKlass com/sun/crypto/provider/CipherCore
instanceKlass com/google/gson/stream/JsonWriter
instanceKlass jdk/internal/jimage/ImageReader
instanceKlass com/google/gson/stream/JsonReader
instanceKlass sun/security/ssl/SSLCipher$T10BlockWriteCipherGenerator
instanceKlass sun/security/ssl/SSLCipher$T10BlockReadCipherGenerator
instanceKlass javax/crypto/CipherSpi
instanceKlass javax/crypto/ProviderVerifier
instanceKlass org/codehaus/plexus/component/repository/ComponentSetDescriptor
instanceKlass javax/crypto/JceSecurity$2
instanceKlass jdk/internal/jrtfs/SystemImage$2
instanceKlass javax/crypto/JceSecurity$IdentityWrapper
instanceKlass org/apache/maven/plugin/PluginDescriptorCache$Key
instanceKlass org/apache/maven/plugin/DefaultPluginDescriptorCache
instanceKlass java/util/Vector$1
instanceKlass jdk/internal/jrtfs/SystemImage
instanceKlass com/google/gson/internal/bind/DefaultDateTypeAdapter$DateType
instanceKlass javax/crypto/CryptoPolicyParser$CryptoPermissionEntry
instanceKlass com/google/gson/internal/sql/SqlTypesSupport
instanceKlass javax/crypto/CryptoPolicyParser$GrantEntry
instanceKlass java/io/StreamTokenizer
instanceKlass javax/crypto/CryptoPolicyParser
instanceKlass jdk/internal/jrtfs/JrtPath
instanceKlass org/apache/maven/execution/ExecutionEvent
instanceKlass org/apache/maven/lifecycle/internal/DefaultExecutionEventCatapult
instanceKlass org/eclipse/lsp4j/jsonrpc/json/adapters/MessageTypeAdapter$Factory
instanceKlass org/eclipse/lsp4j/jsonrpc/json/adapters/EnumTypeAdapter$Factory
instanceKlass java/nio/file/Files$1
instanceKlass org/eclipse/lsp4j/jsonrpc/json/adapters/TupleTypeAdapters$TwoTypeAdapterFactory
instanceKlass sun/nio/fs/WindowsFileSystem$2
instanceKlass java/nio/file/PathMatcher
instanceKlass org/eclipse/lsp4j/jsonrpc/json/adapters/EitherTypeAdapter$Factory
instanceKlass sun/nio/fs/Globs
instanceKlass org/eclipse/lsp4j/jsonrpc/json/adapters/ThrowableTypeAdapter$Factory
instanceKlass javax/crypto/JceSecurity$1
instanceKlass org/apache/maven/repository/legacy/resolver/transform/DefaultArtifactTransformationManager
instanceKlass javax/crypto/JceSecurity
instanceKlass org/eclipse/lsp4j/jsonrpc/json/adapters/CollectionTypeAdapter$Factory
instanceKlass javax/crypto/Cipher$Transform
instanceKlass javax/crypto/Cipher
instanceKlass org/apache/maven/lifecycle/internal/ReactorBuildStatus
instanceKlass sun/security/ssl/SSLCipher$StreamWriteCipherGenerator
instanceKlass sun/security/ssl/SSLCipher$StreamReadCipherGenerator
instanceKlass sun/security/ssl/SSLCipher$NullWriteCipherGenerator
instanceKlass org/apache/maven/lifecycle/internal/ProjectBuildList
instanceKlass sun/security/ssl/SSLCipher$WriteCipherGenerator
instanceKlass sun/security/ssl/SSLCipher$NullReadCipherGenerator
instanceKlass sun/security/ssl/SSLCipher$ReadCipherGenerator
instanceKlass org/apache/maven/lifecycle/internal/ReactorContext
instanceKlass org/apache/maven/lifecycle/internal/builder/singlethreaded/SingleThreadedBuilder
instanceKlass jdk/internal/jrtfs/JrtFileSystemProvider$1
instanceKlass org/codehaus/plexus/component/configurator/ConfigurationListener
instanceKlass org/codehaus/classworlds/ClassRealm
instanceKlass org/codehaus/plexus/component/configurator/AbstractComponentConfigurator
instanceKlass org/apache/maven/repository/metadata/MetadataGraphEdge
instanceKlass sun/security/ssl/SSLAlgorithmConstraints
instanceKlass java/nio/channels/AsynchronousFileChannel
instanceKlass org/apache/maven/repository/metadata/DefaultGraphConflictResolutionPolicy
instanceKlass org/apache/maven/artifact/repository/metadata/Metadata
instanceKlass sun/security/ssl/SSLLogger
instanceKlass com/google/gson/JsonElement
instanceKlass org/apache/maven/plugin/version/internal/DefaultPluginVersionResolver$Versions
instanceKlass org/apache/maven/plugin/version/internal/DefaultPluginVersionResult
instanceKlass org/apache/maven/plugin/version/internal/DefaultPluginVersionResolver$Key
instanceKlass java/nio/file/spi/FileSystemProvider$1
instanceKlass org/apache/maven/plugin/version/PluginVersionResult
instanceKlass org/eclipse/aether/version/VersionScheme
instanceKlass org/apache/maven/plugin/version/internal/DefaultPluginVersionResolver
instanceKlass org/eclipse/jdt/internal/compiler/util/JrtFileSystem
instanceKlass org/apache/maven/artifact/repository/metadata/Versioning
instanceKlass com/google/gson/internal/Excluder
instanceKlass org/eclipse/jdt/internal/compiler/util/Jdk
instanceKlass sun/security/ec/SunEC$1
instanceKlass com/google/gson/ToNumberStrategy
instanceKlass org/apache/maven/artifact/repository/metadata/RepositoryMetadata
instanceKlass org/apache/maven/artifact/metadata/ArtifactMetadata
instanceKlass org/apache/maven/repository/legacy/metadata/ArtifactMetadata
instanceKlass com/google/gson/FieldNamingStrategy
instanceKlass com/google/gson/GsonBuilder
instanceKlass org/eclipse/jdt/internal/compiler/util/JRTUtil
instanceKlass org/apache/maven/artifact/repository/RepositoryRequest
instanceKlass org/eclipse/lsp4j/jsonrpc/messages/CancelParams
instanceKlass org/eclipse/jdt/internal/core/JavaProject$1
instanceKlass sun/security/jca/ProviderConfig$ProviderLoader
instanceKlass sun/security/jca/ProviderConfig$3
instanceKlass javax/net/ssl/SSLContextSpi
instanceKlass javax/net/ssl/SSLContext
instanceKlass org/apache/maven/artifact/handler/DefaultArtifactHandler
instanceKlass org/eclipse/jdt/internal/compiler/util/ObjectVector
instanceKlass javax/net/ssl/SSLSocketFactory$1
instanceKlass javax/net/ssl/SSLSocketFactory$DefaultFactoryHolder
instanceKlass org/eclipse/lsp4j/jsonrpc/json/MessageJsonHandler
instanceKlass javax/net/SocketFactory
instanceKlass javax/net/ssl/HttpsURLConnection$DefaultHostnameVerifier
instanceKlass javax/net/ssl/HostnameVerifier
instanceKlass org/eclipse/buildship/core/internal/operation/DefaultToolingApiOperationManager$WorkspaceRunnableAdapter
instanceKlass org/eclipse/jdt/core/ClasspathContainerInitializer$1
instanceKlass org/eclipse/buildship/core/internal/workspace/GradleClasspathContainerInitializer$ResultHander
instanceKlass org/eclipse/jdt/ls/core/internal/handlers/DocumentSymbolHandler
instanceKlass org/eclipse/buildship/core/GradleCore
instanceKlass org/apache/maven/lifecycle/internal/DefaultMojoExecutionConfigurator
instanceKlass org/gradle/tooling/model/eclipse/EclipseClasspathEntry
instanceKlass org/eclipse/buildship/core/internal/workspace/GradleClasspathContainerUpdater
instanceKlass org/eclipse/buildship/core/internal/util/gradle/PublishedGradleVersions
instanceKlass org/eclipse/buildship/core/internal/operation/BaseToolingApiOperation
instanceKlass org/eclipse/jdt/ls/core/internal/handlers/BuildWorkspaceHandler
instanceKlass org/apache/maven/lifecycle/mapping/DefaultLifecycleMapping
instanceKlass org/eclipse/jdt/ls/core/internal/handlers/PrepareRenameHandler
instanceKlass org/eclipse/buildship/core/internal/operation/ToolingApiJob$DefaultResultHandler
instanceKlass org/gradle/internal/exceptions/MultiCauseException
instanceKlass org/eclipse/jdt/ls/core/internal/handlers/NavigateToTypeDefinitionHandler
instanceKlass org/eclipse/sisu/space/asm/Item
instanceKlass org/eclipse/jdt/ls/core/internal/handlers/ReferencesHandler
instanceKlass org/gradle/initialization/DefaultBuildCancellationToken
instanceKlass org/eclipse/sisu/space/asm/ByteVector
instanceKlass org/gradle/initialization/BuildCancellationToken
instanceKlass org/eclipse/jdt/ls/core/internal/handlers/CodeLensHandler
instanceKlass org/eclipse/jdt/ls/core/internal/handlers/CodeActionResolveHandler
instanceKlass org/eclipse/sisu/space/asm/FieldVisitor
instanceKlass org/eclipse/jdt/ls/core/internal/handlers/CompletionHandler
instanceKlass org/gradle/tooling/internal/consumer/DefaultCancellationTokenSource$CancellationTokenImpl
instanceKlass org/gradle/tooling/internal/consumer/CancellationTokenInternal
instanceKlass org/gradle/tooling/CancellationToken
instanceKlass org/gradle/tooling/internal/consumer/DefaultCancellationTokenSource
instanceKlass org/eclipse/jdt/ls/core/internal/handlers/HoverHandler
instanceKlass org/eclipse/sisu/space/asm/MethodVisitor
instanceKlass org/eclipse/jdt/ls/core/internal/handlers/SignatureHelpHandler
instanceKlass org/gradle/internal/service/DefaultServiceRegistry$ClassInspector$ClassDetails
instanceKlass org/eclipse/jdt/ls/core/internal/handlers/CompletionResolveHandler
instanceKlass org/eclipse/jdt/ls/core/internal/handlers/NavigateToDefinitionHandler
instanceKlass org/eclipse/aether/RequestTrace
instanceKlass org/gradle/internal/reflect/JavaMethod
instanceKlass org/eclipse/jdt/ls/core/internal/handlers/RenameHandler
instanceKlass org/apache/maven/plugin/prefix/PluginPrefixRequest
instanceKlass org/eclipse/jdt/ls/core/internal/handlers/SaveActionHandler
instanceKlass org/apache/maven/plugin/prefix/PluginPrefixResult
instanceKlass org/eclipse/aether/metadata/Metadata
instanceKlass org/eclipse/jdt/ls/core/internal/handlers/CodeActionHandler
instanceKlass org/gradle/internal/service/AbstractServiceMethod
instanceKlass org/gradle/tooling/internal/consumer/DistributionFactory
instanceKlass org/apache/maven/plugin/prefix/internal/DefaultPluginPrefixResolver
instanceKlass org/gradle/tooling/internal/consumer/ConnectionFactory
instanceKlass org/eclipse/lsp4j/AbstractWorkDoneProgressOptions
instanceKlass org/gradle/internal/time/Clock
instanceKlass org/apache/maven/project/path/DefaultPathTranslator
instanceKlass org/eclipse/lsp4j/WorkDoneProgressOptions
instanceKlass org/gradle/internal/service/RelevantMethodsBuilder
instanceKlass org/gradle/internal/service/ServiceMethod
instanceKlass org/eclipse/aether/collection/DependencyManager
instanceKlass org/gradle/internal/service/ReflectionBasedServiceMethodFactory
instanceKlass org/eclipse/lsp4j/proposed/InlayHint
instanceKlass org/eclipse/aether/artifact/ArtifactTypeRegistry
instanceKlass org/eclipse/aether/resolution/ResolutionErrorPolicy
instanceKlass org/eclipse/aether/transform/FileTransformerManager
instanceKlass org/gradle/internal/service/DefaultServiceMethodFactory
instanceKlass org/eclipse/aether/collection/DependencyTraverser
instanceKlass org/eclipse/lsp4j/proposed/InlayHintParams
instanceKlass org/eclipse/aether/repository/AuthenticationSelector
instanceKlass org/eclipse/aether/repository/LocalRepositoryManager
instanceKlass org/eclipse/aether/collection/VersionFilter
instanceKlass org/eclipse/aether/repository/MirrorSelector
instanceKlass org/gradle/internal/service/ServiceMethodFactory
instanceKlass org/gradle/internal/service/RelevantMethods
instanceKlass org/eclipse/jdt/ls/core/internal/handlers/InferSelectionHandler$SelectionInfo
instanceKlass org/eclipse/aether/repository/LocalRepository
instanceKlass org/eclipse/aether/repository/ArtifactRepository
instanceKlass org/gradle/internal/service/DefaultServiceRegistry$ClassInspector
instanceKlass org/eclipse/aether/SessionData
instanceKlass org/eclipse/aether/repository/ProxySelector
instanceKlass sun/reflect/generics/tree/BooleanSignature
instanceKlass org/eclipse/jdt/ls/core/internal/handlers/HashCodeEqualsHandler$CheckHashCodeEqualsResponse
instanceKlass org/eclipse/aether/RepositoryEvent
instanceKlass org/gradle/internal/service/DefaultServiceRegistry$ThisAsService
instanceKlass org/eclipse/jdt/ls/core/internal/handlers/OverrideMethodsHandler$OverridableMethodsResponse
instanceKlass org/gradle/internal/concurrent/CompositeStoppable$1
instanceKlass org/eclipse/jdt/ls/core/internal/handlers/GenerateToStringHandler$CheckToStringResponse
instanceKlass org/apache/maven/classrealm/ClassRealmRequest
instanceKlass org/eclipse/jdt/ls/core/internal/codemanipulation/GenerateGetterSetterOperation$AccessorField
instanceKlass org/codehaus/plexus/util/Scanner
instanceKlass sun/reflect/generics/tree/ArrayTypeSignature
instanceKlass org/codehaus/plexus/logging/AbstractLogEnabled
instanceKlass org/gradle/internal/concurrent/CompositeStoppable
instanceKlass org/eclipse/jdt/ls/core/internal/handlers/GenerateConstructorsHandler$CheckConstructorsResponse
instanceKlass org/eclipse/jdt/ls/core/internal/handlers/MoveHandler$MoveDestinationsResponse
instanceKlass org/gradle/internal/service/AnnotatedServiceLifecycleHandler$Registration
instanceKlass org/gradle/internal/service/DefaultServiceRegistry$OwnServices
instanceKlass org/eclipse/jdt/ls/core/internal/handlers/GenerateDelegateMethodsHandler$CheckDelegateMethodsResponse
instanceKlass org/eclipse/jdt/ls/core/internal/handlers/GetRefactorEditHandler$RefactorWorkspaceEdit
instanceKlass org/eclipse/jdt/ls/core/internal/handlers/GenerateAccessorsHandler$GenerateAccessorsParams
instanceKlass org/gradle/tooling/internal/consumer/ExecutorServiceFactory
instanceKlass org/eclipse/jdt/ls/core/internal/handlers/InferSelectionHandler$InferSelectionParams
instanceKlass org/gradle/internal/Factory
instanceKlass org/gradle/internal/operations/BuildOperationIdFactory
instanceKlass org/gradle/internal/concurrent/ExecutorFactory
instanceKlass org/eclipse/aether/collection/DependencySelector
instanceKlass org/eclipse/jdt/ls/core/internal/handlers/GetRefactorEditHandler$GetRefactorEditParams
instanceKlass org/gradle/tooling/internal/consumer/loader/ToolingImplementationLoader
instanceKlass org/eclipse/aether/resolution/ArtifactDescriptorPolicy
instanceKlass org/eclipse/jdt/ls/core/internal/handlers/GenerateToStringHandler$GenerateToStringParams
instanceKlass org/gradle/tooling/internal/consumer/LoggingProvider
instanceKlass org/eclipse/lsp4j/extended/ProjectBuildParams
instanceKlass org/apache/maven/plugin/PluginArtifactsCache$CacheRecord
instanceKlass org/eclipse/jdt/ls/core/internal/handlers/FindLinksHandler$FindLinksParams
instanceKlass org/apache/maven/plugin/PluginArtifactsCache$Key
instanceKlass org/gradle/internal/service/ServiceRegistration
instanceKlass org/eclipse/lsp4j/extended/ProjectConfigurationsUpdateParam
instanceKlass org/gradle/internal/service/ServiceProvider$Visitor
instanceKlass org/apache/maven/plugin/PluginRealmCache$CacheRecord
instanceKlass org/eclipse/lsp4j/TextDocumentIdentifier
instanceKlass org/apache/maven/plugin/PluginRealmCache$Key
instanceKlass org/eclipse/jdt/ls/core/internal/handlers/OverrideMethodsHandler$AddOverridableMethodParams
instanceKlass org/eclipse/jdt/ls/core/internal/handlers/HashCodeEqualsHandler$GenerateHashCodeEqualsParams
instanceKlass org/gradle/internal/service/DefaultServiceRegistry$ManagedObjectServiceProvider
instanceKlass org/gradle/internal/service/Service
instanceKlass org/apache/maven/project/ProjectRealmCache$CacheRecord
instanceKlass org/eclipse/jdt/ls/core/internal/handlers/GenerateConstructorsHandler$GenerateConstructorsParams
instanceKlass org/apache/maven/project/ProjectRealmCache$Key
instanceKlass org/eclipse/jdt/ls/core/internal/handlers/GenerateDelegateMethodsHandler$GenerateDelegateMethodsParams
instanceKlass org/eclipse/m2e/core/internal/project/ProjectCachePlunger
instanceKlass org/eclipse/jdt/ls/core/internal/handlers/MoveHandler$MoveParams
instanceKlass org/gradle/internal/service/ServiceProvider
instanceKlass org/gradle/internal/concurrent/Stoppable
instanceKlass org/gradle/tooling/CancellationTokenSource
instanceKlass org/apache/maven/plugin/ExtensionRealmCache$CacheRecord
instanceKlass org/apache/maven/plugin/ExtensionRealmCache$Key
instanceKlass org/eclipse/lsp4j/DeleteFilesParams
instanceKlass org/eclipse/lsp4j/CreateFilesParams
instanceKlass org/gradle/internal/service/DefaultServiceRegistry
instanceKlass org/apache/maven/artifact/repository/ArtifactRepositoryPolicy
instanceKlass org/eclipse/lsp4j/RenameFilesParams
instanceKlass org/eclipse/lsp4j/DidChangeWorkspaceFoldersParams
instanceKlass org/apache/maven/project/artifact/DefaultMavenMetadataCache$CacheKey
instanceKlass org/eclipse/lsp4j/DidChangeConfigurationParams
instanceKlass org/apache/maven/repository/legacy/metadata/ResolutionGroup
instanceKlass org/eclipse/lsp4j/DidChangeWatchedFilesParams
instanceKlass org/gradle/internal/service/ContainsServices
instanceKlass org/gradle/internal/service/ServiceRegistry
instanceKlass org/gradle/internal/service/ServiceLookup
instanceKlass org/eclipse/sisu/inject/Guice4
instanceKlass org/eclipse/lsp4j/PrepareRenameResult
instanceKlass com/google/inject/spi/ProviderWithExtensionVisitor
instanceKlass org/eclipse/lsp4j/Range
instanceKlass org/gradle/tooling/internal/consumer/ConnectorServices
instanceKlass org/eclipse/lsp4j/adapters/PrepareRenameResponseAdapter
instanceKlass org/eclipse/lsp4j/ColorPresentation
instanceKlass org/codehaus/plexus/component/repository/ComponentDescriptor
instanceKlass org/eclipse/lsp4j/Moniker
instanceKlass org/gradle/tooling/internal/consumer/ProjectConnectionCloseListener
instanceKlass org/eclipse/lsp4j/LinkedEditingRanges
instanceKlass org/gradle/tooling/GradleConnector
instanceKlass org/eclipse/sisu/plexus/PlexusBean
instanceKlass org/eclipse/lsp4j/ColorInformation
instanceKlass org/eclipse/lsp4j/TextEdit
instanceKlass org/eclipse/buildship/core/internal/workspace/NewProjectHandler$2
instanceKlass org/sonatype/inject/Parameters
instanceKlass org/eclipse/buildship/core/internal/workspace/NewProjectHandler$1
instanceKlass org/eclipse/sisu/plexus/PlexusXmlBeanConverter
instanceKlass org/eclipse/buildship/core/internal/workspace/NewProjectHandler
instanceKlass org/eclipse/lsp4j/Command
instanceKlass org/eclipse/sisu/plexus/PlexusBeanConverter
instanceKlass org/eclipse/lsp4j/adapters/CodeActionResponseAdapter
instanceKlass org/eclipse/lsp4j/SignatureHelp
instanceKlass com/google/inject/spi/TypeConverterBinding
instanceKlass org/eclipse/buildship/core/internal/workspace/DefaultModelProvider
instanceKlass org/eclipse/lsp4j/Hover
instanceKlass org/eclipse/buildship/core/internal/operation/ToolingApiOperation
instanceKlass org/eclipse/buildship/core/SynchronizationResult
instanceKlass org/eclipse/buildship/core/internal/workspace/ModelProvider
instanceKlass org/eclipse/lsp4j/FoldingRange
instanceKlass com/google/inject/spi/ProvisionListenerBinding
instanceKlass org/eclipse/buildship/core/internal/DefaultGradleBuild
instanceKlass com/google/inject/spi/TypeListenerBinding
instanceKlass org/eclipse/lsp4j/CompletionList
instanceKlass org/eclipse/sisu/bean/BeanListener
instanceKlass org/eclipse/lsp4j/SelectionRange
instanceKlass org/eclipse/buildship/core/internal/preferences/AbsentPersistentModel
instanceKlass com/google/inject/matcher/Matchers
instanceKlass org/eclipse/lsp4j/CallHierarchyOutgoingCall
instanceKlass org/eclipse/sisu/bean/PropertyBinder
instanceKlass org/eclipse/sisu/plexus/PlexusBeanBinder
instanceKlass com/google/common/cache/LocalCache$AbstractReferenceEntry
instanceKlass com/google/inject/spi/InjectionListener
instanceKlass org/eclipse/lsp4j/TypeHierarchyItem
instanceKlass org/sonatype/plexus/components/sec/dispatcher/DefaultSecDispatcher
instanceKlass org/sonatype/plexus/components/cipher/DefaultPlexusCipher
instanceKlass org/eclipse/lsp4j/SemanticTokensDelta
instanceKlass org/sonatype/plexus/components/cipher/PlexusCipher
instanceKlass org/eclipse/lsp4j/SemanticTokens
instanceKlass org/eclipse/lsp4j/adapters/SemanticTokensFullDeltaResponseAdapter
instanceKlass org/apache/maven/settings/validation/DefaultSettingsValidator
instanceKlass org/eclipse/lsp4j/CallHierarchyIncomingCall
instanceKlass org/apache/maven/settings/validation/SettingsValidator
instanceKlass org/eclipse/lsp4j/CallHierarchyItem
instanceKlass org/apache/maven/settings/io/DefaultSettingsWriter
instanceKlass org/apache/maven/settings/io/SettingsWriter
instanceKlass com/google/common/base/ExtraObjectsMethodsForWeb
instanceKlass org/apache/maven/settings/io/DefaultSettingsReader
instanceKlass org/eclipse/buildship/core/internal/configuration/DefaultProjectConfiguration
instanceKlass org/apache/maven/settings/io/SettingsReader
instanceKlass org/eclipse/buildship/core/internal/configuration/WorkspaceConfiguration
instanceKlass org/apache/maven/settings/crypto/DefaultSettingsDecrypter
instanceKlass org/apache/maven/settings/crypto/SettingsDecrypter
instanceKlass org/eclipse/lsp4j/DocumentSymbol
instanceKlass org/apache/maven/settings/building/DefaultSettingsBuilder
instanceKlass org/eclipse/buildship/core/internal/configuration/DefaultBuildConfiguration
instanceKlass org/eclipse/lsp4j/SymbolInformation
instanceKlass org/eclipse/aether/transport/wagon/WagonTransporterFactory
instanceKlass org/eclipse/aether/spi/connector/transport/TransporterFactory
instanceKlass org/eclipse/lsp4j/adapters/DocumentSymbolResponseAdapter
instanceKlass org/eclipse/buildship/core/internal/configuration/BuildConfigurationProperties
instanceKlass org/eclipse/aether/internal/transport/wagon/PlexusWagonProvider
instanceKlass org/eclipse/lsp4j/LocationLink
instanceKlass org/eclipse/aether/transport/wagon/WagonProvider
instanceKlass com/google/common/base/AbstractIterator$1
instanceKlass org/eclipse/lsp4j/Location
instanceKlass org/eclipse/aether/internal/transport/wagon/PlexusWagonConfigurator
instanceKlass org/eclipse/aether/transport/wagon/WagonConfigurator
instanceKlass com/google/common/base/Splitter$5
instanceKlass org/apache/maven/repository/internal/VersionsMetadataGeneratorFactory
instanceKlass com/google/gson/internal/$Gson$Types$WildcardTypeImpl
instanceKlass com/google/common/base/AbstractIterator
instanceKlass org/apache/maven/repository/internal/SnapshotMetadataGeneratorFactory
instanceKlass org/eclipse/aether/impl/MetadataGeneratorFactory
instanceKlass com/google/common/base/Splitter$1
instanceKlass org/apache/maven/repository/internal/DefaultVersionResolver
instanceKlass com/google/gson/internal/$Gson$Preconditions
instanceKlass org/eclipse/aether/impl/VersionResolver
instanceKlass com/google/gson/internal/$Gson$Types$ParameterizedTypeImpl
instanceKlass com/google/gson/internal/$Gson$Types
instanceKlass org/apache/maven/repository/internal/DefaultVersionRangeResolver
instanceKlass com/google/gson/TypeAdapter
instanceKlass org/eclipse/aether/impl/VersionRangeResolver
instanceKlass com/google/gson/reflect/TypeToken
instanceKlass org/apache/maven/repository/internal/DefaultArtifactDescriptorReader
instanceKlass org/eclipse/lsp4j/jsonrpc/messages/Either
instanceKlass org/eclipse/aether/impl/ArtifactDescriptorReader
instanceKlass sun/reflect/generics/tree/Wildcard
instanceKlass sun/reflect/generics/tree/BottomSignature
instanceKlass org/eclipse/aether/internal/impl/slf4j/Slf4jLoggerFactory
instanceKlass com/google/common/base/CharMatcher
instanceKlass org/eclipse/aether/internal/impl/collect/DefaultDependencyCollector
instanceKlass org/eclipse/lsp4j/adapters/LocationLinkListAdapter
instanceKlass com/google/gson/TypeAdapterFactory
instanceKlass org/eclipse/aether/impl/DependencyCollector
instanceKlass com/google/common/base/Splitter$Strategy
instanceKlass com/google/common/base/Splitter
instanceKlass org/eclipse/lsp4j/WorkspaceEdit
instanceKlass org/eclipse/aether/internal/impl/SimpleLocalRepositoryManagerFactory
instanceKlass org/eclipse/aether/internal/impl/Maven2RepositoryLayoutFactory
instanceKlass org/eclipse/aether/spi/connector/layout/RepositoryLayoutFactory
instanceKlass com/google/common/collect/Iterables
instanceKlass org/eclipse/aether/spi/log/LoggerFactory
instanceKlass org/eclipse/aether/internal/impl/LoggerFactoryProvider
instanceKlass org/eclipse/aether/internal/impl/EnhancedLocalRepositoryManagerFactory
instanceKlass org/eclipse/aether/spi/localrepo/LocalRepositoryManagerFactory
instanceKlass org/eclipse/buildship/core/internal/workspace/DefaultWorkspaceOperations$2
instanceKlass org/eclipse/lsp4j/DocumentRangeFormattingParams
instanceKlass org/eclipse/aether/internal/impl/DefaultUpdatePolicyAnalyzer
instanceKlass org/eclipse/aether/impl/UpdatePolicyAnalyzer
instanceKlass com/google/common/base/Optional
instanceKlass org/eclipse/lsp4j/DocumentFormattingParams
instanceKlass org/eclipse/aether/internal/impl/DefaultUpdateCheckManager
instanceKlass com/google/common/collect/FluentIterable
instanceKlass org/eclipse/lsp4j/CodeLens
instanceKlass org/eclipse/aether/impl/UpdateCheckManager
instanceKlass org/eclipse/lsp4j/CodeAction
instanceKlass org/eclipse/aether/internal/impl/DefaultTransporterProvider
instanceKlass org/eclipse/aether/spi/connector/transport/TransporterProvider
instanceKlass org/eclipse/aether/internal/impl/DefaultSyncContextFactory
instanceKlass org/eclipse/aether/impl/SyncContextFactory
instanceKlass org/eclipse/buildship/core/internal/util/file/RelativePathUtils
instanceKlass org/eclipse/lsp4j/WillSaveTextDocumentParams
instanceKlass org/eclipse/aether/internal/impl/DefaultRepositorySystem
instanceKlass org/eclipse/aether/RepositorySystem
instanceKlass org/eclipse/buildship/core/internal/configuration/PreferenceStore
instanceKlass org/eclipse/aether/internal/impl/DefaultRepositoryLayoutProvider
instanceKlass org/eclipse/lsp4j/CompletionItem
instanceKlass org/eclipse/aether/spi/connector/layout/RepositoryLayoutProvider
instanceKlass org/eclipse/buildship/core/internal/extension/DefaultExtensionManager
instanceKlass org/eclipse/aether/internal/impl/DefaultRepositoryEventDispatcher
instanceKlass org/eclipse/buildship/core/internal/operation/DefaultToolingApiOperationManager
instanceKlass org/eclipse/aether/impl/RepositoryEventDispatcher
instanceKlass org/eclipse/lsp4j/ResolveTypeHierarchyItemParams
instanceKlass org/eclipse/aether/internal/impl/DefaultRepositoryConnectorProvider
instanceKlass org/eclipse/buildship/core/internal/launch/DefaultExternalLaunchConfigurationManager$LaunchConfigurationListener
instanceKlass org/eclipse/aether/impl/RepositoryConnectorProvider
instanceKlass org/eclipse/buildship/core/internal/launch/DefaultExternalLaunchConfigurationManager
instanceKlass org/eclipse/aether/internal/impl/DefaultRemoteRepositoryManager
instanceKlass org/eclipse/aether/impl/RemoteRepositoryManager
instanceKlass org/eclipse/lsp4j/DocumentLink
instanceKlass org/eclipse/buildship/core/internal/configuration/BuildConfigurationPersistence
instanceKlass org/eclipse/aether/internal/impl/DefaultOfflineController
instanceKlass org/eclipse/aether/impl/OfflineController
instanceKlass org/eclipse/lsp4j/DidSaveTextDocumentParams
instanceKlass org/eclipse/lsp4j/DidChangeTextDocumentParams
instanceKlass org/eclipse/aether/internal/impl/DefaultMetadataResolver
instanceKlass org/eclipse/buildship/core/internal/configuration/WorkspaceConfigurationPersistence
instanceKlass org/eclipse/lsp4j/DidCloseTextDocumentParams
instanceKlass org/eclipse/aether/impl/MetadataResolver
instanceKlass org/eclipse/lsp4j/DidOpenTextDocumentParams
instanceKlass org/eclipse/lsp4j/WorkDoneProgressAndPartialResultParams
instanceKlass org/eclipse/aether/internal/impl/DefaultLocalRepositoryProvider
instanceKlass org/eclipse/buildship/core/internal/configuration/RunConfiguration
instanceKlass org/eclipse/aether/impl/LocalRepositoryProvider
instanceKlass org/eclipse/buildship/core/GradleDistribution
instanceKlass org/eclipse/aether/internal/impl/DefaultInstaller
instanceKlass org/eclipse/buildship/core/internal/launch/BaseRunConfigurationAttributes
instanceKlass org/eclipse/aether/impl/Installer
instanceKlass org/eclipse/buildship/core/internal/configuration/TestRunConfiguration
instanceKlass org/eclipse/buildship/core/internal/configuration/BaseRunConfiguration
instanceKlass org/eclipse/aether/internal/impl/DefaultFileProcessor
instanceKlass org/eclipse/aether/spi/io/FileProcessor
instanceKlass org/eclipse/buildship/core/internal/configuration/ProjectConfiguration
instanceKlass org/eclipse/buildship/core/internal/configuration/BuildConfiguration
instanceKlass org/eclipse/lsp4j/InitializeResult
instanceKlass org/eclipse/aether/internal/impl/DefaultDeployer
instanceKlass org/eclipse/aether/impl/Deployer
instanceKlass org/eclipse/buildship/core/internal/configuration/DefaultConfigurationManager
instanceKlass org/eclipse/lsp4j/WorkDoneProgressCancelParams
instanceKlass org/eclipse/lsp4j/InitializeParams
instanceKlass org/eclipse/buildship/core/internal/invocation/InvocationCustomizerCollector
instanceKlass org/eclipse/lsp4j/InitializedParams
instanceKlass org/eclipse/buildship/core/internal/operation/ToolingApiJobResultHandler
instanceKlass org/eclipse/aether/internal/impl/DefaultChecksumPolicyProvider
instanceKlass org/eclipse/jdt/ls/core/internal/JavaClientConnection
instanceKlass org/eclipse/buildship/core/internal/workspace/SynchronizingBuildScriptUpdateListener
instanceKlass org/eclipse/aether/spi/connector/checksum/ChecksumPolicyProvider
instanceKlass org/eclipse/buildship/core/internal/configuration/GradleProjectNature
instanceKlass org/eclipse/aether/internal/impl/DefaultArtifactResolver
instanceKlass org/eclipse/buildship/core/internal/workspace/ProjectChangeListener
instanceKlass org/eclipse/aether/impl/ArtifactResolver
instanceKlass org/eclipse/lsp4j/jsonrpc/CancelChecker
instanceKlass jdk/internal/vm/annotation/IntrinsicCandidate
instanceKlass org/eclipse/buildship/core/internal/preferences/PersistentModel
instanceKlass org/eclipse/aether/connector/basic/BasicRepositoryConnectorFactory
instanceKlass java/lang/Deprecated
instanceKlass org/eclipse/buildship/core/internal/preferences/DefaultModelPersistence
instanceKlass org/eclipse/lsp4j/jsonrpc/json/JsonRpcMethodProvider
instanceKlass org/apache/maven/model/validation/DefaultModelValidator
instanceKlass org/eclipse/buildship/core/internal/event/EventListener
instanceKlass org/eclipse/lsp4j/jsonrpc/services/JsonDelegate
instanceKlass org/apache/maven/model/validation/ModelValidator
instanceKlass org/eclipse/buildship/core/internal/event/DefaultListenerRegistry
instanceKlass org/eclipse/jdt/ls/core/internal/EventNotification
instanceKlass org/eclipse/jdt/ls/core/internal/StatusReport
instanceKlass org/eclipse/jdt/ls/core/internal/ProgressReport
instanceKlass org/eclipse/buildship/core/internal/launch/DefaultGradleLaunchConfigurationManager
instanceKlass org/apache/maven/model/superpom/DefaultSuperPomProvider
instanceKlass org/eclipse/jdt/ls/core/internal/ActionableNotification
instanceKlass org/apache/maven/model/superpom/SuperPomProvider
instanceKlass org/eclipse/buildship/core/internal/console/StdProcessStreamsProvider$1
instanceKlass org/eclipse/buildship/core/internal/console/ProcessStreams
instanceKlass org/eclipse/lsp4j/ExecuteCommandParams
instanceKlass org/eclipse/buildship/core/internal/console/StdProcessStreamsProvider
instanceKlass org/apache/maven/model/profile/activation/PropertyProfileActivator
instanceKlass org/eclipse/buildship/core/internal/workspace/InternalGradleBuild
instanceKlass org/eclipse/lsp4j/WorkspaceFolder
instanceKlass org/apache/maven/model/profile/activation/OperatingSystemProfileActivator
instanceKlass org/eclipse/lsp4j/ShowDocumentResult
instanceKlass org/eclipse/buildship/core/internal/workspace/DefaultGradleWorkspace
instanceKlass org/apache/maven/model/profile/activation/JdkVersionProfileActivator
instanceKlass org/eclipse/lsp4j/MessageActionItem
instanceKlass org/eclipse/lsp4j/ApplyWorkspaceEditResponse
instanceKlass org/apache/maven/model/profile/activation/FileProfileActivator
instanceKlass org/apache/maven/model/profile/activation/ProfileActivator
instanceKlass org/eclipse/buildship/core/internal/event/Event
instanceKlass org/eclipse/buildship/core/internal/workspace/DefaultWorkspaceOperations
instanceKlass org/apache/maven/model/profile/DefaultProfileSelector
instanceKlass org/apache/maven/model/profile/ProfileSelector
instanceKlass org/eclipse/lsp4j/jsonrpc/services/JsonNotification
instanceKlass org/apache/maven/model/profile/DefaultProfileInjector
instanceKlass org/eclipse/lsp4j/jsonrpc/json/JsonRpcMethod
instanceKlass org/apache/maven/model/profile/ProfileInjector
instanceKlass org/eclipse/lsp4j/jsonrpc/json/ResponseJsonAdapter
instanceKlass org/apache/maven/model/plugin/DefaultReportingConverter
instanceKlass sun/reflect/generics/tree/MethodTypeSignature
instanceKlass org/apache/maven/model/plugin/ReportingConverter
instanceKlass org/eclipse/buildship/core/internal/util/logging/EclipseLogger
instanceKlass java/util/stream/Nodes$ArrayNode
instanceKlass org/apache/maven/model/plugin/DefaultReportConfigurationExpander
instanceKlass org/apache/maven/model/plugin/ReportConfigurationExpander
instanceKlass org/apache/maven/model/plugin/DefaultPluginConfigurationExpander
instanceKlass org/apache/maven/model/plugin/PluginConfigurationExpander
instanceKlass org/eclipse/buildship/core/internal/util/gradle/PublishedGradleVersionsWrapper
instanceKlass org/apache/maven/model/path/ProfileActivationFilePathInterpolator
instanceKlass org/apache/maven/model/path/DefaultUrlNormalizer
instanceKlass org/apache/maven/model/path/UrlNormalizer
instanceKlass org/eclipse/buildship/core/internal/Logger
instanceKlass org/apache/maven/model/path/DefaultPathTranslator
instanceKlass org/eclipse/lsp4j/jsonrpc/services/JsonRequest
instanceKlass org/apache/maven/model/path/PathTranslator
instanceKlass org/eclipse/lsp4j/SetTraceParams
instanceKlass org/eclipse/lsp4j/ShowDocumentParams
instanceKlass org/eclipse/buildship/core/internal/console/ProcessStreamsProvider
instanceKlass org/eclipse/buildship/core/internal/workspace/WorkspaceOperations
instanceKlass org/apache/maven/model/path/DefaultModelUrlNormalizer
instanceKlass org/apache/maven/model/path/ModelUrlNormalizer
instanceKlass org/eclipse/lsp4j/LogTraceParams
instanceKlass org/eclipse/buildship/core/internal/event/ListenerRegistry
instanceKlass org/eclipse/lsp4j/MessageParams
instanceKlass org/apache/maven/model/path/DefaultModelPathTranslator
instanceKlass org/eclipse/buildship/core/internal/launch/ExternalLaunchConfigurationManager
instanceKlass org/apache/maven/model/path/ModelPathTranslator
instanceKlass org/eclipse/lsp4j/WorkDoneProgressCreateParams
instanceKlass org/eclipse/buildship/core/internal/workspace/InternalGradleWorkspace
instanceKlass org/eclipse/lsp4j/ProgressParams
instanceKlass org/eclipse/buildship/core/GradleWorkspace
instanceKlass org/eclipse/lsp4j/ApplyWorkspaceEditParams
instanceKlass org/apache/maven/model/normalization/DefaultModelNormalizer
instanceKlass org/apache/maven/model/normalization/ModelNormalizer
instanceKlass org/eclipse/buildship/core/internal/launch/GradleLaunchConfigurationManager
instanceKlass org/eclipse/lsp4j/PublishDiagnosticsParams
instanceKlass org/eclipse/lsp4j/UnregistrationParams
instanceKlass org/eclipse/lsp4j/RegistrationParams
instanceKlass org/eclipse/buildship/core/GradleBuild
instanceKlass org/apache/maven/model/management/DefaultPluginManagementInjector
instanceKlass org/apache/maven/model/management/PluginManagementInjector
instanceKlass org/eclipse/buildship/core/internal/preferences/ModelPersistence
instanceKlass java/util/concurrent/CompletableFuture
instanceKlass org/apache/maven/model/management/DefaultDependencyManagementInjector
instanceKlass org/eclipse/buildship/core/internal/extension/ExtensionManager
instanceKlass org/apache/maven/model/management/DependencyManagementInjector
instanceKlass org/eclipse/lsp4j/ConfigurationParams
instanceKlass org/apache/maven/model/locator/DefaultModelLocator
instanceKlass org/eclipse/buildship/core/internal/operation/ToolingApiOperationManager
instanceKlass org/eclipse/lsp4j/jsonrpc/services/JsonSegment
instanceKlass org/eclipse/buildship/core/internal/configuration/ConfigurationManager
instanceKlass org/apache/maven/model/io/DefaultModelWriter
instanceKlass org/apache/maven/model/io/ModelWriter
instanceKlass org/eclipse/lsp4j/jsonrpc/services/AnnotationUtil
instanceKlass org/eclipse/buildship/core/invocation/InvocationCustomizer
instanceKlass org/apache/maven/model/io/DefaultModelReader
instanceKlass org/eclipse/buildship/core/internal/TraceScope
instanceKlass org/eclipse/lsp4j/jsonrpc/services/AnnotationUtil$MethodInfo
instanceKlass org/apache/maven/model/interpolation/AbstractStringBasedModelInterpolator
instanceKlass org/eclipse/lsp4j/jsonrpc/services/ServiceEndpoints
instanceKlass org/apache/maven/model/interpolation/ModelInterpolator
instanceKlass org/eclipse/lsp4j/jsonrpc/json/MethodProvider
instanceKlass org/eclipse/lsp4j/jsonrpc/Endpoint
instanceKlass org/apache/maven/model/interpolation/DefaultModelVersionProcessor
instanceKlass org/eclipse/lsp4j/jsonrpc/MessageProducer
instanceKlass org/eclipse/lsp4j/jsonrpc/MessageIssueHandler
instanceKlass org/apache/maven/model/interpolation/ModelVersionProcessor
instanceKlass org/eclipse/lsp4j/jsonrpc/Launcher$Builder
instanceKlass org/apache/maven/model/inheritance/DefaultInheritanceAssembler
instanceKlass org/apache/maven/model/inheritance/InheritanceAssembler
instanceKlass org/eclipse/lsp4j/jsonrpc/Launcher
instanceKlass org/apache/maven/model/composition/DefaultDependencyManagementImporter
instanceKlass org/eclipse/jdt/ls/core/internal/JavaClientConnection$JavaLanguageClient
instanceKlass org/apache/maven/model/composition/DependencyManagementImporter
instanceKlass org/eclipse/jdt/ls/core/internal/lsp/ExecuteCommandProposedClient
instanceKlass org/eclipse/lsp4j/services/LanguageClient
instanceKlass org/eclipse/jdt/internal/launching/JREContainer$RuleEntry
instanceKlass org/eclipse/lsp4j/jsonrpc/MessageConsumer
instanceKlass org/eclipse/jdt/internal/launching/JREContainer$RuleKey
instanceKlass org/eclipse/jdt/ls/core/internal/ConnectionStreamFactory$StdIOStreamProvider
instanceKlass org/eclipse/jdt/ls/core/internal/ConnectionStreamFactory$StreamProvider
instanceKlass org/eclipse/jdt/ls/core/internal/ConnectionStreamFactory
instanceKlass org/eclipse/jdt/ls/core/internal/JVMConfigurator
instanceKlass org/eclipse/jdt/ls/core/internal/javafx/FXVersionUtil
instanceKlass org/eclipse/jdt/ls/core/internal/javafx/FXAccessRuleParticipant
instanceKlass org/apache/maven/model/building/DefaultModelProcessor
instanceKlass org/apache/maven/model/building/ModelProcessor
instanceKlass org/apache/maven/model/io/ModelReader
instanceKlass org/eclipse/jdt/ls/core/internal/handlers/WorkspaceExecuteCommandHandler$CommandHandlerHolder
instanceKlass org/apache/maven/model/locator/ModelLocator
instanceKlass org/eclipse/jdt/internal/launching/environments/DefaultAccessRuleParticipant
instanceKlass org/apache/maven/model/building/DefaultModelBuilder
instanceKlass org/eclipse/jdt/ls/core/internal/handlers/WorkspaceExecuteCommandHandler
instanceKlass org/apache/maven/model/building/ModelBuilder
instanceKlass org/eclipse/jdt/internal/launching/JREContainer$1
instanceKlass org/eclipse/jdt/ls/core/internal/handlers/BaseDocumentLifeCycleHandler
instanceKlass org/eclipse/jdt/internal/launching/JREContainer
instanceKlass org/apache/maven/cli/internal/BootstrapCoreExtensionManager
instanceKlass org/eclipse/jdt/launching/environments/CompatibleEnvironment
instanceKlass org/eclipse/lsp4j/WorkDoneProgressParams
instanceKlass org/apache/maven/toolchain/io/DefaultToolchainsWriter
instanceKlass org/eclipse/jdt/internal/launching/environments/ExecutionEnvironmentAnalyzer
instanceKlass org/apache/maven/toolchain/io/ToolchainsWriter
instanceKlass org/eclipse/lsp4j/PartialResultParams
instanceKlass org/apache/maven/toolchain/io/DefaultToolchainsReader
instanceKlass org/eclipse/lsp4j/TextDocumentPositionParams
instanceKlass org/apache/maven/toolchain/io/ToolchainsReader
instanceKlass org/eclipse/jdt/launching/IVMRunner
instanceKlass org/apache/maven/toolchain/building/DefaultToolchainsBuilder
instanceKlass org/eclipse/jdt/internal/launching/CompositeId
instanceKlass org/eclipse/core/runtime/jobs/ProgressProvider
instanceKlass org/apache/maven/toolchain/building/ToolchainsBuilder
instanceKlass org/apache/maven/session/scope/internal/SessionScope$Memento
instanceKlass java/util/concurrent/Executors$DefaultThreadFactory
instanceKlass org/apache/maven/session/scope/internal/SessionScope$ScopeState
instanceKlass org/eclipse/jdt/ls/core/internal/LanguageServer
instanceKlass org/eclipse/equinox/app/IApplication
instanceKlass org/apache/maven/session/scope/internal/SessionScope$1
instanceKlass org/apache/maven/session/scope/internal/SessionScope
instanceKlass org/eclipse/jdt/launching/LibraryLocation
instanceKlass org/eclipse/core/runtime/internal/adaptor/EclipseAppLauncher
instanceKlass org/apache/maven/lifecycle/internal/LifecycleDependencyResolver
instanceKlass org/apache/maven/lifecycle/internal/DefaultProjectArtifactFactory
instanceKlass org/apache/maven/lifecycle/internal/ProjectArtifactFactory
instanceKlass org/eclipse/jdt/internal/launching/LibraryInfo
instanceKlass org/apache/maven/internal/aether/DefaultRepositorySystemSessionFactory
instanceKlass org/apache/maven/extension/internal/CoreExportsProvider
instanceKlass org/apache/maven/execution/MojoExecutionEvent
instanceKlass org/apache/maven/execution/scope/internal/MojoExecutionScope$ScopeState
instanceKlass org/apache/maven/execution/scope/MojoExecutionScoped
instanceKlass org/apache/maven/execution/scope/internal/MojoExecutionScope$1
instanceKlass org/apache/maven/execution/scope/internal/MojoExecutionScope
instanceKlass org/apache/maven/execution/MojoExecutionListener
instanceKlass org/eclipse/jdt/launching/AbstractVMInstall
instanceKlass org/eclipse/sisu/space/QualifiedTypeBinder$1
instanceKlass com/sun/jna/Structure$ByReference
instanceKlass org/eclipse/jdt/launching/IVMInstall3
instanceKlass org/eclipse/jdt/launching/IVMInstall2
instanceKlass org/apache/maven/execution/DefaultMavenExecutionRequestPopulator
instanceKlass org/apache/maven/execution/MavenExecutionRequestPopulator
instanceKlass org/apache/maven/classrealm/DefaultClassRealmManager
instanceKlass org/apache/maven/classrealm/ClassRealmManager
instanceKlass org/eclipse/jdt/internal/launching/VMDefinitionsContainer
instanceKlass com/sun/jna/Structure$StructField
instanceKlass org/apache/maven/SessionScoped
instanceKlass org/apache/maven/ReactorReader
instanceKlass com/sun/jna/Structure$LayoutInfo
instanceKlass org/apache/maven/repository/internal/MavenWorkspaceReader
instanceKlass org/eclipse/jdt/internal/launching/StandardVMType$1
instanceKlass org/apache/maven/DefaultArtifactFilterManager
instanceKlass org/apache/maven/ArtifactFilterManager
instanceKlass org/eclipse/jdt/launching/AbstractVMInstallType
instanceKlass com/sun/jna/Structure$FieldOrder
instanceKlass org/eclipse/jdt/launching/IVMInstallType
instanceKlass com/sun/jna/Klass
instanceKlass org/apache/maven/wagon/AbstractWagon
instanceKlass com/sun/jna/NativeMappedConverter
instanceKlass org/apache/maven/wagon/StreamingWagon
instanceKlass org/eclipse/equinox/internal/security/storage/SecurePreferencesWrapper
instanceKlass org/eclipse/sisu/space/WildcardKey$QualifiedImpl
instanceKlass org/eclipse/jdt/internal/launching/environments/Analyzer
instanceKlass org/eclipse/sisu/space/WildcardKey$Qualified
instanceKlass org/eclipse/jdt/launching/environments/IExecutionEnvironmentAnalyzerDelegate
instanceKlass org/eclipse/sisu/space/WildcardKey
instanceKlass org/eclipse/sisu/Typed
instanceKlass org/sonatype/inject/EagerSingleton
instanceKlass org/eclipse/jdt/internal/launching/environments/AccessRuleParticipant
instanceKlass org/eclipse/jdt/internal/launching/environments/ExecutionEnvironment$1
instanceKlass org/eclipse/equinox/security/storage/ISecurePreferences
instanceKlass org/eclipse/equinox/internal/security/storage/SecurePreferencesContainer
instanceKlass org/eclipse/sisu/EagerSingleton
instanceKlass org/eclipse/jdt/launching/environments/IAccessRuleParticipant
instanceKlass org/sonatype/inject/Mediator
instanceKlass org/eclipse/jdt/internal/launching/environments/ExecutionEnvironment
instanceKlass org/eclipse/sisu/inject/TypeArguments
instanceKlass javax/crypto/spec/PBEKeySpec
instanceKlass org/eclipse/jdt/launching/environments/IExecutionEnvironment
instanceKlass org/eclipse/equinox/internal/security/storage/PasswordExt
instanceKlass io/takari/aether/connector/AetherRepositoryConnectorFactory
instanceKlass org/eclipse/aether/spi/locator/Service
instanceKlass org/eclipse/aether/spi/connector/RepositoryConnectorFactory
instanceKlass org/eclipse/jdt/internal/launching/environments/EnvironmentsManager$1
instanceKlass org/eclipse/equinox/internal/security/storage/JavaEncryption
instanceKlass org/eclipse/sisu/space/asm/Context
instanceKlass org/eclipse/sisu/space/asm/Attribute
instanceKlass org/eclipse/jdt/internal/launching/environments/EnvironmentsManager
instanceKlass org/eclipse/sisu/space/asm/AnnotationVisitor
instanceKlass org/eclipse/equinox/security/storage/provider/IPreferencesContainer
instanceKlass org/eclipse/equinox/internal/security/storage/SecurePreferences
instanceKlass org/eclipse/sisu/space/asm/ClassReader
instanceKlass org/eclipse/equinox/internal/security/storage/friends/IStorageConstants
instanceKlass org/eclipse/sisu/space/IndexedClassFinder$1
instanceKlass org/eclipse/equinox/internal/security/storage/StorageUtils
instanceKlass org/eclipse/equinox/internal/security/storage/SecurePreferencesMapper
instanceKlass org/eclipse/equinox/security/storage/SecurePreferencesFactory
instanceKlass org/eclipse/sisu/inject/Logs$SLF4JSink
instanceKlass com/sun/jna/Function$PostCallRead
instanceKlass org/eclipse/sisu/inject/Logs$Sink
instanceKlass org/eclipse/sisu/inject/Logs
instanceKlass org/eclipse/debug/core/model/ISourceLocator
instanceKlass org/eclipse/jdt/internal/launching/sourcelookup/advanced/AdvancedSourceLookupSupport
instanceKlass org/eclipse/sisu/space/QualifierCache
instanceKlass org/eclipse/sisu/space/QualifiedTypeVisitor
instanceKlass org/eclipse/debug/internal/core/groups/GroupMemberChangeListener
instanceKlass com/sun/jna/WeakMemoryHolder
instanceKlass org/eclipse/sisu/plexus/PlexusTypeVisitor$ComponentAnnotationVisitor
instanceKlass org/eclipse/sisu/space/AnnotationVisitor
instanceKlass org/eclipse/sisu/plexus/PlexusTypeVisitor
instanceKlass com/sun/jna/NativeString
instanceKlass org/eclipse/sisu/space/ClassVisitor
instanceKlass com/sun/jna/Library$Handler$FunctionInfo
instanceKlass org/eclipse/sisu/plexus/PlexusXmlBeanModule$PlexusXmlBeanSource
instanceKlass com/sun/jna/VarArgsChecker
instanceKlass org/eclipse/core/internal/resources/ResourceProxy
instanceKlass org/eclipse/debug/internal/core/LaunchManager$ResourceProxyVisitor
instanceKlass com/sun/jna/internal/ReflectionUtils
instanceKlass org/eclipse/debug/core/ILaunchDelegate
instanceKlass com/sun/jna/Native$3
instanceKlass org/eclipse/debug/core/ILaunchMode
instanceKlass org/eclipse/core/resources/IResourceProxyVisitor
instanceKlass org/eclipse/debug/core/ILaunchConfiguration
instanceKlass org/eclipse/sisu/inject/DescriptionSource
instanceKlass org/eclipse/sisu/inject/AnnotatedSource
instanceKlass org/eclipse/sisu/Priority
instanceKlass org/eclipse/sisu/Hidden
instanceKlass org/eclipse/sisu/Description
instanceKlass org/eclipse/sisu/inject/Sources
instanceKlass com/sun/jna/NativeLibrary
instanceKlass com/google/inject/internal/MoreTypes$ParameterizedTypeImpl
instanceKlass sun/reflect/generics/reflectiveObjects/ParameterizedTypeImpl
instanceKlass com/sun/jna/Library$Handler
instanceKlass org/eclipse/jdt/launching/StandardClasspathProvider
instanceKlass sun/reflect/generics/reflectiveObjects/LazyReflectiveObjectGenerator
instanceKlass com/sun/jna/Native$2
instanceKlass org/apache/maven/wagon/Wagon
instanceKlass com/sun/jna/Structure$FFIType$FFITypes
instanceKlass com/sun/jna/Native$ffi_callback
instanceKlass com/sun/jna/JNIEnv
instanceKlass com/sun/jna/PointerType
instanceKlass org/eclipse/jdt/launching/IVMInstall
instanceKlass org/codehaus/plexus/component/configurator/ComponentConfigurator
instanceKlass org/eclipse/jdt/launching/IRuntimeClasspathEntryResolver
instanceKlass com/sun/jna/NativeMapped
instanceKlass org/eclipse/jdt/launching/IVMConnector
instanceKlass com/sun/jna/WString
instanceKlass org/apache/maven/toolchain/ToolchainsBuilder
instanceKlass org/apache/maven/toolchain/ToolchainManagerPrivate
instanceKlass org/eclipse/jdt/launching/IRuntimeClasspathEntry
instanceKlass org/apache/maven/toolchain/ToolchainManager
instanceKlass com/sun/jna/win32/DLLCallback
instanceKlass org/apache/maven/toolchain/ToolchainFactory
instanceKlass org/eclipse/jdt/launching/environments/IExecutionEnvironmentsManager
instanceKlass org/apache/maven/settings/MavenSettingsBuilder
instanceKlass com/sun/jna/CallbackProxy
instanceKlass org/apache/maven/rtinfo/RuntimeInformation
instanceKlass org/eclipse/jdt/launching/IRuntimeClasspathProvider
instanceKlass org/apache/maven/project/artifact/ProjectArtifactsCache
instanceKlass org/eclipse/jdt/launching/JavaRuntime
instanceKlass org/apache/maven/project/ProjectDependenciesResolver
instanceKlass org/apache/maven/project/ProjectBuildingHelper
instanceKlass org/apache/maven/project/ProjectBuilder
instanceKlass org/apache/maven/project/MavenProjectHelper
instanceKlass org/apache/maven/plugin/version/PluginVersionResolver
instanceKlass org/apache/maven/plugin/prefix/PluginPrefixResolver
instanceKlass com/sun/jna/Callback
instanceKlass com/sun/jna/Structure$ByValue
instanceKlass org/apache/maven/plugin/PluginManager
instanceKlass org/apache/maven/plugin/PluginDescriptorCache
instanceKlass com/sun/jna/ToNativeContext
instanceKlass org/apache/maven/plugin/MavenPluginManager
instanceKlass org/apache/maven/plugin/LegacySupport
instanceKlass org/apache/maven/plugin/BuildPluginManager
instanceKlass org/apache/maven/model/plugin/LifecycleBindingsInjector
instanceKlass org/apache/maven/lifecycle/internal/builder/BuilderCommon
instanceKlass org/eclipse/jdt/internal/launching/LaunchingPlugin$1
instanceKlass org/apache/maven/lifecycle/internal/builder/Builder
instanceKlass com/sun/jna/Structure
instanceKlass org/apache/maven/lifecycle/internal/MojoExecutor
instanceKlass org/apache/maven/lifecycle/internal/MojoDescriptorCreator
instanceKlass org/eclipse/debug/core/model/IDebugElement
instanceKlass org/eclipse/debug/core/ILaunch
instanceKlass org/eclipse/debug/core/model/ISuspendResume
instanceKlass org/eclipse/debug/core/model/IStepFilters
instanceKlass org/eclipse/debug/core/model/IStep
instanceKlass org/eclipse/debug/core/model/IDropToFrame
instanceKlass org/eclipse/debug/core/model/IDisconnect
instanceKlass jdk/internal/access/foreign/MemorySegmentProxy
instanceKlass org/apache/maven/lifecycle/internal/LifecycleTaskSegmentCalculator
instanceKlass org/apache/maven/lifecycle/internal/LifecycleStarter
instanceKlass org/apache/maven/lifecycle/internal/LifecyclePluginResolver
instanceKlass org/apache/maven/lifecycle/internal/LifecycleModuleBuilder
instanceKlass org/apache/maven/lifecycle/internal/LifecycleExecutionPlanCalculator
instanceKlass org/apache/maven/lifecycle/internal/LifecycleDebugLogger
instanceKlass org/apache/maven/lifecycle/internal/ExecutionEventCatapult
instanceKlass org/apache/maven/lifecycle/internal/BuildListCalculator
instanceKlass com/sun/jna/Pointer
instanceKlass org/eclipse/debug/internal/core/commands/ForEachCommand$ExclusiveRule
instanceKlass org/apache/maven/lifecycle/MojoExecutionConfigurator
instanceKlass org/apache/maven/lifecycle/LifecycleMappingDelegate
instanceKlass org/apache/maven/lifecycle/LifecycleExecutor
instanceKlass org/apache/maven/lifecycle/LifeCyclePluginAnalyzer
instanceKlass org/apache/maven/lifecycle/DefaultLifecycles
instanceKlass org/eclipse/debug/core/commands/AbstractDebugCommand
instanceKlass org/apache/maven/graph/GraphBuilder
instanceKlass org/apache/maven/exception/ExceptionHandler
instanceKlass org/apache/maven/eventspy/internal/EventSpyDispatcher
instanceKlass org/apache/maven/configuration/BeanConfigurator
instanceKlass org/eclipse/debug/core/commands/IStepFiltersHandler
instanceKlass org/eclipse/debug/core/commands/IResumeHandler
instanceKlass org/apache/maven/bridge/MavenRepositorySystem
instanceKlass org/eclipse/debug/core/commands/ISuspendHandler
instanceKlass org/eclipse/debug/core/commands/IDisconnectHandler
instanceKlass org/eclipse/debug/core/commands/IDropToFrameHandler
instanceKlass jdk/internal/loader/NativeLibraries$Unloader
instanceKlass org/eclipse/debug/core/commands/IStepReturnHandler
instanceKlass org/eclipse/debug/core/commands/IStepIntoHandler
instanceKlass org/eclipse/debug/core/commands/IStepOverHandler
instanceKlass org/eclipse/debug/core/commands/ITerminateHandler
instanceKlass org/eclipse/debug/core/commands/IDebugCommandHandler
instanceKlass org/eclipse/debug/internal/core/commands/CommandAdapterFactory
instanceKlass org/apache/maven/artifact/resolver/ResolutionErrorHandler
instanceKlass org/eclipse/debug/core/DebugPlugin$1
instanceKlass org/apache/maven/artifact/repository/metadata/io/MetadataReader
instanceKlass org/eclipse/debug/internal/core/DebugOptions
instanceKlass org/eclipse/debug/core/DebugPlugin$AsynchRunner
instanceKlass org/eclipse/debug/core/DebugPlugin$EventNotifier
instanceKlass org/apache/maven/artifact/metadata/ArtifactMetadataSource
instanceKlass org/apache/maven/repository/legacy/metadata/ArtifactMetadataSource
instanceKlass org/apache/maven/artifact/handler/manager/ArtifactHandlerManager
instanceKlass org/apache/maven/artifact/factory/ArtifactFactory
instanceKlass org/apache/maven/ProjectDependenciesResolver
instanceKlass org/apache/maven/Maven
instanceKlass org/eclipse/debug/core/model/IProcess
instanceKlass org/eclipse/debug/core/model/ITerminate
instanceKlass org/eclipse/debug/core/ILaunchManager
instanceKlass org/eclipse/debug/core/ILaunchConfigurationListener
instanceKlass org/eclipse/debug/core/IMemoryBlockManager
instanceKlass org/eclipse/debug/core/IExpressionManager
instanceKlass org/eclipse/debug/core/IBreakpointManager
instanceKlass org/apache/maven/artifact/handler/ArtifactHandler
instanceKlass org/sonatype/plexus/components/sec/dispatcher/SecDispatcher
instanceKlass org/apache/maven/lifecycle/Lifecycle
instanceKlass org/eclipse/debug/core/IDebugEventSetListener
instanceKlass org/eclipse/debug/core/ILaunchesListener
instanceKlass org/eclipse/jdt/launching/IVMInstallChangedListener
instanceKlass org/eclipse/jdt/core/ClasspathContainerInitializer
instanceKlass org/eclipse/sisu/space/CloningClassSpace$1
instanceKlass org/apache/maven/lifecycle/mapping/LifecycleMapping
instanceKlass org/apache/maven/repository/metadata/GraphConflictResolver
instanceKlass org/apache/maven/repository/metadata/GraphConflictResolutionPolicy
instanceKlass org/eclipse/sisu/plexus/ConfigurationImpl
instanceKlass org/eclipse/jdt/internal/core/DeltaProcessor$2
instanceKlass org/eclipse/jdt/internal/core/ModelUpdater
instanceKlass org/apache/maven/repository/metadata/ClasspathTransformation
instanceKlass org/apache/maven/repository/legacy/resolver/transform/ArtifactTransformationManager
instanceKlass org/apache/maven/repository/legacy/resolver/transform/ArtifactTransformation
instanceKlass org/eclipse/core/internal/resources/ProjectNatureDescriptor
instanceKlass org/apache/maven/repository/legacy/resolver/conflict/ConflictResolverFactory
instanceKlass org/apache/maven/repository/legacy/resolver/conflict/ConflictResolver
instanceKlass java/io/File$TempDirectory
instanceKlass com/sun/jna/Native$5
instanceKlass com/sun/jna/Platform
instanceKlass org/eclipse/core/internal/events/NotificationManager$1
instanceKlass org/apache/maven/repository/legacy/repository/ArtifactRepositoryFactory
instanceKlass org/apache/maven/repository/legacy/UpdateCheckManager
instanceKlass com/sun/jna/Native$1
instanceKlass org/apache/maven/repository/RepositorySystem
instanceKlass org/apache/maven/repository/MirrorSelector
instanceKlass org/apache/maven/project/validation/ModelValidator
instanceKlass org/apache/maven/project/path/PathTranslator
instanceKlass org/apache/maven/project/interpolation/ModelInterpolator
instanceKlass com/sun/jna/FromNativeContext
instanceKlass org/apache/maven/project/inheritance/ModelInheritanceAssembler
instanceKlass org/eclipse/core/internal/events/NodeIDMap
instanceKlass java/io/FilenameFilter
instanceKlass org/apache/maven/project/MavenProjectBuilder
instanceKlass org/apache/maven/profiles/MavenProfilesBuilder
instanceKlass org/apache/maven/execution/RuntimeInformation
instanceKlass com/sun/jna/Callback$UncaughtExceptionHandler
instanceKlass com/sun/jna/Native
instanceKlass org/eclipse/core/internal/events/ResourceDeltaInfo
instanceKlass com/sun/jna/Version
instanceKlass org/eclipse/core/internal/dtree/NodeComparison
instanceKlass com/sun/jna/win32/W32APIFunctionMapper
instanceKlass com/sun/jna/win32/W32APITypeMapper$2
instanceKlass org/eclipse/core/internal/events/ResourceDeltaFactory
instanceKlass com/sun/jna/DefaultTypeMapper$Entry
instanceKlass com/sun/jna/win32/W32APITypeMapper$1
instanceKlass org/apache/maven/artifact/resolver/ArtifactResolver
instanceKlass org/apache/maven/artifact/resolver/ArtifactCollector
instanceKlass com/sun/jna/TypeConverter
instanceKlass org/apache/maven/repository/legacy/resolver/LegacyArtifactCollector
instanceKlass org/eclipse/core/internal/events/ResourceComparator
instanceKlass com/sun/jna/ToNativeConverter
instanceKlass org/apache/maven/artifact/repository/metadata/RepositoryMetadataManager
instanceKlass com/sun/jna/FromNativeConverter
instanceKlass org/apache/maven/artifact/repository/layout/ArtifactRepositoryLayout
instanceKlass com/sun/jna/DefaultTypeMapper
instanceKlass org/apache/maven/artifact/repository/ArtifactRepositoryFactory
instanceKlass org/apache/maven/artifact/manager/WagonManager
instanceKlass com/sun/jna/TypeMapper
instanceKlass org/apache/maven/repository/legacy/WagonManager
instanceKlass org/apache/maven/artifact/installer/ArtifactInstaller
instanceKlass org/eclipse/sisu/plexus/PlexusXmlMetadata
instanceKlass com/sun/jna/FunctionMapper
instanceKlass com/sun/jna/win32/W32APIOptions
instanceKlass org/eclipse/core/net/ProxyProvider$WinHttp
instanceKlass org/eclipse/sisu/plexus/Roles
instanceKlass com/sun/jna/win32/StdCallLibrary
instanceKlass com/sun/jna/win32/StdCall
instanceKlass com/sun/jna/AltCallingConvention
instanceKlass org/apache/maven/artifact/deployer/ArtifactDeployer
instanceKlass org/eclipse/core/internal/net/ProxyData
instanceKlass org/eclipse/sisu/plexus/Hints
instanceKlass org/eclipse/sisu/space/AbstractDeferredClass
instanceKlass com/sun/jna/Library
instanceKlass org/eclipse/sisu/plexus/RequirementImpl
instanceKlass org/codehaus/plexus/component/annotations/Requirement
instanceKlass org/eclipse/core/internal/net/AbstractProxyProvider
instanceKlass org/eclipse/equinox/internal/security/auth/AuthPlugin
instanceKlass org/eclipse/core/internal/net/ProxyType
instanceKlass org/eclipse/core/net/proxy/IProxyChangeEvent
instanceKlass org/eclipse/core/internal/net/ProxyManager
instanceKlass org/eclipse/core/net/proxy/IProxyService
instanceKlass org/eclipse/core/internal/net/Policy
instanceKlass org/eclipse/core/net/proxy/IProxyData
instanceKlass org/eclipse/core/internal/net/PreferenceManager
instanceKlass org/eclipse/core/internal/net/Activator
instanceKlass org/eclipse/sisu/space/Streams
instanceKlass org/eclipse/core/internal/net/ProxySelector
instanceKlass org/eclipse/sisu/plexus/ComponentImpl
instanceKlass org/eclipse/sisu/plexus/PlexusTypeRegistry
instanceKlass org/eclipse/sisu/plexus/PlexusXmlScanner
instanceKlass org/eclipse/jdt/ls/core/internal/DiagnosticsState
instanceKlass org/eclipse/sisu/space/QualifiedTypeBinder
instanceKlass org/eclipse/jdt/ls/core/internal/managers/ContentProviderManager
instanceKlass org/eclipse/sisu/plexus/PlexusTypeBinder
instanceKlass org/eclipse/m2e/core/internal/embedder/ContextRepositorySystemSessionImpl
instanceKlass org/eclipse/m2e/core/internal/embedder/ContextRepositorySystemSession
instanceKlass org/eclipse/aether/AbstractRepositoryListener
instanceKlass org/eclipse/aether/RepositoryListener
instanceKlass com/google/inject/Key$AnnotationInstanceStrategy
instanceKlass com/google/inject/name/NamedImpl
instanceKlass com/google/inject/name/Named
instanceKlass com/google/inject/name/Names
instanceKlass org/eclipse/jdt/ls/core/internal/managers/DigestStore
instanceKlass org/apache/commons/lang3/StringUtils
instanceKlass org/eclipse/jdt/ls/core/internal/framework/IFrameworkSupport
instanceKlass org/eclipse/jdt/ls/core/internal/preferences/IPreferencesChangeListener
instanceKlass java/lang/Short$ShortCache
instanceKlass org/apache/commons/lang3/math/NumberUtils
instanceKlass org/apache/maven/artifact/versioning/ComparableVersion$IntItem
instanceKlass org/eclipse/text/templates/TemplateStoreCore
instanceKlass org/apache/maven/artifact/versioning/ComparableVersion$Item
instanceKlass com/sun/org/apache/xml/internal/serializer/WriterChain
instanceKlass org/apache/maven/artifact/versioning/ComparableVersion
instanceKlass org/apache/maven/artifact/versioning/DefaultArtifactVersion
instanceKlass org/apache/maven/artifact/versioning/ArtifactVersion
instanceKlass org/eclipse/m2e/core/internal/embedder/EclipseClassRealmManagerDelegate
instanceKlass org/apache/maven/classrealm/ClassRealmManagerDelegate
instanceKlass org/sonatype/plexus/build/incremental/ThreadBuildContext
instanceKlass org/sonatype/plexus/build/incremental/BuildContext
instanceKlass com/sun/org/apache/xalan/internal/xsltc/trax/DOM2TO
instanceKlass javax/xml/transform/stax/StAXSource
instanceKlass org/apache/maven/plugin/internal/DefaultPluginDependenciesResolver
instanceKlass javax/xml/transform/sax/SAXSource
instanceKlass javax/xml/transform/stream/StreamSource
instanceKlass com/sun/org/apache/xml/internal/serializer/NamespaceMappings$MappingRecord
instanceKlass org/apache/maven/plugin/internal/PluginDependenciesResolver
instanceKlass com/sun/org/apache/xml/internal/serializer/NamespaceMappings
instanceKlass org/apache/maven/plugin/DefaultPluginArtifactsCache
instanceKlass org/apache/maven/plugin/PluginArtifactsCache
instanceKlass org/apache/maven/plugin/DefaultPluginRealmCache
instanceKlass org/apache/maven/plugin/PluginRealmCache
instanceKlass org/apache/maven/project/DefaultProjectRealmCache
instanceKlass org/apache/maven/project/ProjectRealmCache
instanceKlass org/apache/maven/plugin/DefaultExtensionRealmCache
instanceKlass org/apache/maven/plugin/ExtensionRealmCache
instanceKlass org/codehaus/plexus/component/annotations/Component
instanceKlass org/apache/maven/project/artifact/DefaultMavenMetadataCache
instanceKlass org/eclipse/m2e/core/internal/project/IManagedCache
instanceKlass org/apache/maven/project/artifact/MavenMetadataCache
instanceKlass org/eclipse/m2e/core/internal/embedder/DefaultMavenComponentContributor
instanceKlass org/eclipse/m2e/core/internal/embedder/IMavenComponentContributor
instanceKlass ch/qos/logback/classic/spi/LoggerContextListener
instanceKlass org/slf4j/Marker
instanceKlass ch/qos/logback/core/LifeCycleManager
instanceKlass com/google/inject/spi/InjectionRequest
instanceKlass org/eclipse/sisu/bean/BeanProperty
instanceKlass com/google/common/collect/ObjectArrays
instanceKlass com/google/inject/internal/Nullability
instanceKlass com/google/inject/spi/InjectionPoint$OverrideIndex
instanceKlass org/eclipse/sisu/Mediator
instanceKlass org/eclipse/sisu/inject/RankedBindings
instanceKlass sun/reflect/generics/tree/TypeVariableSignature
instanceKlass com/google/common/collect/ComparisonChain
instanceKlass com/google/inject/Inject
instanceKlass javax/inject/Inject
instanceKlass java/lang/reflect/WildcardType
instanceKlass sun/reflect/generics/tree/ClassSignature
instanceKlass sun/reflect/generics/tree/Signature
instanceKlass sun/reflect/generics/tree/FormalTypeParameter
instanceKlass sun/reflect/generics/repository/AbstractRepository
instanceKlass com/google/inject/spi/InjectionPoint$InjectableMembers
instanceKlass com/google/inject/spi/InjectionPoint$InjectableMember
instanceKlass com/google/common/collect/Ordering
instanceKlass com/google/inject/spi/InjectionPoint
instanceKlass java/lang/reflect/ParameterizedType
instanceKlass com/google/inject/internal/MoreTypes$GenericArrayTypeImpl
instanceKlass com/google/inject/internal/MoreTypes$CompositeType
instanceKlass com/google/inject/Key$AnnotationTypeStrategy
instanceKlass com/google/common/cache/LocalCache$StrongValueReference
instanceKlass com/google/common/util/concurrent/AbstractFuture$Failure
instanceKlass com/google/common/util/concurrent/AbstractFuture$Cancellation
instanceKlass com/google/common/util/concurrent/AbstractFuture$SetFuture
instanceKlass com/google/common/util/concurrent/Uninterruptibles
instanceKlass sun/nio/cs/DelegatableDecoder
instanceKlass com/google/common/base/CommonPattern
instanceKlass com/google/common/base/Platform$JdkPatternCompiler
instanceKlass com/google/common/base/PatternCompiler
instanceKlass com/google/common/base/Platform
instanceKlass com/google/common/base/Stopwatch
instanceKlass com/google/common/util/concurrent/AbstractFuture$Waiter
instanceKlass com/google/common/util/concurrent/AbstractFuture$Listener
instanceKlass com/google/common/util/concurrent/AbstractFuture$UnsafeAtomicHelper$1
instanceKlass com/google/common/util/concurrent/AbstractFuture$AtomicHelper
instanceKlass com/google/common/util/concurrent/internal/InternalFutureFailureAccess
instanceKlass java/nio/charset/Charset$1
instanceKlass java/nio/charset/Charset$2
instanceKlass sun/nio/cs/ArrayEncoder
instanceKlass com/google/common/util/concurrent/AbstractFuture$Trusted
instanceKlass com/google/common/util/concurrent/ListenableFuture
instanceKlass com/google/common/cache/LocalCache$LoadingValueReference
instanceKlass java/lang/Class$AnnotationData
instanceKlass java/nio/charset/Charset$ExtendedProviderHolder$1
instanceKlass java/nio/charset/Charset$ExtendedProviderHolder
instanceKlass com/sun/org/apache/xml/internal/serializer/Encodings$EncodingInfos
instanceKlass com/sun/org/apache/xml/internal/serializer/Encodings
instanceKlass com/sun/org/apache/xml/internal/serializer/ToStream$CharacterBuffer
instanceKlass com/sun/org/apache/xml/internal/serializer/EncodingInfo
instanceKlass com/sun/org/apache/xml/internal/serializer/ToStream$BoolStack
instanceKlass java/lang/annotation/Documented
instanceKlass com/sun/org/apache/xml/internal/serializer/ElemContext
instanceKlass javax/inject/Named
instanceKlass org/xml/sax/helpers/AttributesImpl
instanceKlass javax/inject/Qualifier
instanceKlass com/google/inject/BindingAnnotation
instanceKlass com/sun/org/apache/xml/internal/serializer/CharInfo$CharKey
instanceKlass sun/util/ResourceBundleEnumeration
instanceKlass javax/inject/Scope
instanceKlass com/google/inject/ScopeAnnotation
instanceKlass com/google/inject/internal/Annotations$AnnotationChecker
instanceKlass com/sun/org/apache/xml/internal/serializer/CharInfo
instanceKlass com/sun/org/apache/xml/internal/serializer/SerializerBase
instanceKlass com/google/inject/internal/Annotations$TestAnnotation
instanceKlass com/google/inject/internal/Annotations$3
instanceKlass com/sun/org/apache/xml/internal/serializer/SerializerConstants
instanceKlass com/sun/org/apache/xml/internal/serializer/SerializationHandler
instanceKlass com/google/common/base/Joiner$MapJoiner
instanceKlass com/sun/org/apache/xml/internal/serializer/Serializer
instanceKlass com/sun/org/apache/xml/internal/serializer/DOMSerializer
instanceKlass org/xml/sax/ext/DeclHandler
instanceKlass com/sun/org/apache/xml/internal/serializer/XSLOutputAttributes
instanceKlass com/sun/org/apache/xml/internal/serializer/ExtendedLexicalHandler
instanceKlass org/xml/sax/ext/LexicalHandler
instanceKlass com/sun/org/apache/xml/internal/serializer/ExtendedContentHandler
instanceKlass javax/xml/transform/dom/DOMResult
instanceKlass javax/xml/transform/stax/StAXResult
instanceKlass javax/xml/transform/sax/SAXResult
instanceKlass com/sun/org/apache/xalan/internal/xsltc/runtime/output/TransletOutputHandlerFactory
instanceKlass javax/xml/transform/dom/DOMSource
instanceKlass com/sun/org/apache/xml/internal/utils/XMLReaderManager
instanceKlass com/sun/org/apache/xml/internal/serializer/OutputPropertiesFactory
instanceKlass javax/xml/transform/Transformer
instanceKlass com/sun/org/apache/xalan/internal/xsltc/DOMCache
instanceKlass com/google/common/base/Joiner
instanceKlass javax/xml/catalog/CatalogMessages
instanceKlass com/google/inject/internal/Annotations
instanceKlass javax/xml/catalog/Util
instanceKlass org/eclipse/sisu/Parameters
instanceKlass org/eclipse/sisu/wire/ParameterKeys
instanceKlass jdk/xml/internal/JdkProperty
instanceKlass jdk/xml/internal/XMLSecurityManager
instanceKlass org/eclipse/sisu/wire/TypeConverterCache
instanceKlass org/eclipse/sisu/inject/DefaultRankingFunction
instanceKlass com/sun/org/apache/xalan/internal/utils/FeaturePropertyBase
instanceKlass jdk/xml/internal/JdkXmlFeatures
instanceKlass javax/xml/catalog/CatalogFeatures$Builder
instanceKlass javax/xml/catalog/CatalogFeatures
instanceKlass jdk/xml/internal/TransformErrorListener
instanceKlass javax/xml/transform/ErrorListener
instanceKlass com/sun/org/apache/xalan/internal/xsltc/compiler/SourceLoader
instanceKlass com/google/inject/internal/Scoping
instanceKlass com/google/inject/internal/InternalFactory
instanceKlass javax/xml/transform/FactoryFinder$1
instanceKlass javax/xml/transform/FactoryFinder
instanceKlass javax/xml/transform/TransformerFactory
instanceKlass com/google/inject/spi/ConstructorBinding
instanceKlass com/google/inject/internal/DelayedInitialize
instanceKlass com/google/inject/spi/ProviderKeyBinding
instanceKlass com/google/inject/spi/ProviderInstanceBinding
instanceKlass javax/xml/transform/stream/StreamResult
instanceKlass com/google/inject/spi/InstanceBinding
instanceKlass com/google/inject/spi/HasDependencies
instanceKlass com/google/inject/spi/LinkedKeyBinding
instanceKlass org/eclipse/text/templates/TemplateReaderWriter
instanceKlass com/google/inject/spi/UntargettedBinding
instanceKlass com/google/inject/internal/BindingImpl
instanceKlass com/google/inject/Key$AnnotationStrategy
instanceKlass org/eclipse/sisu/wire/ElementAnalyzer$1
instanceKlass org/eclipse/text/templates/TemplatePersistenceData
instanceKlass org/eclipse/jface/text/templates/Template
instanceKlass com/google/inject/util/Modules$EmptyModule
instanceKlass com/google/inject/util/Modules$OverriddenModuleBuilder
instanceKlass com/google/inject/util/Modules
instanceKlass java/util/ResourceBundle$Control$2
instanceKlass java/util/ImmutableCollections$Access$1
instanceKlass jdk/internal/access/JavaUtilCollectionAccess
instanceKlass java/util/ImmutableCollections$Access
instanceKlass java/util/ServiceLoader$ProviderSpliterator
instanceKlass java/util/spi/ResourceBundleControlProvider
instanceKlass java/util/ResourceBundle$ResourceBundleControlProviderHolder
instanceKlass org/eclipse/jface/text/templates/TextTemplateMessages
instanceKlass com/google/common/collect/ImmutableMap$Builder
instanceKlass com/google/inject/internal/MoreTypes
instanceKlass org/eclipse/text/templates/ContextTypeRegistry
instanceKlass com/google/inject/multibindings/ProvidesIntoOptional
instanceKlass com/google/inject/multibindings/ProvidesIntoMap
instanceKlass com/google/inject/multibindings/ProvidesIntoSet
instanceKlass com/google/inject/Provides
instanceKlass javax/inject/Singleton
instanceKlass com/google/inject/spi/ElementSource
instanceKlass com/google/inject/spi/ScopeBinding
instanceKlass com/google/inject/Scopes$2
instanceKlass org/eclipse/jface/text/IRegion
instanceKlass org/eclipse/jdt/ls/core/internal/handlers/FormatterHandler
instanceKlass com/google/inject/Scopes$1
instanceKlass com/google/inject/internal/SingletonScope
instanceKlass com/google/inject/Scopes
instanceKlass com/google/inject/Singleton
instanceKlass com/google/inject/spi/Elements$ModuleInfo
instanceKlass com/google/inject/PrivateModule
instanceKlass com/google/inject/internal/util/StackTraceElements$InMemoryStackTraceElement
instanceKlass com/google/inject/internal/util/StackTraceElements
instanceKlass com/google/inject/spi/ModuleSource
instanceKlass com/google/inject/internal/InternalFlags$1
instanceKlass com/google/inject/internal/InternalFlags
instanceKlass com/google/inject/internal/ProviderMethodsModule
instanceKlass org/apache/commons/lang3/text/StrTokenizer
instanceKlass com/google/inject/internal/AbstractBindingBuilder
instanceKlass com/google/inject/binder/ConstantBindingBuilder
instanceKlass org/apache/commons/lang3/text/StrBuilder
instanceKlass com/google/common/collect/Sets
instanceKlass com/google/inject/binder/AnnotatedElementBuilder
instanceKlass com/google/inject/spi/Elements$RecordingBinder
instanceKlass com/google/inject/Binding
instanceKlass com/google/inject/spi/DefaultBindingTargetVisitor
instanceKlass org/apache/commons/lang3/StringUtils
instanceKlass com/google/inject/spi/BindingTargetVisitor
instanceKlass com/google/inject/spi/Elements
instanceKlass com/google/inject/internal/InjectorShell$RootModule
instanceKlass java/util/DualPivotQuicksort
instanceKlass java/util/concurrent/atomic/AtomicReferenceArray
instanceKlass org/apache/commons/lang3/text/StrMatcher
instanceKlass org/apache/commons/lang3/text/StrSubstitutor
instanceKlass org/eclipse/jdt/ls/core/internal/preferences/Preferences$ReferencedLibraries
instanceKlass com/google/common/cache/Weigher
instanceKlass sun/security/provider/AbstractDrbg$NonceProvider
instanceKlass com/google/common/base/Predicate
instanceKlass com/google/common/base/Equivalence
instanceKlass java/util/function/BiPredicate
instanceKlass com/google/common/base/MoreObjects
instanceKlass com/google/common/cache/LocalCache$1
instanceKlass sun/nio/fs/BasicFileAttributesHolder
instanceKlass com/google/common/cache/ReferenceEntry
instanceKlass sun/nio/fs/WindowsDirectoryStream$WindowsDirectoryIterator
instanceKlass sun/nio/fs/WindowsDirectoryStream
instanceKlass java/nio/file/DirectoryStream
instanceKlass java/nio/file/Files$AcceptAllFilter
instanceKlass java/nio/file/DirectoryStream$Filter
instanceKlass com/google/common/cache/CacheLoader
instanceKlass com/google/common/cache/LocalCache$LocalManualCache
instanceKlass com/google/inject/internal/WeakKeySet$1
instanceKlass com/google/common/cache/LocalCache$ValueReference
instanceKlass com/google/common/cache/CacheBuilder$2
instanceKlass com/google/common/cache/CacheStats
instanceKlass com/google/common/base/Suppliers$SupplierOfInstance
instanceKlass com/google/common/base/Suppliers
instanceKlass com/google/common/cache/CacheBuilder$1
instanceKlass com/google/common/cache/AbstractCache$StatsCounter
instanceKlass com/google/common/cache/LoadingCache
instanceKlass com/google/common/cache/Cache
instanceKlass com/google/common/base/Ticker
instanceKlass com/google/common/base/Supplier
instanceKlass com/google/common/cache/CacheBuilder
instanceKlass com/google/common/cache/RemovalListener
instanceKlass com/google/inject/internal/WeakKeySet
instanceKlass com/google/inject/internal/State$1
instanceKlass com/google/inject/internal/InheritingState
instanceKlass com/google/inject/internal/ProcessedBindingData
instanceKlass com/google/inject/spi/DefaultElementVisitor
instanceKlass com/google/inject/internal/State
instanceKlass com/google/inject/internal/InjectorShell$Builder
instanceKlass com/google/common/collect/Lists
instanceKlass com/google/common/collect/AbstractMapEntry
instanceKlass com/google/common/collect/LinkedHashMultimap$ValueSetLink
instanceKlass com/google/common/collect/CollectPreconditions
instanceKlass com/google/common/collect/Platform
instanceKlass com/google/common/collect/Multiset
instanceKlass com/google/common/collect/AbstractMultimap
instanceKlass com/google/common/collect/SetMultimap
instanceKlass com/google/common/collect/ImmutableMap
instanceKlass com/google/common/collect/BiMap
instanceKlass com/google/common/base/Converter
instanceKlass com/google/common/base/Function
instanceKlass com/google/common/collect/Maps$EntryTransformer
instanceKlass com/google/common/collect/SortedMapDifference
instanceKlass com/google/common/collect/MapDifference
instanceKlass com/google/common/collect/Maps
instanceKlass com/google/inject/internal/CycleDetectingLock
instanceKlass com/google/common/collect/Multimap
instanceKlass com/google/inject/internal/CycleDetectingLock$CycleDetectingLockFactory
instanceKlass com/google/inject/internal/Initializable
instanceKlass com/google/inject/internal/Initializer
instanceKlass com/google/common/collect/PeekingIterator
instanceKlass com/google/common/collect/UnmodifiableIterator
instanceKlass com/google/common/collect/Iterators
instanceKlass com/google/inject/internal/util/SourceProvider
instanceKlass com/google/common/primitives/Primitives
instanceKlass com/google/common/collect/Hashing
instanceKlass com/google/common/base/Preconditions
instanceKlass com/google/common/math/IntMath$1
instanceKlass com/google/common/math/MathPreconditions
instanceKlass com/google/common/math/IntMath
instanceKlass com/google/common/collect/ImmutableCollection$Builder
instanceKlass com/google/common/collect/ImmutableSet$SetBuilderImpl
instanceKlass com/google/inject/internal/Errors
instanceKlass java/util/logging/Logger$SystemLoggerHelper$1
instanceKlass java/util/logging/Logger$SystemLoggerHelper
instanceKlass java/util/logging/LogManager$4
instanceKlass jdk/internal/logger/BootstrapLogger$BootstrapExecutors
instanceKlass jdk/internal/logger/LoggerFinderLoader
instanceKlass java/util/stream/Streams
instanceKlass java/util/stream/Streams$AbstractStreamBuilderImpl
instanceKlass java/util/stream/Stream$Builder
instanceKlass java/net/NetworkInterface$1
instanceKlass java/util/logging/LogManager$LoggerContext$1
instanceKlass java/util/logging/LogManager$VisitedLoggers
instanceKlass java/util/logging/LogManager$2
instanceKlass java/util/logging/LogManager$LoggingProviderAccess
instanceKlass java/util/logging/LogManager$LogNode
instanceKlass java/util/logging/LogManager$LoggerContext
instanceKlass java/util/logging/LogManager$1
instanceKlass java/util/logging/LogManager
instanceKlass java/util/logging/Logger$ConfigurationData
instanceKlass java/util/logging/Logger$LoggerBundle
instanceKlass java/util/logging/Level
instanceKlass java/util/logging/Handler
instanceKlass java/util/logging/Logger
instanceKlass com/google/inject/internal/util/Stopwatch
instanceKlass com/google/inject/Injector
instanceKlass com/google/inject/internal/InternalInjectorCreator
instanceKlass com/google/inject/Guice
instanceKlass org/eclipse/sisu/wire/Wiring
instanceKlass org/eclipse/sisu/wire/WireModule$Strategy$1
instanceKlass org/eclipse/sisu/wire/WireModule$Strategy
instanceKlass org/eclipse/sisu/wire/AbstractTypeConverter
instanceKlass com/google/inject/spi/ElementVisitor
instanceKlass org/eclipse/sisu/wire/WireModule
instanceKlass org/eclipse/sisu/bean/BeanBinder
instanceKlass org/eclipse/sisu/plexus/PlexusBindingModule
instanceKlass org/codehaus/plexus/DefaultPlexusContainer$BootModule
instanceKlass org/codehaus/plexus/component/annotations/Configuration
instanceKlass org/eclipse/sisu/plexus/PlexusAnnotatedMetadata
instanceKlass org/eclipse/sisu/plexus/PlexusBeanMetadata
instanceKlass org/eclipse/sisu/plexus/PlexusAnnotatedBeanModule$PlexusAnnotatedBeanSource
instanceKlass org/eclipse/sisu/space/SpaceModule$Strategy$1
instanceKlass org/eclipse/sisu/space/DefaultClassFinder
instanceKlass org/eclipse/sisu/space/asm/ClassVisitor
instanceKlass org/eclipse/sisu/space/SpaceScanner
instanceKlass org/eclipse/sisu/space/IndexedClassFinder
instanceKlass org/eclipse/sisu/space/ClassFinder
instanceKlass org/eclipse/sisu/space/SpaceModule
instanceKlass org/eclipse/sisu/space/SpaceVisitor
instanceKlass org/eclipse/sisu/plexus/PlexusTypeListener
instanceKlass org/eclipse/sisu/space/QualifiedTypeListener
instanceKlass org/eclipse/sisu/plexus/PlexusAnnotatedBeanModule$1
instanceKlass org/eclipse/sisu/space/SpaceModule$Strategy
instanceKlass org/eclipse/sisu/plexus/PlexusAnnotatedBeanModule
instanceKlass org/eclipse/sisu/plexus/PlexusBeanSource
instanceKlass org/eclipse/sisu/plexus/PlexusXmlBeanModule
instanceKlass org/eclipse/sisu/plexus/PlexusBeanModule
instanceKlass org/eclipse/sisu/space/URLClassSpace
instanceKlass org/codehaus/plexus/DefaultPlexusContainer$SLF4JLoggerFactoryProvider
instanceKlass com/google/inject/util/Providers$ConstantProvider
instanceKlass com/google/inject/util/Providers
instanceKlass org/codehaus/plexus/personality/plexus/lifecycle/phase/Disposable
instanceKlass org/codehaus/plexus/personality/plexus/lifecycle/phase/Startable
instanceKlass org/codehaus/plexus/personality/plexus/lifecycle/phase/Initializable
instanceKlass org/codehaus/plexus/personality/plexus/lifecycle/phase/Contextualizable
instanceKlass org/codehaus/plexus/logging/LogEnabled
instanceKlass org/eclipse/sisu/bean/PropertyBinding
instanceKlass org/eclipse/sisu/bean/LifecycleBuilder
instanceKlass org/eclipse/sisu/bean/BeanScheduler$1
instanceKlass com/google/inject/spi/DefaultBindingScopingVisitor
instanceKlass com/google/inject/spi/BindingScopingVisitor
instanceKlass org/eclipse/sisu/bean/BeanScheduler$CycleActivator
instanceKlass com/google/inject/PrivateBinder
instanceKlass com/google/inject/spi/ModuleAnnotatedMethodScanner
instanceKlass com/google/inject/binder/AnnotatedConstantBindingBuilder
instanceKlass com/google/inject/MembersInjector
instanceKlass com/google/inject/spi/TypeListener
instanceKlass com/google/inject/Scope
instanceKlass com/google/inject/spi/Message
instanceKlass com/google/inject/spi/Element
instanceKlass com/google/inject/spi/Dependency
instanceKlass com/google/inject/TypeLiteral
instanceKlass com/google/inject/Key
instanceKlass com/google/inject/binder/AnnotatedBindingBuilder
instanceKlass com/google/inject/binder/LinkedBindingBuilder
instanceKlass com/google/inject/binder/ScopedBindingBuilder
instanceKlass com/google/inject/spi/ProvisionListener
instanceKlass com/google/inject/Binder
instanceKlass org/eclipse/sisu/bean/BeanScheduler
instanceKlass org/eclipse/sisu/plexus/DefaultPlexusBeanLocator
instanceKlass org/eclipse/sisu/plexus/ClassRealmManager
instanceKlass org/codehaus/plexus/context/ContextMapAdapter
instanceKlass org/codehaus/plexus/context/DefaultContext
instanceKlass org/codehaus/plexus/logging/AbstractLogger
instanceKlass org/codehaus/plexus/DefaultPlexusContainer$LoggerProvider
instanceKlass org/codehaus/plexus/DefaultPlexusContainer$DefaultsModule
instanceKlass org/codehaus/plexus/DefaultPlexusContainer$ContainerModule
instanceKlass org/eclipse/sisu/inject/ImplicitBindings
instanceKlass org/eclipse/sisu/inject/MildValues$InverseMapping
instanceKlass org/eclipse/sisu/inject/MildValues
instanceKlass org/eclipse/sisu/inject/BindingPublisher
instanceKlass org/eclipse/sisu/inject/RankingFunction
instanceKlass org/eclipse/sisu/inject/BindingSubscriber
instanceKlass org/eclipse/sisu/inject/DefaultBeanLocator
instanceKlass org/eclipse/sisu/inject/DeferredClass
instanceKlass org/codehaus/plexus/DefaultPlexusContainer$LoggerManagerProvider
instanceKlass org/eclipse/sisu/inject/DeferredProvider
instanceKlass com/google/inject/Provider
instanceKlass org/eclipse/m2e/core/internal/embedder/IMavenComponentContributor$IMavenComponentBinder
instanceKlass com/google/inject/AbstractModule
instanceKlass org/codehaus/plexus/context/Context
instanceKlass org/eclipse/sisu/space/ClassSpace
instanceKlass javax/inject/Provider
instanceKlass org/eclipse/sisu/bean/BeanManager
instanceKlass org/eclipse/sisu/plexus/PlexusBeanLocator
instanceKlass org/codehaus/plexus/classworlds/ClassWorldListener
instanceKlass org/eclipse/sisu/inject/MutableBeanLocator
instanceKlass org/eclipse/sisu/inject/BeanLocator
instanceKlass org/apache/maven/extension/internal/CoreExports
instanceKlass org/codehaus/plexus/DefaultContainerConfiguration
instanceKlass org/codehaus/plexus/ContainerConfiguration
instanceKlass java/lang/invoke/MethodHandle$1
instanceKlass org/apache/maven/settings/building/SettingsBuilder
instanceKlass org/eclipse/m2e/core/internal/M2EUtils
instanceKlass org/apache/maven/settings/building/DefaultSettingsBuildingRequest
instanceKlass org/apache/maven/building/Source
instanceKlass org/apache/maven/cli/configuration/SettingsXmlConfigurationProcessor
instanceKlass org/apache/maven/cli/configuration/ConfigurationProcessor
instanceKlass org/eclipse/aether/DefaultRepositoryCache
instanceKlass org/eclipse/aether/RepositoryCache
instanceKlass org/apache/maven/execution/DefaultMavenExecutionRequest
instanceKlass java/net/DefaultInterface
instanceKlass java/net/Inet6Address$Inet6AddressHolder
instanceKlass java/net/InetAddress$PlatformNameService
instanceKlass java/net/InetAddress$NameService
instanceKlass java/net/Inet6AddressImpl
instanceKlass java/net/InetAddressImpl
instanceKlass java/net/InetAddressImplFactory
instanceKlass java/net/InetAddress$InetAddressHolder
instanceKlass java/net/InetAddress$1
instanceKlass jdk/internal/access/JavaNetInetAddressAccess
instanceKlass java/net/InetAddress
instanceKlass java/net/InterfaceAddress
instanceKlass java/net/NetworkInterface
instanceKlass sun/security/provider/SeedGenerator$1
instanceKlass sun/security/provider/SeedGenerator
instanceKlass sun/security/provider/AbstractDrbg$SeederHolder
instanceKlass java/security/DrbgParameters$NextBytes
instanceKlass sun/security/provider/EntropySource
instanceKlass sun/security/provider/AbstractDrbg
instanceKlass java/security/DrbgParameters$Instantiation
instanceKlass java/security/DrbgParameters
instanceKlass sun/security/provider/MoreDrbgParameters
instanceKlass java/security/SecureRandomSpi
instanceKlass java/security/SecureRandomParameters
instanceKlass java/util/UUID$Holder
instanceKlass org/eclipse/jdt/ls/core/internal/preferences/Preferences
instanceKlass java/lang/ProcessEnvironment$CheckedEntry
instanceKlass java/lang/ProcessEnvironment$CheckedEntrySet$1
instanceKlass java/lang/ProcessEnvironment$EntryComparator
instanceKlass java/lang/ProcessEnvironment$NameComparator
instanceKlass org/eclipse/jdt/ls/core/internal/Environment
instanceKlass org/eclipse/jdt/ls/core/internal/JDTEnvironmentUtils
instanceKlass org/eclipse/jdt/internal/core/manipulation/MembersOrderPreferenceCacheCommon
instanceKlass org/eclipse/jdt/core/manipulation/JavaManipulation
instanceKlass sun/nio/fs/WindowsFileCopy
instanceKlass sun/nio/ch/IOStatus
instanceKlass java/nio/DirectByteBuffer$Deallocator
instanceKlass sun/nio/ch/Util$BufferCache
instanceKlass sun/nio/ch/Util
instanceKlass java/nio/channels/Channels
instanceKlass sun/nio/fs/WindowsChannelFactory$2
instanceKlass sun/nio/fs/WindowsPath$1
instanceKlass sun/util/resources/provider/NonBaseLocaleDataMetaInfo
instanceKlass sun/util/locale/provider/BaseLocaleDataMetaInfo
instanceKlass sun/util/locale/provider/TimeZoneNameUtility$TimeZoneNameGetter
instanceKlass sun/util/locale/provider/TimeZoneNameUtility
instanceKlass sun/nio/cs/Surrogate
instanceKlass sun/nio/cs/Surrogate$Parser
instanceKlass sun/nio/fs/WindowsSecurityDescriptor
instanceKlass org/eclipse/core/runtime/Preferences$1
instanceKlass org/eclipse/core/internal/preferences/EclipsePreferences$2
instanceKlass org/eclipse/jdt/ls/core/internal/managers/ISourceDownloader
instanceKlass org/eclipse/jface/text/templates/TemplateContextType
instanceKlass org/eclipse/jface/text/templates/TemplateVariableResolver
instanceKlass org/eclipse/jdt/internal/core/JavaModelManager$20$1
instanceKlass org/eclipse/jdt/internal/core/ExternalAnnotationTracker$DirectoryNode
instanceKlass org/eclipse/jdt/internal/core/ExternalAnnotationTracker
instanceKlass org/eclipse/jdt/internal/core/DeltaProcessor$RootInfo
instanceKlass org/eclipse/jdt/internal/core/JavaProject$ResolvedClasspath
instanceKlass org/eclipse/jdt/internal/core/ClasspathChange
instanceKlass java/util/ResourceBundle$3
instanceKlass java/util/ResourceBundle$CacheKeyReference
instanceKlass java/util/ResourceBundle$CacheKey
instanceKlass com/sun/org/apache/xerces/internal/dom/DOMMessageFormatter
instanceKlass org/w3c/dom/Attr
instanceKlass com/sun/org/apache/xerces/internal/dom/NamedNodeMapImpl
instanceKlass org/w3c/dom/NamedNodeMap
instanceKlass com/sun/org/apache/xerces/internal/dom/CharacterDataImpl$1
instanceKlass org/w3c/dom/Text
instanceKlass org/w3c/dom/CharacterData
instanceKlass com/sun/org/apache/xerces/internal/dom/DeepNodeListImpl
instanceKlass com/sun/org/apache/xerces/internal/dom/DeferredDocumentImpl$RefCount
instanceKlass com/sun/org/apache/xerces/internal/dom/NodeListCache
instanceKlass org/w3c/dom/TypeInfo
instanceKlass org/w3c/dom/ElementTraversal
instanceKlass org/w3c/dom/Element
instanceKlass org/w3c/dom/DocumentType
instanceKlass com/sun/org/apache/xerces/internal/dom/NodeImpl
instanceKlass org/w3c/dom/events/EventTarget
instanceKlass org/w3c/dom/NodeList
instanceKlass org/w3c/dom/Document
instanceKlass org/w3c/dom/ranges/DocumentRange
instanceKlass org/w3c/dom/events/DocumentEvent
instanceKlass org/w3c/dom/traversal/DocumentTraversal
instanceKlass com/sun/org/apache/xerces/internal/dom/DeferredNode
instanceKlass javax/xml/parsers/DocumentBuilder
instanceKlass javax/xml/parsers/DocumentBuilderFactory
instanceKlass org/eclipse/jdt/internal/core/util/Util
instanceKlass org/eclipse/jdt/core/IJavaModelStatusConstants
instanceKlass org/eclipse/jdt/internal/core/JavaElementInfo
instanceKlass org/eclipse/jdt/internal/core/DeltaProcessingState$RootInfos
instanceKlass org/eclipse/jdt/internal/compiler/env/AccessRuleSet
instanceKlass org/eclipse/jdt/internal/core/util/WeakHashSetOfCharArray
instanceKlass org/eclipse/jdt/internal/core/util/WeakHashSet
instanceKlass org/eclipse/jdt/internal/core/util/DeduplicationUtil
instanceKlass org/eclipse/jdt/internal/compiler/env/AccessRule
instanceKlass org/eclipse/jdt/internal/core/JavaModelManager$PersistedClasspathContainer
instanceKlass org/eclipse/jdt/internal/core/ClasspathAttribute
instanceKlass org/eclipse/jdt/internal/core/ClasspathEntry
instanceKlass org/eclipse/jdt/internal/compiler/env/IModulePathEntry
instanceKlass org/eclipse/jdt/internal/core/JavaModelManager$PerProjectInfo
instanceKlass org/eclipse/jdt/core/eval/IEvaluationContext
instanceKlass org/eclipse/jdt/internal/core/JavaModelManager$VariablesAndContainersLoadHelper
instanceKlass org/eclipse/core/resources/IFileState
instanceKlass org/eclipse/jdt/internal/core/JavaModelManager$19
instanceKlass org/eclipse/jdt/internal/core/JavaModelManager$18
instanceKlass org/eclipse/jdt/internal/core/JavaModelManager$13
instanceKlass org/eclipse/jdt/internal/core/JavaModelManager$12
instanceKlass org/eclipse/jdt/internal/formatter/DefaultCodeFormatterOptions
instanceKlass org/eclipse/jdt/core/formatter/DefaultCodeFormatterConstants
instanceKlass org/eclipse/jdt/internal/compiler/util/Util
instanceKlass org/eclipse/jdt/internal/compiler/impl/IrritantSet
instanceKlass org/eclipse/jdt/internal/compiler/impl/CompilerOptions
instanceKlass org/eclipse/jdt/internal/core/util/ICacheEnumeration
instanceKlass org/eclipse/jdt/internal/formatter/TokenTraverser
instanceKlass org/eclipse/text/edits/TextEdit
instanceKlass org/eclipse/jdt/core/formatter/CodeFormatter
instanceKlass lombok/patcher/scripts/WrapperMethodDescriptor
instanceKlass lombok/patcher/scripts/SetSymbolDuringMethodCallScript$1
instanceKlass org/eclipse/jdt/core/SourceRange
instanceKlass org/eclipse/jdt/internal/compiler/util/JRTUtil$JrtFileVisitor
instanceKlass org/eclipse/jdt/core/IOrdinaryClassFile
instanceKlass org/eclipse/jdt/internal/core/util/ReferenceInfoAdapter
instanceKlass org/eclipse/jdt/internal/compiler/ISourceElementRequestor
instanceKlass org/eclipse/jdt/internal/compiler/env/ISourceType
instanceKlass org/eclipse/jdt/internal/compiler/env/IGenericType
instanceKlass org/eclipse/jdt/core/search/TypeNameMatchRequestor
instanceKlass org/eclipse/jdt/internal/compiler/problem/ProblemHandler
instanceKlass org/eclipse/jdt/core/search/SearchParticipant
instanceKlass org/eclipse/jdt/core/search/IJavaSearchScope
instanceKlass org/eclipse/jdt/core/search/MethodNameMatch
instanceKlass org/eclipse/jdt/core/search/TypeNameMatch
instanceKlass org/eclipse/jdt/internal/compiler/ASTVisitor
instanceKlass org/eclipse/jdt/internal/core/search/IndexQueryRequestor
instanceKlass org/eclipse/jdt/core/search/SearchPattern
instanceKlass org/eclipse/jdt/core/search/IParallelizable
instanceKlass org/eclipse/jdt/internal/core/search/BasicSearchEngine
instanceKlass org/eclipse/jdt/core/ITypeParameter
instanceKlass org/eclipse/jdt/core/ISourceRange
instanceKlass org/eclipse/jdt/core/IAnnotation
instanceKlass org/eclipse/jdt/internal/core/AbstractModule
instanceKlass org/eclipse/jdt/core/IModuleDescription
instanceKlass org/eclipse/jdt/internal/core/NameLookup
instanceKlass org/eclipse/jface/text/IDocument
instanceKlass org/eclipse/jdt/internal/core/JavaModelCache
instanceKlass org/eclipse/jdt/core/IType
instanceKlass org/eclipse/jdt/core/IAnnotatable
instanceKlass org/eclipse/jdt/core/IMember
instanceKlass org/eclipse/jdt/internal/core/hierarchy/HierarchyBuilder
instanceKlass org/eclipse/jdt/internal/core/hierarchy/TypeHierarchy
instanceKlass org/eclipse/jdt/core/ITypeHierarchy
instanceKlass org/eclipse/jdt/core/dom/ASTNode
instanceKlass org/eclipse/jdt/core/dom/StructuralPropertyDescriptor
instanceKlass org/eclipse/jdt/internal/core/dom/rewrite/RewriteEvent
instanceKlass org/eclipse/jdt/internal/core/dom/rewrite/RewriteEventStore
instanceKlass org/eclipse/jdt/core/dom/ASTVisitor
instanceKlass org/eclipse/jdt/internal/core/DeltaProcessor
instanceKlass org/eclipse/jdt/internal/codeassist/CompletionEngine$1
instanceKlass org/eclipse/jdt/internal/compiler/lookup/ParameterNonNullDefaultProvider
instanceKlass org/eclipse/jdt/internal/compiler/lookup/ReferenceBinding$3
instanceKlass org/eclipse/jdt/internal/compiler/lookup/ReferenceBinding$2
instanceKlass org/eclipse/jdt/internal/compiler/lookup/ReductionResult
instanceKlass org/eclipse/jdt/internal/compiler/lookup/ElementValuePair
instanceKlass org/eclipse/jdt/internal/compiler/lookup/AnnotationBinding
instanceKlass org/eclipse/jdt/internal/compiler/env/IUpdatableModule
instanceKlass org/eclipse/jdt/internal/compiler/parser/ScannerHelper
instanceKlass org/eclipse/jdt/core/Signature
instanceKlass org/eclipse/jdt/core/compiler/CharOperation
instanceKlass org/eclipse/jdt/internal/compiler/lookup/TypeConstants$CloseMethodRecord
instanceKlass org/eclipse/jdt/internal/core/IJavaElementRequestor
instanceKlass lombok/patcher/scripts/ReplaceMethodCallScript$1
instanceKlass org/eclipse/jdt/internal/codeassist/UnresolvedReferenceNameFinder$UnresolvedReferenceNameRequestor
instanceKlass org/eclipse/jdt/internal/codeassist/MissingTypesGuesser$GuessedTypeRequestor
instanceKlass org/eclipse/jdt/core/search/SearchRequestor
instanceKlass org/eclipse/jdt/internal/core/INamingRequestor
instanceKlass org/eclipse/jdt/internal/compiler/lookup/Substitution
instanceKlass org/eclipse/jdt/core/compiler/IProblem
instanceKlass org/eclipse/jdt/internal/compiler/lookup/Scope
instanceKlass org/eclipse/jdt/core/CompletionProposal
instanceKlass org/eclipse/jdt/internal/compiler/lookup/Binding
instanceKlass org/eclipse/jdt/core/CompletionContext
instanceKlass org/eclipse/jdt/internal/compiler/env/INameEnvironment
instanceKlass org/eclipse/jdt/internal/compiler/lookup/InvocationSite
instanceKlass org/eclipse/jdt/internal/compiler/ast/ASTNode
instanceKlass org/eclipse/jdt/internal/codeassist/impl/Engine
instanceKlass org/eclipse/jdt/internal/codeassist/RelevanceConstants
instanceKlass org/eclipse/jdt/internal/compiler/lookup/TypeConstants
instanceKlass org/eclipse/jdt/internal/codeassist/ISearchRequestor
instanceKlass org/eclipse/jdt/internal/compiler/impl/ReferenceContext
instanceKlass org/eclipse/jdt/internal/compiler/ICompilerRequestor
instanceKlass org/eclipse/jdt/internal/compiler/Compiler
instanceKlass org/eclipse/jdt/internal/compiler/problem/ProblemSeverities
instanceKlass org/eclipse/jdt/internal/compiler/impl/ITypeRequestor
instanceKlass org/eclipse/jdt/internal/core/builder/ClasspathLocation
instanceKlass org/eclipse/jdt/core/IBuffer
instanceKlass org/eclipse/jdt/core/IBufferFactory
instanceKlass org/eclipse/jdt/internal/core/BufferManager
instanceKlass org/eclipse/jdt/internal/core/JavaModelManager$8
instanceKlass org/eclipse/core/internal/watson/ElementTreeIterator
instanceKlass org/eclipse/jdt/internal/core/search/indexing/IndexNamesRegistry
instanceKlass org/eclipse/jdt/internal/compiler/util/SimpleLookupTable
instanceKlass org/eclipse/jdt/internal/compiler/parser/Parser
instanceKlass org/eclipse/jdt/internal/compiler/lookup/TypeIds
instanceKlass org/eclipse/jdt/internal/compiler/ast/OperatorIds
instanceKlass org/eclipse/jdt/internal/compiler/parser/ConflictedParser
instanceKlass org/eclipse/jdt/internal/compiler/parser/ParserBasicInformation
instanceKlass org/eclipse/jdt/internal/compiler/parser/TerminalTokens
instanceKlass org/objectweb/asm/Handle
instanceKlass org/eclipse/jdt/internal/compiler/IProblemFactory
instanceKlass org/eclipse/jdt/internal/core/index/IndexLocation
instanceKlass org/eclipse/jdt/internal/core/search/indexing/IndexRequest
instanceKlass org/eclipse/jdt/internal/core/search/processing/JobManager
instanceKlass org/eclipse/jdt/internal/core/search/indexing/IIndexConstants
instanceKlass org/eclipse/jdt/internal/core/JavaModelManager$3
instanceKlass org/eclipse/jdt/internal/core/JavaModelManager$2
instanceKlass org/eclipse/jdt/internal/core/JavaModelManager$EclipsePreferencesListener
instanceKlass org/eclipse/jdt/core/IElementChangedListener
instanceKlass org/eclipse/jdt/internal/core/DeltaProcessingState
instanceKlass org/eclipse/jdt/internal/core/ExternalFoldersManager
instanceKlass org/eclipse/jdt/internal/core/util/Util$Comparer
instanceKlass org/eclipse/jdt/internal/core/JavaModelManager$CompilationParticipants
instanceKlass org/eclipse/jdt/internal/core/BatchInitializationMonitor
instanceKlass org/eclipse/core/resources/IProjectNature
instanceKlass org/eclipse/jdt/internal/core/JavaModelOperation
instanceKlass org/eclipse/jdt/internal/codeassist/ISelectionRequestor
instanceKlass org/eclipse/jdt/core/IJavaModelStatus
instanceKlass org/eclipse/jdt/internal/core/JavaModelManager$1
instanceKlass org/eclipse/jdt/core/IClassFile
instanceKlass org/eclipse/jdt/core/IPackageFragment
instanceKlass org/eclipse/jdt/internal/core/search/processing/IJob
instanceKlass org/eclipse/jdt/core/IAccessRule
instanceKlass org/eclipse/jdt/internal/core/util/LRUCache
instanceKlass org/eclipse/jdt/internal/core/search/IRestrictedAccessTypeRequestor
instanceKlass org/eclipse/jdt/core/IPackageFragmentRoot
instanceKlass org/eclipse/jdt/internal/compiler/util/Util$Displayable
instanceKlass org/eclipse/jdt/core/IJavaProject
instanceKlass org/eclipse/jdt/core/IJavaElementDelta
instanceKlass org/eclipse/jdt/core/IBufferChangedListener
instanceKlass org/eclipse/jdt/internal/compiler/util/SuffixConstants
instanceKlass org/eclipse/jdt/internal/compiler/env/ICompilationUnit
instanceKlass org/eclipse/jdt/internal/compiler/env/IDependent
instanceKlass org/eclipse/jdt/core/ICompilationUnit
instanceKlass org/eclipse/jdt/core/ISourceManipulation
instanceKlass org/eclipse/jdt/core/ITypeRoot
instanceKlass org/eclipse/jdt/core/ICodeAssist
instanceKlass org/eclipse/jdt/core/ISourceReference
instanceKlass org/eclipse/core/resources/filtermatchers/AbstractFileInfoMatcher
instanceKlass org/eclipse/core/internal/resources/Filter
instanceKlass org/eclipse/jdt/core/IClasspathContainer
instanceKlass org/eclipse/jdt/internal/core/JavaModelManager
instanceKlass org/eclipse/jdt/core/IClasspathAttribute
instanceKlass org/eclipse/jdt/internal/compiler/env/IModule
instanceKlass org/eclipse/jdt/core/IWorkingCopy
instanceKlass org/eclipse/jdt/core/search/TypeNameRequestor
instanceKlass org/eclipse/jdt/core/IRegion
instanceKlass org/eclipse/jdt/core/IClasspathEntry
instanceKlass org/eclipse/jdt/core/IJavaModel
instanceKlass org/eclipse/jdt/core/IParent
instanceKlass org/eclipse/jdt/core/IOpenable
instanceKlass org/eclipse/jdt/core/IJavaElement
instanceKlass org/eclipse/core/resources/IWorkspaceRunnable
instanceKlass org/eclipse/jdt/core/WorkingCopyOwner
instanceKlass java/nio/channels/AsynchronousByteChannel
instanceKlass java/nio/channels/AsynchronousChannel
instanceKlass java/net/SocketAddress
instanceKlass org/eclipse/lsp4j/proposed/InlayHintProvider
instanceKlass org/eclipse/jdt/ls/core/internal/lsp/JavaProtocolExtensions
instanceKlass org/eclipse/core/internal/localstore/UnifiedTreeNode
instanceKlass org/eclipse/core/internal/localstore/UnifiedTree
instanceKlass org/eclipse/jdt/ls/core/internal/syntaxserver/IExtendedProtocol
instanceKlass org/eclipse/lsp4j/services/WorkspaceService
instanceKlass org/eclipse/lsp4j/services/TextDocumentService
instanceKlass org/eclipse/lsp4j/services/LanguageServer
instanceKlass org/eclipse/jdt/ls/core/internal/BaseJDTLanguageServer
instanceKlass org/eclipse/core/internal/resources/MarkerDelta
instanceKlass org/eclipse/core/resources/IMarkerDelta
instanceKlass java/net/Authenticator
instanceKlass java/util/AbstractList$RandomAccessSpliterator
instanceKlass org/eclipse/jdt/ls/core/internal/preferences/PreferenceManager
instanceKlass java/util/ArrayDeque$DeqSpliterator
instanceKlass org/eclipse/core/internal/jobs/Semaphore
instanceKlass java/util/concurrent/locks/ReentrantReadWriteLock$Sync$HoldCounter
instanceKlass org/apache/maven/wagon/authentication/AuthenticationInfo
instanceKlass org/eclipse/m2e/core/internal/repository/IRepositoryIndexer
instanceKlass org/eclipse/m2e/core/internal/repository/IRepositoryDiscoverer
instanceKlass org/eclipse/m2e/core/internal/repository/RepositoryInfo
instanceKlass org/eclipse/m2e/core/repository/IRepository
instanceKlass org/eclipse/m2e/core/internal/repository/RepositoryRegistry
instanceKlass org/eclipse/m2e/core/repository/IRepositoryRegistry
instanceKlass org/eclipse/m2e/core/project/configurator/ILifecycleMapping
instanceKlass org/eclipse/m2e/core/project/IProjectCreationListener
instanceKlass org/eclipse/m2e/core/project/ProjectImportConfiguration
instanceKlass org/eclipse/m2e/core/project/MavenProjectInfo
instanceKlass org/eclipse/aether/graph/DependencyNode
instanceKlass ch/qos/logback/classic/spi/EventArgUtil
instanceKlass ch/qos/logback/classic/spi/IThrowableProxy
instanceKlass ch/qos/logback/classic/spi/LoggingEvent
instanceKlass org/eclipse/m2e/core/internal/project/registry/MavenProjectManager
instanceKlass org/eclipse/m2e/core/project/IMavenProjectRegistry
instanceKlass org/eclipse/aether/graph/DependencyVisitor
instanceKlass org/eclipse/aether/graph/DependencyFilter
instanceKlass org/eclipse/aether/collection/DependencyGraphTransformer
instanceKlass org/eclipse/aether/util/graph/transformer/ConflictResolver$VersionSelector
instanceKlass org/eclipse/aether/util/graph/transformer/ConflictResolver$ScopeSelector
instanceKlass org/eclipse/aether/util/graph/transformer/ConflictResolver$OptionalitySelector
instanceKlass org/eclipse/aether/util/graph/transformer/ConflictResolver$ScopeDeriver
instanceKlass javax/xml/transform/Source
instanceKlass javax/xml/transform/Result
instanceKlass org/w3c/dom/Node
instanceKlass org/eclipse/m2e/core/embedder/MavenModelManager
instanceKlass org/eclipse/m2e/core/project/configurator/ILifecycleMappingConfiguration
instanceKlass org/eclipse/m2e/core/internal/project/ProjectConfigurationManager
instanceKlass org/eclipse/m2e/core/project/IProjectConfigurationManager
instanceKlass org/eclipse/core/runtime/jobs/IJobFunction
instanceKlass org/eclipse/m2e/core/project/MavenUpdateRequest
instanceKlass org/eclipse/m2e/core/internal/project/registry/ProjectRegistryReader$MavenProjectManagerImplReplace
instanceKlass org/eclipse/m2e/core/internal/project/registry/ProjectRegistryReader$IFileReplace
instanceKlass org/eclipse/m2e/core/internal/project/registry/ProjectRegistryReader$IPathReplace
instanceKlass java/util/HashMap$UnsafeHolder
instanceKlass java/io/SerialCallbackContext
instanceKlass java/io/ObjectInputStream$GetField
instanceKlass java/io/ObjectStreamClass$ClassDataSlot
instanceKlass java/io/ObjectStreamClass$FieldReflector
instanceKlass java/io/ObjectStreamClass$FieldReflectorKey
instanceKlass java/io/ObjectStreamClass$2
instanceKlass java/io/Externalizable
instanceKlass java/io/ClassCache
instanceKlass java/io/ObjectStreamClass$Caches
instanceKlass sun/reflect/misc/ReflectUtil
instanceKlass java/io/ObjectStreamClass
instanceKlass java/io/Bits
instanceKlass sun/util/logging/PlatformLogger
instanceKlass sun/util/logging/PlatformLogger$ConfigurableBridge$LoggerConfiguration
instanceKlass jdk/internal/logger/BootstrapLogger$RedirectedLoggers
instanceKlass jdk/internal/access/JavaObjectInputFilterAccess
instanceKlass java/io/ObjectInputFilter$Config$BuiltinFilterFactory
instanceKlass java/io/ObjectInputFilter
instanceKlass jdk/internal/logger/LazyLoggers$LazyLoggerAccessor
instanceKlass jdk/internal/logger/LazyLoggers$LoggerAccessor
instanceKlass jdk/internal/logger/AbstractLoggerWrapper
instanceKlass sun/util/logging/internal/LoggingProviderImpl$LogManagerAccess
instanceKlass jdk/internal/logger/BootstrapLogger$DetectBackend$1
instanceKlass jdk/internal/logger/BootstrapLogger$DetectBackend
instanceKlass jdk/internal/logger/BootstrapLogger
instanceKlass sun/util/logging/PlatformLogger$ConfigurableBridge
instanceKlass sun/util/logging/PlatformLogger$Bridge
instanceKlass jdk/internal/logger/DefaultLoggerFinder$1
instanceKlass java/lang/System$LoggerFinder
instanceKlass jdk/internal/logger/LazyLoggers$LazyLoggerFactories
instanceKlass jdk/internal/logger/LazyLoggers$1
instanceKlass jdk/internal/logger/LazyLoggers
instanceKlass java/io/ObjectInputFilter$Config
instanceKlass java/io/ObjectInputStream$ValidationList
instanceKlass java/io/ObjectInputStream$HandleTable$HandleList
instanceKlass java/io/ObjectInputStream$HandleTable
instanceKlass jdk/internal/access/JavaObjectInputStreamReadString
instanceKlass jdk/internal/access/JavaObjectInputStreamAccess
instanceKlass org/apache/maven/project/ProjectBuildingResult
instanceKlass org/eclipse/m2e/core/project/IMavenProjectChangedListener
instanceKlass org/eclipse/m2e/core/internal/project/DependencyResolutionContext
instanceKlass org/eclipse/m2e/core/internal/project/registry/MavenProjectFacade
instanceKlass org/eclipse/m2e/core/project/ResolverConfiguration
instanceKlass org/apache/maven/model/building/ModelProblemCollectorRequest
instanceKlass org/eclipse/m2e/core/internal/embedder/AbstractTransferListenerAdapter
instanceKlass org/apache/maven/wagon/events/TransferListener
instanceKlass org/eclipse/m2e/core/internal/preferences/MavenPreferenceConstants
instanceKlass org/eclipse/aether/AbstractForwardingRepositorySystemSession
instanceKlass org/apache/maven/execution/MavenExecutionRequest
instanceKlass org/eclipse/m2e/core/embedder/ILocalRepositoryListener
instanceKlass org/apache/maven/lifecycle/MavenExecutionPlan
instanceKlass org/apache/maven/model/ConfigurationContainer
instanceKlass org/eclipse/m2e/core/internal/embedder/MavenExecutionContext
instanceKlass org/apache/maven/model/ModelBase
instanceKlass org/apache/maven/model/InputLocationTracker
instanceKlass org/apache/maven/wagon/proxy/ProxyInfo
instanceKlass org/apache/maven/project/ProjectBuildingRequest
instanceKlass org/apache/maven/execution/MavenSession
instanceKlass org/apache/maven/plugin/MojoExecution
instanceKlass org/apache/maven/artifact/Artifact
instanceKlass org/eclipse/m2e/core/embedder/ICallable
instanceKlass org/eclipse/m2e/core/embedder/ISettingsChangeListener
instanceKlass org/eclipse/sisu/inject/MildKeys
instanceKlass org/eclipse/sisu/inject/Weak
instanceKlass com/google/inject/matcher/AbstractMatcher
instanceKlass com/google/inject/matcher/Matcher
instanceKlass com/google/inject/Module
instanceKlass com/google/inject/spi/TypeConverter
instanceKlass org/codehaus/plexus/component/configurator/converters/ParameterizedConfigurationConverter
instanceKlass org/codehaus/plexus/component/configurator/converters/AbstractConfigurationConverter
instanceKlass org/codehaus/plexus/component/configurator/converters/ConfigurationConverter
instanceKlass org/codehaus/plexus/component/configurator/converters/lookup/DefaultConverterLookup
instanceKlass org/eclipse/m2e/core/internal/markers/MavenProblemInfo
instanceKlass org/eclipse/m2e/core/internal/markers/SourceLocation
instanceKlass org/apache/maven/project/MavenProject
instanceKlass org/eclipse/aether/artifact/Artifact
instanceKlass org/eclipse/m2e/core/internal/markers/MavenMarkerManager
instanceKlass org/codehaus/plexus/DefaultPlexusContainer
instanceKlass org/codehaus/plexus/MutablePlexusContainer
instanceKlass org/codehaus/plexus/util/IOUtil
instanceKlass org/codehaus/plexus/util/xml/XMLWriter
instanceKlass org/codehaus/plexus/util/xml/Xpp3Dom
instanceKlass org/codehaus/plexus/util/xml/pull/MXParser
instanceKlass org/codehaus/plexus/util/xml/pull/XmlPullParser
instanceKlass org/codehaus/plexus/util/xml/Xpp3DomBuilder
instanceKlass org/codehaus/plexus/util/ReaderFactory
instanceKlass org/apache/maven/project/ExtensionDescriptor
instanceKlass org/apache/maven/project/ExtensionDescriptorBuilder
instanceKlass org/codehaus/plexus/classworlds/strategy/AbstractStrategy
instanceKlass org/codehaus/plexus/classworlds/strategy/Strategy
instanceKlass org/codehaus/plexus/classworlds/strategy/StrategyFactory
instanceKlass org/apache/felix/scr/impl/ComponentRegistry$2
instanceKlass org/eclipse/core/internal/preferences/EclipsePreferences$1
instanceKlass org/apache/felix/scr/impl/ComponentRegistry$Entry
instanceKlass org/eclipse/osgi/internal/log/Arguments
instanceKlass org/eclipse/m2e/core/internal/embedder/EclipseLogger
instanceKlass org/codehaus/plexus/logging/Logger
instanceKlass org/codehaus/plexus/logging/AbstractLoggerManager
instanceKlass org/codehaus/plexus/logging/LoggerManager
instanceKlass org/apache/maven/extension/internal/CoreExtensionEntry
instanceKlass org/codehaus/plexus/classworlds/ClassWorld
instanceKlass org/codehaus/plexus/PlexusContainer
instanceKlass org/apache/maven/settings/TrackableBase
instanceKlass org/eclipse/aether/transfer/TransferListener
instanceKlass org/apache/maven/plugin/version/PluginVersionRequest
instanceKlass org/codehaus/plexus/configuration/PlexusConfiguration
instanceKlass org/codehaus/plexus/component/configurator/expression/ExpressionEvaluator
instanceKlass org/eclipse/aether/RepositorySystemSession
instanceKlass org/apache/maven/model/building/ModelBuildingRequest
instanceKlass org/apache/maven/settings/building/SettingsBuildingRequest
instanceKlass org/apache/maven/settings/crypto/SettingsDecryptionRequest
instanceKlass org/codehaus/plexus/component/configurator/converters/lookup/ConverterLookup
instanceKlass org/eclipse/m2e/core/internal/embedder/MavenImpl
instanceKlass org/eclipse/m2e/core/embedder/IMavenConfigurationChangeListener
instanceKlass org/eclipse/core/runtime/preferences/IPreferenceFilter
instanceKlass org/eclipse/m2e/core/internal/preferences/MavenConfigurationImpl
instanceKlass org/eclipse/m2e/core/internal/project/registry/ProjectRegistryReader
instanceKlass org/eclipse/m2e/core/internal/embedder/PlexusContainerManager
instanceKlass org/eclipse/m2e/core/internal/markers/IMavenMarkerManager
instanceKlass org/eclipse/m2e/core/internal/project/registry/BasicProjectRegistry
instanceKlass org/apache/maven/artifact/repository/MavenArtifactRepository
instanceKlass org/apache/maven/artifact/repository/ArtifactRepository
instanceKlass org/eclipse/aether/repository/WorkspaceReader
instanceKlass org/eclipse/m2e/core/internal/project/registry/AbstractMavenDependencyResolver
instanceKlass org/apache/maven/execution/MavenExecutionResult
instanceKlass org/eclipse/m2e/core/embedder/IMavenExecutionContext
instanceKlass org/eclipse/m2e/core/project/IMavenProjectFacade
instanceKlass org/eclipse/m2e/core/embedder/IMavenExecutableLocation
instanceKlass org/eclipse/m2e/core/internal/project/registry/IProjectRegistry
instanceKlass org/eclipse/m2e/core/internal/project/registry/Capability
instanceKlass org/eclipse/m2e/core/embedder/IMaven
instanceKlass org/eclipse/m2e/core/embedder/IComponentLookup
instanceKlass org/eclipse/m2e/core/embedder/IMavenConfiguration
instanceKlass org/eclipse/m2e/core/internal/project/registry/ProjectRegistryManager
instanceKlass org/codehaus/plexus/util/io/InputStreamFacade
instanceKlass org/codehaus/plexus/util/FileUtils
instanceKlass org/eclipse/core/resources/team/ResourceRuleFactory
instanceKlass ch/qos/logback/classic/util/LoggerNameUtil
instanceKlass ch/qos/logback/classic/selector/DefaultContextSelector
instanceKlass ch/qos/logback/core/util/CachingDateFormatter
instanceKlass ch/qos/logback/core/util/StatusPrinter
instanceKlass ch/qos/logback/core/status/StatusUtil
instanceKlass ch/qos/logback/core/Appender
instanceKlass ch/qos/logback/core/spi/FilterAttachable
instanceKlass ch/qos/logback/core/spi/ContextAwareBase
instanceKlass ch/qos/logback/classic/util/EnvUtil
instanceKlass ch/qos/logback/classic/spi/Configurator
instanceKlass ch/qos/logback/core/spi/ContextAware
instanceKlass ch/qos/logback/core/status/StatusBase
instanceKlass java/security/Policy$PolicyInfo
instanceKlass ch/qos/logback/core/util/Loader$1
instanceKlass ch/qos/logback/core/util/Loader
instanceKlass ch/qos/logback/core/util/OptionHelper
instanceKlass ch/qos/logback/core/status/StatusListener
instanceKlass ch/qos/logback/core/util/StatusListenerConfigHelper
instanceKlass ch/qos/logback/classic/util/ContextInitializer
instanceKlass ch/qos/logback/classic/selector/ContextSelector
instanceKlass ch/qos/logback/classic/util/ContextSelectorStaticBinder
instanceKlass ch/qos/logback/classic/Level
instanceKlass ch/qos/logback/classic/spi/ILoggingEvent
instanceKlass ch/qos/logback/core/spi/DeferredProcessingAware
instanceKlass ch/qos/logback/classic/Logger
instanceKlass ch/qos/logback/core/spi/AppenderAttachable
instanceKlass org/slf4j/spi/LocationAwareLogger
instanceKlass ch/qos/logback/classic/spi/LoggerContextVO
instanceKlass ch/qos/logback/core/spi/LogbackLock
instanceKlass ch/qos/logback/core/helpers/CyclicBuffer
instanceKlass ch/qos/logback/core/BasicStatusManager
instanceKlass ch/qos/logback/core/status/Status
instanceKlass ch/qos/logback/core/status/StatusManager
instanceKlass ch/qos/logback/core/ContextBase
instanceKlass ch/qos/logback/core/spi/LifeCycle
instanceKlass ch/qos/logback/core/Context
instanceKlass ch/qos/logback/core/spi/PropertyContainer
instanceKlass org/slf4j/impl/StaticLoggerBinder
instanceKlass org/slf4j/spi/LoggerFactoryBinder
instanceKlass org/slf4j/helpers/Util
instanceKlass org/slf4j/helpers/NOPLoggerFactory
instanceKlass org/slf4j/Logger
instanceKlass org/slf4j/helpers/SubstituteLoggerFactory
instanceKlass org/slf4j/ILoggerFactory
instanceKlass org/slf4j/event/LoggingEvent
instanceKlass org/slf4j/LoggerFactory
instanceKlass org/eclipse/m2e/core/internal/URLConnectionCaches
instanceKlass org/eclipse/m2e/core/internal/jobs/IBackgroundProcessingQueue
instanceKlass org/eclipse/core/resources/IResourceChangeEvent
instanceKlass java/util/concurrent/atomic/Striped64$1
instanceKlass jdk/internal/util/random/RandomSupport
instanceKlass java/util/concurrent/ConcurrentSkipListMap$Node
instanceKlass java/util/concurrent/ConcurrentSkipListMap$Index
instanceKlass java/util/concurrent/ConcurrentNavigableMap
instanceKlass org/eclipse/core/internal/preferences/BundleStateScope
instanceKlass org/apache/felix/scr/impl/inject/field/FieldHandler$Resolved
instanceKlass org/apache/felix/scr/impl/inject/field/FieldUtils$FieldSearchResult
instanceKlass org/apache/felix/scr/impl/inject/field/FieldUtils$1
instanceKlass org/apache/felix/scr/impl/inject/field/FieldUtils
instanceKlass org/apache/felix/scr/impl/inject/field/FieldHandler$1
instanceKlass org/apache/felix/scr/impl/inject/field/FieldHandler$ReferenceMethodImpl
instanceKlass org/apache/felix/scr/impl/inject/field/FieldHandler$NotResolved
instanceKlass org/apache/felix/scr/impl/inject/field/FieldHandler$State
instanceKlass org/apache/felix/scr/impl/inject/InitReferenceMethod
instanceKlass org/apache/felix/scr/impl/inject/field/FieldHandler
instanceKlass org/apache/felix/scr/impl/inject/field/FieldMethods
instanceKlass org/eclipse/core/internal/resources/CheckMissingNaturesListener
instanceKlass org/eclipse/core/internal/resources/ResourceChangeListenerRegistrar
instanceKlass org/eclipse/core/internal/resources/Rules
instanceKlass org/eclipse/core/internal/filesystem/FileStoreUtil
instanceKlass org/eclipse/core/internal/resources/AliasManager$LocationMap
instanceKlass org/eclipse/core/internal/resources/AliasManager$FindAliasesDoit
instanceKlass org/eclipse/core/internal/resources/AliasManager$AddToCollectionDoit
instanceKlass org/eclipse/core/internal/resources/AliasManager$Doit
instanceKlass org/eclipse/core/internal/resources/AliasManager
instanceKlass org/eclipse/core/resources/refresh/IRefreshMonitor
instanceKlass org/eclipse/core/internal/refresh/MonitorManager
instanceKlass org/eclipse/core/resources/IResourceDeltaVisitor
instanceKlass org/eclipse/core/resources/IPathVariableChangeListener
instanceKlass org/eclipse/core/internal/refresh/RefreshManager
instanceKlass org/eclipse/core/resources/refresh/IRefreshResult
instanceKlass org/eclipse/osgi/compatibility/state/ReadOnlyState
instanceKlass org/eclipse/core/internal/resources/ProjectContentTypes
instanceKlass org/eclipse/core/internal/utils/KeyedHashSet
instanceKlass org/eclipse/core/internal/utils/KeyedHashSet$KeyedElement
instanceKlass org/eclipse/core/internal/utils/Cache
instanceKlass org/eclipse/core/internal/resources/ContentDescriptionManager
instanceKlass java/util/function/LongUnaryOperator
instanceKlass org/eclipse/core/internal/jobs/JobChangeEvent
instanceKlass org/eclipse/core/internal/resources/CharsetDeltaJob$ICharsetListenerFilter
instanceKlass org/eclipse/core/runtime/PerformanceStats
instanceKlass org/eclipse/core/internal/events/ResourceStats
instanceKlass org/eclipse/core/internal/events/ResourceChangeListenerList$ListenerEntry
instanceKlass org/eclipse/core/internal/resources/CharsetManager$ResourceChangeListener
instanceKlass org/eclipse/core/resources/IResourceChangeListener
instanceKlass org/eclipse/core/internal/resources/CharsetManager
instanceKlass org/eclipse/core/internal/localstore/Bucket$Entry
instanceKlass org/eclipse/core/internal/localstore/BucketTree
instanceKlass org/eclipse/core/internal/localstore/Bucket$Visitor
instanceKlass org/eclipse/core/internal/localstore/Bucket
instanceKlass org/eclipse/core/internal/properties/PropertyManager2
instanceKlass org/eclipse/core/internal/events/LifecycleEvent
instanceKlass org/eclipse/core/internal/resources/LinkDescription
instanceKlass org/eclipse/core/resources/FileInfoMatcherDescription
instanceKlass org/eclipse/core/internal/resources/FilterDescription
instanceKlass org/eclipse/core/internal/resources/IModelObjectConstants
instanceKlass org/eclipse/core/resources/variableresolvers/PathVariableResolver
instanceKlass org/eclipse/core/internal/resources/ProjectVariableProviderManager$Descriptor
instanceKlass org/eclipse/core/internal/resources/ProjectVariableProviderManager
instanceKlass org/eclipse/core/internal/resources/ProjectPathVariableManager
instanceKlass sun/nio/fs/WindowsUriSupport
instanceKlass org/apache/commons/lang3/text/StrLookup
instanceKlass org/eclipse/jdt/ls/core/internal/ResourceUtils
instanceKlass org/eclipse/core/internal/localstore/FileStoreRoot
instanceKlass java/nio/file/attribute/DosFileAttributeView
instanceKlass org/eclipse/core/filesystem/provider/FileInfo
instanceKlass org/eclipse/core/internal/filesystem/local/LocalFileNatives
instanceKlass org/eclipse/osgi/storage/bundlefile/ZipBundleFile$1
instanceKlass org/eclipse/core/internal/filesystem/FileSystemAccess
instanceKlass org/eclipse/osgi/storage/NativeCodeFinder
instanceKlass org/eclipse/core/internal/filesystem/local/unix/UnixFileNatives
instanceKlass org/eclipse/core/internal/filesystem/local/NativeHandler
instanceKlass org/eclipse/core/internal/filesystem/local/LocalFileNativesManager
instanceKlass org/eclipse/jdt/ls/core/internal/filesystem/JLSFsUtils
instanceKlass org/eclipse/core/filesystem/IFileStore
instanceKlass org/eclipse/core/filesystem/IFileSystem
instanceKlass org/eclipse/core/internal/filesystem/InternalFileSystemCore
instanceKlass org/eclipse/core/filesystem/IFileInfo
instanceKlass org/eclipse/core/filesystem/EFS
instanceKlass org/eclipse/core/filesystem/URIUtil
instanceKlass org/eclipse/core/internal/resources/SyncInfoSnapReader
instanceKlass org/eclipse/core/internal/resources/MarkerAttributeMap
instanceKlass org/eclipse/core/internal/resources/MarkerSet
instanceKlass org/eclipse/core/internal/dtree/DataTreeLookup
instanceKlass org/eclipse/core/internal/watson/ElementTree$ChildIDsCache
instanceKlass org/eclipse/core/internal/resources/MarkerSnapshotReader
instanceKlass org/eclipse/core/internal/resources/SyncInfoReader
instanceKlass org/eclipse/core/internal/dtree/DataTreeReader
instanceKlass org/eclipse/core/internal/watson/ElementTreeReader$1
instanceKlass org/eclipse/core/internal/dtree/IDataFlattener
instanceKlass org/eclipse/core/internal/watson/ElementTreeReader
instanceKlass org/eclipse/core/internal/resources/WorkspaceTreeReader
instanceKlass org/eclipse/core/runtime/ILogListener
instanceKlass java/io/FileOutputStream$1
instanceKlass org/eclipse/osgi/internal/log/ExtendedLogEntryImpl
instanceKlass org/eclipse/equinox/log/ExtendedLogEntry
instanceKlass java/lang/StackTraceElement$HashedModules
instanceKlass org/eclipse/osgi/framework/log/FrameworkLogEntry
instanceKlass org/eclipse/core/internal/runtime/Log
instanceKlass org/eclipse/core/resources/IResourceStatus
instanceKlass org/eclipse/core/resources/ISavedState
instanceKlass org/eclipse/core/resources/ISaveContext
instanceKlass org/eclipse/core/internal/resources/SaveManager
instanceKlass org/eclipse/core/internal/watson/IElementInfoFlattener
instanceKlass org/eclipse/core/internal/resources/SyncInfoWriter
instanceKlass org/eclipse/core/internal/resources/Synchronizer
instanceKlass org/eclipse/core/internal/resources/MarkerWriter
instanceKlass org/eclipse/core/internal/resources/MarkerDeltaManager
instanceKlass org/eclipse/core/internal/resources/MarkerTypeDefinitionCache$MarkerTypeDefinition
instanceKlass org/eclipse/core/internal/resources/MarkerTypeDefinitionCache
instanceKlass org/eclipse/core/internal/resources/MarkerInfo
instanceKlass org/eclipse/core/internal/resources/IMarkerSetElement
instanceKlass org/eclipse/core/internal/resources/MarkerManager
instanceKlass org/eclipse/core/internal/events/ResourceChangeListenerList
instanceKlass org/eclipse/core/internal/events/NotificationManager
instanceKlass java/util/stream/Node$Builder
instanceKlass java/util/stream/Node$OfDouble
instanceKlass java/util/stream/Node$OfLong
instanceKlass java/util/stream/Node$OfInt
instanceKlass java/util/stream/Node$OfPrimitive
instanceKlass java/util/stream/Nodes$EmptyNode
instanceKlass java/util/stream/Node
instanceKlass java/util/stream/Nodes
instanceKlass java/util/stream/SortedOps
instanceKlass org/eclipse/core/internal/events/BuildManager$DeltaCache
instanceKlass org/eclipse/core/resources/IResourceDelta
instanceKlass org/eclipse/core/resources/ICommand
instanceKlass org/eclipse/core/internal/events/InternalBuilder
instanceKlass org/eclipse/core/resources/IBuildContext
instanceKlass org/eclipse/core/internal/events/BuildManager
instanceKlass org/eclipse/core/internal/resources/FilterTypeManager$1
instanceKlass org/eclipse/core/internal/resources/FilterDescriptor
instanceKlass org/eclipse/core/resources/IFilterMatcherDescriptor
instanceKlass org/eclipse/core/internal/resources/FilterTypeManager
instanceKlass org/eclipse/core/resources/IProjectNatureDescriptor
instanceKlass org/eclipse/core/internal/resources/NatureManager
instanceKlass org/eclipse/core/internal/events/ILifecycleListener
instanceKlass org/eclipse/core/internal/resources/PathVariableManager
instanceKlass org/eclipse/core/internal/localstore/IHistoryStore
instanceKlass org/eclipse/core/internal/localstore/RefreshLocalVisitor
instanceKlass org/eclipse/core/internal/localstore/ILocalStoreConstants
instanceKlass org/eclipse/core/internal/localstore/IUnifiedTreeVisitor
instanceKlass org/eclipse/core/internal/localstore/FileSystemResourceManager
instanceKlass org/eclipse/core/runtime/jobs/MultiRule
instanceKlass org/eclipse/core/internal/jobs/OrderedLock
instanceKlass org/eclipse/core/internal/resources/WorkManager$NotifyRule
instanceKlass org/eclipse/core/internal/resources/WorkManager
instanceKlass org/eclipse/core/runtime/SubMonitor$RootInfo
instanceKlass org/eclipse/core/runtime/NullProgressMonitor
instanceKlass org/eclipse/core/runtime/SubMonitor
instanceKlass org/eclipse/core/runtime/preferences/IExportedPreferences
instanceKlass org/eclipse/core/runtime/Preferences$IPropertyChangeListener
instanceKlass org/eclipse/core/runtime/preferences/IEclipsePreferences$INodeChangeListener
instanceKlass org/eclipse/core/runtime/preferences/IEclipsePreferences$IPreferenceChangeListener
instanceKlass org/eclipse/core/runtime/Preferences
instanceKlass lombok/eclipse/agent/PatchFixesShadowLoaded
instanceKlass lombok/core/LombokNode
instanceKlass lombok/core/DiagnosticsReceiver
instanceKlass lombok/launch/PatchFixesHider$Util
instanceKlass lombok/launch/PatchFixesHider$LombokDeps
instanceKlass java/lang/invoke/ClassSpecializer$Factory$1Var
instanceKlass sun/invoke/util/ValueConversions$1
instanceKlass sun/invoke/util/ValueConversions$WrapperCache
instanceKlass java/lang/invoke/MethodHandleImpl$ArrayAccessor
instanceKlass java/lang/invoke/MethodHandleImpl$2
instanceKlass java/lang/invoke/MethodHandleImpl$LoopClauses
instanceKlass java/lang/invoke/MethodHandleImpl$CasesHolder
instanceKlass java/io/ObjectOutput
instanceKlass java/io/ObjectStreamConstants
instanceKlass java/io/ObjectInput
instanceKlass org/eclipse/core/internal/runtime/Product
instanceKlass org/eclipse/core/runtime/IProduct
instanceKlass lombok/patcher/scripts/WrapReturnValuesScript$1
instanceKlass org/eclipse/equinox/internal/app/ProductExtensionBranding
instanceKlass org/eclipse/core/internal/runtime/FindSupport
instanceKlass org/eclipse/core/runtime/FileLocator
instanceKlass java/util/Collections$ReverseComparator2
instanceKlass org/eclipse/core/runtime/SafeRunner
instanceKlass org/eclipse/core/internal/preferences/PreferenceServiceRegistryHelper$1
instanceKlass org/eclipse/core/runtime/IExecutableExtensionFactory
instanceKlass org/eclipse/core/runtime/IExecutableExtension
instanceKlass org/eclipse/core/runtime/preferences/AbstractPreferenceInitializer
instanceKlass org/eclipse/core/internal/dtree/AbstractDataTree
instanceKlass org/eclipse/core/internal/dtree/AbstractDataTreeNode
instanceKlass org/eclipse/core/internal/watson/ElementTree
instanceKlass org/eclipse/core/internal/runtime/DataArea
instanceKlass org/eclipse/core/internal/runtime/MetaDataKeeper
instanceKlass org/eclipse/core/internal/resources/LocalMetaArea
instanceKlass org/eclipse/core/internal/resources/LocationValidator
instanceKlass org/eclipse/core/internal/utils/FileUtil
instanceKlass org/eclipse/core/internal/watson/IElementContentVisitor
instanceKlass org/eclipse/core/resources/IResourceFilterDescription
instanceKlass org/eclipse/core/resources/team/IResourceTree
instanceKlass org/eclipse/core/resources/IMarker
instanceKlass org/eclipse/core/resources/IResourceProxy
instanceKlass org/eclipse/core/runtime/Platform
instanceKlass org/eclipse/core/internal/resources/ResourceInfo
instanceKlass org/eclipse/core/internal/resources/ModelObject
instanceKlass org/eclipse/core/resources/IProject
instanceKlass org/eclipse/core/resources/IWorkspaceDescription
instanceKlass org/eclipse/core/internal/resources/InternalTeamHook
instanceKlass org/eclipse/core/internal/watson/IElementComparator
instanceKlass org/eclipse/core/internal/dtree/IComparator
instanceKlass org/eclipse/core/resources/IBuildConfiguration
instanceKlass org/eclipse/core/resources/ISynchronizer
instanceKlass org/eclipse/core/resources/IResourceRuleFactory
instanceKlass org/eclipse/core/resources/IPathVariableManager
instanceKlass org/eclipse/core/resources/IProjectDescription
instanceKlass org/eclipse/core/resources/team/IMoveDeleteHook
instanceKlass org/eclipse/core/internal/properties/IPropertyManager
instanceKlass org/eclipse/core/internal/resources/IManager
instanceKlass org/eclipse/core/resources/IFile
instanceKlass org/eclipse/core/resources/IEncodedStorage
instanceKlass org/eclipse/core/resources/IStorage
instanceKlass org/eclipse/core/resources/IFolder
instanceKlass org/eclipse/core/internal/watson/IPathRequestor
instanceKlass org/eclipse/core/internal/utils/IStringPoolParticipant
instanceKlass org/eclipse/core/runtime/ICoreRunnable
instanceKlass org/eclipse/core/internal/watson/IElementTreeData
instanceKlass org/eclipse/core/internal/jobs/WorkerPool
instanceKlass org/eclipse/core/internal/jobs/JobQueue
instanceKlass org/eclipse/core/internal/jobs/DeadlockDetector
instanceKlass org/eclipse/core/internal/jobs/LockManager
instanceKlass org/eclipse/core/runtime/jobs/JobChangeAdapter
instanceKlass org/eclipse/core/internal/jobs/JobListeners$IListenerDoit
instanceKlass org/eclipse/core/runtime/jobs/IJobChangeEvent
instanceKlass org/eclipse/core/internal/jobs/JobListeners
instanceKlass org/eclipse/core/internal/jobs/ImplicitJobs
instanceKlass org/eclipse/core/internal/jobs/JobManager$1
instanceKlass org/eclipse/core/runtime/ProgressMonitorWrapper
instanceKlass org/eclipse/core/runtime/IProgressMonitorWithBlocking
instanceKlass org/eclipse/core/runtime/jobs/ILock
instanceKlass org/eclipse/core/internal/jobs/InternalJobGroup
instanceKlass org/eclipse/core/runtime/jobs/IJobChangeListener
instanceKlass org/eclipse/core/internal/jobs/JobManager
instanceKlass org/eclipse/core/runtime/jobs/IJobManager
instanceKlass org/eclipse/core/internal/jobs/JobOSGiUtils
instanceKlass org/eclipse/core/internal/jobs/JobActivator
instanceKlass org/eclipse/core/resources/IWorkspaceRoot
instanceKlass org/eclipse/core/resources/IContainer
instanceKlass org/eclipse/core/resources/IResource
instanceKlass org/eclipse/core/runtime/jobs/ISchedulingRule
instanceKlass org/eclipse/core/runtime/PlatformObject
instanceKlass org/eclipse/core/internal/resources/ICoreConstants
instanceKlass java/util/Formattable
instanceKlass java/util/Formatter$Flags
instanceKlass java/util/Formatter$FormatSpecifier
instanceKlass java/util/Formatter$Conversion
instanceKlass java/util/Formatter$FixedString
instanceKlass java/util/Formatter$FormatString
instanceKlass java/util/Formatter
instanceKlass java/text/DigitList
instanceKlass java/text/FieldPosition
instanceKlass java/lang/StringUTF16$CharsSpliterator
instanceKlass java/util/stream/Sink$ChainedInt
instanceKlass java/util/OptionalInt
instanceKlass java/util/stream/Sink$OfInt
instanceKlass java/util/function/IntConsumer
instanceKlass java/util/function/IntPredicate
instanceKlass java/util/stream/IntStream
instanceKlass java/lang/StringLatin1$CharsSpliterator
instanceKlass java/text/DecimalFormatSymbols
instanceKlass java/text/DateFormatSymbols
instanceKlass sun/util/resources/Bundles$CacheKeyReference
instanceKlass java/util/ResourceBundle$ResourceBundleProviderHelper
instanceKlass sun/util/resources/Bundles$CacheKey
instanceKlass sun/util/resources/Bundles
instanceKlass sun/util/resources/LocaleData$LocaleDataStrategy
instanceKlass sun/util/resources/Bundles$Strategy
instanceKlass sun/util/resources/LocaleData$1
instanceKlass sun/util/resources/LocaleData
instanceKlass sun/util/locale/provider/LocaleResources
instanceKlass java/util/ResourceBundle$Control
instanceKlass sun/util/locale/provider/CalendarDataUtility$CalendarWeekParameterGetter
instanceKlass sun/util/locale/provider/LocaleServiceProviderPool$LocalizedObjectGetter
instanceKlass sun/util/locale/provider/LocaleServiceProviderPool
instanceKlass java/util/Locale$Builder
instanceKlass sun/util/locale/provider/CalendarDataUtility
instanceKlass java/util/Calendar$Builder
instanceKlass sun/util/locale/provider/AvailableLanguageTags
instanceKlass java/util/ServiceLoader$ProviderImpl
instanceKlass java/util/ServiceLoader$Provider
instanceKlass java/util/ServiceLoader$1
instanceKlass sun/util/resources/cldr/provider/CLDRLocaleDataMetaInfo
instanceKlass jdk/internal/module/ModulePatcher$PatchedModuleReader
instanceKlass java/util/concurrent/CopyOnWriteArrayList$COWIterator
instanceKlass sun/util/locale/LocaleObjectCache
instanceKlass sun/util/locale/BaseLocale$Key
instanceKlass sun/util/locale/InternalLocaleBuilder$CaseInsensitiveChar
instanceKlass sun/util/locale/InternalLocaleBuilder
instanceKlass sun/util/locale/StringTokenIterator
instanceKlass sun/util/locale/ParseStatus
instanceKlass sun/util/locale/LanguageTag
instanceKlass sun/util/cldr/CLDRBaseLocaleDataMetaInfo
instanceKlass sun/util/locale/provider/LocaleDataMetaInfo
instanceKlass sun/util/locale/provider/ResourceBundleBasedAdapter
instanceKlass sun/util/locale/provider/LocaleProviderAdapter$1
instanceKlass sun/util/locale/provider/LocaleProviderAdapter
instanceKlass java/util/spi/LocaleServiceProvider
instanceKlass sun/util/calendar/ZoneInfoFile$ZoneOffsetTransitionRule
instanceKlass sun/util/calendar/ZoneInfoFile$1
instanceKlass sun/util/calendar/ZoneInfoFile
instanceKlass java/util/TimeZone
instanceKlass java/util/Calendar
instanceKlass java/text/AttributedCharacterIterator$Attribute
instanceKlass java/text/Format
instanceKlass org/eclipse/osgi/internal/debug/EclipseDebugTrace
instanceKlass org/eclipse/core/internal/utils/Policy$1
instanceKlass org/eclipse/core/runtime/IProgressMonitor
instanceKlass org/eclipse/core/internal/utils/Policy
instanceKlass org/eclipse/core/resources/ResourcesPlugin$WorkspaceInitCustomizer
instanceKlass org/eclipse/core/resources/IWorkspace
instanceKlass org/eclipse/core/runtime/IAdaptable
instanceKlass org/eclipse/jdt/ls/core/internal/managers/ProjectsManager
instanceKlass org/eclipse/jdt/ls/core/internal/managers/IProjectsManager
instanceKlass org/eclipse/core/resources/ISaveParticipant
instanceKlass org/eclipse/core/internal/runtime/LogServiceFactory
instanceKlass org/eclipse/core/runtime/ILog
instanceKlass org/eclipse/equinox/internal/app/AppCommands
instanceKlass org/eclipse/equinox/internal/app/EclipseAppContainer$RegisterService
instanceKlass org/eclipse/equinox/app/IApplicationContext
instanceKlass org/osgi/service/application/ApplicationHandle
instanceKlass org/osgi/service/application/ApplicationDescriptor
instanceKlass org/eclipse/osgi/service/runnable/ApplicationLauncher
instanceKlass org/eclipse/equinox/internal/app/IBranding
instanceKlass org/eclipse/osgi/service/runnable/ApplicationRunnable
instanceKlass org/eclipse/osgi/service/runnable/ParameterizedRunnable
instanceKlass org/eclipse/equinox/internal/app/EclipseAppContainer
instanceKlass org/osgi/service/application/ScheduledApplication
instanceKlass org/eclipse/equinox/internal/app/AppPersistence
instanceKlass org/eclipse/equinox/internal/app/Activator
instanceKlass org/eclipse/equinox/internal/app/CommandLineArgs
instanceKlass org/eclipse/core/internal/preferences/legacy/InitLegacyPreferences
instanceKlass org/eclipse/core/internal/preferences/legacy/ProductPreferencesService
instanceKlass org/eclipse/core/internal/preferences/exchange/IProductPreferencesService
instanceKlass org/eclipse/core/internal/runtime/AuthorizationHandler
instanceKlass org/eclipse/core/runtime/IBundleGroupProvider
instanceKlass org/eclipse/core/internal/runtime/InternalPlatform
instanceKlass org/eclipse/core/runtime/Plugin
instanceKlass org/eclipse/equinox/internal/frameworkadmin/equinox/Log
instanceKlass org/eclipse/osgi/framework/util/CaseInsensitiveDictionaryMap$CaseInsentiveEntry
instanceKlass org/eclipse/osgi/framework/util/CaseInsensitiveDictionaryMap$EntryIterator
instanceKlass org/eclipse/osgi/framework/util/CaseInsensitiveDictionaryMap$KeyIterator
instanceKlass org/eclipse/equinox/internal/provisional/configuratormanipulator/ConfiguratorManipulator
instanceKlass java/lang/Process
instanceKlass org/eclipse/equinox/internal/provisional/frameworkadmin/Manipulator
instanceKlass org/eclipse/equinox/internal/frameworkadmin/equinox/EquinoxFwAdminImpl
instanceKlass org/eclipse/equinox/internal/provisional/frameworkadmin/FrameworkAdmin
instanceKlass org/osgi/util/promise/DeferredPromiseImpl$ResolveWith
instanceKlass org/osgi/util/promise/PromiseImpl$Result
instanceKlass org/osgi/util/promise/PromiseFactory$All
instanceKlass org/osgi/util/promise/PromiseImpl$InlineCallback
instanceKlass org/eclipse/core/runtime/QualifiedName
instanceKlass org/apache/felix/scr/impl/inject/methods/ActivateMethod$1
instanceKlass org/apache/felix/scr/impl/inject/ValueUtils$1
instanceKlass org/apache/felix/scr/impl/inject/MethodResult
instanceKlass org/eclipse/core/internal/content/ContentTypeManager$ContentTypeRegistryChangeListener
instanceKlass org/apache/felix/scr/impl/manager/DependencyManager$OpenStatusImpl
instanceKlass org/apache/felix/scr/impl/manager/SingleComponentManager$1
instanceKlass org/apache/felix/scr/impl/inject/ReferenceMethod$1
instanceKlass org/apache/felix/scr/impl/inject/methods/BaseMethod$Resolved
instanceKlass org/apache/felix/scr/impl/inject/methods/BaseMethod$MethodInfo
instanceKlass org/apache/felix/scr/impl/inject/methods/BaseMethod$1
instanceKlass org/eclipse/core/runtime/content/IContentTypeManager$ISelectionPolicy
instanceKlass java/util/AbstractMap$1$1
instanceKlass org/eclipse/core/internal/preferences/BundleStateScopeServiceFactory
instanceKlass org/eclipse/core/internal/preferences/Activator$1
instanceKlass org/eclipse/core/internal/registry/ExtensionRegistry$ListenerInfo
instanceKlass org/eclipse/core/internal/preferences/PreferenceServiceRegistryHelper
instanceKlass org/eclipse/core/runtime/ListenerList$ListenerListIterator
instanceKlass java/util/function/IntFunction
instanceKlass org/eclipse/core/internal/preferences/StringPool
instanceKlass org/eclipse/core/internal/preferences/AbstractScope
instanceKlass org/eclipse/core/internal/preferences/OSGiPreferencesServiceManager
instanceKlass org/osgi/service/prefs/PreferencesService
instanceKlass org/eclipse/core/runtime/Path
instanceKlass org/eclipse/core/runtime/IPath
instanceKlass org/eclipse/core/internal/preferences/ImmutableMap
instanceKlass org/eclipse/core/internal/preferences/EclipsePreferences
instanceKlass org/eclipse/core/runtime/preferences/IScope
instanceKlass org/eclipse/core/runtime/preferences/IPreferenceNodeVisitor
instanceKlass org/eclipse/core/runtime/preferences/IEclipsePreferences
instanceKlass org/eclipse/core/internal/preferences/PreferencesService
instanceKlass org/eclipse/core/runtime/preferences/IPreferencesService
instanceKlass org/eclipse/core/internal/preferences/exchange/ILegacyPreferences
instanceKlass org/eclipse/core/internal/preferences/PreferencesOSGiUtils
instanceKlass org/eclipse/core/internal/preferences/Activator
instanceKlass org/eclipse/core/runtime/preferences/IScopeContext
instanceKlass org/eclipse/core/runtime/content/IContentTypeManager$IContentTypeChangeListener
instanceKlass org/eclipse/core/internal/content/BasicDescription
instanceKlass org/eclipse/core/internal/content/ContentTypeBuilder
instanceKlass org/eclipse/core/internal/content/ContentTypeCatalog
instanceKlass org/apache/felix/scr/impl/inject/ValueUtils
instanceKlass org/eclipse/core/internal/content/ILazySource
instanceKlass org/eclipse/core/internal/adapter/AdapterManagerListener
instanceKlass org/eclipse/core/internal/runtime/IAdapterManagerProvider
instanceKlass org/eclipse/core/runtime/IRegistryEventListener
instanceKlass org/eclipse/core/internal/registry/osgi/RegistryCommandProvider
instanceKlass org/eclipse/osgi/framework/console/CommandProvider
instanceKlass org/eclipse/core/internal/registry/RegistryProviderFactory
instanceKlass org/eclipse/core/internal/registry/osgi/RegistryProviderOSGI
instanceKlass java/util/AbstractMap$SimpleImmutableEntry
instanceKlass org/eclipse/osgi/internal/loader/buddy/PolicyHandler
instanceKlass org/eclipse/core/internal/registry/TemporaryObjectManager
instanceKlass org/eclipse/core/internal/registry/RegistryIndexChildren
instanceKlass org/eclipse/core/internal/registry/RegistryIndexElement
instanceKlass org/eclipse/core/internal/registry/CombinedEventDelta
instanceKlass org/eclipse/core/internal/registry/Contribution
instanceKlass org/eclipse/core/runtime/Assert
instanceKlass org/eclipse/core/internal/runtime/LocalizationUtils
instanceKlass org/eclipse/core/runtime/Status
instanceKlass org/eclipse/osgi/util/NLS$1
instanceKlass org/eclipse/osgi/util/NLS
instanceKlass java/util/ResourceBundle$1
instanceKlass jdk/internal/access/JavaUtilResourceBundleAccess
instanceKlass java/util/ResourceBundle
instanceKlass org/eclipse/core/internal/runtime/ResourceTranslator
instanceKlass org/eclipse/core/runtime/spi/RegistryContributor
instanceKlass org/eclipse/core/runtime/IContributor
instanceKlass org/eclipse/core/runtime/ContributorFactoryOSGi
instanceKlass org/eclipse/core/internal/registry/osgi/EclipseBundleListener
instanceKlass org/eclipse/core/internal/registry/HashtableOfStringAndInt
instanceKlass org/eclipse/core/internal/registry/KeyedHashSet
instanceKlass org/eclipse/core/runtime/IConfigurationElement
instanceKlass org/eclipse/core/internal/registry/Handle
instanceKlass org/eclipse/core/internal/registry/RegistryObjectManager
instanceKlass org/eclipse/core/internal/registry/IObjectManager
instanceKlass org/eclipse/core/internal/registry/RegistryTimestamp
instanceKlass org/eclipse/core/internal/registry/TableReader
instanceKlass org/eclipse/core/runtime/ListenerList
instanceKlass org/eclipse/core/internal/registry/ReadWriteMonitor
instanceKlass org/eclipse/core/runtime/IExtensionDelta
instanceKlass org/eclipse/core/runtime/IExtensionPoint
instanceKlass org/eclipse/core/runtime/ISafeRunnable
instanceKlass org/eclipse/core/internal/registry/RegistryObjectFactory
instanceKlass org/eclipse/core/internal/registry/RegistryObject
instanceKlass org/eclipse/core/internal/registry/KeyedElement
instanceKlass org/eclipse/core/runtime/IExtension
instanceKlass org/eclipse/core/internal/registry/ExtensionRegistry
instanceKlass org/eclipse/core/runtime/spi/IDynamicExtensionRegistry
instanceKlass org/eclipse/core/runtime/IExtensionRegistry
instanceKlass org/eclipse/core/runtime/RegistryFactory
instanceKlass org/eclipse/core/internal/registry/ReferenceMap$IEntry
instanceKlass org/eclipse/core/internal/registry/ReferenceMap
instanceKlass org/eclipse/core/internal/registry/osgi/OSGIUtils
instanceKlass org/eclipse/core/internal/registry/osgi/EquinoxUtils
instanceKlass org/eclipse/core/internal/registry/RegistryProperties
instanceKlass org/eclipse/core/runtime/spi/IRegistryProvider
instanceKlass org/eclipse/core/runtime/spi/RegistryStrategy
instanceKlass org/eclipse/core/internal/registry/osgi/Activator
instanceKlass org/eclipse/core/runtime/IRegistryChangeListener
instanceKlass org/eclipse/core/runtime/content/IContentType
instanceKlass org/eclipse/core/runtime/content/IContentTypeSettings
instanceKlass org/eclipse/core/internal/content/IContentTypeInfo
instanceKlass org/eclipse/core/runtime/content/IContentDescription
instanceKlass org/osgi/service/prefs/Preferences
instanceKlass org/apache/felix/scr/impl/inject/internal/ComponentConstructorImpl
instanceKlass org/apache/felix/scr/impl/inject/ReferenceMethods$1
instanceKlass org/apache/felix/scr/impl/inject/ReferenceMethod
instanceKlass org/apache/felix/scr/impl/inject/methods/BindMethods
instanceKlass org/apache/felix/scr/impl/inject/ReferenceMethods
instanceKlass org/apache/felix/scr/impl/inject/methods/BaseMethod$NotApplicable
instanceKlass org/apache/felix/scr/impl/inject/methods/BaseMethod$NotResolved
instanceKlass org/apache/felix/scr/impl/inject/methods/BaseMethod$State
instanceKlass org/apache/felix/scr/impl/inject/BaseParameter
instanceKlass org/apache/felix/scr/impl/inject/methods/BaseMethod
instanceKlass org/eclipse/core/internal/content/ContentTypeMatcher
instanceKlass org/eclipse/core/runtime/content/IContentTypeManager
instanceKlass org/eclipse/core/runtime/content/IContentTypeMatcher
instanceKlass org/eclipse/osgi/internal/framework/EquinoxBundle$1
instanceKlass org/apache/felix/scr/impl/helper/ComponentServiceObjectsHelper
instanceKlass org/apache/felix/scr/impl/manager/EdgeInfo
instanceKlass org/apache/felix/scr/impl/manager/ComponentContextImpl$ComponentInstanceImpl
instanceKlass org/osgi/service/component/ComponentInstance
instanceKlass org/apache/felix/scr/impl/manager/ComponentContextImpl
instanceKlass org/apache/felix/scr/impl/manager/RegistrationManager$RegStateWrapper
instanceKlass org/apache/felix/scr/impl/BundleComponentActivator$ListenerInfo
instanceKlass org/apache/felix/scr/impl/manager/ServiceTracker$AbstractTracked
instanceKlass org/apache/felix/scr/impl/manager/ExtendedServiceListener
instanceKlass org/apache/felix/scr/impl/manager/ServiceTracker
instanceKlass java/util/Collections$ReverseComparator
instanceKlass org/apache/felix/scr/impl/helper/Coercions
instanceKlass org/apache/felix/scr/impl/manager/DependencyManager$AbstractCustomizer
instanceKlass org/apache/felix/scr/impl/manager/DependencyManager$Customizer
instanceKlass org/apache/felix/scr/impl/inject/RefPair
instanceKlass org/apache/felix/scr/impl/manager/ServiceTrackerCustomizer
instanceKlass org/apache/felix/scr/impl/inject/OpenStatus
instanceKlass org/apache/felix/scr/impl/manager/DependencyManager
instanceKlass org/apache/felix/scr/impl/manager/ReferenceManager
instanceKlass org/osgi/util/promise/Deferred
instanceKlass org/apache/felix/scr/impl/inject/ScrComponentContext
instanceKlass org/apache/felix/scr/component/ExtComponentContext
instanceKlass org/apache/felix/scr/impl/manager/SingleComponentManager$SetImplementationObject
instanceKlass org/apache/felix/scr/impl/manager/RegistrationManager
instanceKlass org/apache/felix/scr/impl/helper/ConfigAdminTracker$1
instanceKlass org/apache/felix/scr/impl/helper/ConfigAdminTracker
instanceKlass java/util/Timer$ThreadReaper
instanceKlass java/util/TaskQueue
instanceKlass java/util/Timer
instanceKlass org/apache/felix/scr/impl/inject/ComponentConstructor
instanceKlass org/apache/felix/scr/impl/inject/LifecycleMethod
instanceKlass org/apache/felix/scr/impl/inject/internal/ComponentMethodsImpl
instanceKlass org/apache/felix/scr/impl/metadata/TargetedPID
instanceKlass java/util/concurrent/CompletionStage
instanceKlass org/osgi/util/promise/PromiseImpl
instanceKlass org/osgi/util/promise/Promise
instanceKlass org/osgi/util/promise/PromiseFactory
instanceKlass org/osgi/util/promise/Promises
instanceKlass org/apache/felix/scr/impl/inject/ComponentMethods
instanceKlass org/osgi/service/component/ComponentFactory
instanceKlass org/apache/felix/scr/impl/manager/AbstractComponentManager
instanceKlass org/apache/felix/scr/impl/manager/ComponentManager
instanceKlass org/apache/felix/scr/impl/manager/ConfigurableComponentHolder
instanceKlass org/apache/felix/scr/impl/manager/ComponentContainer
instanceKlass org/apache/felix/scr/impl/ComponentRegistryKey
instanceKlass org/apache/felix/scr/impl/metadata/PropertyMetadata
instanceKlass org/apache/felix/scr/impl/metadata/ReferenceMetadata
instanceKlass org/apache/felix/scr/impl/metadata/ServiceMetadata
instanceKlass org/apache/felix/scr/impl/metadata/ComponentMetadata
instanceKlass org/apache/felix/scr/impl/xml/XmlConstants
instanceKlass com/sun/org/apache/xerces/internal/impl/Constants$ArrayEnumeration
instanceKlass com/sun/org/apache/xerces/internal/impl/Constants
instanceKlass com/sun/org/apache/xerces/internal/parsers/AbstractSAXParser$LocatorProxy
instanceKlass org/xml/sax/ext/Locator2
instanceKlass org/xml/sax/Locator
instanceKlass com/sun/org/apache/xerces/internal/util/XMLSymbols
instanceKlass com/sun/org/apache/xerces/internal/util/XMLChar
instanceKlass com/sun/xml/internal/stream/Entity
instanceKlass com/sun/xml/internal/stream/util/BufferAllocator
instanceKlass com/sun/xml/internal/stream/util/ThreadLocalBufferAllocator
instanceKlass com/sun/org/apache/xerces/internal/impl/XMLEntityManager$EncodingInfo
instanceKlass com/sun/org/apache/xerces/internal/utils/XMLLimitAnalyzer
instanceKlass com/sun/org/apache/xerces/internal/xni/parser/XMLInputSource
instanceKlass com/sun/org/apache/xerces/internal/util/ErrorHandlerWrapper
instanceKlass com/sun/org/apache/xerces/internal/xni/parser/XMLErrorHandler
instanceKlass com/sun/org/apache/xerces/internal/impl/ExternalSubsetResolver
instanceKlass com/sun/org/apache/xerces/internal/util/EntityResolverWrapper
instanceKlass org/xml/sax/ext/EntityResolver2
instanceKlass org/xml/sax/InputSource
instanceKlass com/sun/org/apache/xerces/internal/parsers/AbstractSAXParser$AttributesProxy
instanceKlass org/xml/sax/ext/Attributes2
instanceKlass org/xml/sax/Attributes
instanceKlass org/xml/sax/AttributeList
instanceKlass com/sun/org/apache/xerces/internal/util/FeatureState
instanceKlass com/sun/org/apache/xerces/internal/util/PropertyState
instanceKlass com/sun/org/apache/xerces/internal/impl/msg/XMLMessageFormatter
instanceKlass com/sun/org/apache/xerces/internal/util/MessageFormatter
instanceKlass com/sun/org/apache/xerces/internal/impl/XMLVersionDetector
instanceKlass com/sun/org/apache/xerces/internal/impl/validation/ValidationManager
instanceKlass com/sun/org/apache/xerces/internal/impl/dv/dtd/NMTOKENDatatypeValidator
instanceKlass com/sun/org/apache/xerces/internal/impl/dv/dtd/NOTATIONDatatypeValidator
instanceKlass com/sun/org/apache/xerces/internal/impl/dv/dtd/ENTITYDatatypeValidator
instanceKlass com/sun/org/apache/xerces/internal/impl/dv/dtd/ListDatatypeValidator
instanceKlass com/sun/org/apache/xerces/internal/impl/dv/dtd/IDREFDatatypeValidator
instanceKlass com/sun/org/apache/xerces/internal/impl/dv/dtd/IDDatatypeValidator
instanceKlass com/sun/org/apache/xerces/internal/impl/dv/dtd/StringDatatypeValidator
instanceKlass com/sun/org/apache/xerces/internal/impl/dv/DatatypeValidator
instanceKlass com/sun/org/apache/xerces/internal/impl/dv/DTDDVFactory
instanceKlass com/sun/org/apache/xerces/internal/impl/dtd/DTDGrammarBucket
instanceKlass com/sun/org/apache/xerces/internal/impl/dtd/XMLAttributeDecl
instanceKlass com/sun/org/apache/xerces/internal/impl/dtd/XMLSimpleType
instanceKlass com/sun/org/apache/xerces/internal/impl/dtd/XMLElementDecl
instanceKlass com/sun/org/apache/xerces/internal/impl/validation/ValidationState
instanceKlass com/sun/org/apache/xerces/internal/impl/dv/ValidationContext
instanceKlass com/sun/org/apache/xerces/internal/impl/dtd/XMLDTDValidator
instanceKlass com/sun/org/apache/xerces/internal/impl/RevalidationHandler
instanceKlass com/sun/org/apache/xerces/internal/impl/dtd/XMLDTDValidatorFilter
instanceKlass com/sun/org/apache/xerces/internal/xni/parser/XMLDocumentFilter
instanceKlass com/sun/org/apache/xerces/internal/impl/dtd/XMLEntityDecl
instanceKlass com/sun/org/apache/xerces/internal/impl/dtd/XMLDTDProcessor
instanceKlass com/sun/org/apache/xerces/internal/xni/parser/XMLDTDContentModelFilter
instanceKlass com/sun/org/apache/xerces/internal/xni/parser/XMLDTDFilter
instanceKlass com/sun/org/apache/xerces/internal/xni/parser/XMLDTDScanner
instanceKlass com/sun/org/apache/xerces/internal/xni/parser/XMLDTDContentModelSource
instanceKlass com/sun/org/apache/xerces/internal/xni/parser/XMLDTDSource
instanceKlass com/sun/org/apache/xerces/internal/xni/grammars/XMLDTDDescription
instanceKlass com/sun/org/apache/xerces/internal/xni/grammars/XMLGrammarDescription
instanceKlass com/sun/org/apache/xerces/internal/impl/XMLDocumentScannerImpl$TrailingMiscDriver
instanceKlass com/sun/org/apache/xerces/internal/impl/XMLDocumentScannerImpl$PrologDriver
instanceKlass com/sun/org/apache/xerces/internal/impl/XMLDocumentScannerImpl$XMLDeclDriver
instanceKlass com/sun/org/apache/xerces/internal/util/NamespaceSupport
instanceKlass com/sun/org/apache/xerces/internal/xni/NamespaceContext
instanceKlass com/sun/org/apache/xerces/internal/util/XMLAttributesImpl$Attribute
instanceKlass com/sun/org/apache/xerces/internal/util/XMLAttributesImpl
instanceKlass com/sun/org/apache/xerces/internal/xni/XMLAttributes
instanceKlass com/sun/org/apache/xerces/internal/impl/XMLDocumentFragmentScannerImpl$FragmentContentDriver
instanceKlass com/sun/org/apache/xerces/internal/impl/XMLDocumentFragmentScannerImpl$Driver
instanceKlass com/sun/org/apache/xerces/internal/impl/XMLDocumentFragmentScannerImpl$ElementStack2
instanceKlass com/sun/org/apache/xerces/internal/xni/QName
instanceKlass com/sun/org/apache/xerces/internal/impl/XMLDocumentFragmentScannerImpl$ElementStack
instanceKlass com/sun/org/apache/xerces/internal/xni/XMLString
instanceKlass com/sun/org/apache/xerces/internal/impl/XMLScanner
instanceKlass com/sun/xml/internal/stream/XMLBufferListener
instanceKlass com/sun/org/apache/xerces/internal/impl/XMLEntityHandler
instanceKlass com/sun/org/apache/xerces/internal/xni/parser/XMLDocumentScanner
instanceKlass com/sun/org/apache/xerces/internal/xni/parser/XMLDocumentSource
instanceKlass com/sun/org/apache/xerces/internal/impl/XMLErrorReporter
instanceKlass com/sun/org/apache/xerces/internal/impl/XMLEntityScanner
instanceKlass com/sun/org/apache/xerces/internal/xni/XMLLocator
instanceKlass com/sun/xml/internal/stream/XMLEntityStorage
instanceKlass com/sun/org/apache/xerces/internal/util/AugmentationsImpl$AugmentationsItemsContainer
instanceKlass com/sun/org/apache/xerces/internal/util/AugmentationsImpl
instanceKlass com/sun/org/apache/xerces/internal/xni/Augmentations
instanceKlass com/sun/org/apache/xerces/internal/util/XMLResourceIdentifierImpl
instanceKlass com/sun/org/apache/xerces/internal/xni/XMLResourceIdentifier
instanceKlass com/sun/org/apache/xerces/internal/impl/XMLEntityManager
instanceKlass com/sun/org/apache/xerces/internal/xni/parser/XMLEntityResolver
instanceKlass com/sun/org/apache/xerces/internal/xni/parser/XMLComponent
instanceKlass com/sun/org/apache/xerces/internal/util/SymbolTable$Entry
instanceKlass com/sun/org/apache/xerces/internal/util/SymbolTable
instanceKlass jdk/xml/internal/JdkConstants
instanceKlass jdk/xml/internal/JdkXmlUtils
instanceKlass com/sun/org/apache/xerces/internal/util/ParserConfigurationSettings
instanceKlass com/sun/org/apache/xerces/internal/parsers/XML11Configurable
instanceKlass com/sun/org/apache/xerces/internal/xni/parser/XMLPullParserConfiguration
instanceKlass com/sun/org/apache/xerces/internal/xni/parser/XMLParserConfiguration
instanceKlass com/sun/org/apache/xerces/internal/xni/parser/XMLComponentManager
instanceKlass com/sun/org/apache/xerces/internal/parsers/XMLParser
instanceKlass com/sun/org/apache/xerces/internal/xni/XMLDTDContentModelHandler
instanceKlass com/sun/org/apache/xerces/internal/xni/XMLDTDHandler
instanceKlass com/sun/org/apache/xerces/internal/xni/XMLDocumentHandler
instanceKlass org/xml/sax/XMLReader
instanceKlass org/xml/sax/Parser
instanceKlass com/sun/org/apache/xerces/internal/utils/XMLSecurityPropertyManager
instanceKlass com/sun/org/apache/xerces/internal/utils/XMLSecurityManager
instanceKlass javax/xml/parsers/SAXParser
instanceKlass com/sun/org/apache/xerces/internal/xs/PSVIProvider
instanceKlass com/sun/org/apache/xerces/internal/jaxp/JAXPConstants
instanceKlass javax/xml/parsers/FactoryFinder$1
instanceKlass java/lang/invoke/LambdaFormEditor$1
instanceKlass java/lang/invoke/MethodHandles$1
instanceKlass jdk/xml/internal/SecuritySupport
instanceKlass javax/xml/parsers/FactoryFinder
instanceKlass javax/xml/parsers/SAXParserFactory
instanceKlass java/util/function/BooleanSupplier
instanceKlass java/util/stream/StreamSpliterators
instanceKlass java/util/stream/AbstractSpinedBuffer
instanceKlass org/eclipse/osgi/internal/container/InternalUtils$1
instanceKlass java/util/stream/StreamSpliterators$AbstractWrappingSpliterator
instanceKlass org/xml/sax/helpers/DefaultHandler
instanceKlass org/xml/sax/ErrorHandler
instanceKlass org/xml/sax/ContentHandler
instanceKlass org/xml/sax/DTDHandler
instanceKlass org/xml/sax/EntityResolver
instanceKlass org/apache/felix/scr/impl/BundleComponentActivator
instanceKlass org/apache/felix/scr/impl/manager/ComponentActivator
instanceKlass org/apache/felix/scr/impl/manager/ExtendedServiceListenerContext
instanceKlass java/util/AbstractList$Itr
instanceKlass org/eclipse/core/internal/runtime/IAdapterFactoryExt
instanceKlass org/eclipse/core/internal/runtime/AdapterFactoryBridge$LazyAdapterFactory
instanceKlass org/eclipse/core/internal/runtime/AdapterFactoryBridge
instanceKlass org/eclipse/core/runtime/IAdapterFactory
instanceKlass org/eclipse/core/internal/runtime/TracingOptions$1
instanceKlass org/eclipse/core/internal/runtime/TracingOptions
instanceKlass java/util/ArrayList$ArrayListSpliterator
instanceKlass org/osgi/service/url/URLStreamHandlerService
instanceKlass sun/invoke/util/VerifyAccess$1
instanceKlass org/eclipse/core/runtime/ServiceCaller$ReferenceAndService
instanceKlass java/util/concurrent/ConcurrentLinkedQueue$Node
instanceKlass org/eclipse/core/internal/runtime/AdapterManager
instanceKlass org/eclipse/core/runtime/IAdapterManager
instanceKlass org/eclipse/core/internal/runtime/PlatformURLConverter
instanceKlass org/eclipse/core/internal/runtime/RuntimeLog
instanceKlass org/eclipse/core/runtime/IStatus
instanceKlass org/eclipse/core/internal/runtime/PlatformLogWriter
instanceKlass org/eclipse/osgi/internal/log/ExtendedLogReaderServiceImpl
instanceKlass org/osgi/framework/connect/FrameworkUtilHelper
instanceKlass org/osgi/framework/FrameworkUtil
instanceKlass org/eclipse/core/runtime/ServiceCaller
instanceKlass org/eclipse/core/internal/runtime/Activator
instanceKlass org/apache/felix/scr/impl/config/ScrMetaTypeProviderServiceFactory
instanceKlass org/apache/felix/scr/impl/config/ScrManagedServiceServiceFactory
instanceKlass org/apache/felix/scr/impl/ComponentCommands$2
instanceKlass org/apache/felix/scr/impl/ComponentCommands$1
instanceKlass org/apache/felix/scr/impl/ComponentCommands
instanceKlass org/eclipse/osgi/storage/ManifestLocalization$BundleResourceBundle
instanceKlass org/eclipse/osgi/storage/ManifestLocalization
instanceKlass org/apache/felix/scr/impl/Activator$ScrExtension
instanceKlass org/apache/felix/scr/impl/ComponentActorThread$1
instanceKlass org/apache/felix/scr/impl/ComponentActorThread
instanceKlass org/apache/felix/scr/impl/runtime/ServiceComponentRuntimeImpl
instanceKlass java/util/TimerTask
instanceKlass org/apache/felix/scr/impl/manager/ComponentHolder
instanceKlass org/apache/felix/scr/impl/manager/RegionConfigurationSupport
instanceKlass org/apache/felix/scr/impl/ComponentRegistry
instanceKlass org/osgi/util/tracker/BundleTracker
instanceKlass org/apache/felix/scr/impl/logger/ScrLogManager$1
instanceKlass org/apache/felix/scr/impl/logger/LogManager$LogDomain
instanceKlass org/apache/felix/scr/impl/logger/LogManager$Lock
instanceKlass org/apache/felix/scr/impl/logger/LogManager$LoggerFacade
instanceKlass org/apache/felix/scr/impl/logger/BundleLogger
instanceKlass org/apache/felix/scr/impl/logger/ComponentLogger
instanceKlass org/apache/felix/scr/impl/logger/ScrLogger
instanceKlass org/apache/felix/scr/impl/logger/InternalLogger
instanceKlass org/apache/felix/scr/impl/logger/ScrLoggerFactory
instanceKlass org/osgi/service/component/ComponentContext
instanceKlass org/osgi/service/component/ComponentServiceObjects
instanceKlass org/apache/felix/scr/impl/inject/internal/ClassUtils
instanceKlass org/apache/felix/scr/impl/config/ScrConfigurationImpl
instanceKlass org/osgi/service/component/runtime/ServiceComponentRuntime
instanceKlass org/apache/felix/scr/impl/manager/ScrConfiguration
instanceKlass org/apache/felix/scr/impl/logger/LogConfiguration
instanceKlass org/eclipse/osgi/internal/loader/ModuleClassLoader$DefineClassResult
instanceKlass org/apache/felix/scr/impl/AbstractExtender
instanceKlass org/osgi/util/tracker/BundleTrackerCustomizer
instanceKlass org/osgi/framework/hooks/weaving/WeavingHook
instanceKlass org/eclipse/osgi/internal/weaving/WeavingHookConfigurator$WovenClassContext
instanceKlass org/eclipse/osgi/internal/weaving/WovenClassImpl
instanceKlass org/osgi/framework/hooks/weaving/WovenClass
instanceKlass org/eclipse/osgi/internal/loader/classpath/ClasspathManager$DefineContext
instanceKlass org/eclipse/osgi/internal/loader/BundleLoader$3
instanceKlass org/osgi/dto/DTO
instanceKlass org/eclipse/osgi/framework/eventmgr/EventManager$EventThread$Queued
instanceKlass org/eclipse/osgi/framework/eventmgr/EventManager$1
instanceKlass org/osgi/framework/hooks/bundle/EventHook
instanceKlass org/eclipse/osgi/container/ModuleContainer$ContainerStartLevel$2
instanceKlass java/util/concurrent/CountDownLatch
instanceKlass org/eclipse/osgi/internal/framework/EquinoxContainerAdaptor$1$1
instanceKlass org/osgi/framework/hooks/bundle/FindHook
instanceKlass org/eclipse/osgi/framework/util/FilePath
instanceKlass sun/nio/ch/FileChannelImpl$Closer
instanceKlass sun/nio/fs/WindowsChannelFactory$Flags
instanceKlass sun/nio/fs/WindowsChannelFactory$1
instanceKlass sun/nio/fs/WindowsChannelFactory
instanceKlass org/eclipse/core/runtime/internal/adaptor/ConsoleManager
instanceKlass org/eclipse/core/runtime/internal/adaptor/DefaultStartupMonitor
instanceKlass org/eclipse/osgi/service/runnable/StartupMonitor
instanceKlass org/eclipse/osgi/internal/serviceregistry/ServiceFactoryUse$1
instanceKlass java/util/LinkedList$ListItr
instanceKlass java/util/LinkedList$Node
instanceKlass org/eclipse/osgi/internal/resolver/StateImpl
instanceKlass org/eclipse/osgi/service/resolver/ExportPackageDescription
instanceKlass org/eclipse/osgi/service/resolver/GenericDescription
instanceKlass org/eclipse/osgi/service/resolver/BundleSpecification
instanceKlass org/eclipse/osgi/service/resolver/NativeCodeSpecification
instanceKlass org/eclipse/osgi/service/resolver/BundleDescription
instanceKlass org/eclipse/osgi/service/resolver/NativeCodeDescription
instanceKlass org/eclipse/osgi/service/resolver/BaseDescription
instanceKlass org/eclipse/osgi/service/resolver/HostSpecification
instanceKlass org/eclipse/osgi/service/resolver/GenericSpecification
instanceKlass org/eclipse/osgi/service/resolver/ImportPackageSpecification
instanceKlass org/eclipse/osgi/service/resolver/VersionConstraint
instanceKlass org/eclipse/osgi/internal/resolver/StateObjectFactoryImpl
instanceKlass org/eclipse/osgi/service/resolver/Resolver
instanceKlass org/eclipse/osgi/service/resolver/State
instanceKlass org/eclipse/osgi/service/resolver/StateObjectFactory
instanceKlass org/eclipse/osgi/compatibility/state/PlatformAdminImpl
instanceKlass org/eclipse/osgi/service/resolver/PlatformAdmin
instanceKlass org/eclipse/osgi/compatibility/state/Activator
instanceKlass org/eclipse/osgi/internal/serviceregistry/ServiceConsumer$2
instanceKlass org/eclipse/osgi/internal/serviceregistry/ServiceConsumer$1
instanceKlass org/eclipse/osgi/internal/serviceregistry/ServiceConsumer
instanceKlass org/eclipse/osgi/service/security/TrustEngine
instanceKlass org/eclipse/osgi/internal/signedcontent/SignedContentConstants
instanceKlass org/eclipse/osgi/internal/signedcontent/SignedBundleHook$1
instanceKlass org/eclipse/osgi/internal/framework/XMLParsingServiceFactory
instanceKlass org/eclipse/osgi/storage/BundleLocalizationImpl
instanceKlass org/eclipse/osgi/service/localization/BundleLocalization
instanceKlass org/eclipse/osgi/storage/url/BundleURLConverter
instanceKlass org/eclipse/osgi/service/urlconversion/URLConverter
instanceKlass org/apache/felix/resolver/Logger
instanceKlass org/apache/felix/resolver/util/OpenHashMap
instanceKlass org/apache/felix/resolver/ResolutionError
instanceKlass org/apache/felix/resolver/ResolverImpl
instanceKlass org/osgi/service/resolver/Resolver
instanceKlass org/eclipse/osgi/internal/framework/legacy/StartLevelImpl
instanceKlass org/eclipse/osgi/internal/framework/legacy/PackageAdminImpl
instanceKlass org/osgi/service/condition/ConditionImpl
instanceKlass org/osgi/service/condition/Condition
instanceKlass java/net/ContentHandler
instanceKlass java/net/ContentHandlerFactory
instanceKlass org/eclipse/osgi/internal/url/EquinoxFactoryManager
instanceKlass org/eclipse/osgi/internal/log/ConfigAdminListener
instanceKlass org/eclipse/osgi/internal/log/EventAdminAdapter
instanceKlass org/eclipse/osgi/internal/serviceregistry/ServiceRegistry$2
instanceKlass org/eclipse/osgi/framework/eventmgr/CopyOnWriteIdentityMap$Snapshot$SnapshotIterator
instanceKlass org/eclipse/osgi/framework/eventmgr/ListenerQueue
instanceKlass org/osgi/framework/hooks/service/EventListenerHook
instanceKlass org/osgi/framework/hooks/service/EventHook
instanceKlass org/eclipse/osgi/framework/eventmgr/CopyOnWriteIdentityMap$Snapshot
instanceKlass org/osgi/framework/PrototypeServiceFactory
instanceKlass org/eclipse/osgi/framework/util/CaseInsensitiveDictionaryMap$CaseInsensitiveKey
instanceKlass org/eclipse/osgi/internal/serviceregistry/ServiceReferenceImpl
instanceKlass org/eclipse/osgi/internal/serviceregistry/ServiceUse
instanceKlass org/eclipse/osgi/internal/log/OrderedExecutor
instanceKlass org/osgi/framework/hooks/service/FindHook
instanceKlass org/eclipse/osgi/internal/serviceregistry/ShrinkableCollection
instanceKlass org/eclipse/osgi/internal/serviceregistry/HookContext
instanceKlass org/eclipse/osgi/framework/eventmgr/CopyOnWriteIdentityMap$Entry
instanceKlass org/eclipse/osgi/framework/eventmgr/CopyOnWriteIdentityMap
instanceKlass org/osgi/framework/UnfilteredServiceListener
instanceKlass org/eclipse/osgi/internal/serviceregistry/FilteredServiceListener
instanceKlass org/osgi/framework/hooks/service/ListenerHook$ListenerInfo
instanceKlass org/eclipse/osgi/internal/framework/FilterImpl$Parser
instanceKlass org/eclipse/osgi/internal/framework/FilterImpl
instanceKlass org/osgi/util/tracker/AbstractTracked
instanceKlass org/osgi/util/tracker/ServiceTracker
instanceKlass org/eclipse/osgi/internal/framework/BundleContextImpl$2
instanceKlass org/osgi/service/startlevel/StartLevel
instanceKlass org/osgi/service/packageadmin/PackageAdmin
instanceKlass org/eclipse/osgi/internal/framework/SystemBundleActivator
instanceKlass org/eclipse/osgi/internal/loader/classpath/TitleVersionVendor
instanceKlass org/eclipse/osgi/internal/loader/classpath/ManifestPackageAttributes
instanceKlass org/eclipse/osgi/internal/loader/classpath/ClasspathEntry$PDEData
instanceKlass org/eclipse/osgi/internal/loader/classpath/ClasspathEntry
instanceKlass org/eclipse/osgi/internal/loader/classpath/FragmentClasspath
instanceKlass org/eclipse/osgi/internal/loader/classpath/ClasspathManager
instanceKlass org/eclipse/osgi/internal/loader/BundleLoaderSources
instanceKlass org/eclipse/osgi/internal/loader/BundleLoader$1
instanceKlass java/util/concurrent/locks/AbstractQueuedSynchronizer$Node
instanceKlass java/time/Duration
instanceKlass java/time/temporal/TemporalAmount
instanceKlass java/time/temporal/TemporalUnit
instanceKlass org/eclipse/osgi/internal/loader/sources/PackageSource
instanceKlass java/util/concurrent/TimeUnit$1
instanceKlass java/lang/ApplicationShutdownHooks$1
instanceKlass java/lang/ApplicationShutdownHooks
instanceKlass org/eclipse/osgi/internal/framework/StorageSaver$StorageSaverTask
instanceKlass org/eclipse/osgi/internal/framework/StorageSaver
instanceKlass java/util/concurrent/Executors$RunnableAdapter
instanceKlass java/util/concurrent/FutureTask$WaitNode
instanceKlass java/util/concurrent/FutureTask
instanceKlass java/util/concurrent/RunnableScheduledFuture
instanceKlass java/util/concurrent/ScheduledFuture
instanceKlass java/util/concurrent/Delayed
instanceKlass java/util/concurrent/RunnableFuture
instanceKlass java/util/concurrent/Future
instanceKlass java/util/concurrent/ThreadPoolExecutor$AbortPolicy
instanceKlass java/util/concurrent/AbstractExecutorService
instanceKlass java/util/concurrent/ScheduledExecutorService
instanceKlass java/util/concurrent/ExecutorService
instanceKlass java/util/concurrent/Executors
instanceKlass org/eclipse/osgi/internal/framework/ContextFinder$1
instanceKlass org/osgi/framework/ServiceObjects
instanceKlass org/eclipse/osgi/internal/framework/BundleContextImpl
instanceKlass org/osgi/framework/hooks/service/ListenerHook
instanceKlass org/eclipse/osgi/internal/serviceregistry/ServiceRegistrationImpl
instanceKlass org/osgi/framework/ServiceRegistration
instanceKlass org/eclipse/osgi/internal/serviceregistry/ServiceRegistry
instanceKlass org/eclipse/osgi/framework/eventmgr/EventManager
instanceKlass org/eclipse/osgi/internal/framework/EquinoxEventPublisher
instanceKlass org/eclipse/osgi/storage/bundlefile/BundleEntry
instanceKlass org/eclipse/osgi/container/ModuleDatabase$2
instanceKlass java/util/ArrayList$SubList$1
instanceKlass java/lang/reflect/AnnotatedType
instanceKlass java/lang/reflect/TypeVariable
instanceKlass org/eclipse/osgi/container/ModuleWiring$LoaderInitializer
instanceKlass org/eclipse/osgi/container/ModuleWiring
instanceKlass org/eclipse/osgi/container/ModuleWire
instanceKlass org/osgi/framework/wiring/BundleWire
instanceKlass java/util/Collections$UnmodifiableMap$UnmodifiableEntrySet$UnmodifiableEntry
instanceKlass java/util/Collections$UnmodifiableMap$UnmodifiableEntrySet$1
instanceKlass org/eclipse/osgi/internal/container/Capabilities$NamespaceSet
instanceKlass org/eclipse/osgi/container/ModuleRequirement
instanceKlass org/osgi/framework/wiring/BundleRequirement
instanceKlass org/eclipse/osgi/container/ModuleRevision$2
instanceKlass org/eclipse/osgi/internal/container/NamespaceList$Builder$8
instanceKlass org/eclipse/osgi/container/ModuleCapability
instanceKlass org/osgi/framework/wiring/BundleCapability
instanceKlass org/osgi/resource/Capability
instanceKlass org/eclipse/osgi/internal/container/NamespaceList$3
instanceKlass org/eclipse/osgi/internal/container/NamespaceList$2
instanceKlass org/eclipse/osgi/internal/container/NamespaceList$1
instanceKlass org/eclipse/osgi/internal/container/NamespaceList
instanceKlass org/eclipse/osgi/container/ModuleRevision$1
instanceKlass org/osgi/framework/wiring/BundleWiring
instanceKlass org/osgi/resource/Wiring
instanceKlass org/eclipse/osgi/container/ModuleRevision
instanceKlass org/eclipse/osgi/container/ModuleRevisions
instanceKlass org/osgi/framework/wiring/BundleRevisions
instanceKlass org/objectweb/asm/Opcodes
instanceKlass org/objectweb/asm/Handler
instanceKlass lombok/patcher/MethodLogistics
instanceKlass org/objectweb/asm/Label
instanceKlass org/objectweb/asm/Type
instanceKlass org/objectweb/asm/Frame
instanceKlass org/objectweb/asm/Context
instanceKlass org/objectweb/asm/Attribute
instanceKlass lombok/patcher/scripts/ExitFromMethodEarlyScript$1
instanceKlass org/objectweb/asm/ByteVector
instanceKlass org/objectweb/asm/Symbol
instanceKlass org/objectweb/asm/SymbolTable
instanceKlass org/objectweb/asm/MethodVisitor
instanceKlass org/objectweb/asm/FieldVisitor
instanceKlass org/objectweb/asm/ModuleVisitor
instanceKlass org/objectweb/asm/AnnotationVisitor
instanceKlass org/objectweb/asm/RecordComponentVisitor
instanceKlass org/objectweb/asm/ClassReader
instanceKlass org/eclipse/osgi/internal/framework/EquinoxBundle
instanceKlass org/eclipse/osgi/internal/container/NamespaceList$Builder$2
instanceKlass org/eclipse/osgi/container/ModuleRevisionBuilder$GenericInfo$1
instanceKlass org/eclipse/osgi/container/ModuleRevisionBuilder$GenericInfo
instanceKlass org/eclipse/osgi/container/ModuleRevisionBuilder
instanceKlass org/osgi/resource/Wire
instanceKlass org/eclipse/osgi/container/ModuleDatabase$Persistence
instanceKlass org/eclipse/osgi/container/ModuleContainer$ContainerStartLevel
instanceKlass org/eclipse/osgi/container/ModuleContainer$ContainerWiring
instanceKlass org/eclipse/osgi/container/ModuleResolver
instanceKlass org/eclipse/osgi/container/ModuleContainer$ResolutionLock
instanceKlass org/eclipse/osgi/internal/container/LockSet
instanceKlass org/osgi/framework/wiring/FrameworkWiring
instanceKlass org/osgi/framework/startlevel/FrameworkStartLevel
instanceKlass org/osgi/resource/Requirement
instanceKlass org/eclipse/osgi/report/resolution/ResolutionReport
instanceKlass org/eclipse/osgi/container/ModuleContainer
instanceKlass java/util/regex/CharPredicates
instanceKlass org/eclipse/osgi/internal/container/Capabilities
instanceKlass org/eclipse/osgi/container/Module
instanceKlass org/osgi/framework/startlevel/BundleStartLevel
instanceKlass org/eclipse/osgi/container/ModuleDatabase
instanceKlass java/util/concurrent/LinkedBlockingQueue$Node
instanceKlass java/util/concurrent/RejectedExecutionHandler
instanceKlass org/eclipse/osgi/internal/framework/EquinoxContainerAdaptor$1
instanceKlass java/util/concurrent/SynchronousQueue$TransferStack$SNode
instanceKlass java/util/concurrent/ForkJoinPool$ManagedBlocker
instanceKlass java/util/concurrent/SynchronousQueue$Transferer
instanceKlass java/util/concurrent/atomic/AtomicReference
instanceKlass org/eclipse/osgi/internal/container/AtomicLazyInitializer
instanceKlass org/eclipse/osgi/internal/framework/OSGiFrameworkHooks$BundleCollisionHook
instanceKlass org/osgi/framework/ServiceReference
instanceKlass org/osgi/framework/hooks/resolver/ResolverHook
instanceKlass org/eclipse/osgi/internal/framework/OSGiFrameworkHooks$CoreResolverHookFactory
instanceKlass org/osgi/framework/hooks/resolver/ResolverHookFactory
instanceKlass org/eclipse/osgi/container/ModuleCollisionHook
instanceKlass org/eclipse/osgi/internal/framework/OSGiFrameworkHooks
instanceKlass org/eclipse/osgi/container/ModuleContainerAdaptor$1
instanceKlass org/eclipse/osgi/container/ModuleLoader
instanceKlass java/util/concurrent/Callable
instanceKlass java/util/concurrent/BlockingQueue
instanceKlass java/util/concurrent/Executor
instanceKlass org/eclipse/osgi/internal/permadmin/SecurityRow
instanceKlass org/eclipse/osgi/internal/permadmin/PermissionAdminTable
instanceKlass org/osgi/service/permissionadmin/PermissionInfo
instanceKlass org/osgi/service/condpermadmin/ConditionalPermissionInfo
instanceKlass org/osgi/service/condpermadmin/ConditionalPermissionUpdate
instanceKlass org/eclipse/osgi/internal/permadmin/SecurityAdmin
instanceKlass org/osgi/service/condpermadmin/ConditionalPermissionAdmin
instanceKlass org/osgi/service/permissionadmin/PermissionAdmin
instanceKlass org/eclipse/osgi/storage/PermissionData
instanceKlass org/eclipse/osgi/storage/BundleInfo$Generation
instanceKlass org/eclipse/osgi/storage/BundleInfo
instanceKlass org/eclipse/osgi/framework/util/ObjectPool
instanceKlass org/eclipse/osgi/storagemanager/StorageManager$Entry
instanceKlass org/eclipse/osgi/framework/internal/reliablefile/ReliableFile$CacheInfo
instanceKlass java/util/ComparableTimSort
instanceKlass java/lang/Shutdown$Lock
instanceKlass java/lang/Shutdown
instanceKlass java/io/DeleteOnExitHook$1
instanceKlass java/io/DeleteOnExitHook
instanceKlass java/util/function/IntUnaryOperator
instanceKlass org/eclipse/osgi/framework/internal/reliablefile/ReliableFile
instanceKlass sun/nio/ch/FileKey
instanceKlass sun/nio/ch/FileLockTable
instanceKlass sun/nio/ch/NativeThread
instanceKlass java/nio/channels/FileLock
instanceKlass sun/nio/ch/NativeDispatcher
instanceKlass sun/nio/ch/NativeThreadSet
instanceKlass sun/nio/ch/IOUtil
instanceKlass java/nio/file/attribute/FileAttribute
instanceKlass java/nio/channels/spi/AbstractInterruptibleChannel
instanceKlass java/nio/channels/InterruptibleChannel
instanceKlass java/nio/channels/ScatteringByteChannel
instanceKlass java/nio/channels/GatheringByteChannel
instanceKlass java/nio/channels/SeekableByteChannel
instanceKlass java/nio/channels/ByteChannel
instanceKlass java/nio/channels/WritableByteChannel
instanceKlass java/nio/channels/ReadableByteChannel
instanceKlass java/nio/channels/Channel
instanceKlass org/eclipse/osgi/internal/location/Locker_JavaNio
instanceKlass org/eclipse/osgi/storagemanager/StorageManager
instanceKlass java/util/HashMap$HashMapSpliterator
instanceKlass java/lang/Long$LongCache
instanceKlass jdk/internal/vm/annotation/ForceInline
instanceKlass jdk/internal/reflect/UnsafeFieldAccessorFactory
instanceKlass sun/misc/Unsafe
instanceKlass org/eclipse/osgi/internal/url/MultiplexingFactory
instanceKlass org/eclipse/osgi/storage/FrameworkExtensionInstaller
instanceKlass java/util/concurrent/locks/AbstractQueuedSynchronizer$ConditionObject
instanceKlass java/util/concurrent/locks/Condition
instanceKlass org/eclipse/osgi/storage/bundlefile/MRUBundleFileList
instanceKlass org/eclipse/osgi/framework/eventmgr/EventDispatcher
instanceKlass org/osgi/framework/Filter
instanceKlass org/eclipse/osgi/storage/ContentProvider
instanceKlass org/eclipse/osgi/storage/bundlefile/BundleFile
instanceKlass org/eclipse/osgi/container/ModuleContainerAdaptor
instanceKlass org/eclipse/osgi/storage/Storage
instanceKlass org/eclipse/osgi/signedcontent/SignedContent
instanceKlass org/eclipse/osgi/internal/hookregistry/StorageHookFactory$StorageHook
instanceKlass org/eclipse/osgi/internal/hookregistry/StorageHookFactory
instanceKlass org/osgi/framework/BundleActivator
instanceKlass org/eclipse/osgi/internal/cds/CDSHookConfigurator
instanceKlass org/eclipse/osgi/internal/signedcontent/SignedBundleHook
instanceKlass org/eclipse/osgi/signedcontent/SignedContentFactory
instanceKlass org/eclipse/osgi/internal/hookregistry/ActivatorHookFactory
instanceKlass org/osgi/framework/wiring/BundleRevision
instanceKlass org/osgi/resource/Resource
instanceKlass org/eclipse/osgi/internal/connect/ConnectHookConfigurator
instanceKlass org/eclipse/osgi/internal/hookregistry/HookConfigurator
instanceKlass java/net/URLClassLoader$3$1
instanceKlass java/net/URLClassLoader$3
instanceKlass org/eclipse/osgi/internal/framework/EquinoxContainer$ConnectModules
instanceKlass org/eclipse/osgi/internal/log/ExtendedLogServiceFactory$EquinoxLoggerContext
instanceKlass org/eclipse/osgi/internal/log/EquinoxLogFactory$1
instanceKlass org/eclipse/osgi/framework/log/FrameworkLog
instanceKlass org/eclipse/osgi/internal/log/EquinoxLogFactory
instanceKlass org/osgi/service/log/FormatterLogger
instanceKlass org/eclipse/osgi/internal/log/LoggerImpl
instanceKlass org/eclipse/osgi/internal/log/ExtendedLogServiceImpl
instanceKlass org/eclipse/osgi/internal/log/LogServiceManager$MockSystemBundle
instanceKlass org/eclipse/osgi/internal/log/ExtendedLogServiceFactory$EquinoxLoggerAdmin
instanceKlass org/osgi/service/log/admin/LoggerContext
instanceKlass org/eclipse/osgi/internal/log/LoggerContextTargetMap
instanceKlass org/osgi/service/log/admin/LoggerAdmin
instanceKlass org/eclipse/osgi/internal/log/ExtendedLogServiceFactory
instanceKlass org/eclipse/osgi/framework/util/ArrayMap
instanceKlass java/util/concurrent/locks/ReentrantReadWriteLock$WriteLock
instanceKlass java/util/concurrent/locks/ReentrantReadWriteLock$ReadLock
instanceKlass java/util/concurrent/locks/ReentrantReadWriteLock
instanceKlass java/util/concurrent/locks/ReadWriteLock
instanceKlass org/eclipse/osgi/internal/log/ExtendedLogReaderServiceFactory$1
instanceKlass org/osgi/service/log/LogEntry
instanceKlass org/eclipse/osgi/internal/log/ExtendedLogReaderServiceFactory
instanceKlass org/osgi/framework/ServiceFactory
instanceKlass org/eclipse/equinox/log/ExtendedLogReaderService
instanceKlass org/osgi/service/log/LogReaderService
instanceKlass org/eclipse/equinox/log/ExtendedLogService
instanceKlass org/eclipse/equinox/log/Logger
instanceKlass org/osgi/service/log/Logger
instanceKlass org/osgi/service/log/LogService
instanceKlass org/osgi/service/log/LoggerFactory
instanceKlass org/eclipse/osgi/internal/log/LogServiceManager
instanceKlass org/osgi/framework/AllServiceListener
instanceKlass org/osgi/framework/ServiceListener
instanceKlass org/eclipse/osgi/internal/log/EquinoxLogWriter
instanceKlass org/eclipse/equinox/log/LogFilter
instanceKlass org/eclipse/equinox/log/SynchronousLogListener
instanceKlass org/osgi/service/log/LogListener
instanceKlass org/eclipse/osgi/internal/log/EquinoxLogServices
instanceKlass org/eclipse/osgi/util/ManifestElement
instanceKlass org/eclipse/osgi/internal/util/SupplementDebug
instanceKlass org/eclipse/osgi/internal/debug/Debug
instanceKlass org/eclipse/osgi/service/debug/DebugOptionsListener
instanceKlass org/eclipse/osgi/service/debug/DebugTrace
instanceKlass org/eclipse/osgi/internal/debug/FrameworkDebugOptions
instanceKlass org/osgi/util/tracker/ServiceTrackerCustomizer
instanceKlass java/nio/file/FileVisitor
instanceKlass org/eclipse/osgi/storage/StorageUtil
instanceKlass org/eclipse/osgi/internal/location/BasicLocation
instanceKlass org/eclipse/osgi/internal/location/EquinoxLocations
instanceKlass java/util/concurrent/atomic/AtomicBoolean
instanceKlass java/util/UUID
instanceKlass java/util/Random
instanceKlass java/util/random/RandomGenerator
instanceKlass org/eclipse/osgi/internal/container/InternalUtils
instanceKlass org/osgi/framework/Version
instanceKlass org/eclipse/osgi/internal/location/Locker
instanceKlass org/eclipse/osgi/internal/location/LocationHelper
instanceKlass org/eclipse/osgi/internal/framework/EquinoxConfiguration$ConfigValues
instanceKlass org/eclipse/osgi/internal/util/Tokenizer
instanceKlass java/nio/charset/CoderResult
instanceKlass java/net/URLClassLoader$2
instanceKlass org/eclipse/osgi/internal/framework/AliasMapper
instanceKlass org/eclipse/osgi/framework/util/KeyedElement
instanceKlass org/eclipse/osgi/internal/hookregistry/ClassLoaderHook
instanceKlass org/eclipse/osgi/internal/hookregistry/HookRegistry
instanceKlass jdk/internal/misc/ScopedMemoryAccess$Scope
instanceKlass org/eclipse/osgi/service/datalocation/Location
instanceKlass org/eclipse/osgi/service/debug/DebugOptions
instanceKlass org/eclipse/osgi/internal/framework/EquinoxConfiguration
instanceKlass org/eclipse/osgi/service/environment/EnvironmentInfo
instanceKlass java/lang/annotation/Target
instanceKlass java/lang/reflect/Proxy$ProxyBuilder$1
instanceKlass jdk/internal/org/objectweb/asm/Edge
instanceKlass java/lang/reflect/ProxyGenerator$PrimitiveTypeInfo
instanceKlass java/lang/reflect/ProxyGenerator$ProxyMethod
instanceKlass java/lang/module/ModuleDescriptor$Builder
instanceKlass java/lang/PublicMethods
instanceKlass java/lang/reflect/Proxy$ProxyBuilder
instanceKlass java/lang/reflect/Proxy
instanceKlass sun/reflect/annotation/AnnotationInvocationHandler
instanceKlass java/lang/reflect/InvocationHandler
instanceKlass sun/reflect/annotation/AnnotationParser$1
instanceKlass sun/reflect/annotation/ExceptionProxy
instanceKlass java/lang/annotation/Inherited
instanceKlass java/lang/annotation/Retention
instanceKlass sun/reflect/annotation/AnnotationType$1
instanceKlass sun/reflect/annotation/AnnotationType
instanceKlass java/lang/reflect/GenericArrayType
instanceKlass sun/reflect/generics/visitor/Reifier
instanceKlass sun/reflect/generics/visitor/TypeTreeVisitor
instanceKlass sun/reflect/generics/factory/CoreReflectionFactory
instanceKlass sun/reflect/generics/factory/GenericsFactory
instanceKlass sun/reflect/generics/scope/AbstractScope
instanceKlass sun/reflect/generics/scope/Scope
instanceKlass sun/reflect/generics/tree/ClassTypeSignature
instanceKlass sun/reflect/generics/tree/SimpleClassTypeSignature
instanceKlass sun/reflect/generics/tree/FieldTypeSignature
instanceKlass sun/reflect/generics/tree/BaseType
instanceKlass sun/reflect/generics/tree/TypeSignature
instanceKlass sun/reflect/generics/tree/ReturnType
instanceKlass sun/reflect/generics/tree/TypeArgument
instanceKlass sun/reflect/generics/tree/TypeTree
instanceKlass sun/reflect/generics/tree/Tree
instanceKlass sun/reflect/generics/parser/SignatureParser
instanceKlass org/eclipse/osgi/framework/util/SecureAction$1
instanceKlass org/eclipse/osgi/framework/util/SecureAction
instanceKlass org/eclipse/osgi/internal/framework/EquinoxContainer
instanceKlass org/eclipse/osgi/launch/Equinox
instanceKlass org/eclipse/core/runtime/adaptor/EclipseStarter$StartupEventListener
instanceKlass org/osgi/framework/FrameworkListener
instanceKlass org/osgi/framework/SynchronousBundleListener
instanceKlass java/util/concurrent/Semaphore
instanceKlass java/util/EventObject
instanceKlass org/eclipse/core/runtime/adaptor/EclipseStarter$InitialBundle
instanceKlass org/osgi/framework/BundleContext
instanceKlass org/osgi/framework/BundleReference
instanceKlass org/osgi/framework/BundleListener
instanceKlass java/util/EventListener
instanceKlass org/osgi/framework/launch/Framework
instanceKlass org/osgi/framework/Bundle
instanceKlass org/eclipse/core/runtime/adaptor/EclipseStarter
instanceKlass java/io/FilePermissionCollection$1
instanceKlass sun/security/util/SecurityProperties
instanceKlass sun/security/util/FilePermCompat
instanceKlass java/io/FilePermission$1
instanceKlass jdk/internal/access/JavaIOFilePermissionAccess
instanceKlass jdk/internal/reflect/ClassDefiner$1
instanceKlass jdk/internal/reflect/ClassDefiner
instanceKlass jdk/internal/reflect/MethodAccessorGenerator$1
instanceKlass jdk/internal/reflect/Label$PatchInfo
instanceKlass jdk/internal/reflect/Label
instanceKlass jdk/internal/reflect/UTF8
instanceKlass jdk/internal/reflect/ClassFileAssembler
instanceKlass jdk/internal/reflect/ByteVectorImpl
instanceKlass jdk/internal/reflect/ByteVector
instanceKlass jdk/internal/reflect/ByteVectorFactory
instanceKlass jdk/internal/reflect/AccessorGenerator
instanceKlass jdk/internal/reflect/ClassFileConstants
instanceKlass sun/security/x509/RFC822Name
instanceKlass java/net/URLClassLoader$1
instanceKlass org/eclipse/equinox/launcher/Main$Identifier
instanceKlass java/nio/file/FileStore
instanceKlass sun/nio/fs/WindowsSecurity
instanceKlass sun/nio/fs/AbstractAclFileAttributeView
instanceKlass java/nio/file/attribute/AclFileAttributeView
instanceKlass java/nio/file/attribute/FileOwnerAttributeView
instanceKlass sun/nio/fs/WindowsLinkSupport
instanceKlass sun/nio/fs/WindowsFileSystemProvider$1
instanceKlass org/eclipse/equinox/launcher/JNIBridge
instanceKlass java/io/RandomAccessFile$1
instanceKlass sun/net/www/MimeEntry
instanceKlass java/util/Hashtable$Enumerator
instanceKlass java/util/concurrent/ConcurrentHashMap$MapEntry
instanceKlass java/util/Collections$SynchronizedCollection
instanceKlass java/util/Properties$EntrySet
instanceKlass sun/net/www/MimeTable$DefaultInstanceHolder$1
instanceKlass sun/net/www/MimeTable$DefaultInstanceHolder
instanceKlass sun/net/www/MimeTable$1
instanceKlass sun/net/www/MimeTable
instanceKlass java/net/URLConnection$1
instanceKlass java/net/FileNameMap
instanceKlass java/util/Collections$3
instanceKlass jdk/internal/loader/URLClassPath$1
instanceKlass java/lang/CompoundEnumeration
instanceKlass jdk/internal/loader/BuiltinClassLoader$1
instanceKlass java/util/Collections$EmptyEnumeration
instanceKlass java/util/ServiceLoader$3
instanceKlass java/util/ServiceLoader$2
instanceKlass java/util/ServiceLoader$LazyClassPathLookupIterator
instanceKlass java/util/Spliterators$1Adapter
instanceKlass java/util/Spliterators$ArraySpliterator
instanceKlass java/util/ServiceLoader$ModuleServicesLookupIterator
instanceKlass java/util/ServiceLoader
instanceKlass java/net/spi/URLStreamHandlerProvider
instanceKlass java/net/URL$1
instanceKlass java/net/URL$2
instanceKlass java/security/Policy
instanceKlass org/eclipse/equinox/launcher/Main
instanceKlass sun/security/util/ManifestEntryVerifier$SunProviderHolder
instanceKlass java/util/Base64$Encoder
instanceKlass java/util/Base64$Decoder
instanceKlass java/util/Base64
instanceKlass javax/crypto/SecretKey
instanceKlass sun/security/util/Length
instanceKlass sun/security/util/KeyUtil
instanceKlass java/security/interfaces/XECKey
instanceKlass java/security/interfaces/ECKey
instanceKlass sun/security/util/JarConstraintsParameters
instanceKlass sun/security/util/ConstraintsParameters
instanceKlass java/security/Timestamp
instanceKlass sun/security/timestamp/TimestampToken
instanceKlass java/security/cert/CertPath
instanceKlass java/math/MutableBigInteger
instanceKlass sun/security/rsa/RSAPadding
instanceKlass sun/security/rsa/RSACore
instanceKlass java/security/interfaces/RSAPrivateCrtKey
instanceKlass sun/security/pkcs/PKCS8Key
instanceKlass java/security/interfaces/RSAPrivateKey
instanceKlass java/security/PrivateKey
instanceKlass javax/security/auth/Destroyable
instanceKlass sun/security/jca/ServiceId
instanceKlass java/security/Signature$1
instanceKlass jdk/internal/access/JavaSecuritySignatureAccess
instanceKlass java/security/SignatureSpi
instanceKlass jdk/internal/icu/util/CodePointTrie$Data
instanceKlass jdk/internal/icu/util/CodePointTrie$1
instanceKlass jdk/internal/icu/util/CodePointMap
instanceKlass jdk/internal/icu/util/VersionInfo
instanceKlass jdk/internal/jimage/decompressor/ZipDecompressor
instanceKlass jdk/internal/jimage/decompressor/ResourceDecompressor
instanceKlass jdk/internal/jimage/decompressor/ResourceDecompressorFactory
instanceKlass jdk/internal/jimage/decompressor/ResourceDecompressorRepository
instanceKlass jdk/internal/jimage/decompressor/CompressedResourceHeader
instanceKlass jdk/internal/jimage/decompressor/ResourceDecompressor$StringsProvider
instanceKlass java/util/TimSort
instanceKlass java/util/Arrays$LegacyMergeSort
instanceKlass java/util/AbstractMap$SimpleEntry
instanceKlass jdk/internal/jimage/ImageBufferCache$2
instanceKlass jdk/internal/jimage/ImageBufferCache
instanceKlass jdk/internal/module/Checks
instanceKlass jdk/internal/icu/impl/ICUBinary$1
instanceKlass jdk/internal/icu/impl/ICUBinary
instanceKlass jdk/internal/icu/impl/NormalizerImpl$IsAcceptable
instanceKlass jdk/internal/icu/impl/ICUBinary$Authenticate
instanceKlass jdk/internal/icu/impl/NormalizerImpl
instanceKlass jdk/internal/icu/impl/Norm2AllModes$Norm2AllModesSingleton
instanceKlass jdk/internal/icu/impl/Norm2AllModes$NFKCSingleton
instanceKlass jdk/internal/icu/impl/Norm2AllModes
instanceKlass jdk/internal/icu/text/Normalizer2
instanceKlass jdk/internal/icu/text/NormalizerBase$ModeImpl
instanceKlass jdk/internal/icu/text/NormalizerBase$NFKDModeImpl
instanceKlass jdk/internal/icu/text/NormalizerBase$1
instanceKlass jdk/internal/icu/text/NormalizerBase$Mode
instanceKlass jdk/internal/icu/text/NormalizerBase
instanceKlass java/text/Normalizer
instanceKlass sun/security/x509/AVAKeyword
instanceKlass java/util/StringJoiner
instanceKlass sun/security/util/SignatureUtil
instanceKlass java/lang/constant/DynamicConstantDesc
instanceKlass java/lang/constant/DirectMethodHandleDesc$1
instanceKlass java/lang/constant/DirectMethodHandleDescImpl$1
instanceKlass java/lang/constant/DirectMethodHandleDescImpl
instanceKlass java/lang/constant/DirectMethodHandleDesc
instanceKlass java/lang/constant/MethodHandleDesc$1
instanceKlass java/lang/constant/MethodHandleDesc
instanceKlass java/lang/constant/MethodTypeDescImpl
instanceKlass java/lang/constant/MethodTypeDesc
instanceKlass java/lang/constant/ReferenceClassDescImpl
instanceKlass java/lang/constant/ConstantUtils
instanceKlass java/lang/constant/ClassDesc
instanceKlass java/lang/constant/ConstantDescs
instanceKlass java/lang/invoke/VarHandle$2
instanceKlass java/lang/invoke/VarHandle$TypesAndInvokers
instanceKlass java/lang/invoke/VarHandle$AccessDescriptor
instanceKlass java/lang/invoke/VarHandleByteArrayBase
instanceKlass sun/security/provider/ByteArrayAccess$BE
instanceKlass sun/security/provider/ByteArrayAccess
instanceKlass sun/security/util/MessageDigestSpi2
instanceKlass java/security/MessageDigestSpi
instanceKlass java/lang/Byte$ByteCache
instanceKlass sun/security/pkcs/PKCS9Attribute
instanceKlass sun/security/pkcs/PKCS9Attributes
instanceKlass sun/security/util/DisabledAlgorithmConstraints$1
instanceKlass sun/security/util/DisabledAlgorithmConstraints$Constraint
instanceKlass java/util/StringTokenizer
instanceKlass java/security/spec/ECFieldF2m
instanceKlass java/security/spec/ECParameterSpec
instanceKlass java/security/spec/ECPoint
instanceKlass java/security/spec/EllipticCurve
instanceKlass java/security/spec/ECFieldFp
instanceKlass java/security/spec/ECField
instanceKlass sun/security/util/CurveDB
instanceKlass sun/security/util/DisabledAlgorithmConstraints$Constraints
instanceKlass java/util/TreeMap$PrivateEntryIterator
instanceKlass java/util/NavigableSet
instanceKlass java/util/SortedSet
instanceKlass sun/security/util/AbstractAlgorithmConstraints$1
instanceKlass sun/security/util/AlgorithmDecomposer
instanceKlass sun/security/util/DisabledAlgorithmConstraints$JarHolder
instanceKlass java/util/regex/ASCII
instanceKlass sun/security/util/AbstractAlgorithmConstraints
instanceKlass java/security/AlgorithmConstraints
instanceKlass sun/security/pkcs/SignerInfo
instanceKlass java/security/cert/PolicyQualifierInfo
instanceKlass sun/security/x509/CertificatePolicyId
instanceKlass sun/security/x509/PolicyInformation
instanceKlass sun/security/x509/DistributionPoint
instanceKlass sun/security/x509/DNSName
instanceKlass sun/security/x509/URIName
instanceKlass sun/security/x509/GeneralName
instanceKlass sun/security/x509/AccessDescription
instanceKlass java/lang/invoke/VarForm
instanceKlass java/lang/invoke/VarHandleGuards
instanceKlass jdk/internal/util/Preconditions$1
instanceKlass java/lang/invoke/VarHandle$1
instanceKlass java/lang/ClassValue$Version
instanceKlass java/lang/ClassValue$Identity
instanceKlass java/lang/ClassValue
instanceKlass java/lang/invoke/VarHandles
instanceKlass java/lang/System$Logger
instanceKlass jdk/internal/event/EventHelper
instanceKlass jdk/internal/event/Event
instanceKlass sun/security/util/MemoryCache$CacheEntry
instanceKlass sun/security/x509/X509AttributeName
instanceKlass sun/security/x509/GeneralNames
instanceKlass sun/security/x509/KeyIdentifier
instanceKlass java/util/TreeMap$Entry
instanceKlass sun/security/x509/OIDMap$OIDInfo
instanceKlass sun/security/x509/PKIXExtensions
instanceKlass sun/security/x509/OIDMap
instanceKlass sun/security/x509/Extension
instanceKlass java/security/cert/Extension
instanceKlass java/util/Collections$SynchronizedMap
instanceKlass java/util/NavigableMap
instanceKlass java/util/SortedMap
instanceKlass sun/security/x509/CertificateExtensions
instanceKlass sun/security/rsa/RSAUtil
instanceKlass sun/security/util/IOUtils
instanceKlass java/security/interfaces/RSAPublicKey
instanceKlass java/security/interfaces/RSAKey
instanceKlass java/security/spec/PSSParameterSpec
instanceKlass java/security/spec/AlgorithmParameterSpec
instanceKlass java/security/spec/RSAPrivateKeySpec
instanceKlass java/security/spec/RSAPublicKeySpec
instanceKlass java/security/KeyFactorySpi
instanceKlass sun/security/rsa/SunRsaSignEntries
instanceKlass sun/security/jca/ProviderList$ServiceList$1
instanceKlass java/security/KeyFactory
instanceKlass java/security/spec/EncodedKeySpec$1
instanceKlass jdk/internal/access/JavaSecuritySpecAccess
instanceKlass java/security/spec/EncodedKeySpec
instanceKlass java/security/spec/KeySpec
instanceKlass sun/security/util/BitArray
instanceKlass sun/security/x509/X509Key
instanceKlass java/security/PublicKey
instanceKlass java/security/Key
instanceKlass sun/security/x509/CertificateX509Key
instanceKlass java/util/Date
instanceKlass sun/util/calendar/CalendarUtils
instanceKlass sun/util/calendar/CalendarDate
instanceKlass sun/util/calendar/CalendarSystem$GregorianHolder
instanceKlass sun/util/calendar/CalendarSystem
instanceKlass sun/security/x509/CertificateValidity
instanceKlass sun/security/x509/AVA
instanceKlass sun/security/x509/RDN
instanceKlass javax/security/auth/x500/X500Principal
instanceKlass sun/security/x509/X500Name$1
instanceKlass sun/security/x509/X500Name
instanceKlass sun/security/x509/GeneralNameInterface
instanceKlass sun/security/x509/CertificateAlgorithmId
instanceKlass sun/security/x509/SerialNumber
instanceKlass sun/security/x509/CertificateSerialNumber
instanceKlass sun/security/x509/CertificateVersion
instanceKlass sun/security/x509/X509CertInfo
instanceKlass sun/security/x509/CertAttrSet
instanceKlass sun/security/util/Cache$EqualByteArray
instanceKlass java/security/cert/X509Extension
instanceKlass sun/security/jca/GetInstance$Instance
instanceKlass sun/security/util/Cache
instanceKlass sun/security/jca/GetInstance
instanceKlass java/security/cert/CertificateFactorySpi
instanceKlass java/security/cert/CertificateFactory
instanceKlass sun/security/x509/AlgorithmId
instanceKlass sun/security/util/ByteArrayTagOrder
instanceKlass sun/security/util/ByteArrayLexOrder
instanceKlass sun/security/util/DerEncoder
instanceKlass sun/security/util/DerValue
instanceKlass sun/security/util/ObjectIdentifier
instanceKlass sun/security/pkcs/ContentInfo
instanceKlass sun/security/util/DerInputStream
instanceKlass sun/security/pkcs/PKCS7
instanceKlass java/util/Collections$EmptyIterator
instanceKlass java/util/LinkedHashMap$LinkedHashIterator
instanceKlass sun/security/util/SecurityProviderConstants
instanceKlass java/security/Provider$UString
instanceKlass java/security/Provider$Service
instanceKlass sun/security/provider/NativePRNG$NonBlocking
instanceKlass sun/security/provider/NativePRNG$Blocking
instanceKlass sun/security/provider/NativePRNG
instanceKlass sun/security/provider/SunEntries$1
instanceKlass sun/security/provider/SunEntries
instanceKlass sun/security/util/SecurityConstants
instanceKlass java/io/FileInputStream$1
instanceKlass java/util/Properties$LineReader
instanceKlass java/security/Security$1
instanceKlass java/security/Security
instanceKlass sun/security/jca/ProviderList$2
instanceKlass jdk/internal/math/FloatingDecimal$ASCIIToBinaryBuffer
instanceKlass jdk/internal/math/FloatingDecimal$PreparedASCIIToBinaryBuffer
instanceKlass jdk/internal/math/FloatingDecimal$ASCIIToBinaryConverter
instanceKlass jdk/internal/math/FloatingDecimal$BinaryToASCIIBuffer
instanceKlass jdk/internal/math/FloatingDecimal$ExceptionalBinaryToASCIIBuffer
instanceKlass jdk/internal/math/FloatingDecimal$BinaryToASCIIConverter
instanceKlass jdk/internal/math/FloatingDecimal
instanceKlass java/security/Provider$EngineDescription
instanceKlass java/security/Provider$ServiceKey
instanceKlass sun/security/jca/ProviderConfig
instanceKlass sun/security/jca/ProviderList
instanceKlass sun/security/jca/Providers
instanceKlass sun/security/util/ManifestDigester$Section
instanceKlass sun/security/util/ManifestDigester$Entry
instanceKlass sun/security/util/ManifestDigester$Position
instanceKlass sun/security/util/ManifestDigester
instanceKlass sun/security/util/SignatureFileVerifier
instanceKlass sun/security/util/ManifestEntryVerifier
instanceKlass java/security/CodeSigner
instanceKlass java/util/jar/JarVerifier
instanceKlass sun/nio/cs/SingleByte
instanceKlass sun/nio/cs/MS1252$Holder
instanceKlass java/nio/charset/CharsetDecoder
instanceKlass sun/nio/cs/ArrayDecoder
instanceKlass sun/launcher/LauncherHelper
instanceKlass lombok/patcher/scripts/ScriptBuilder$SetSymbolDuringMethodCallBuilder
instanceKlass lombok/patcher/scripts/ScriptBuilder$ReplaceMethodCallBuilder
instanceKlass lombok/eclipse/agent/EclipsePatcher$4
instanceKlass lombok/eclipse/agent/EclipsePatcher$3
instanceKlass lombok/patcher/scripts/ScriptBuilder$WrapMethodCallBuilder
instanceKlass lombok/patcher/ScriptManager$WitnessAction
instanceKlass lombok/patcher/scripts/ScriptBuilder$WrapReturnValueBuilder
instanceKlass lombok/patcher/ClassRootFinder
instanceKlass lombok/patcher/scripts/ScriptBuilder$AddFieldBuilder
instanceKlass java/util/Collections$1
instanceKlass lombok/patcher/PatchScript$MethodPatcherFactory
instanceKlass org/objectweb/asm/ClassVisitor
instanceKlass lombok/patcher/Hook
instanceKlass java/util/regex/Pattern$BitClass
instanceKlass lombok/patcher/MethodTarget
instanceKlass lombok/patcher/scripts/ScriptBuilder$ExitEarlyBuilder
instanceKlass lombok/patcher/scripts/ScriptBuilder
instanceKlass lombok/eclipse/agent/EclipseLoaderPatcher
instanceKlass lombok/eclipse/agent/EclipsePatcher$2
instanceKlass lombok/eclipse/agent/EclipsePatcher$1
instanceKlass java/lang/instrument/ClassDefinition
instanceKlass lombok/patcher/ScriptManager$OurClassFileTransformer
instanceKlass lombok/patcher/Filter$1
instanceKlass lombok/patcher/TransplantMapper$1
instanceKlass java/lang/instrument/ClassFileTransformer
instanceKlass lombok/patcher/ScriptManager
instanceKlass lombok/patcher/TransplantMapper
instanceKlass lombok/patcher/Filter
instanceKlass lombok/patcher/PatchScript
instanceKlass lombok/patcher/TargetMatcher
instanceKlass lombok/eclipse/agent/EclipsePatcher
instanceKlass lombok/core/AgentLauncher$AgentLaunchable
instanceKlass lombok/core/AgentLauncher$AgentInfo
instanceKlass lombok/core/AgentLauncher
instanceKlass java/util/IdentityHashMap$IdentityHashMapIterator
instanceKlass sun/net/www/MessageHeader
instanceKlass sun/net/www/protocol/jar/JarFileFactory
instanceKlass sun/net/www/protocol/jar/URLJarFile$URLJarFileCloseController
instanceKlass java/net/URLConnection
instanceKlass java/util/zip/ZipFile$ZipEntryIterator
instanceKlass java/util/WeakHashMap$HashIterator
instanceKlass java/util/BitSet
instanceKlass java/net/URLEncoder
instanceKlass java/net/URLDecoder
instanceKlass java/util/regex/IntHashSet
instanceKlass java/util/regex/Matcher
instanceKlass java/util/regex/MatchResult
instanceKlass java/util/regex/Pattern$TreeInfo
instanceKlass java/util/regex/Pattern$BmpCharPredicate
instanceKlass java/util/regex/Pattern$CharPredicate
instanceKlass java/util/regex/Pattern$Node
instanceKlass java/util/regex/Pattern
instanceKlass jdk/internal/jimage/ImageLocation
instanceKlass jdk/internal/jimage/decompressor/Decompressor
instanceKlass jdk/internal/jimage/ImageStringsReader
instanceKlass jdk/internal/jimage/ImageStrings
instanceKlass jdk/internal/jimage/ImageHeader
instanceKlass jdk/internal/jimage/NativeImageBuffer$1
instanceKlass jdk/internal/jimage/NativeImageBuffer
instanceKlass jdk/internal/jimage/BasicImageReader$1
instanceKlass jdk/internal/jimage/BasicImageReader
instanceKlass jdk/internal/jimage/ImageReader
instanceKlass jdk/internal/jimage/ImageReaderFactory$1
instanceKlass java/nio/file/Paths
instanceKlass jdk/internal/jimage/ImageReaderFactory
instanceKlass jdk/internal/module/SystemModuleFinders$SystemImage
instanceKlass jdk/internal/module/SystemModuleFinders$SystemModuleReader
instanceKlass java/lang/module/ModuleReader
instanceKlass jdk/internal/loader/BuiltinClassLoader$5
instanceKlass jdk/internal/loader/BuiltinClassLoader$2
instanceKlass jdk/internal/module/Resources
instanceKlass java/io/Reader
instanceKlass java/lang/Readable
instanceKlass lombok/launch/Main
instanceKlass sun/instrument/InstrumentationImpl$1
instanceKlass lombok/launch/Agent
instanceKlass sun/security/util/Debug
instanceKlass java/security/SecureClassLoader$DebugHolder
instanceKlass java/security/PermissionCollection
instanceKlass java/security/SecureClassLoader$1
instanceKlass java/security/SecureClassLoader$CodeSourceKey
instanceKlass java/util/zip/Checksum$1
instanceKlass java/util/zip/CRC32
instanceKlass java/util/zip/Checksum
instanceKlass sun/nio/ByteBuffered
instanceKlass java/lang/Package$VersionInfo
instanceKlass java/lang/NamedPackage
instanceKlass java/util/jar/Attributes$Name
instanceKlass java/util/jar/Attributes
instanceKlass jdk/internal/loader/Resource
instanceKlass java/util/zip/ZipFile$InflaterCleanupAction
instanceKlass java/util/zip/Inflater$InflaterZStreamRef
instanceKlass java/util/zip/Inflater
instanceKlass java/util/zip/ZipEntry
instanceKlass java/lang/StringCoding
instanceKlass jdk/internal/util/jar/JarIndex
instanceKlass java/nio/Bits$1
instanceKlass jdk/internal/misc/VM$BufferPool
instanceKlass java/nio/Bits
instanceKlass sun/nio/ch/DirectBuffer
instanceKlass jdk/internal/perf/PerfCounter$CoreCounters
instanceKlass jdk/internal/perf/Perf
instanceKlass jdk/internal/perf/Perf$GetPerfAction
instanceKlass jdk/internal/perf/PerfCounter
instanceKlass java/nio/file/attribute/FileTime
instanceKlass java/util/zip/ZipUtils
instanceKlass java/util/zip/ZipFile$Source$End
instanceKlass java/io/RandomAccessFile$2
instanceKlass jdk/internal/access/JavaIORandomAccessFileAccess
instanceKlass java/io/RandomAccessFile
instanceKlass java/io/DataInput
instanceKlass java/io/DataOutput
instanceKlass sun/nio/fs/WindowsNativeDispatcher$CompletionStatus
instanceKlass sun/nio/fs/WindowsNativeDispatcher$AclInformation
instanceKlass sun/nio/fs/WindowsNativeDispatcher$Account
instanceKlass sun/nio/fs/WindowsNativeDispatcher$DiskFreeSpace
instanceKlass sun/nio/fs/WindowsNativeDispatcher$VolumeInformation
instanceKlass sun/nio/fs/WindowsNativeDispatcher$FirstStream
instanceKlass sun/nio/fs/WindowsNativeDispatcher$FirstFile
instanceKlass java/util/concurrent/ConcurrentHashMap$Traverser
instanceKlass java/util/Enumeration
instanceKlass java/util/concurrent/ConcurrentHashMap$CollectionView
instanceKlass sun/nio/fs/WindowsNativeDispatcher
instanceKlass sun/nio/fs/NativeBuffer$Deallocator
instanceKlass sun/nio/fs/NativeBuffer
instanceKlass java/lang/ThreadLocal$ThreadLocalMap
instanceKlass sun/nio/fs/NativeBuffers
instanceKlass sun/nio/fs/WindowsFileAttributes
instanceKlass java/nio/file/attribute/DosFileAttributes
instanceKlass sun/nio/fs/AbstractBasicFileAttributeView
instanceKlass sun/nio/fs/DynamicFileAttributeView
instanceKlass sun/nio/fs/WindowsFileAttributeViews
instanceKlass java/lang/Class$1
instanceKlass sun/nio/fs/Util
instanceKlass java/nio/file/attribute/BasicFileAttributeView
instanceKlass java/nio/file/attribute/FileAttributeView
instanceKlass java/nio/file/attribute/AttributeView
instanceKlass java/nio/file/Files
instanceKlass java/nio/file/CopyOption
instanceKlass java/nio/file/attribute/BasicFileAttributes
instanceKlass sun/nio/fs/WindowsPath
instanceKlass java/net/URI$Parser
instanceKlass sun/nio/fs/WindowsPathParser$Result
instanceKlass sun/nio/fs/WindowsPathParser
instanceKlass java/util/Arrays$ArrayItr
instanceKlass java/nio/file/FileSystem
instanceKlass java/nio/file/OpenOption
instanceKlass java/nio/file/spi/FileSystemProvider
instanceKlass sun/nio/fs/DefaultFileSystemProvider
instanceKlass java/nio/file/FileSystems$DefaultFileSystemHolder$1
instanceKlass java/nio/file/FileSystems$DefaultFileSystemHolder
instanceKlass java/nio/file/FileSystems
instanceKlass java/util/zip/ZipFile$Source$Key
instanceKlass java/util/zip/ZipFile$Source
instanceKlass java/util/zip/ZipCoder
instanceKlass java/util/zip/ZipFile$CleanableResource
instanceKlass java/lang/Runtime$Version
instanceKlass java/util/jar/JavaUtilJarAccessImpl
instanceKlass jdk/internal/access/JavaUtilJarAccess
instanceKlass jdk/internal/loader/FileURLMapper
instanceKlass jdk/internal/loader/URLClassPath$JarLoader$1
instanceKlass java/util/zip/ZipFile$1
instanceKlass jdk/internal/access/JavaUtilZipFileAccess
instanceKlass java/util/zip/ZipFile
instanceKlass java/util/zip/ZipConstants
instanceKlass jdk/internal/loader/URLClassPath$Loader
instanceKlass jdk/internal/loader/URLClassPath$3
instanceKlass java/security/PrivilegedExceptionAction
instanceKlass sun/util/locale/LocaleUtils
instanceKlass sun/util/locale/BaseLocale
instanceKlass java/util/Locale
instanceKlass sun/net/util/URLUtil
instanceKlass sun/instrument/TransformerManager$TransformerInfo
instanceKlass sun/instrument/TransformerManager
instanceKlass jdk/internal/loader/NativeLibraries$NativeLibraryImpl
instanceKlass jdk/internal/loader/NativeLibrary
instanceKlass java/util/ArrayDeque$DeqIterator
instanceKlass jdk/internal/loader/NativeLibraries$1
instanceKlass jdk/internal/loader/NativeLibraries$LibraryPaths
instanceKlass sun/instrument/InstrumentationImpl
instanceKlass java/lang/instrument/Instrumentation
instanceKlass java/lang/invoke/StringConcatFactory$3
instanceKlass java/lang/invoke/StringConcatFactory$2
instanceKlass java/lang/invoke/StringConcatFactory$1
instanceKlass java/lang/invoke/StringConcatFactory
instanceKlass jdk/internal/module/ModuleBootstrap$SafeModuleFinder
instanceKlass java/lang/ModuleLayer$Controller
instanceKlass java/util/concurrent/CopyOnWriteArrayList
instanceKlass jdk/internal/module/ServicesCatalog$ServiceProvider
instanceKlass jdk/internal/loader/AbstractClassLoaderValue$Memoizer
instanceKlass jdk/internal/module/ModuleLoaderMap$Modules
instanceKlass jdk/internal/module/ModuleLoaderMap$Mapper
instanceKlass jdk/internal/module/ModuleLoaderMap
instanceKlass java/lang/module/ResolvedModule
instanceKlass java/util/Collections$UnmodifiableCollection$1
instanceKlass java/lang/ModuleLayer
instanceKlass java/util/ImmutableCollections$ListItr
instanceKlass java/util/ListIterator
instanceKlass java/lang/module/ModuleFinder$1
instanceKlass java/nio/file/Path
instanceKlass java/nio/file/Watchable
instanceKlass java/lang/module/Resolver
instanceKlass java/lang/module/Configuration
instanceKlass java/util/stream/ForEachOps$ForEachOp
instanceKlass java/util/stream/ForEachOps
instanceKlass java/util/stream/FindOps$FindOp
instanceKlass java/util/stream/FindOps$FindSink
instanceKlass java/util/stream/FindOps
instanceKlass java/util/stream/Sink$ChainedReference
instanceKlass java/util/stream/ReduceOps$Box
instanceKlass java/util/stream/ReduceOps$AccumulatingSink
instanceKlass java/util/stream/TerminalSink
instanceKlass java/util/stream/Sink
instanceKlass java/util/function/Consumer
instanceKlass java/util/stream/ReduceOps$ReduceOp
instanceKlass java/util/stream/TerminalOp
instanceKlass java/util/stream/ReduceOps
instanceKlass java/util/function/BinaryOperator
instanceKlass java/util/function/BiFunction
instanceKlass java/util/function/BiConsumer
instanceKlass java/util/stream/Collectors$CollectorImpl
instanceKlass java/util/stream/Collector
instanceKlass java/util/Collections$UnmodifiableCollection
instanceKlass java/util/stream/Collectors
instanceKlass java/lang/ref/Cleaner$Cleanable
instanceKlass jdk/internal/ref/CleanerImpl
instanceKlass java/lang/ref/Cleaner$1
instanceKlass java/lang/ref/Cleaner
instanceKlass jdk/internal/ref/CleanerFactory$1
instanceKlass java/util/concurrent/ThreadFactory
instanceKlass jdk/internal/ref/CleanerFactory
instanceKlass jdk/internal/org/objectweb/asm/FieldVisitor
instanceKlass java/util/ArrayList$Itr
instanceKlass java/lang/invoke/InvokerBytecodeGenerator$ClassData
instanceKlass jdk/internal/org/objectweb/asm/Frame
instanceKlass java/lang/invoke/LambdaFormBuffer
instanceKlass java/lang/invoke/LambdaFormEditor$TransformKey
instanceKlass java/lang/invoke/LambdaFormEditor
instanceKlass sun/invoke/util/Wrapper$1
instanceKlass java/lang/invoke/DelegatingMethodHandle$Holder
instanceKlass java/lang/invoke/DirectMethodHandle$2
instanceKlass sun/invoke/empty/Empty
instanceKlass sun/invoke/util/VerifyType
instanceKlass java/lang/invoke/ClassSpecializer$Factory
instanceKlass java/lang/invoke/ClassSpecializer$SpeciesData
instanceKlass java/lang/invoke/ClassSpecializer$1
instanceKlass java/util/function/Function
instanceKlass java/lang/invoke/ClassSpecializer
instanceKlass java/lang/invoke/InnerClassLambdaMetafactory$1
instanceKlass java/lang/invoke/MethodHandles$Lookup$ClassDefiner
instanceKlass java/util/ImmutableCollections$Set12$1
instanceKlass jdk/internal/org/objectweb/asm/ClassReader
instanceKlass java/lang/invoke/MethodHandles$Lookup$ClassFile
instanceKlass jdk/internal/org/objectweb/asm/AnnotationVisitor
instanceKlass jdk/internal/org/objectweb/asm/Attribute
instanceKlass jdk/internal/org/objectweb/asm/Handler
instanceKlass jdk/internal/org/objectweb/asm/Label
instanceKlass jdk/internal/org/objectweb/asm/MethodVisitor
instanceKlass java/lang/invoke/LambdaProxyClassArchive
instanceKlass jdk/internal/org/objectweb/asm/ByteVector
instanceKlass jdk/internal/org/objectweb/asm/Symbol
instanceKlass jdk/internal/org/objectweb/asm/SymbolTable
instanceKlass jdk/internal/org/objectweb/asm/ClassVisitor
instanceKlass java/lang/invoke/InfoFromMemberName
instanceKlass java/lang/invoke/MethodHandleInfo
instanceKlass jdk/internal/org/objectweb/asm/ConstantDynamic
instanceKlass sun/invoke/util/BytecodeDescriptor
instanceKlass jdk/internal/org/objectweb/asm/Handle
instanceKlass sun/security/action/GetBooleanAction
instanceKlass jdk/internal/org/objectweb/asm/Type
instanceKlass java/lang/invoke/AbstractValidatingLambdaMetafactory
instanceKlass java/lang/invoke/MethodHandleImpl$1
instanceKlass jdk/internal/access/JavaLangInvokeAccess
instanceKlass java/lang/invoke/Invokers$Holder
instanceKlass java/lang/invoke/BootstrapMethodInvoker
instanceKlass java/util/function/Predicate
instanceKlass java/lang/WeakPairMap$Pair$Lookup
instanceKlass java/lang/WeakPairMap$Pair
instanceKlass java/lang/WeakPairMap
instanceKlass java/lang/Module$ReflectionData
instanceKlass java/lang/invoke/InvokerBytecodeGenerator$2
instanceKlass java/lang/invoke/InvokerBytecodeGenerator
instanceKlass java/lang/invoke/LambdaForm$Holder
instanceKlass java/lang/invoke/LambdaForm$Name
instanceKlass java/lang/reflect/Array
instanceKlass java/lang/invoke/Invokers
instanceKlass java/lang/invoke/MethodHandleImpl
instanceKlass sun/invoke/util/ValueConversions
instanceKlass java/lang/invoke/DirectMethodHandle$Holder
instanceKlass java/lang/invoke/LambdaForm$NamedFunction
instanceKlass sun/invoke/util/Wrapper$Format
instanceKlass java/lang/invoke/MethodTypeForm
instanceKlass java/lang/Void
instanceKlass java/lang/invoke/MethodType$ConcurrentWeakInternSet
instanceKlass java/lang/invoke/LambdaMetafactory
instanceKlass sun/reflect/annotation/AnnotationParser
instanceKlass java/lang/Class$3
instanceKlass java/lang/PublicMethods$Key
instanceKlass java/lang/PublicMethods$MethodList
instanceKlass java/lang/Class$Atomic
instanceKlass java/lang/Class$ReflectionData
instanceKlass java/util/EnumMap$1
instanceKlass java/util/stream/StreamOpFlag$MaskBuilder
instanceKlass java/util/stream/PipelineHelper
instanceKlass java/util/stream/Stream
instanceKlass java/util/stream/BaseStream
instanceKlass java/util/stream/StreamSupport
instanceKlass java/util/Spliterators$IteratorSpliterator
instanceKlass java/util/Spliterator$OfDouble
instanceKlass java/util/Spliterator$OfLong
instanceKlass java/util/Spliterator$OfInt
instanceKlass java/util/Spliterator$OfPrimitive
instanceKlass java/util/Spliterators$EmptySpliterator
instanceKlass java/util/Spliterator
instanceKlass java/util/Spliterators
instanceKlass jdk/internal/module/DefaultRoots
instanceKlass java/util/ImmutableCollections$SetN$SetNIterator
instanceKlass jdk/internal/loader/BuiltinClassLoader$LoadedModule
instanceKlass jdk/internal/loader/AbstractClassLoaderValue
instanceKlass jdk/internal/module/ServicesCatalog
instanceKlass jdk/internal/util/Preconditions
instanceKlass sun/net/util/IPAddressUtil
instanceKlass java/net/URLStreamHandler
instanceKlass java/lang/StringUTF16
instanceKlass java/util/HexFormat
instanceKlass sun/net/www/ParseUtil
instanceKlass java/net/URL$3
instanceKlass jdk/internal/access/JavaNetURLAccess
instanceKlass java/net/URL$DefaultFactory
instanceKlass java/net/URLStreamHandlerFactory
instanceKlass jdk/internal/loader/URLClassPath
instanceKlass java/security/Principal
instanceKlass java/security/ProtectionDomain$Key
instanceKlass java/security/ProtectionDomain$JavaSecurityAccessImpl
instanceKlass jdk/internal/access/JavaSecurityAccess
instanceKlass java/lang/ClassLoader$ParallelLoaders
instanceKlass java/security/cert/Certificate
instanceKlass jdk/internal/loader/ArchivedClassLoaders
instanceKlass java/util/Deque
instanceKlass java/util/Queue
instanceKlass jdk/internal/loader/ClassLoaderHelper
instanceKlass jdk/internal/loader/NativeLibraries
instanceKlass jdk/internal/loader/BootLoader
instanceKlass java/util/Optional
instanceKlass jdk/internal/module/SystemModuleFinders$SystemModuleFinder
instanceKlass java/lang/module/ModuleFinder
instanceKlass jdk/internal/module/SystemModuleFinders$3
instanceKlass jdk/internal/module/ModuleHashes$HashSupplier
instanceKlass jdk/internal/module/SystemModuleFinders$2
instanceKlass java/util/function/Supplier
instanceKlass java/lang/module/ModuleReference
instanceKlass jdk/internal/module/ModuleResolution
instanceKlass java/util/Collections$UnmodifiableMap
instanceKlass jdk/internal/module/ModuleHashes$Builder
instanceKlass jdk/internal/module/ModuleHashes
instanceKlass jdk/internal/module/ModuleTarget
instanceKlass java/lang/Enum
instanceKlass java/lang/module/ModuleDescriptor$Version
instanceKlass java/lang/module/ModuleDescriptor$Provides
instanceKlass java/lang/module/ModuleDescriptor$Opens
instanceKlass java/lang/module/ModuleDescriptor$Exports
instanceKlass java/lang/module/ModuleDescriptor$Requires
instanceKlass jdk/internal/module/Builder
instanceKlass jdk/internal/module/SystemModules$all
instanceKlass jdk/internal/module/SystemModules
instanceKlass jdk/internal/module/SystemModulesMap
instanceKlass java/net/URI$1
instanceKlass jdk/internal/access/JavaNetUriAccess
instanceKlass java/net/URI
instanceKlass jdk/internal/module/SystemModuleFinders
instanceKlass jdk/internal/module/ArchivedModuleGraph
instanceKlass jdk/internal/module/ArchivedBootLayer
instanceKlass jdk/internal/module/ModuleBootstrap$Counters
instanceKlass jdk/internal/module/ModulePatcher
instanceKlass jdk/internal/util/ArraysSupport
instanceKlass java/io/FileSystem
instanceKlass java/io/DefaultFileSystem
instanceKlass java/io/File
instanceKlass java/lang/module/ModuleDescriptor$1
instanceKlass jdk/internal/access/JavaLangModuleAccess
instanceKlass java/lang/reflect/Modifier
instanceKlass sun/invoke/util/VerifyAccess
instanceKlass java/lang/module/ModuleDescriptor
instanceKlass jdk/internal/module/ModuleBootstrap
instanceKlass java/lang/invoke/MethodHandleStatics
instanceKlass java/util/Collections
instanceKlass sun/io/Win32ErrorMode
instanceKlass jdk/internal/misc/OSEnvironment
instanceKlass jdk/internal/misc/Signal$NativeHandler
instanceKlass java/util/Hashtable$Entry
instanceKlass jdk/internal/misc/Signal
instanceKlass java/lang/Terminator$1
instanceKlass jdk/internal/misc/Signal$Handler
instanceKlass java/lang/Terminator
instanceKlass java/nio/ByteOrder
instanceKlass java/nio/Buffer$1
instanceKlass jdk/internal/access/JavaNioAccess
instanceKlass jdk/internal/misc/ScopedMemoryAccess
instanceKlass java/nio/charset/CodingErrorAction
instanceKlass java/nio/charset/CharsetEncoder
instanceKlass java/nio/charset/StandardCharsets
instanceKlass sun/nio/cs/HistoricallyNamedCharset
instanceKlass sun/security/action/GetPropertyAction
instanceKlass java/lang/ThreadLocal
instanceKlass java/nio/charset/spi/CharsetProvider
instanceKlass java/nio/charset/Charset
instanceKlass java/io/Writer
instanceKlass java/io/OutputStream
instanceKlass java/io/Flushable
instanceKlass java/io/FileDescriptor$1
instanceKlass jdk/internal/access/JavaIOFileDescriptorAccess
instanceKlass java/io/FileDescriptor
instanceKlass jdk/internal/util/StaticProperty
instanceKlass java/util/HashMap$HashIterator
instanceKlass java/lang/Integer$IntegerCache
instanceKlass java/lang/CharacterData
instanceKlass java/util/Arrays
instanceKlass java/lang/VersionProps
instanceKlass java/lang/StringConcatHelper
instanceKlass jdk/internal/util/SystemProps$Raw
instanceKlass jdk/internal/util/SystemProps
instanceKlass java/lang/System$2
instanceKlass jdk/internal/misc/VM
instanceKlass jdk/internal/access/JavaLangAccess
instanceKlass java/lang/ref/Reference$1
instanceKlass jdk/internal/access/JavaLangRefAccess
instanceKlass java/lang/ref/ReferenceQueue$Lock
instanceKlass java/lang/ref/ReferenceQueue
instanceKlass jdk/internal/reflect/ReflectionFactory
instanceKlass jdk/internal/reflect/ReflectionFactory$GetReflectionFactoryAction
instanceKlass java/security/PrivilegedAction
instanceKlass java/util/concurrent/locks/LockSupport
instanceKlass java/util/concurrent/ConcurrentHashMap$Node
instanceKlass java/util/concurrent/ConcurrentHashMap$CounterCell
instanceKlass java/util/concurrent/locks/ReentrantLock
instanceKlass java/util/concurrent/locks/Lock
instanceKlass java/lang/Runtime
instanceKlass java/util/HashMap$Node
instanceKlass java/util/KeyValueHolder
instanceKlass java/util/Map$Entry
instanceKlass java/util/ImmutableCollections$MapN$MapNIterator
instanceKlass java/lang/Math
instanceKlass jdk/internal/reflect/Reflection
instanceKlass java/lang/invoke/MethodHandles$Lookup
instanceKlass java/lang/StringLatin1
instanceKlass java/security/Permission
instanceKlass java/security/Guard
instanceKlass java/lang/invoke/MemberName$Factory
instanceKlass java/lang/invoke/MethodHandles
instanceKlass jdk/internal/access/SharedSecrets
instanceKlass java/lang/reflect/ReflectAccess
instanceKlass jdk/internal/access/JavaLangReflectAccess
instanceKlass java/util/ImmutableCollections
instanceKlass java/util/Objects
instanceKlass java/util/Set
instanceKlass jdk/internal/misc/CDS
instanceKlass java/lang/Module$ArchivedData
instanceKlass java/lang/String$CaseInsensitiveComparator
instanceKlass java/util/Comparator
instanceKlass java/io/ObjectStreamField
instanceKlass jdk/internal/vm/vector/VectorSupport$VectorPayload
instanceKlass jdk/internal/vm/vector/VectorSupport
instanceKlass java/lang/reflect/RecordComponent
instanceKlass java/util/Iterator
instanceKlass java/lang/Number
instanceKlass java/lang/Character
instanceKlass java/lang/Boolean
instanceKlass java/util/concurrent/locks/AbstractOwnableSynchronizer
instanceKlass java/lang/LiveStackFrame
instanceKlass java/lang/StackFrameInfo
instanceKlass java/lang/StackWalker$StackFrame
instanceKlass java/lang/StackStreamFactory$AbstractStackWalker
instanceKlass java/lang/StackWalker
instanceKlass java/nio/Buffer
instanceKlass java/lang/StackTraceElement
instanceKlass java/util/AbstractCollection
instanceKlass java/util/RandomAccess
instanceKlass java/util/List
instanceKlass java/util/Collection
instanceKlass java/lang/Iterable
instanceKlass java/util/AbstractMap
instanceKlass java/util/concurrent/ConcurrentMap
instanceKlass java/security/CodeSource
instanceKlass jdk/internal/loader/ClassLoaders
instanceKlass java/util/jar/Manifest
instanceKlass java/net/URL
instanceKlass java/io/InputStream
instanceKlass java/io/Closeable
instanceKlass java/lang/AutoCloseable
instanceKlass jdk/internal/module/Modules
instanceKlass jdk/internal/misc/Unsafe
instanceKlass jdk/internal/misc/UnsafeConstants
instanceKlass java/lang/AbstractStringBuilder
instanceKlass java/lang/Appendable
instanceKlass java/lang/AssertionStatusDirectives
instanceKlass java/lang/invoke/MethodHandleNatives$CallSiteContext
instanceKlass jdk/internal/invoke/NativeEntryPoint
instanceKlass java/lang/invoke/CallSite
instanceKlass java/lang/invoke/MethodType
instanceKlass java/lang/invoke/TypeDescriptor$OfMethod
instanceKlass java/lang/invoke/LambdaForm
instanceKlass java/lang/invoke/MethodHandleNatives
instanceKlass java/lang/invoke/ResolvedMethodName
instanceKlass java/lang/invoke/MemberName
instanceKlass java/lang/invoke/VarHandle
instanceKlass java/lang/invoke/MethodHandle
instanceKlass jdk/internal/reflect/CallerSensitive
instanceKlass java/lang/annotation/Annotation
instanceKlass jdk/internal/reflect/FieldAccessor
instanceKlass jdk/internal/reflect/ConstantPool
instanceKlass jdk/internal/reflect/ConstructorAccessor
instanceKlass jdk/internal/reflect/MethodAccessor
instanceKlass jdk/internal/reflect/MagicAccessorImpl
instanceKlass java/lang/reflect/Parameter
instanceKlass java/lang/reflect/Member
instanceKlass java/lang/reflect/AccessibleObject
instanceKlass java/lang/Module
instanceKlass java/util/Dictionary
instanceKlass java/util/Map
instanceKlass java/lang/ThreadGroup
instanceKlass java/lang/Thread$UncaughtExceptionHandler
instanceKlass java/lang/Thread
instanceKlass java/lang/Runnable
instanceKlass java/lang/ref/Reference
instanceKlass java/lang/Record
instanceKlass java/security/AccessController
instanceKlass java/security/AccessControlContext
instanceKlass java/security/ProtectionDomain
instanceKlass java/lang/SecurityManager
instanceKlass java/lang/Throwable
instanceKlass java/lang/System
instanceKlass java/lang/ClassLoader
instanceKlass java/lang/Cloneable
instanceKlass java/lang/Class
instanceKlass java/lang/invoke/TypeDescriptor$OfField
instanceKlass java/lang/invoke/TypeDescriptor
instanceKlass java/lang/reflect/Type
instanceKlass java/lang/reflect/GenericDeclaration
instanceKlass java/lang/reflect/AnnotatedElement
instanceKlass java/lang/String
instanceKlass java/lang/constant/ConstantDesc
instanceKlass java/lang/constant/Constable
instanceKlass java/lang/CharSequence
instanceKlass java/lang/Comparable
instanceKlass java/io/Serializable
ciInstanceKlass java/lang/Object 1 1 79 1 7 1 1 1 1 1 1 1 1 1 1 1 1 1 7 1 1 1 7 12 10 12 10 1 7 1 12 10 1 1 12 10 1 8 12 10 1 7 1 1 12 10 12 10 1 1 1 1 7 1 12 10 1 1 100 1 8 1 12 10 3 1 8 5 0 1 1 7 1 1 1 1 1 1 1 1 1
ciInstanceKlass java/io/Serializable 1 0 5 1 100 1 100
ciInstanceKlass java/lang/CharSequence 1 1 116 1 100 1 100 1 100 1 100 1 1 100 1 100 1 1 100 1 100 1 1 100 1 100 1 1 1 1 1 1 1 12 11 1 1 1 1 1 1 1 16 1 1 12 11 15 16 1 100 1 1 12 10 15 1 1 12 18 1 100 1 1 12 10 1 1 12 11 15 18 1 1 1 100 1 1 12 10 1 1 12 10 1 100 1 1 12 11 1 100 1 1 12 10 12 11 1 1 12 10 1 100 1 1 12 10 10 1 1 12 10 1 1 1 1 1
ciInstanceKlass java/lang/String 1 1 1202 1 7 1 1 7 1 100 1 100 1 7 1 100 1 100 1 7 1 7 1 7 1 1 7 1 7 1 100 1 100 1 1 100 1 1 100 1 100 1 1 1 1 1 1 1 1 1 1 1 1 1 5 0 1 1 1 1 1 3 1 1 1 1 3 1 3 1 1 12 10 1 8 12 9 12 9 1 1 12 9 1 1 12 10 1 1 1 12 10 1 1 12 10 1 1 100 12 9 1 1 12 10 10 1 1 1 1 100 1 7 1 1 12 10 1 1 12 10 1 1 12 10 1 12 10 1 1 7 1 1 12 10 1 12 10 1 7 1 1 12 10 1 7 1 7 1 1 12 9 1 7 1 1 12 10 1 1 12 10 1 1 12 10 1 1 12 10 1 1 12 10 1 1 12 10 1 7 1 12 9 12 10 1 7 1 12 9 1 1 12 10 1 7 1 1 12 11 1 100 1 12 11 1 1 12 11 1 1 12 10 1 1 12 10 1 100 1 1 12 9 1 1 12 10 1 12 10 1 1 12 11 1 1 12 10 1 100 12 10 1 1 12 10 1 100 1 1 12 10 1 7 1 1 12 10 1 1 12 10 1 1 1 12 10 1 1 1 7 1 100 1 12 10 1 1 12 10 1 100 1 100 12 10 1 1 12 10 1 1 1 100 1 100 1 12 10 12 10 1 1 1 1 12 10 1 1 12 10 1 12 10 1 1 12 10 1 1 12 10 1 100 1 12 10 1 100 11 1 12 10 12 10 1 12 11 1 12 11 12 10 1 1 12 10 10 1 100 1 1 12 10 1 100 1 12 10 1 12 10 1 100 1 12 10 1 12 10 1 1 12 10 1 12 10 1 100 10 1 1 12 10 1 1 1 12 10 1 12 10 1 1 1 1 1 12 10 1 100 12 10 12 10 1 12 10 1 1 12 10 1 100 1 1 12 10 1 12 10 1 1 12 10 1 12 10 1 1 1 12 10 1 1 1 1 1 1 1 1 1 3 1 1 3 1 12 10 12 10 1 1 12 10 12 10 1 12 10 12 10 12 10 12 10 1 12 10 1 12 10 1 1 12 10 1 12 10 12 10 12 10 1 12 10 1 12 10 1 12 10 10 1 100 10 1 8 1 1 12 10 1 12 10 1 8 1 1 12 10 12 10 1 12 10 1 8 10 1 1 12 10 1 1 12 10 1 12 10 1 1 1 12 10 12 10 1 1 100 10 10 1 1 12 10 1 1 1 1 12 10 12 10 10 1 1 1 12 10 1 12 10 1 12 10 1 100 10 12 10 1 1 1 100 10 12 10 1 1 12 10 1 1 1 12 10 1 12 10 10 1 1 1 12 10 10 1 100 10 12 10 1 1 1 1 12 10 1 1 1 12 10 1 1 1 100 10 1 12 10 1 12 10 1 12 10 12 10 12 10 11 12 11 1 12 10 1 1 1 1 12 10 1 1 1 12 10 10 1 12 10 1 12 10 1 12 9 1 7 1 1 12 11 1 10 12 10 1 1 12 10 10 1 12 10 1 12 10 1 1 12 10 1 1 12 9 1 12 10 10 1 12 10 12 10 10 1 12 10 12 10 10 12 10 10 1 12 10 1 1 12 10 12 10 10 12 10 12 10 12 10 12 10 10 1 12 10 1 1 1 12 10 1 12 10 10 1 1 1 1 12 10 1 7 1 1 12 10 1 1 1 12 10 10 1 1 7 1 12 10 1 11 12 10 1 1 1 1 12 10 1 1 12 10 1 7 12 10 1 12 10 1 1 100 10 12 10 1 12 10 1 12 10 1 100 1 12 10 1 12 10 1 100 1 8 10 10 1 12 10 1 1 1 8 12 10 3 3 1 7 10 1 12 10 1 12 10 1 1 12 10 1 1 12 10 1 7 1 1 12 11 1 7 1 12 10 1 12 10 1 1 1 1 12 10 1 12 10 1 1 8 1 1 12 10 1 12 10 1 1 1 7 1 1 12 11 1 7 1 12 11 1 1 12 11 1 12 10 1 1 1 12 10 10 1 7 1 1 12 10 12 10 1 12 10 10 12 10 1 1 12 10 10 1 12 10 10 1 12 10 10 1 12 10 10 1 1 12 10 1 1 1 1 12 10 10 1 100 1 12 10 1 8 1 12 10 16 1 12 10 15 16 1 100 1 1 12 10 15 1 1 12 18 1 1 12 11 3 1 12 10 15 1 12 18 1 1 12 10 15 1 12 18 1 8 1 100 1 1 12 10 1 1 12 11 12 10 10 1 12 10 10 1 1 1 12 11 1 1 12 10 1 12 11 1 12 10 15 18 1 3 11 1 7 1 12 10 11 11 12 10 1 1 1 12 10 1 8 1 12 10 1 12 10 1 1 12 10 10 12 10 1 1 1 1 100 12 11 1 1 12 10 10 1 7 1 1 12 10 1 10 1 7 10 1 12 10 10 1 1 12 10 1 1 1 8 10 1 12 10 1 1 1 1 8 1 8 1 1 12 10 1 12 10 10 12 10 1 1 7 12 10 1 1 100 12 10 1 1 100 12 10 1 1 8 1 12 10 1 1 12 10 1 1 100 10 12 10 1 8 1 8 10 1 1 8 1 8 1 8 1 8 1 1 12 10 1 12 10 1 8 1 1 1 1 100 1 1 12 10 1 1 1 12 10 1 1 7 12 10 12 10 10 12 10 12 10 1 1 7 12 9 10 1 1 1 1 1 1 1 1 1 1
staticfield java/lang/String COMPACT_STRINGS Z 1
staticfield java/lang/String serialPersistentFields [Ljava/io/ObjectStreamField; 0 [Ljava/io/ObjectStreamField;
staticfield java/lang/String CASE_INSENSITIVE_ORDER Ljava/util/Comparator; java/lang/String$CaseInsensitiveComparator
ciInstanceKlass java/lang/Class 1 1 1462 1 7 1 1 7 1 100 1 7 1 100 1 100 1 100 1 100 1 7 1 7 1 7 1 100 1 7 1 100 1 7 1 1 1 1 7 1 7 1 1 7 1 7 1 1 1 7 1 7 1 1 100 1 1 100 1 100 1 1 100 1 100 1 1 1 3 1 3 1 3 1 1 1 1 1 1 1 1 1 1 1 1 1 1 1 1 1 1 1 1 1 1 1 1 1 1 1 1 5 0 1 1 1 1 1 1 1 1 1 1 1 1 1 1 1 1 1 1 1 1 1 12 10 12 9 12 9 1 1 1 7 10 1 1 12 10 1 8 1 12 10 1 8 1 8 1 7 1 1 12 10 1 12 10 12 10 1 10 1 12 10 1 1 12 10 1 1 12 10 1 7 1 12 10 1 12 10 1 12 10 1 12 10 1 8 1 12 10 1 8 1 12 10 1 8 1 8 1 1 12 10 1 7 1 1 12 10 1 16 1 1 12 10 15 16 1 7 1 1 12 10 15 1 1 12 18 1 7 1 1 12 11 1 8 1 8 1 8 1 7 1 1 12 10 1 1 12 11 1 100 1 8 1 12 10 1 1 100 1 1 12 11 1 1 12 10 11 1 100 1 8 1 12 11 15 1 16 18 1 8 1 12 10 1 1 1 1 7 1 1 7 1 12 10 1 7 1 1 12 10 1 1 12 10 1 1 1 7 1 1 12 10 1 7 1 1 12 9 1 100 1 1 12 10 1 1 1 1 7 1 12 10 1 1 12 10 1 16 1 7 1 12 10 15 16 1 1 12 18 1 7 1 1 12 10 1 12 10 1 7 10 1 1 1 7 1 7 1 1 1 1 7 1 100 1 1 12 10 12 9 1 8 1 12 10 1 100 1 1 12 10 1 1 12 10 1 1 12 10 1 12 10 10 1 1 12 10 1 12 10 1 100 1 1 12 10 1 1 12 10 1 1 12 10 1 1 1 1 1 1 12 9 1 12 10 1 1 12 10 1 12 10 12 9 1 12 9 1 1 1 12 10 1 7 10 1 1 1 1 12 10 12 10 1 1 1 1 12 10 10 1 100 1 12 9 1 12 10 1 8 1 1 12 10 1 1 12 10 1 12 10 1 1 1 1 12 10 1 1 12 10 1 12 10 1 12 9 7 1 12 10 1 12 10 1 12 10 1 1 1 1 1 1 1 1 7 1 1 12 10 1 12 10 1 12 10 1 1 12 10 1 100 1 1 12 10 1 12 10 1 1 12 10 1 12 10 1 12 10 1 1 12 10 1 100 1 7 10 10 10 1 1 12 10 1 1 12 10 12 10 1 1 12 10 1 100 1 8 10 1 12 10 7 12 10 1 1 100 1 12 11 1 100 1 12 10 1 12 10 1 1 1 1 12 10 1 100 1 12 10 10 1 1 12 10 1 7 1 8 1 1 12 10 1 1 12 10 1 8 1 1 12 9 1 12 10 12 10 1 12 10 12 10 1 100 1 1 12 9 1 12 10 1 12 9 12 10 1 12 10 1 12 10 10 1 12 10 1 12 10 1 1 12 10 1 1 1 12 10 1 12 10 1 12 10 1 1 12 10 1 1 1 12 10 1 1 12 10 1 1 1 12 10 1 1 12 10 1 1 1 1 1 12 10 1 1 1 7 1 12 10 10 1 7 1 1 12 10 1 1 1 1 12 10 1 1 12 10 10 1 1 1 1 1 12 10 1 1 1 12 10 1 1 1 12 10 1 1 1 1 1 12 10 1 1 1 12 10 1 1 1 1 7 10 1 100 12 10 1 12 11 1 1 1 1 100 1 1 12 10 1 12 10 1 7 1 1 12 10 1 1 12 10 10 1 1 12 10 1 100 10 1 1 12 10 1 100 1 1 12 10 1 100 1 100 1 12 10 12 10 1 1 10 1 12 10 12 10 1 1 12 10 1 12 10 1 100 1 1 12 10 1 7 1 12 11 1 12 10 1 12 10 1 1 1 12 9 1 12 10 1 12 10 12 9 1 7 10 1 1 12 9 12 10 1 7 1 12 10 1 1 1 12 9 1 100 1 1 12 10 12 10 1 12 10 1 100 1 12 10 1 12 10 12 10 1 1 12 10 1 1 1 1 100 10 1 8 1 12 10 11 1 1 12 11 1 7 1 12 11 1 12 11 1 8 1 12 10 1 1 12 10 1 12 9 12 9 1 7 1 12 10 1 12 9 1 1 12 10 1 10 1 12 10 1 1 12 10 1 1 7 1 12 10 1 7 1 12 10 12 9 12 10 1 12 9 1 12 10 1 1 1 1 1 12 10 1 1 1 1 12 9 1 12 9 100 1 12 10 1 1 12 10 1 12 9 1 100 10 1 1 12 10 1 1 12 10 1 1 100 11 1 1 12 9 1 12 9 1 12 10 1 12 9 1 12 9 1 12 10 1 1 12 10 1 12 9 10 1 1 12 10 10 1 1 12 10 12 10 10 1 12 10 12 9 1 1 12 10 1 12 10 1 1 1 12 10 1 12 10 1 8 1 10 1 1 1 8 1 1 12 10 15 16 18 1 8 1 8 1 1 12 10 1 12 9 1 12 9 12 10 1 7 1 7 12 10 12 9 10 1 1 1 12 10 10 12 9 1 8 12 10 1 12 10 1 1 12 10 1 100 1 1 12 9 1 100 1 8 10 1 7 4 10 12 10 1 1 12 11 1 1 12 10 1 100 1 1 12 10 10 1 8 1 8 1 1 1 1 1 1 1 12 10 1 12 9 12 11 1 7 1 1 12 11 1 1 1 1 12 9 1 100 1 1 12 10 1 1 1 7 1 12 10 1 1 1 1 12 10 1 12 9 9 1 1 12 10 1 1 12 10 12 10 12 10 1 1 12 10 1 12 11 1 12 11 1 7 1 1 12 10 1 12 10 1 7 1 12 11 1 7 1 1 12 10 1 12 10 10 1 12 11 1 1 12 11 1 12 10 1 1 1 12 10 1 1 12 9 1 1 1 1 1 100 1 12 9 12 10 1 100 1 1 12 10 1 1 1 1 12 10 1 1 12 10 1 12 10 1 1 12 10 1 1 7 1 1 12 10 1 12 10 1 8 12 10 1 12 10 1 12 10 1 1 1 1 1 100 1 12 10 1 100 1 1 12 11 1 1 12 10 1 1 12 10 16 1 12 10 15 16 1 1 12 18 1 1 12 11 1 12 10 15 18 1 12 11 1 16 1 1 12 10 15 16 1 12 18 1 12 11 12 10 1 12 10 1 12 10 12 10 1 8 1 12 10 1 7 12 9 1 1 1 1 1 1 1 1 1 1
staticfield java/lang/Class EMPTY_CLASS_ARRAY [Ljava/lang/Class; 0 [Ljava/lang/Class;
staticfield java/lang/Class serialPersistentFields [Ljava/io/ObjectStreamField; 0 [Ljava/io/ObjectStreamField;
ciInstanceKlass java/lang/Cloneable 1 0 5 1 100 1 100
instanceKlass org/gradle/internal/classloader/CachingClassLoader
instanceKlass org/gradle/internal/classloader/MultiParentClassLoader
instanceKlass org/gradle/internal/classloader/FilteringClassLoader$RetrieveSystemPackagesClassLoader
instanceKlass org/gradle/internal/classloader/FilteringClassLoader
instanceKlass org/gradle/internal/classloader/FilteringClassLoader$RetrieveSystemPackagesClassLoader
instanceKlass org/gradle/internal/classloader/FilteringClassLoader
instanceKlass com/google/inject/internal/BytecodeGen$BridgeClassLoader
instanceKlass org/eclipse/sisu/space/CloningClassSpace$CloningClassLoader
instanceKlass lombok/launch/ShadowClassLoader
instanceKlass org/eclipse/osgi/internal/loader/ModuleClassLoader
instanceKlass org/eclipse/osgi/internal/framework/ContextFinder
instanceKlass org/eclipse/osgi/internal/framework/EquinoxContainer$1
instanceKlass lombok/launch/ShadowClassLoader
instanceKlass jdk/internal/reflect/DelegatingClassLoader
instanceKlass java/security/SecureClassLoader
ciInstanceKlass java/lang/ClassLoader 1 1 978 1 7 1 7 1 7 1 100 1 1 100 1 100 1 1 1 1 1 1 1 1 1 1 1 1 1 1 1 1 1 1 1 1 1 1 1 1 1 1 1 1 1 1 1 1 1 1 1 1 1 1 1 1 1 12 9 1 7 1 1 12 10 1 7 1 100 1 1 12 9 1 7 1 1 12 10 1 7 1 1 12 10 1 1 12 10 12 9 1 1 12 10 1 100 12 10 1 1 1 12 10 1 7 1 1 12 10 1 100 1 8 1 12 10 1 7 1 1 12 10 1 100 12 10 1 10 10 1 7 1 7 7 1 12 10 1 12 10 12 9 10 1 7 1 1 12 10 12 9 12 9 12 9 12 9 12 9 12 9 1 7 1 12 10 12 9 1 1 12 10 1 1 12 10 12 9 12 9 1 100 12 9 1 12 10 12 9 1 1 12 10 1 7 10 1 8 1 1 12 10 1 12 10 10 1 7 1 1 12 10 1 7 1 1 12 10 1 8 1 12 10 12 10 1 1 12 10 1 1 1 1 7 1 12 10 1 1 1 12 10 1 12 10 1 1 12 10 1 12 10 1 12 10 1 7 1 1 12 10 1 1 12 10 1 12 10 1 12 10 1 12 10 1 12 10 1 12 10 1 1 10 1 12 10 1 12 10 1 1 1 1 100 1 12 10 1 1 12 10 1 100 12 10 1 12 10 1 12 10 1 100 1 12 10 1 100 1 1 12 10 10 1 1 1 1 1 7 1 1 1 1 12 10 1 1 1 1 1 1 12 10 1 100 1 8 10 1 8 1 12 10 1 12 10 1 100 1 8 1 1 12 10 1 1 12 10 10 1 1 12 10 1 1 12 10 1 1 1 1 12 10 1 7 10 1 12 10 1 1 12 10 1 1 12 10 1 12 10 12 10 1 1 12 10 12 10 1 1 1 7 1 1 12 10 1 12 10 1 12 10 1 1 12 10 1 12 10 1 12 10 1 12 10 1 1 12 10 1 1 1 1 1 1 12 10 1 1 12 10 1 8 12 9 1 1 12 10 1 8 1 8 1 7 1 12 10 1 100 10 1 12 10 1 12 10 1 12 10 1 1 12 10 1 1 1 7 1 12 10 1 1 7 1 12 10 12 10 1 7 10 1 1 1 1 7 12 10 1 100 1 12 10 10 1 7 1 12 10 1 1 1 1 16 1 1 12 10 15 1 16 1 7 1 1 12 10 15 1 12 18 1 100 1 1 12 10 1 7 1 1 12 10 1 1 1 7 1 12 10 1 1 12 10 1 12 10 1 1 1 1 1 1 1 12 10 1 100 1 12 10 1 1 1 12 10 1 1 1 7 1 12 10 1 12 10 1 8 1 100 10 1 12 10 12 9 1 7 1 12 10 1 12 10 1 1 100 1 100 1 8 1 12 10 10 1 8 1 8 1 1 12 10 1 1 12 10 1 1 12 10 1 100 1 1 12 10 1 100 1 1 12 10 1 100 1 100 1 12 10 1 12 10 1 1 1 1 12 10 1 1 1 1 12 10 1 12 10 12 10 1 100 1 1 12 9 1 1 12 10 1 1 1 1 12 10 1 12 10 1 12 10 1 12 10 1 8 1 12 10 1 7 16 1 1 12 10 15 1 16 1 1 12 18 1 1 12 10 1 1 12 10 1 12 10 1 1 12 10 1 1 1 8 1 12 10 1 1 1 12 10 1 16 1 1 12 10 15 16 1 12 18 1 7 1 1 12 11 1 7 1 1 12 10 12 10 10 1 1 1 12 11 10 1 12 10 15 18 1 1 1 12 10 1 7 12 11 16 1 1 12 10 15 16 1 12 18 1 1 12 11 1 1 1 1 12 10 1 1 12 10 12 10 1 100 1 7 1 8 10 1 1 12 10 1 8 1 8 1 7 1 12 10 12 10 1 100 10 1 12 10 1 8 1 8 1 8 1 12 10 1 1 1 1 12 10 1 1 1 12 10 1 1 1 100 1 1 12 10 1 100 1 12 11 1 1 1 100 10 1 11 1 12 10 1 12 10 1 1 12 10 1 100 1 12 9 1 1 12 9 12 9 1 12 9 1 12 9 1 1 1 12 9 8 1 1 12 10 1 7 1 1 12 10 1 1 12 10 1 1 12 10 1 1 12 10 10 12 10 1 1 12 11 1 100 1 1 12 10 1 100 1 12 10 1 12 10 12 10 1 1 1 1 1 1 1 1 1
staticfield java/lang/ClassLoader nocerts [Ljava/security/cert/Certificate; 0 [Ljava/security/cert/Certificate;
staticfield java/lang/ClassLoader $assertionsDisabled Z 1
ciInstanceKlass java/lang/System 1 1 733 1 7 1 100 1 100 1 100 1 100 1 100 1 7 1 100 1 1 1 1 7 1 7 1 1 1 100 1 100 1 1 1 1 1 1 1 1 3 1 3 1 1 1 1 1 1 1 1 1 1 1 1 1 1 1 1 12 10 1 12 9 1 1 1 12 10 1 12 10 1 1 1 12 10 1 1 12 10 1 1 12 9 1 7 1 1 12 10 1 100 12 11 1 100 1 100 1 1 1 100 1 100 1 1 12 10 12 10 1 1 12 10 1 100 1 8 1 12 10 1 100 1 1 12 10 1 1 1 1 7 1 1 12 10 1 16 1 7 1 1 12 10 15 16 1 100 1 1 12 10 15 1 1 12 18 1 100 1 1 12 10 1 100 1 1 12 10 1 100 1 1 12 10 1 100 1 100 1 1 1 1 1 1 1 12 10 1 7 1 1 12 10 1 1 12 9 1 100 1 1 12 10 1 1 12 11 12 10 1 1 12 10 1 100 10 1 1 12 10 1 8 1 12 10 1 8 1 12 10 1 7 12 9 1 8 1 7 1 1 12 10 1 12 10 1 100 1 8 10 1 100 12 9 1 8 1 1 12 10 1 100 1 1 12 10 1 8 1 12 10 1 12 10 8 1 12 10 1 1 12 10 12 10 1 1 1 1 1 1 1 1 1 1 1 12 10 12 9 12 9 1 1 1 7 1 1 12 10 1 7 1 1 12 10 1 1 12 10 1 1 1 12 10 1 12 10 1 7 12 10 1 12 10 1 1 100 1 8 1 12 10 1 12 10 1 1 12 10 1 100 1 8 10 1 12 10 1 100 1 8 10 1 1 8 1 7 12 10 1 1 8 12 10 1 1 1 100 1 8 10 1 1 12 10 1 7 1 12 10 1 1 100 1 1 12 10 15 1 16 1 12 18 1 100 1 1 12 9 1 12 10 1 1 12 10 1 1 12 10 1 1 1 7 1 1 12 10 12 10 1 12 10 1 12 10 1 1 1 12 10 1 1 12 10 1 1 1 1 100 1 7 1 12 10 1 12 10 1 12 10 1 1 1 7 1 1 12 10 1 100 1 8 10 12 9 12 9 1 12 10 1 12 10 1 12 10 1 1 12 10 1 100 1 8 1 1 12 10 1 8 1 1 12 11 12 10 1 1 12 11 1 7 1 1 12 11 1 7 1 12 11 1 12 11 1 12 11 1 12 10 1 8 1 1 12 10 1 8 1 8 1 8 1 8 1 12 11 1 12 10 1 1 12 10 1 12 10 1 7 1 12 10 1 8 1 7 1 7 1 12 9 1 12 10 1 7 12 9 10 12 9 1 7 12 10 1 8 12 10 1 8 1 7 1 12 10 1 12 10 1 7 1 1 12 10 1 1 12 10 1 7 1 1 12 10 12 10 1 1 1 100 1 7 1 1 12 10 12 9 1 8 12 10 1 1 7 1 1 12 10 1 7 1 1 12 10 1 8 10 1 8 1 8 1 8 1 8 10 1 7 1 12 10 1 1 12 10 1 1 12 10 1 1 12 10 1 12 10 1 100 1 1 12 10 1 100 10 1 8 10 10 1 1 12 10 1 1 12 10 1 8 1 12 10 1 8 1 12 10 1 1 12 10 10 1 12 10 1 12 10 12 9 1 1 1 1 1 1 1 1 1 1
staticfield java/lang/System in Ljava/io/InputStream; java/io/ByteArrayInputStream
staticfield java/lang/System out Ljava/io/PrintStream; java/io/PrintStream
staticfield java/lang/System err Ljava/io/PrintStream; java/io/PrintStream
instanceKlass org/apache/maven/artifact/repository/metadata/RepositoryMetadataDeploymentException
instanceKlass org/apache/maven/artifact/repository/metadata/RepositoryMetadataInstallationException
instanceKlass java/lang/Exception
instanceKlass java/lang/Error
ciInstanceKlass java/lang/Throwable 1 1 353 1 7 1 7 1 100 1 100 1 100 1 100 1 100 1 1 1 1 1 1 5 0 1 1 1 1 1 1 1 1 1 1 1 1 1 1 1 1 1 8 1 1 8 1 1 8 1 1 8 1 1 1 1 1 1 12 10 12 9 12 9 12 9 12 9 12 9 1 1 12 10 1 12 9 1 1 1 1 12 10 1 100 1 1 1 12 10 1 1 1 1 100 1 7 10 1 8 1 1 12 10 1 8 1 100 1 12 10 10 12 10 1 100 1 8 10 1 1 1 12 10 1 7 1 12 10 12 10 1 8 1 1 100 1 1 12 9 1 12 10 12 10 1 12 10 1 100 10 1 7 1 1 12 10 1 100 1 1 12 11 1 1 12 10 1 1 12 10 1 1 12 10 7 1 8 1 12 10 1 1 12 10 100 1 8 1 1 12 10 12 10 1 8 1 12 9 1 100 1 12 10 1 100 10 1 12 11 1 8 1 8 1 7 1 12 10 1 8 1 12 10 1 8 1 12 10 12 9 1 12 10 1 1 12 10 12 9 1 1 12 10 1 1 1 100 1 8 12 10 1 1 1 100 1 100 1 100 1 12 10 1 1 12 10 1 100 1 100 1 1 12 10 1 12 10 1 100 1 1 12 11 1 100 1 1 12 11 1 12 11 1 1 12 10 10 10 1 1 12 9 1 8 1 1 1 12 10 10 1 100 1 8 10 1 1 12 11 1 8 1 1 1 12 9 1 100 1 12 10 1 11 12 9 1 1 12 11 1 1 12 10 1 1 12 10 1 1 1 1 1 1 1
staticfield java/lang/Throwable UNASSIGNED_STACK [Ljava/lang/StackTraceElement; 0 [Ljava/lang/StackTraceElement;
staticfield java/lang/Throwable SUPPRESSED_SENTINEL Ljava/util/List; java/util/Collections$EmptyList
staticfield java/lang/Throwable EMPTY_THROWABLE_ARRAY [Ljava/lang/Throwable; 0 [Ljava/lang/Throwable;
staticfield java/lang/Throwable $assertionsDisabled Z 1
instanceKlass com/google/common/util/concurrent/ExecutionError
instanceKlass javax/xml/parsers/FactoryConfigurationError
instanceKlass java/util/ServiceConfigurationError
instanceKlass com/google/common/util/concurrent/ExecutionError
instanceKlass java/lang/AssertionError
instanceKlass java/lang/VirtualMachineError
instanceKlass java/lang/LinkageError
instanceKlass java/lang/ThreadDeath
ciInstanceKlass java/lang/Error 1 1 27 1 100 1 7 1 1 5 0 1 1 12 10 1 12 10 1 12 10 1 12 10 1 12 10 1 1
ciInstanceKlass java/lang/ThreadDeath 0 0 15 1 100 1 100 1 1 5 0 1 1 12 10 1 1
instanceKlass org/apache/commons/codec/EncoderException
instanceKlass org/apache/commons/codec/DecoderException
instanceKlass org/apache/maven/model/resolution/InvalidRepositoryException
instanceKlass org/apache/maven/model/resolution/UnresolvableModelException
instanceKlass org/apache/maven/toolchain/building/ToolchainsBuildingException
instanceKlass org/apache/maven/configuration/BeanConfigurationException
instanceKlass org/apache/maven/repository/legacy/resolver/conflict/ConflictResolverNotFoundException
instanceKlass sun/security/pkcs11/wrapper/PKCS11Exception
instanceKlass org/apache/maven/project/DependencyResolutionException
instanceKlass org/apache/maven/model/building/ModelBuildingException
instanceKlass org/apache/maven/plugin/version/PluginVersionNotFoundException
instanceKlass org/apache/maven/plugin/InvalidPluginException
instanceKlass org/apache/maven/repository/metadata/MetadataGraphTransformationException
instanceKlass org/apache/maven/artifact/repository/metadata/RepositoryMetadataReadException
instanceKlass org/apache/maven/artifact/repository/metadata/RepositoryMetadataStoreException
instanceKlass org/sonatype/plexus/components/sec/dispatcher/SecDispatcherException
instanceKlass org/sonatype/plexus/components/cipher/PlexusCipherException
instanceKlass org/apache/maven/repository/ArtifactDoesNotExistException
instanceKlass org/apache/maven/repository/ArtifactTransferFailedException
instanceKlass org/apache/maven/lifecycle/internal/builder/BuilderNotFoundException
instanceKlass org/apache/maven/lifecycle/NoGoalSpecifiedException
instanceKlass org/apache/maven/lifecycle/LifecycleNotFoundException
instanceKlass org/apache/maven/lifecycle/LifecyclePhaseNotFoundException
instanceKlass org/apache/maven/repository/metadata/GraphConflictResolutionException
instanceKlass org/apache/maven/repository/metadata/MetadataResolutionException
instanceKlass org/codehaus/plexus/component/composition/CycleDetectedInComponentGraphException
instanceKlass org/codehaus/plexus/configuration/PlexusConfigurationException
instanceKlass org/apache/maven/BuildFailureException
instanceKlass org/apache/maven/MavenExecutionException
instanceKlass org/apache/maven/toolchain/MisconfiguredToolchainException
instanceKlass org/codehaus/plexus/personality/plexus/lifecycle/phase/InitializationException
instanceKlass org/codehaus/plexus/interpolation/InterpolationException
instanceKlass org/apache/maven/project/interpolation/ModelInterpolationException
instanceKlass org/apache/maven/repository/legacy/metadata/ArtifactMetadataRetrievalException
instanceKlass org/apache/maven/artifact/versioning/InvalidVersionSpecificationException
instanceKlass sun/security/ec/ECOperations$IntermediateValueException
instanceKlass org/apache/maven/lifecycle/MissingProjectException
instanceKlass org/apache/maven/lifecycle/LifecycleExecutionException
instanceKlass org/codehaus/plexus/component/repository/exception/ComponentLifecycleException
instanceKlass org/apache/maven/wagon/WagonException
instanceKlass org/apache/maven/artifact/installer/ArtifactInstallationException
instanceKlass org/apache/maven/artifact/deployer/ArtifactDeploymentException
instanceKlass org/apache/maven/artifact/repository/metadata/RepositoryMetadataResolutionException
instanceKlass org/apache/maven/plugin/prefix/NoPluginFoundForPrefixException
instanceKlass org/apache/maven/plugin/AbstractMojoExecutionException
instanceKlass org/eclipse/equinox/security/storage/StorageException
instanceKlass java/util/concurrent/TimeoutException
instanceKlass javax/xml/transform/TransformerException
instanceKlass org/eclipse/jface/text/templates/TemplateException
instanceKlass com/google/inject/internal/ErrorsException
instanceKlass com/google/inject/internal/InternalProvisionException
instanceKlass org/codehaus/plexus/context/ContextException
instanceKlass sun/nio/fs/WindowsException
instanceKlass org/eclipse/jface/text/BadLocationException
instanceKlass org/eclipse/jdt/core/compiler/InvalidInputException
instanceKlass org/eclipse/jdt/internal/compiler/classfmt/ClassFormatException
instanceKlass java/text/ParseException
instanceKlass org/codehaus/plexus/component/configurator/expression/ExpressionEvaluationException
instanceKlass org/codehaus/plexus/util/xml/pull/XmlPullParserException
instanceKlass org/codehaus/plexus/PlexusContainerException
instanceKlass org/apache/maven/cli/internal/ExtensionResolutionException
instanceKlass org/codehaus/plexus/classworlds/ClassWorldException
instanceKlass org/apache/maven/plugin/version/PluginVersionResolutionException
instanceKlass org/codehaus/plexus/component/configurator/ComponentConfigurationException
instanceKlass org/apache/maven/plugin/InvalidPluginDescriptorException
instanceKlass org/apache/maven/plugin/MojoNotFoundException
instanceKlass org/apache/maven/plugin/PluginDescriptorParsingException
instanceKlass org/apache/maven/artifact/resolver/AbstractArtifactResolutionException
instanceKlass org/eclipse/aether/RepositoryException
instanceKlass org/apache/maven/execution/MavenExecutionRequestPopulationException
instanceKlass org/apache/maven/plugin/PluginResolutionException
instanceKlass org/apache/maven/plugin/PluginConfigurationException
instanceKlass org/apache/maven/plugin/PluginManagerException
instanceKlass org/apache/maven/project/DuplicateProjectException
instanceKlass org/codehaus/plexus/util/dag/CycleDetectedException
instanceKlass org/apache/maven/settings/building/SettingsBuildingException
instanceKlass org/apache/maven/project/ProjectBuildingException
instanceKlass org/apache/maven/artifact/InvalidRepositoryException
instanceKlass org/codehaus/plexus/component/repository/exception/ComponentLookupException
instanceKlass ch/qos/logback/core/util/DynamicClassLoadingException
instanceKlass ch/qos/logback/core/util/IncompatibleClassException
instanceKlass ch/qos/logback/core/spi/ScanException
instanceKlass ch/qos/logback/core/joran/spi/JoranException
instanceKlass java/util/concurrent/ExecutionException
instanceKlass java/net/URISyntaxException
instanceKlass org/osgi/service/application/ApplicationException
instanceKlass java/lang/CloneNotSupportedException
instanceKlass javax/xml/parsers/ParserConfigurationException
instanceKlass org/eclipse/core/runtime/CoreException
instanceKlass org/osgi/service/prefs/BackingStoreException
instanceKlass org/apache/felix/scr/impl/inject/methods/SuitableMethodNotAccessibleException
instanceKlass org/xml/sax/SAXException
instanceKlass org/osgi/service/resolver/ResolutionException
instanceKlass org/eclipse/osgi/container/ModuleContainer$ResolutionLockException
instanceKlass java/security/PrivilegedActionException
instanceKlass org/osgi/framework/InvalidSyntaxException
instanceKlass java/lang/InterruptedException
instanceKlass org/osgi/framework/BundleException
instanceKlass java/security/GeneralSecurityException
instanceKlass java/lang/instrument/UnmodifiableClassException
instanceKlass java/io/IOException
instanceKlass java/lang/ReflectiveOperationException
instanceKlass java/lang/RuntimeException
ciInstanceKlass java/lang/Exception 1 1 27 1 100 1 7 1 1 5 0 1 1 12 10 1 12 10 1 12 10 1 12 10 1 12 10 1 1
instanceKlass org/eclipse/jdt/internal/core/builder/AbortIncrementalBuildException
instanceKlass org/eclipse/jdt/internal/compiler/problem/ShouldNotImplement
instanceKlass org/gradle/internal/remote/internal/MessageIOException
instanceKlass com/esotericsoftware/kryo/KryoException
instanceKlass org/gradle/cache/InsufficientLockModeException
instanceKlass org/gradle/cache/LockTimeoutException
instanceKlass org/gradle/cache/internal/locklistener/GracefullyStoppedException
instanceKlass org/gradle/tooling/internal/protocol/exceptions/InternalUnsupportedBuildArgumentException
instanceKlass org/gradle/cli/CommandLineArgumentException
instanceKlass org/gradle/tooling/internal/protocol/BuildExceptionVersion1
instanceKlass org/gradle/launcher/daemon/client/DaemonConnectionException
instanceKlass org/gradle/internal/remote/internal/ConnectException
instanceKlass org/gradle/cache/FileIntegrityViolationException
instanceKlass org/gradle/util/internal/GFileUtils$TailReadingException
instanceKlass org/gradle/api/internal/provider/AbstractProperty$PropertyQueryException
instanceKlass org/gradle/internal/jvm/JavaHomeException
instanceKlass org/gradle/internal/file/FileException
instanceKlass com/google/common/cache/CacheLoader$InvalidCacheLoadException
instanceKlass com/google/common/util/concurrent/UncheckedExecutionException
instanceKlass org/gradle/internal/typeconversion/TypeConversionException
instanceKlass kotlin/UninitializedPropertyAccessException
instanceKlass org/gradle/api/reflect/ObjectInstantiationException
instanceKlass org/gradle/api/internal/classpath/UnknownModuleException
instanceKlass org/gradle/internal/nativeintegration/NativeIntegrationException
instanceKlass org/gradle/internal/reflect/NoSuchMethodException
instanceKlass net/rubygrapefruit/platform/NativeException
instanceKlass org/gradle/internal/service/ServiceLookupException
instanceKlass org/gradle/internal/jvm/UnsupportedJavaRuntimeException
instanceKlass org/gradle/tooling/internal/protocol/InternalUnsupportedModelException
instanceKlass org/gradle/tooling/internal/protocol/InternalBuildCancelledException
instanceKlass org/gradle/tooling/internal/protocol/InternalBuildActionFailureException
instanceKlass org/gradle/api/UncheckedIOException
instanceKlass org/gradle/internal/operations/BuildOperationInvocationException
instanceKlass org/gradle/internal/UncheckedException
instanceKlass org/gradle/api/GradleException
instanceKlass org/gradle/tooling/GradleConnectionException
instanceKlass org/gradle/api/reflect/ObjectInstantiationException
instanceKlass org/gradle/internal/operations/BuildOperationInvocationException
instanceKlass org/gradle/internal/UncheckedException
instanceKlass org/gradle/tooling/GradleConnectionException
instanceKlass org/eclipse/buildship/core/internal/ImportRootProjectException
instanceKlass com/google/inject/OutOfScopeException
instanceKlass org/apache/maven/artifact/InvalidArtifactRTException
instanceKlass org/eclipse/lsp4j/jsonrpc/JsonRpcException
instanceKlass java/security/ProviderException
instanceKlass java/nio/file/ProviderNotFoundException
instanceKlass java/nio/file/FileSystemAlreadyExistsException
instanceKlass java/nio/file/FileSystemNotFoundException
instanceKlass org/eclipse/jdt/internal/compiler/util/RuntimeIOException
instanceKlass com/google/gson/JsonParseException
instanceKlass org/eclipse/lsp4j/jsonrpc/MessageIssueException
instanceKlass org/gradle/api/UncheckedIOException
instanceKlass org/gradle/internal/reflect/NoSuchMethodException
instanceKlass org/gradle/api/GradleException
instanceKlass org/gradle/internal/service/ServiceLookupException
instanceKlass org/eclipse/buildship/core/internal/GradlePluginsRuntimeException
instanceKlass org/eclipse/lsp4j/jsonrpc/ResponseErrorException
instanceKlass java/io/UncheckedIOException
instanceKlass com/sun/jna/LastErrorException
instanceKlass java/lang/annotation/IncompleteAnnotationException
instanceKlass java/lang/reflect/UndeclaredThrowableException
instanceKlass com/google/common/cache/CacheLoader$InvalidCacheLoadException
instanceKlass com/google/common/util/concurrent/UncheckedExecutionException
instanceKlass com/google/inject/CreationException
instanceKlass com/google/inject/ConfigurationException
instanceKlass com/google/inject/ProvisionException
instanceKlass org/eclipse/text/edits/MalformedTreeException
instanceKlass org/w3c/dom/DOMException
instanceKlass org/eclipse/jdt/internal/codeassist/select/SelectionNodeFound
instanceKlass org/eclipse/jdt/internal/core/DeltaProcessor$1FoundRelevantDeltaException
instanceKlass org/eclipse/jdt/internal/codeassist/complete/InvalidCursorLocation
instanceKlass org/eclipse/jdt/internal/codeassist/complete/CompletionNodeFound
instanceKlass org/eclipse/jdt/internal/compiler/problem/AbortCompilation
instanceKlass org/eclipse/jdt/internal/compiler/lookup/SourceTypeCollisionException
instanceKlass org/eclipse/jdt/internal/core/builder/MissingSourceFileException
instanceKlass org/eclipse/jdt/internal/core/builder/ImageBuilderInternalException
instanceKlass java/lang/NegativeArraySizeException
instanceKlass org/eclipse/jdt/internal/core/ClasspathEntry$AssertionFailedException
instanceKlass ch/qos/logback/core/LogbackException
instanceKlass org/eclipse/core/internal/localstore/IsSynchronizedVisitor$ResourceChangedException
instanceKlass org/eclipse/core/internal/dtree/ObjectNotFoundException
instanceKlass org/eclipse/core/internal/utils/WrappedRuntimeException
instanceKlass org/eclipse/core/runtime/OperationCanceledException
instanceKlass org/eclipse/equinox/internal/provisional/frameworkadmin/FrameworkAdminRuntimeException
instanceKlass org/osgi/util/promise/FailedPromisesException
instanceKlass java/lang/IllegalCallerException
instanceKlass org/eclipse/core/runtime/InvalidRegistryObjectException
instanceKlass java/util/concurrent/RejectedExecutionException
instanceKlass org/eclipse/core/runtime/AssertionFailedException
instanceKlass java/util/MissingResourceException
instanceKlass org/osgi/service/component/ComponentException
instanceKlass org/osgi/framework/hooks/weaving/WeavingException
instanceKlass java/util/ConcurrentModificationException
instanceKlass org/osgi/framework/ServiceException
instanceKlass java/lang/TypeNotPresentException
instanceKlass org/eclipse/osgi/framework/util/ThreadInfoReport
instanceKlass org/eclipse/osgi/storage/Storage$StorageException
instanceKlass java/util/NoSuchElementException
instanceKlass java/lang/SecurityException
instanceKlass java/lang/IndexOutOfBoundsException
instanceKlass java/lang/IllegalStateException
instanceKlass java/lang/UnsupportedOperationException
instanceKlass java/lang/IllegalArgumentException
instanceKlass java/lang/ArithmeticException
instanceKlass java/lang/NullPointerException
instanceKlass java/lang/IllegalMonitorStateException
instanceKlass java/lang/ArrayStoreException
instanceKlass java/lang/ClassCastException
ciInstanceKlass java/lang/RuntimeException 1 1 27 1 100 1 7 1 1 5 0 1 1 12 10 1 12 10 1 12 10 1 12 10 1 12 10 1 1
instanceKlass javax/crypto/JceSecurityManager
instanceKlass org/eclipse/osgi/internal/permadmin/EquinoxSecurityManager
instanceKlass org/eclipse/osgi/internal/loader/BundleLoader$ClassContext
instanceKlass org/eclipse/osgi/internal/framework/ContextFinder$Finder
instanceKlass org/eclipse/osgi/internal/url/MultiplexingFactory$InternalSecurityManager
ciInstanceKlass java/lang/SecurityManager 1 1 521 1 7 1 7 1 1 1 1 3 1 100 1 100 1 7 1 7 1 1 7 1 1 100 1 100 1 1 1 1 1 1 1 1 1 1 1 1 1 1 1 1 1 1 12 10 12 9 1 7 1 1 12 10 1 100 1 8 1 12 10 1 1 12 10 1 100 1 1 1 1 1 1 100 1 1 12 10 10 1 1 100 10 1 100 10 1 1 100 1 1 12 9 1 1 1 7 1 1 12 10 1 12 10 1 7 1 12 10 1 1 1 100 1 8 10 12 9 1 12 9 1 1 8 1 12 9 1 1 1 100 10 1 8 1 1 12 10 1 12 10 1 1 12 10 1 1 100 10 1 1 12 10 1 100 1 8 1 12 10 1 8 1 1 8 1 8 1 1 1 8 1 8 1 8 1 12 10 1 1 8 1 8 1 1 8 1 1 1 8 1 8 1 100 1 1 12 10 1 1 12 10 1 8 1 100 1 8 10 1 8 1 8 1 1 1 8 1 8 1 1 8 1 1 1 100 1 12 10 1 8 1 1 1 1 100 1 8 1 8 10 1 1 1 8 1 1 1 12 10 1 100 1 8 10 1 1 12 10 100 1 12 10 1 12 10 1 12 10 1 1 1 7 1 1 12 10 1 12 10 1 7 1 12 10 1 7 1 1 12 11 1 16 1 7 1 1 12 10 15 1 16 1 7 1 1 12 10 15 1 1 12 18 1 7 1 1 12 11 1 16 1 1 12 10 15 1 16 1 1 12 18 1 1 12 11 1 12 10 15 16 18 1 7 11 15 1 16 18 1 12 11 1 16 1 12 10 15 16 1 12 18 1 1 12 11 1 12 9 12 9 12 9 12 9 1 1 7 1 12 10 1 12 10 1 12 10 1 1 12 10 15 16 1 12 18 1 12 10 15 1 16 18 1 7 1 12 10 1 12 11 15 1 12 18 1 12 10 1 1 12 10 15 16 18 10 15 1 16 18 1 1 8 1 12 10 12 9 1 7 1 12 11 1 8 1 12 10 1 1 12 10 12 10 12 9 1 12 10 1 1 12 10 1 1 8 10 12 9 1 8 1 12 10 1 1 8 1 1 100 10 1 12 10 10 1 7 1 1 12 9 1 1 12 11 1 12 10 1 12 11 1 12 10 1 7 10 1 1 12 10 12 10 1 1 1 1 1 1 1 1
staticfield java/lang/SecurityManager packageAccessLock Ljava/lang/Object; java/lang/Object
staticfield java/lang/SecurityManager packageDefinitionLock Ljava/lang/Object; java/lang/Object
staticfield java/lang/SecurityManager nonExportedPkgs Ljava/util/Map; java/util/concurrent/ConcurrentHashMap
instanceKlass org/eclipse/osgi/internal/loader/ModuleClassLoader$GenerationProtectionDomain
ciInstanceKlass java/security/ProtectionDomain 1 1 283 1 7 1 7 1 7 1 100 1 7 1 100 1 100 1 1 1 1 1 1 1 1 1 1 1 1 1 1 1 1 1 1 1 1 12 10 12 9 10 12 9 12 9 12 9 1 7 1 12 10 1 7 1 12 9 1 100 12 9 1 7 12 9 12 9 1 1 100 100 1 1 12 10 1 1 1 1 1 1 1 1 1 1 1 1 1 100 1 1 12 10 1 12 10 12 10 1 12 9 1 100 1 12 9 1 1 12 10 10 1 100 1 100 1 1 12 10 1 1 1 8 1 100 1 8 1 12 10 1 7 10 1 100 1 12 10 1 1 12 10 1 8 11 1 8 12 10 1 8 1 8 1 12 10 1 12 10 1 12 10 12 10 1 8 1 12 10 1 8 1 8 1 100 1 100 1 1 12 10 1 100 1 1 12 9 12 10 1 100 1 1 12 9 1 1 12 10 1 12 10 1 100 1 1 12 10 10 1 100 1 12 10 1 1 12 10 1 100 1 100 1 12 11 1 12 11 1 1 12 11 1 100 1 12 10 10 1 1 12 11 1 1 12 11 1 12 10 1 12 10 1 100 1 12 10 1 12 11 12 10 1 1 8 1 8 1 7 1 1 12 10 10 1 7 1 1 12 10 1 1 1 1
staticfield java/security/ProtectionDomain filePermCompatInPD Z 0
ciInstanceKlass java/security/AccessControlContext 1 1 318 1 7 1 7 1 1 1 1 3 1 100 1 1 1 1 1 1 1 1 1 1 1 1 1 1 1 1 1 1 1 1 12 9 12 9 1 7 1 1 12 10 1 8 1 100 1 1 12 10 1 1 1 12 10 12 9 12 9 12 9 7 1 1 12 10 1 100 1 12 10 1 100 1 1 12 11 1 12 11 1 12 11 1 1 12 11 1 7 1 1 12 11 1 1 12 10 1 7 1 1 12 10 1 100 1 1 12 9 1 100 1 1 12 10 1 100 1 100 1 1 12 11 10 1 7 1 100 1 8 1 12 10 1 1 12 10 1 7 1 7 1 1 12 10 12 9 12 9 12 9 12 9 12 9 12 9 1 12 9 1 1 1 1 1 1 7 1 1 12 10 1 1 12 9 1 12 10 1 100 12 10 1 8 1 1 12 10 1 1 12 10 1 100 1 1 12 10 1 100 10 1 1 12 10 1 100 1 1 12 10 10 1 8 1 100 1 12 10 1 8 1 100 1 12 10 1 8 1 8 1 12 10 1 8 1 12 10 1 8 1 12 10 1 12 10 1 1 12 10 1 8 1 8 1 12 10 1 1 12 10 1 12 10 1 8 1 12 10 1 12 10 10 1 1 8 1 1 12 10 1 1 12 10 1 1 12 10 1 1 12 10 1 12 10 1 12 10 1 12 10 1 1 12 10 10 10 1 12 10 1 1 1 1 1 1 1 1
ciInstanceKlass java/security/AccessController 1 1 258 1 7 1 100 1 1 1 1 3 1 100 1 1 1 1 1 12 10 1 1 1 1 1 7 1 1 12 10 1 1 12 10 1 1 1 12 10 12 10 1 7 1 1 12 10 1 1 12 10 1 12 10 1 1 1 12 10 1 1 1 12 10 1 100 1 8 1 12 10 1 7 1 12 10 1 100 1 1 12 10 1 1 1 7 1 7 1 7 1 12 10 1 7 1 1 12 10 12 10 1 12 10 1 1 1 1 12 10 1 7 1 1 12 10 1 1 12 10 1 100 1 1 12 9 1 100 1 1 12 10 1 12 10 1 12 10 1 1 12 9 1 1 1 1 1 1 1 12 10 1 1 12 10 12 9 10 1 100 10 1 7 1 1 12 11 1 7 1 12 10 1 11 1 1 12 10 1 1 1 1 12 10 1 12 10 1 1 1 100 1 8 1 1 12 10 1 8 1 100 1 1 12 10 1 8 1 100 10 1 1 12 10 1 12 10 1 1 12 10 1 12 10 1 100 1 8 1 100 1 12 10 1 8 1 8 1 12 10 1 8 1 12 10 12 10 1 1 12 10 1 1 1 1 1 1 1 1
staticfield java/security/AccessController $assertionsDisabled Z 1
instanceKlass java/net/URLClassLoader
instanceKlass jdk/internal/loader/BuiltinClassLoader
ciInstanceKlass java/security/SecureClassLoader 1 1 81 1 7 1 7 1 7 1 100 1 7 1 1 1 1 1 1 1 12 10 1 7 1 12 10 12 9 1 12 10 1 12 10 1 1 1 1 1 12 10 1 12 10 1 1 1 12 10 1 1 1 7 10 1 12 10 1 12 10 1 7 1 1 12 11 1 7 1 1 12 11 1 1 1 12 10 1 1 1 1 1
instanceKlass java/lang/InstantiationException
instanceKlass java/lang/IllegalAccessException
instanceKlass java/lang/reflect/InvocationTargetException
instanceKlass java/lang/NoSuchFieldException
instanceKlass java/lang/NoSuchMethodException
instanceKlass java/lang/ClassNotFoundException
ciInstanceKlass java/lang/ReflectiveOperationException 1 1 24 1 100 1 7 1 1 5 0 1 1 12 10 1 12 10 1 12 10 1 12 10 1 1
ciInstanceKlass java/lang/ClassNotFoundException 1 1 80 1 7 1 7 1 100 1 100 1 1 100 1 100 1 1 1 5 0 1 1 1 1 1 7 1 12 10 1 1 12 10 1 1 1 12 10 1 1 1 100 1 1 12 10 1 8 1 1 12 10 1 12 10 1 1 1 1 12 10 1 1 12 10 1 12 10 1 1 7 1 12 10 12 9 1 1 1 1 1
staticfield java/lang/ClassNotFoundException serialPersistentFields [Ljava/io/ObjectStreamField; 1 [Ljava/io/ObjectStreamField;
instanceKlass jdk/net/UnixDomainPrincipal
instanceKlass org/eclipse/m2e/core/embedder/ArtifactRepositoryRef
instanceKlass org/eclipse/m2e/core/project/configurator/ProjectConfigurationRequest
instanceKlass org/eclipse/m2e/core/embedder/ArtifactKey
instanceKlass org/eclipse/m2e/core/embedder/MavenConfigurationChangeEvent
ciInstanceKlass java/lang/Record 1 1 16 1 100 1 7 1 1 12 10 1 1 1 1 1 1 1
instanceKlass java/lang/ExceptionInInitializerError
instanceKlass java/lang/ClassFormatError
instanceKlass java/lang/UnsatisfiedLinkError
instanceKlass java/lang/IncompatibleClassChangeError
instanceKlass java/lang/BootstrapMethodError
instanceKlass java/lang/NoClassDefFoundError
ciInstanceKlass java/lang/LinkageError 1 1 21 1 100 1 7 1 1 5 0 1 1 12 10 1 12 10 1 12 10 1 1
ciInstanceKlass java/lang/NoClassDefFoundError 1 1 18 1 100 1 7 1 1 5 0 1 1 12 10 1 12 10 1 1
instanceKlass org/gradle/internal/impldep/com/google/common/collect/Ordering$IncomparableValueException
ciInstanceKlass java/lang/ClassCastException 1 1 18 1 100 1 7 1 1 5 0 1 1 12 10 1 12 10 1 1
ciInstanceKlass java/lang/ArrayStoreException 1 1 18 1 100 1 100 1 1 5 0 1 1 12 10 1 12 10 1 1
instanceKlass java/lang/StackOverflowError
instanceKlass java/lang/OutOfMemoryError
instanceKlass java/lang/InternalError
ciInstanceKlass java/lang/VirtualMachineError 1 1 24 1 100 1 7 1 1 5 0 1 1 12 10 1 12 10 1 12 10 1 12 10 1 1
instanceKlass java/util/zip/ZipError
ciInstanceKlass java/lang/InternalError 1 1 24 1 100 1 7 1 1 5 0 1 1 12 10 1 12 10 1 12 10 1 12 10 1 1
ciInstanceKlass java/lang/OutOfMemoryError 1 1 18 1 100 1 100 1 1 5 0 1 1 12 10 1 12 10 1 1
ciInstanceKlass java/lang/StackOverflowError 1 1 18 1 100 1 100 1 1 5 0 1 1 12 10 1 12 10 1 1
ciInstanceKlass java/lang/IllegalMonitorStateException 1 1 18 1 100 1 100 1 1 5 0 1 1 12 10 1 12 10 1 1
instanceKlass java/lang/ref/PhantomReference
instanceKlass java/lang/ref/FinalReference
instanceKlass java/lang/ref/WeakReference
instanceKlass java/lang/ref/SoftReference
ciInstanceKlass java/lang/ref/Reference 1 1 179 1 7 1 1 7 1 7 1 7 1 1 1 1 1 1 1 1 1 1 1 1 1 1 1 1 1 1 1 1 1 1 1 12 9 1 7 1 12 9 1 1 12 10 1 12 10 12 9 12 10 12 9 1 100 12 9 1 7 1 12 10 1 12 10 12 10 1 1 100 12 10 1 12 10 1 1 1 1 12 9 1 1 1 1 12 10 1 12 10 1 1 12 10 1 12 9 1 100 1 100 1 12 10 12 9 1 1 1 1 1 1 12 9 1 1 100 10 1 1 1 12 10 1 10 1 1 1 1 7 1 12 10 1 7 1 1 12 10 1 1 12 10 1 7 1 12 10 1 8 1 12 10 1 1 12 10 1 1 12 10 1 12 10 10 1 7 1 1 12 10 1 1 1 1 1 1 1 1
staticfield java/lang/ref/Reference processPendingLock Ljava/lang/Object; java/lang/Object
staticfield java/lang/ref/Reference $assertionsDisabled Z 1
instanceKlass com/google/common/cache/LocalCache$SoftValueReference
instanceKlass org/eclipse/sisu/inject/MildElements$Soft
instanceKlass java/util/ResourceBundle$BundleReference
instanceKlass java/io/ClassCache$CacheRef
instanceKlass org/eclipse/sisu/inject/MildKeys$Soft
instanceKlass sun/util/locale/provider/LocaleResources$ResourceReference
instanceKlass sun/util/resources/Bundles$BundleReference
instanceKlass sun/util/locale/LocaleObjectCache$CacheEntry
instanceKlass org/eclipse/core/internal/registry/ReferenceMap$SoftRef
instanceKlass sun/security/util/MemoryCache$SoftCacheEntry
instanceKlass java/lang/invoke/LambdaFormEditor$Transform
ciInstanceKlass java/lang/ref/SoftReference 1 1 32 1 7 1 1 7 1 1 1 1 1 1 12 10 12 9 12 9 1 1 12 10 1 1 1 12 10 1 100 1 1 1
instanceKlass com/google/common/cache/LocalCache$WeakEntry
instanceKlass org/gradle/internal/impldep/com/google/common/collect/MapMakerInternalMap$WeakValueReferenceImpl
instanceKlass org/gradle/internal/impldep/com/google/common/collect/MapMakerInternalMap$AbstractWeakKeyEntry
instanceKlass com/google/common/collect/MapMakerInternalMap$AbstractWeakKeyEntry
instanceKlass org/eclipse/sisu/inject/MildElements$Weak
instanceKlass jdk/internal/jimage/ImageBufferCache$BufferReference
instanceKlass com/sun/jna/Memory$LinkedReference
instanceKlass com/sun/jna/CallbackReference
instanceKlass com/google/common/cache/LocalCache$WeakEntry
instanceKlass java/util/logging/LogManager$LoggerWeakRef
instanceKlass java/util/logging/Level$KnownLevel
instanceKlass java/util/ResourceBundle$KeyElementReference
instanceKlass org/eclipse/jdt/internal/core/util/WeakHashSetOfCharArray$HashableWeakReference
instanceKlass org/eclipse/jdt/internal/core/util/WeakHashSet$HashableWeakReference
instanceKlass org/eclipse/sisu/inject/MildKeys$Weak
instanceKlass sun/nio/ch/FileLockTable$FileLockReference
instanceKlass java/lang/ClassValue$Entry
instanceKlass java/lang/ThreadLocal$ThreadLocalMap$Entry
instanceKlass java/lang/WeakPairMap$WeakRefPeer
instanceKlass java/lang/invoke/MethodType$ConcurrentWeakInternSet$WeakEntry
instanceKlass java/util/WeakHashMap$Entry
ciInstanceKlass java/lang/ref/WeakReference 1 1 17 1 100 1 1 7 1 1 1 12 10 1 1 12 10 1 1
instanceKlass java/lang/ref/Finalizer
ciInstanceKlass java/lang/ref/FinalReference 1 1 33 1 7 1 1 7 1 1 1 12 10 1 1 1 1 12 10 1 1 1 12 10 1 1 1 100 1 8 1 12 10 1 1
instanceKlass jdk/internal/ref/PhantomCleanable
instanceKlass jdk/internal/ref/Cleaner
ciInstanceKlass java/lang/ref/PhantomReference 1 1 24 1 100 1 1 7 1 1 1 1 1 1 1 12 10 1 1 1 1 12 10 1 1 1
ciInstanceKlass java/lang/ref/Finalizer 1 1 137 1 7 1 1 7 1 7 1 100 1 100 1 1 1 1 1 1 1 1 1 1 1 1 1 1 12 9 1 12 10 12 9 12 9 12 9 12 9 1 7 1 100 1 1 1 1 12 10 1 1 1 1 12 10 12 9 1 100 1 12 10 1 7 1 7 1 12 11 1 12 10 1 1 12 10 1 100 1 1 12 10 1 1 100 1 1 12 10 10 12 10 1 1 7 1 1 12 10 1 7 10 10 1 7 1 1 12 10 1 1 12 10 1 7 1 12 10 1 12 10 1 1 12 10 1 1 12 10 1 12 10 1 1 1 1 1
staticfield java/lang/ref/Finalizer lock Ljava/lang/Object; java/lang/Object
staticfield java/lang/ref/Finalizer $assertionsDisabled Z 1
ciInstanceKlass java/lang/Runnable 1 0 9 1 100 1 100 1 1 1 1
instanceKlass org/gradle/tooling/internal/consumer/DistributionInstaller$AsyncDownload$1
instanceKlass java/util/concurrent/ForkJoinWorkerThread
instanceKlass java/util/logging/LogManager$Cleaner
instanceKlass org/eclipse/core/internal/jobs/InternalWorker
instanceKlass org/eclipse/core/internal/jobs/Worker
instanceKlass java/util/TimerThread
instanceKlass org/eclipse/osgi/framework/eventmgr/EventManager$EventThread
instanceKlass org/eclipse/equinox/launcher/Main$SplashHandler
instanceKlass jdk/internal/misc/InnocuousThread
instanceKlass java/lang/ref/Finalizer$FinalizerThread
instanceKlass java/lang/ref/Reference$ReferenceHandler
ciInstanceKlass java/lang/Thread 1 1 557 1 7 1 7 1 7 1 100 1 100 1 100 1 100 1 100 1 100 1 7 1 1 1 1 1 1 1 1 1 1 1 1 1 1 1 1 1 1 1 1 1 1 1 1 1 1 1 1 1 1 1 1 1 1 1 1 1 3 1 3 1 3 1 1 1 1 1 1 1 1 1 1 1 1 1 1 1 12 9 1 1 12 9 1 1 1 1 12 10 12 9 12 9 1 100 1 100 1 1 1 1 1 7 1 1 100 1 8 1 1 12 10 3 1 8 5 0 12 10 1 1 12 10 12 9 12 9 12 9 12 9 1 100 1 8 10 1 7 1 100 1 100 12 9 1 7 1 1 12 10 1 100 1 1 12 10 10 1 12 10 1 1 12 10 1 1 12 10 1 100 1 1 12 9 1 1 12 10 1 12 10 12 9 1 1 12 10 1 12 10 12 9 1 1 12 10 12 9 1 7 1 1 12 10 12 9 12 9 1 1 12 10 1 1 12 10 12 9 12 10 12 9 1 1 1 100 10 1 7 10 1 8 1 1 12 10 12 10 1 12 10 1 1 12 10 1 12 10 1 1 12 10 1 1 1 1 1 1 12 9 1 100 10 1 1 12 10 1 12 10 1 12 10 1 12 11 1 1 7 1 1 12 9 1 12 10 1 12 10 12 10 12 9 1 1 1 1 10 1 12 9 1 12 10 1 100 10 1 1 12 10 1 12 9 1 12 10 12 11 1 12 10 1 1 1 1 1 12 10 1 12 10 10 1 12 10 1 12 10 1 1 12 10 1 1 12 10 1 1 12 10 1 1 100 10 1 12 10 1 12 10 1 12 10 1 100 1 1 12 9 1 1 12 10 12 10 1 1 7 1 8 10 1 12 10 1 1 1 12 10 1 8 12 10 1 8 10 1 8 1 8 1 1 100 1 12 10 1 100 1 1 12 10 1 1 1 100 8 10 1 1 1 1 1 12 9 12 9 1 1 12 10 1 100 100 10 12 10 1 1 1 1 12 9 1 1 12 10 1 100 12 10 1 100 1 100 1 1 12 11 1 1 1 12 9 1 1 12 9 1 1 12 10 1 12 10 1 100 1 1 12 11 1 100 1 12 10 1 1 12 10 1 12 11 1 12 10 1 12 10 1 1 12 10 1 1 1 1 7 1 1 12 10 1 1 8 12 9 1 1 1 1 1 1 12 10 1 1 12 11 1 1 100 1 1 12 10 1 12 11 1 100 1 12 10 1 7 1 1 1 1 1 1 1 1 1
staticfield java/lang/Thread EMPTY_STACK_TRACE [Ljava/lang/StackTraceElement; 0 [Ljava/lang/StackTraceElement;
ciInstanceKlass java/lang/ThreadGroup 1 1 263 1 7 1 7 1 100 1 7 1 1 1 1 1 1 1 1 1 1 1 1 1 1 1 1 1 1 1 12 10 12 9 1 8 12 9 12 9 12 9 1 1 1 12 10 1 1 12 10 1 12 10 1 1 12 10 1 12 10 12 9 1 1 12 10 1 12 10 1 1 1 1 1 1 1 1 1 1 1 3 1 12 9 1 1 1 1 1 100 1 1 12 10 12 9 12 9 1 7 1 1 12 10 100 1 100 12 10 1 1 1 1 7 1 1 12 10 1 100 12 10 1 12 9 12 10 1 1 1 12 10 1 12 9 1 12 10 1 12 10 1 1 12 10 1 1 1 12 10 1 1 1 1 12 10 12 10 1 12 10 10 1 12 10 1 12 10 10 1 1 100 10 12 10 1 12 10 1 12 10 1 1 7 1 12 10 1 1 1 1 12 9 1 12 10 1 100 1 8 1 12 10 1 1 12 10 1 1 12 10 1 1 12 10 11 1 100 1 12 9 1 100 10 1 8 1 1 12 10 12 10 1 8 1 12 10 1 1 12 10 1 1 1 12 10 1 100 10 1 8 10 1 8 1 12 10 1 8 1 1 1 1 1
ciInstanceKlass java/util/Map 1 1 197 1 7 1 1 7 1 7 1 1 7 1 7 1 1 7 1 1 7 1 1 1 1 1 1 1 1 1 1 1 1 1 1 1 1 1 1 1 1 1 1 1 1 1 1 1 1 1 1 1 1 12 11 12 11 1 1 1 1 100 1 7 1 12 10 12 11 1 7 1 1 12 11 1 100 1 12 11 1 1 12 11 1 12 11 1 12 11 1 100 1 100 1 1 12 10 1 1 12 11 1 1 1 1 100 1 12 11 1 12 11 1 12 11 1 12 10 12 11 1 1 1 1 1 1 1 7 12 11 1 1 1 1 1 1 1 1 1 1 1 1 12 9 1 1 12 10 1 1 1 12 10 1 1 1 1 1 1 1 1 1 1 1 1 1 1 1 1 1 1 1 1 1 7 1 100 1 1 1 1 7 10 1 1 1 1 1 12 11 12 11 1 1 1 1 1 1
instanceKlass org/apache/felix/scr/impl/helper/ReadOnlyDictionary
instanceKlass org/osgi/framework/FrameworkUtil$MapAsDictionary
instanceKlass org/eclipse/osgi/framework/util/CaseInsensitiveDictionaryMap$UnmodifiableDictionary
instanceKlass org/eclipse/osgi/framework/util/CaseInsensitiveDictionaryMap
instanceKlass org/eclipse/osgi/internal/framework/EquinoxBundle$SystemBundle$SystemBundleHeaders
instanceKlass org/eclipse/osgi/storage/BundleInfo$CachedManifest
instanceKlass java/util/Hashtable
ciInstanceKlass java/util/Dictionary 1 1 28 1 100 1 1 7 1 1 12 10 1 1 1 1 1 1 1 1 1 1 1 1 1 1 1 1 1 1
instanceKlass java/util/Properties
ciInstanceKlass java/util/Hashtable 1 1 436 1 7 1 1 7 1 7 1 100 1 100 1 7 1 7 1 100 1 100 1 7 1 7 1 1 7 1 1 1 1 1 100 1 100 1 1 1 1 1 1 1 1 1 1 1 1 1 5 0 1 3 1 1 1 1 1 1 1 1 1 3 1 3 1 3 1 1 1 12 10 12 9 1 100 1 100 10 1 8 1 1 12 10 1 12 10 1 1 12 10 1 12 10 1 7 1 1 12 10 1 8 1 12 10 12 9 12 9 4 1 7 1 1 12 10 12 9 1 4 12 10 1 1 1 1 12 11 1 1 12 10 1 12 10 1 12 9 1 1 1 1 1 1 1 12 10 1 1 1 1 1 100 10 100 1 1 12 9 1 7 1 12 10 1 1 12 9 1 12 10 1 1 12 10 3 1 12 9 1 12 9 1 1 1 1 1 1 1 12 10 1 12 10 1 1 1 12 10 1 1 12 11 1 7 1 1 12 11 1 7 1 12 11 1 12 11 1 12 11 1 12 11 12 10 1 1 1 1 12 10 12 10 12 9 12 9 12 9 1 1 100 10 1 100 1 12 10 10 1 8 10 1 12 10 1 8 10 1 100 1 8 1 1 7 1 12 10 1 12 10 1 1 1 1 12 10 1 1 12 10 1 1 12 10 1 10 1 1 10 1 1 12 10 1 100 12 11 12 11 10 1 1 10 1 1 1 1 100 1 12 10 1 100 1 1 12 11 1 100 10 1 1 1 1 100 1 12 11 1 1 1 1 1 1 1 1 1 100 12 11 1 1 1 1 12 10 1 1 1 1 1 1 100 1 12 10 1 100 1 12 10 1 12 10 1 100 1 12 10 1 1 1 1 1 100 1 12 10 1 1 12 10 8 1 12 10 1 100 1 8 10 4 12 10 4 1 12 10 1 8 12 10 1 100 1 1 12 10 1 100 1 100 1 1 12 11 1 1 12 10 12 10 1 1 12 10 1 10 1 1 1 1 1 1 1
instanceKlass org/eclipse/jdt/internal/compiler/util/Messages$MessagesProperties
instanceKlass org/eclipse/core/internal/resources/SaveManager$MasterTable
instanceKlass org/eclipse/core/internal/preferences/SortedProperties
instanceKlass org/eclipse/osgi/util/NLS$MessagesProperties
instanceKlass java/security/Provider
ciInstanceKlass java/util/Properties 1 1 545 1 7 1 1 7 1 7 1 7 1 1 7 1 7 1 1 100 1 7 1 1 1 1 5 0 1 1 1 1 1 1 1 1 1 1 12 10 1 1 1 100 1 12 10 12 10 12 9 12 9 12 9 1 7 1 12 10 1 1 1 1 12 10 1 1 1 100 1 8 1 7 1 1 12 10 12 10 1 1 12 10 1 1 8 12 10 1 7 12 10 1 1 12 10 1 1 12 9 1 1 12 10 1 7 1 12 10 1 12 10 1 1 12 10 1 100 1 8 1 12 10 100 1 12 10 1 1 12 10 1 1 1 12 10 3 10 1 7 1 1 12 10 1 12 10 1 1 12 10 1 8 1 12 10 1 1 12 10 1 1 1 8 1 7 1 12 10 1 1 12 10 1 12 10 1 1 1 1 12 10 1 1 12 10 1 100 1 1 12 10 1 7 1 7 1 1 12 9 1 12 10 12 10 1 7 10 10 1 1 12 10 1 7 1 1 12 11 1 100 1 7 1 1 12 11 1 1 12 11 1 12 11 1 12 11 12 10 1 8 1 100 1 12 10 1 1 100 1 12 10 1 100 10 1 12 10 1 100 1 12 10 1 1 100 1 12 9 1 12 10 1 1 100 1 100 1 100 1 1 12 10 1 100 10 1 8 1 8 1 12 10 1 1 1 12 10 12 10 1 1 1 1 10 1 1 12 10 1 12 10 1 1 1 7 10 1 12 10 1 12 11 1 7 1 1 12 10 1 1 1 8 1 100 1 12 10 11 1 8 1 1 100 10 1 11 1 1 12 10 1 12 10 1 1 12 10 1 1 12 10 1 1 1 12 10 1 1 12 10 1 12 10 1 12 10 10 1 12 10 1 1 12 10 1 12 10 10 1 1 1 12 10 1 1 1 12 10 1 10 1 12 10 1 12 10 1 12 10 1 12 10 1 1 1 12 10 1 1 1 12 10 1 12 10 1 12 10 1 1 12 10 12 10 1 1 1 12 10 1 1 1 12 10 1 12 10 1 1 1 12 10 1 1 1 1 12 10 12 10 1 1 1 100 10 1 100 1 12 11 4 11 1 1 12 10 1 100 1 12 10 1 12 11 1 1 12 10 1 1 1 100 1 100 1 12 10 1 12 10 1 100 1 8 1 12 10 10 1 100 1 1 12 10 1 100 6 0 1 1 12 10 1 100 1 1 12 11 1 12 10 1 1 1 12 10 1 1 1 1 1 1 1 1 1
staticfield java/util/Properties UNSAFE Ljdk/internal/misc/Unsafe; jdk/internal/misc/Unsafe
ciInstanceKlass java/lang/Module 1 1 859 1 7 1 7 1 100 1 7 1 7 1 100 1 100 1 100 1 7 1 7 1 1 1 7 1 1 7 1 1 1 1 100 1 100 1 1 1 1 1 1 1 1 1 1 1 1 1 1 1 1 1 1 1 1 1 1 1 1 1 1 1 1 1 1 12 10 12 9 1 12 10 12 9 12 9 12 9 1 1 12 10 1 12 10 1 7 1 7 1 7 1 1 12 10 1 7 1 1 12 10 1 7 1 1 12 10 1 1 12 10 1 7 1 1 12 11 1 1 12 10 1 7 1 1 12 10 1 7 1 100 1 1 12 10 1 1 1 1 1 1 7 1 1 12 10 1 100 1 1 12 9 1 100 1 1 12 10 1 1 1 1 12 10 1 8 1 1 12 10 1 12 10 12 9 1 12 9 1 1 1 1 12 10 12 9 1 12 11 1 12 9 1 7 1 1 12 10 1 1 1 1 7 1 1 12 10 1 1 12 10 1 100 1 100 10 1 1 12 10 1 8 1 12 10 12 10 1 12 10 1 1 12 10 1 1 1 12 10 1 1 12 10 1 7 1 1 12 9 1 1 12 10 1 1 1 1 12 10 1 12 9 1 12 10 1 12 10 12 9 1 7 1 12 11 1 1 12 10 12 9 1 1 12 9 1 12 10 1 12 10 1 1 1 1 1 100 1 8 10 1 1 12 10 1 12 10 1 8 1 1 1 1 1 1 12 10 1 1 1 8 1 8 1 1 12 10 1 12 10 1 1 12 10 16 1 1 12 10 15 16 1 7 1 1 12 10 15 1 1 12 18 1 1 12 10 1 12 11 1 12 9 12 11 1 1 1 100 1 12 10 1 100 1 8 10 1 7 1 1 12 11 1 12 10 1 12 10 1 12 10 1 1 1 12 11 1 7 1 12 11 1 1 12 11 12 9 1 12 11 1 1 1 1 12 10 1 1 1 12 10 1 12 9 1 12 10 1 7 12 10 1 1 1 7 1 12 10 10 1 100 16 1 1 12 10 15 16 1 1 12 18 1 1 12 11 16 1 100 10 15 1 16 1 12 18 1 1 12 11 1 100 1 1 12 10 1 1 12 11 1 1 1 1 7 1 12 10 4 1 7 1 12 11 1 7 1 7 10 1 7 1 1 12 10 1 7 1 100 1 100 10 12 11 1 8 10 1 1 12 10 1 7 12 10 1 12 10 1 12 10 12 10 10 1 1 12 11 12 10 1 1 12 10 12 9 1 100 10 1 1 12 10 1 100 11 1 1 12 10 1 12 11 10 1 12 10 11 1 1 12 10 1 1 12 10 1 1 12 10 1 7 1 12 10 1 12 10 1 12 10 10 1 12 10 1 12 10 1 1 12 10 15 1 16 1 12 18 1 12 11 1 1 12 10 15 1 16 1 12 18 1 12 10 1 12 10 12 10 1 12 10 1 12 10 1 12 10 12 9 1 10 10 10 1 12 10 1 1 12 10 1 1 1 12 10 1 12 10 1 1 12 10 1 12 10 1 12 9 16 1 12 10 15 16 1 1 12 18 1 100 1 1 12 10 1 100 1 100 1 8 1 1 12 10 1 12 10 1 100 1 12 10 1 1 12 10 1 1 7 1 100 1 8 1 100 10 3 1 12 10 1 100 1 12 10 1 1 12 10 1 1 12 10 1 12 10 1 1 12 10 1 100 1 100 1 100 12 10 1 100 1 8 1 12 10 1 1 12 10 1 7 1 12 10 1 1 12 10 12 10 12 10 1 1 12 10 1 100 10 1 1 12 10 1 100 1 1 12 10 1 8 1 1 12 10 1 100 1 12 10 1 8 1 12 10 1 8 1 12 10 12 10 12 10 1 8 10 1 12 10 1 7 10 1 1 12 10 1 12 10 1 12 9 1 12 9 1 12 9 1 12 9 12 10 1 12 11 1 12 10 1 1 1 1 1 1 1 1
staticfield java/lang/Module ALL_UNNAMED_MODULE Ljava/lang/Module; java/lang/Module
staticfield java/lang/Module ALL_UNNAMED_MODULE_SET Ljava/util/Set; java/util/ImmutableCollections$Set12
staticfield java/lang/Module EVERYONE_MODULE Ljava/lang/Module; java/lang/Module
staticfield java/lang/Module EVERYONE_SET Ljava/util/Set; java/util/ImmutableCollections$Set12
staticfield java/lang/Module $assertionsDisabled Z 1
instanceKlass java/lang/reflect/Executable
instanceKlass java/lang/reflect/Field
ciInstanceKlass java/lang/reflect/AccessibleObject 1 1 356 1 7 1 7 1 7 1 100 1 1 7 1 7 1 1 1 1 1 1 1 1 1 1 1 1 7 1 1 12 10 1 100 1 1 12 9 1 100 1 12 10 1 1 1 12 10 1 7 1 1 12 10 1 7 1 1 12 10 1 7 1 1 12 10 1 1 12 10 1 12 9 1 1 1 100 1 1 12 10 1 12 11 1 100 1 12 10 1 1 1 1 1 7 1 100 1 12 10 1 1 12 10 1 7 1 12 10 1 1 12 10 1 7 1 1 12 10 1 100 1 7 10 10 1 7 1 1 12 10 1 1 12 10 1 12 10 1 12 10 1 1 12 10 1 12 10 1 8 1 100 10 1 1 12 10 1 8 1 12 10 1 12 10 1 8 1 8 1 8 1 8 1 8 1 8 1 100 1 12 10 1 12 10 1 1 12 9 1 1 12 10 1 1 12 10 1 10 1 1 1 1 1 11 1 100 1 100 1 8 10 1 12 10 1 1 12 10 1 8 1 12 10 1 8 1 1 12 10 1 10 1 1 1 1 100 1 8 10 1 1 12 11 1 1 1 1 1 1 12 10 1 12 10 1 12 10 1 12 9 1 12 10 1 1 7 1 12 10 1 1 1 1 100 1 1 12 10 10 1 12 10 12 10 1 12 10 1 1 12 10 1 12 10 1 1 12 10 1 12 10 12 9 1 100 1 12 10 1 8 1 100 1 1 12 10 1 8 1 1 12 10 12 9 1 1 1 100 10 1 1 7 10 1 7 1 1 12 10 10 1 7 1 1 12 10 12 9 1 1 1 1 1 1 1 1
staticfield java/lang/reflect/AccessibleObject reflectionFactory Ljdk/internal/reflect/ReflectionFactory; jdk/internal/reflect/ReflectionFactory
ciInstanceKlass java/lang/reflect/Field 1 1 398 1 7 1 7 1 100 1 100 1 100 1 1 1 1 1 1 1 1 1 1 1 1 1 1 1 1 1 1 1 1 1 1 1 1 1 1 1 12 9 1 1 1 1 12 10 1 7 1 1 12 10 1 7 1 12 10 1 1 12 9 12 10 12 10 1 7 1 12 10 1 1 1 1 12 10 12 9 12 9 12 9 12 9 12 9 12 9 12 9 1 1 12 9 1 100 1 8 1 12 10 12 10 12 9 12 9 1 1 1 1 12 10 1 7 1 12 10 1 1 12 10 1 1 12 10 1 1 12 10 1 1 1 1 1 1 12 10 1 1 7 1 12 10 1 1 1 12 10 12 10 12 10 1 1 12 10 1 1 7 10 1 7 12 10 1 1 100 10 1 8 1 12 10 1 1 12 10 1 8 12 10 1 12 10 1 8 1 1 8 1 10 1 100 11 1 1 1 100 1 1 12 9 1 1 12 10 1 1 12 10 1 7 12 11 1 12 11 1 1 12 11 1 1 12 11 1 1 12 11 1 1 12 11 1 1 12 11 1 1 12 11 1 1 12 11 1 1 12 11 1 1 12 11 1 1 12 11 1 1 12 11 1 1 12 11 1 1 12 11 1 1 12 11 1 1 12 11 1 1 12 11 1 1 12 10 1 7 1 12 10 1 12 10 1 1 12 10 12 10 1 1 12 9 1 7 1 1 12 10 1 1 12 10 1 1 1 1 1 1 7 1 12 10 1 12 10 1 7 11 1 12 10 1 7 1 1 1 1 100 1 1 12 10 1 1 1 7 1 1 12 10 1 12 9 1 7 1 1 12 10 1 7 1 1 12 11 1 1 12 10 1 100 1 1 1 1 12 10 1 1 12 9 1 100 1 1 12 10 1 12 10 1 1 1 1 1 1
ciInstanceKlass java/lang/reflect/Parameter 1 1 207 1 7 1 7 1 100 1 1 1 1 1 1 1 1 1 1 1 1 1 1 1 1 1 1 12 10 12 9 12 9 12 9 12 9 1 1 12 10 1 1 12 10 1 1 1 7 1 12 10 1 1 1 100 10 1 1 12 10 1 100 1 12 11 1 12 10 1 100 1 12 10 1 1 12 10 1 12 10 1 100 1 12 10 1 8 1 8 1 1 12 10 1 12 10 12 10 1 1 1 12 10 1 8 1 12 10 1 12 9 1 1 12 10 1 1 1 12 9 1 1 12 10 1 100 1 1 1 1 12 10 1 1 1 12 10 1 12 10 10 1 12 10 1 1 1 1 100 1 1 12 10 1 12 10 1 100 1 12 11 1 12 10 1 100 1 1 1 1 100 1 1 12 10 1 1 1 1 12 10 1 12 10 1 12 10 1 12 10 1 12 9 1 100 10 1 100 1 12 11 1 1 12 11 1 1 1
instanceKlass java/lang/reflect/Constructor
instanceKlass java/lang/reflect/Method
ciInstanceKlass java/lang/reflect/Executable 1 1 484 1 7 1 7 1 100 1 100 1 100 1 100 1 100 1 100 1 1 100 1 100 1 1 1 1 1 1 1 1 1 1 12 10 1 1 1 1 1 1 1 1 1 1 1 1 7 1 1 12 10 1 1 12 10 1 7 1 1 12 11 1 7 1 12 10 1 1 1 1 12 10 1 7 1 1 12 10 1 7 1 1 12 10 1 12 10 1 8 1 1 1 1 100 10 12 10 1 1 12 10 1 100 1 1 12 10 1 16 1 100 1 1 12 11 15 1 16 1 100 1 1 12 10 15 1 1 12 18 1 100 1 1 12 11 1 8 1 8 1 8 1 100 1 1 12 10 1 1 12 11 1 100 1 8 1 8 12 10 1 100 1 8 1 12 10 1 8 1 1 1 1 100 1 1 12 11 1 100 1 1 12 10 1 12 11 1 100 1 8 1 16 18 1 8 1 12 10 1 1 1 1 12 10 12 10 15 16 18 1 8 1 100 1 12 10 1 100 1 12 10 1 12 10 1 12 10 1 8 1 8 1 1 12 10 1 1 12 10 10 1 12 10 1 1 1 1 1 1 1 1 1 100 10 12 10 12 10 1 7 12 10 12 10 1 12 10 1 1 12 10 7 1 7 1 12 10 1 12 10 1 12 10 1 1 12 10 1 12 10 1 8 1 12 10 1 12 10 1 1 3 1 100 1 8 1 12 10 1 12 10 10 1 12 10 1 1 12 10 1 8 1 8 1 8 1 100 12 9 1 12 10 1 8 12 9 12 10 12 10 1 1 12 10 1 12 10 12 10 1 1 12 10 1 1 1 1 1 1 7 12 10 1 1 12 10 1 100 1 100 1 1 12 10 1 7 1 1 1 1 1 7 1 12 10 1 12 10 1 7 1 12 11 1 7 1 12 10 1 1 1 1 100 1 1 12 10 1 1 1 1 12 10 1 12 9 1 1 12 10 12 10 1 1 12 10 1 100 1 1 1 1 1 1 12 9 1 100 1 1 12 10 1 1 12 10 1 1 12 10 1 12 9 1 10 10 10 1 100 1 1 12 10 1 1 12 10 1 12 9 1 1 12 10 1 1 12 9 1 1 1 1 1 1
ciInstanceKlass java/lang/reflect/Method 1 1 414 1 7 1 7 1 1 1 1 1 1 1 1 1 1 1 1 1 1 1 1 1 1 1 1 1 1 1 1 1 1 1 12 9 1 1 1 7 1 1 12 10 1 7 1 12 10 1 1 12 9 12 10 12 10 1 7 1 12 10 1 1 1 1 12 10 12 9 12 9 12 9 12 9 12 9 12 9 12 9 12 9 12 9 12 9 1 1 12 9 1 7 1 8 1 12 10 12 10 12 9 1 1 8 1 1 1 1 7 1 12 10 1 7 1 1 12 10 1 1 12 10 1 1 12 10 1 1 12 10 1 1 1 1 1 1 1 1 1 1 1 1 1 12 10 12 10 1 7 1 1 1 12 10 12 10 1 1 1 1 1 7 1 1 12 10 1 1 1 12 10 1 1 12 10 1 1 12 10 12 10 1 7 12 10 1 1 12 10 1 1 7 10 1 7 12 10 1 1 7 1 12 10 1 12 10 1 1 12 10 1 1 1 12 10 1 7 1 1 12 10 1 12 10 1 10 1 8 1 12 10 12 10 1 7 1 8 1 8 1 8 1 12 10 12 10 1 1 12 10 10 1 1 1 12 10 1 12 10 1 100 11 1 1 1 7 1 7 1 1 1 1 12 9 1 1 12 10 1 100 1 12 10 1 1 12 10 1 1 12 10 1 7 12 11 1 12 10 1 12 10 1 12 10 1 12 10 1 12 10 1 1 12 9 1 7 1 1 12 10 1 1 12 10 1 1 7 1 1 12 10 1 7 1 1 12 10 1 7 1 1 12 10 1 7 1 1 12 11 1 7 1 1 12 10 1 7 1 100 1 100 1 12 10 1 1 12 10 1 12 10 1 100 1 8 1 12 10 10 1 1 1 12 10 1 1 12 10 1 1 1 1 12 10 1 1 1 1 12 10 1 1 1 1 8 1 1 12 10 1 1 1 1 1
ciInstanceKlass java/lang/reflect/Constructor 1 1 395 1 7 1 1 7 1 100 1 100 1 1 1 1 1 1 1 1 1 1 1 1 1 1 1 1 1 1 1 1 1 1 1 1 1 1 7 1 1 12 10 1 7 1 12 10 1 1 12 9 1 1 12 10 12 10 1 7 1 12 10 1 1 1 12 9 1 1 1 1 12 10 12 9 12 9 12 9 12 9 12 9 12 9 12 9 12 9 1 1 100 1 8 1 12 10 12 10 12 9 1 1 1 1 7 1 12 10 1 7 1 1 12 10 1 1 12 10 1 1 12 10 1 1 12 10 1 7 1 100 1 8 10 1 1 1 1 1 1 1 12 10 12 10 1 1 1 1 1 12 10 12 10 1 100 1 1 1 1 1 7 1 1 12 10 1 1 1 12 10 1 1 12 10 1 1 1 1 12 10 1 1 7 12 10 1 1 100 1 12 10 1 1 12 10 1 1 1 12 10 1 100 1 1 12 10 1 1 8 10 1 12 10 1 100 1 8 1 12 10 12 10 1 1 12 10 1 12 10 12 10 1 1 1 12 10 1 12 10 1 1 1 1 100 1 100 1 100 1 1 1 12 9 1 100 1 1 12 10 1 1 1 12 10 12 10 1 8 1 1 12 10 1 7 12 11 1 12 10 1 12 10 1 12 10 1 1 12 9 1 7 1 1 12 10 1 1 12 10 1 1 1 1 1 1 12 10 1 1 12 10 1 1 1 1 12 10 1 1 1 1 12 10 1 100 1 12 9 1 12 10 1 12 10 1 12 10 1 100 1 8 10 1 1 1 1 12 10 1 1 12 10 10 1 1 12 10 1 12 10 1 100 1 1 12 10 1 100 1 1 12 11 1 1 12 10 1 1 12 9 1 100 1 1 12 10 1 12 10 1 1 1 1 1 1
instanceKlass jdk/internal/reflect/FieldAccessorImpl
instanceKlass jdk/internal/reflect/ConstructorAccessorImpl
instanceKlass jdk/internal/reflect/MethodAccessorImpl
ciInstanceKlass jdk/internal/reflect/MagicAccessorImpl 1 1 10 1 100 1 7 1 1 12 10 1
instanceKlass jdk/internal/reflect/GeneratedMethodAccessor48
instanceKlass jdk/internal/reflect/GeneratedMethodAccessor47
instanceKlass jdk/internal/reflect/GeneratedMethodAccessor46
instanceKlass jdk/internal/reflect/GeneratedMethodAccessor45
instanceKlass jdk/internal/reflect/GeneratedMethodAccessor44
instanceKlass jdk/internal/reflect/GeneratedMethodAccessor43
instanceKlass jdk/internal/reflect/GeneratedMethodAccessor42
instanceKlass jdk/internal/reflect/GeneratedMethodAccessor41
instanceKlass jdk/internal/reflect/GeneratedMethodAccessor40
instanceKlass jdk/internal/reflect/GeneratedMethodAccessor39
instanceKlass jdk/internal/reflect/GeneratedMethodAccessor38
instanceKlass jdk/internal/reflect/GeneratedMethodAccessor37
instanceKlass jdk/internal/reflect/GeneratedMethodAccessor36
instanceKlass jdk/internal/reflect/GeneratedMethodAccessor35
instanceKlass jdk/internal/reflect/GeneratedMethodAccessor34
instanceKlass jdk/internal/reflect/GeneratedMethodAccessor33
instanceKlass jdk/internal/reflect/GeneratedMethodAccessor32
instanceKlass jdk/internal/reflect/GeneratedMethodAccessor31
instanceKlass jdk/internal/reflect/GeneratedMethodAccessor30
instanceKlass jdk/internal/reflect/GeneratedMethodAccessor29
instanceKlass jdk/internal/reflect/GeneratedMethodAccessor28
instanceKlass jdk/internal/reflect/GeneratedMethodAccessor27
instanceKlass jdk/internal/reflect/GeneratedMethodAccessor26
instanceKlass jdk/internal/reflect/GeneratedMethodAccessor25
instanceKlass jdk/internal/reflect/GeneratedMethodAccessor24
instanceKlass jdk/internal/reflect/GeneratedMethodAccessor23
instanceKlass jdk/internal/reflect/GeneratedMethodAccessor22
instanceKlass jdk/internal/reflect/GeneratedMethodAccessor21
instanceKlass jdk/internal/reflect/GeneratedMethodAccessor20
instanceKlass jdk/internal/reflect/GeneratedMethodAccessor19
instanceKlass jdk/internal/reflect/GeneratedMethodAccessor18
instanceKlass jdk/internal/reflect/GeneratedMethodAccessor17
instanceKlass jdk/internal/reflect/GeneratedMethodAccessor16
instanceKlass jdk/internal/reflect/GeneratedMethodAccessor15
instanceKlass jdk/internal/reflect/GeneratedMethodAccessor14
instanceKlass jdk/internal/reflect/GeneratedMethodAccessor13
instanceKlass jdk/internal/reflect/GeneratedMethodAccessor12
instanceKlass jdk/internal/reflect/GeneratedMethodAccessor11
instanceKlass jdk/internal/reflect/GeneratedMethodAccessor10
instanceKlass jdk/internal/reflect/GeneratedMethodAccessor9
instanceKlass jdk/internal/reflect/GeneratedMethodAccessor8
instanceKlass jdk/internal/reflect/GeneratedMethodAccessor7
instanceKlass jdk/internal/reflect/GeneratedMethodAccessor6
instanceKlass jdk/internal/reflect/GeneratedMethodAccessor5
instanceKlass jdk/internal/reflect/GeneratedMethodAccessor4
instanceKlass jdk/internal/reflect/GeneratedMethodAccessor3
instanceKlass jdk/internal/reflect/GeneratedMethodAccessor2
instanceKlass jdk/internal/reflect/GeneratedMethodAccessor1
instanceKlass jdk/internal/reflect/DelegatingMethodAccessorImpl
instanceKlass jdk/internal/reflect/NativeMethodAccessorImpl
ciInstanceKlass jdk/internal/reflect/MethodAccessorImpl 1 1 19 1 100 1 7 1 100 1 1 12 10 1 1 1 100 1 100 1 1
instanceKlass jdk/internal/reflect/GeneratedConstructorAccessor47
instanceKlass jdk/internal/reflect/GeneratedConstructorAccessor46
instanceKlass jdk/internal/reflect/GeneratedConstructorAccessor45
instanceKlass jdk/internal/reflect/GeneratedConstructorAccessor44
instanceKlass jdk/internal/reflect/GeneratedConstructorAccessor43
instanceKlass jdk/internal/reflect/GeneratedConstructorAccessor42
instanceKlass jdk/internal/reflect/GeneratedConstructorAccessor41
instanceKlass jdk/internal/reflect/GeneratedConstructorAccessor40
instanceKlass jdk/internal/reflect/GeneratedConstructorAccessor39
instanceKlass jdk/internal/reflect/GeneratedConstructorAccessor38
instanceKlass jdk/internal/reflect/GeneratedConstructorAccessor37
instanceKlass jdk/internal/reflect/GeneratedConstructorAccessor36
instanceKlass jdk/internal/reflect/GeneratedConstructorAccessor35
instanceKlass jdk/internal/reflect/GeneratedConstructorAccessor34
instanceKlass jdk/internal/reflect/GeneratedConstructorAccessor33
instanceKlass jdk/internal/reflect/GeneratedConstructorAccessor32
instanceKlass jdk/internal/reflect/GeneratedConstructorAccessor31
instanceKlass jdk/internal/reflect/GeneratedConstructorAccessor30
instanceKlass jdk/internal/reflect/GeneratedConstructorAccessor29
instanceKlass jdk/internal/reflect/GeneratedConstructorAccessor28
instanceKlass jdk/internal/reflect/GeneratedConstructorAccessor27
instanceKlass jdk/internal/reflect/GeneratedConstructorAccessor26
instanceKlass jdk/internal/reflect/GeneratedConstructorAccessor25
instanceKlass jdk/internal/reflect/GeneratedConstructorAccessor24
instanceKlass jdk/internal/reflect/GeneratedConstructorAccessor23
instanceKlass jdk/internal/reflect/GeneratedConstructorAccessor22
instanceKlass jdk/internal/reflect/GeneratedConstructorAccessor21
instanceKlass jdk/internal/reflect/GeneratedConstructorAccessor20
instanceKlass jdk/internal/reflect/GeneratedConstructorAccessor19
instanceKlass jdk/internal/reflect/GeneratedConstructorAccessor18
instanceKlass jdk/internal/reflect/GeneratedConstructorAccessor17
instanceKlass jdk/internal/reflect/GeneratedConstructorAccessor16
instanceKlass jdk/internal/reflect/GeneratedConstructorAccessor15
instanceKlass jdk/internal/reflect/GeneratedConstructorAccessor14
instanceKlass jdk/internal/reflect/GeneratedConstructorAccessor13
instanceKlass jdk/internal/reflect/GeneratedConstructorAccessor12
instanceKlass jdk/internal/reflect/GeneratedConstructorAccessor11
instanceKlass jdk/internal/reflect/GeneratedConstructorAccessor10
instanceKlass jdk/internal/reflect/GeneratedConstructorAccessor9
instanceKlass jdk/internal/reflect/GeneratedConstructorAccessor8
instanceKlass jdk/internal/reflect/GeneratedConstructorAccessor7
instanceKlass jdk/internal/reflect/GeneratedConstructorAccessor6
instanceKlass jdk/internal/reflect/GeneratedConstructorAccessor5
instanceKlass jdk/internal/reflect/SerializationConstructorAccessorImpl
instanceKlass jdk/internal/reflect/GeneratedConstructorAccessor4
instanceKlass jdk/internal/reflect/GeneratedConstructorAccessor3
instanceKlass jdk/internal/reflect/GeneratedConstructorAccessor2
instanceKlass jdk/internal/reflect/BootstrapConstructorAccessorImpl
instanceKlass jdk/internal/reflect/GeneratedConstructorAccessor1
instanceKlass jdk/internal/reflect/DelegatingConstructorAccessorImpl
instanceKlass jdk/internal/reflect/NativeConstructorAccessorImpl
ciInstanceKlass jdk/internal/reflect/ConstructorAccessorImpl 1 1 21 1 100 1 7 1 100 1 1 12 10 1 1 1 100 1 100 1 100 1 1
ciInstanceKlass jdk/internal/reflect/DelegatingClassLoader 1 1 10 1 100 1 7 1 1 12 10 1
ciInstanceKlass jdk/internal/reflect/ConstantPool 1 1 134 1 7 1 100 1 100 1 1 1 1 1 12 10 1 1 12 9 1 1 12 10 1 1 1 1 1 12 10 1 1 12 10 1 1 1 1 12 10 1 1 1 1 12 10 1 1 12 10 1 1 1 1 12 10 1 1 12 10 1 1 1 1 12 10 1 1 12 10 1 1 12 10 1 1 12 10 1 1 1 1 12 10 1 1 1 1 12 10 1 1 1 1 12 10 1 1 1 1 12 10 1 1 12 10 1 1 1 1 12 10 1 1 12 10 1 1 8 1 7 1 1 12 11 1 7 1 1 12 10 1 1 1 1
instanceKlass jdk/internal/reflect/UnsafeFieldAccessorImpl
ciInstanceKlass jdk/internal/reflect/FieldAccessorImpl 1 1 53 1 100 1 7 1 100 1 1 12 10 1 1 1 100 1 1 1 1 1 1 1 1 1 1 1 1 1 1 1 1 1 1 1 100 1 1 1 1 1 1 1 1 1 1 1 1 1 1 1 1 1 1
instanceKlass jdk/internal/reflect/UnsafeIntegerFieldAccessorImpl
instanceKlass jdk/internal/reflect/UnsafeBooleanFieldAccessorImpl
instanceKlass jdk/internal/reflect/UnsafeObjectFieldAccessorImpl
instanceKlass jdk/internal/reflect/UnsafeQualifiedFieldAccessorImpl
instanceKlass jdk/internal/reflect/UnsafeStaticFieldAccessorImpl
ciInstanceKlass jdk/internal/reflect/UnsafeFieldAccessorImpl 1 1 227 1 7 1 7 1 1 1 1 1 1 1 1 1 1 1 12 10 12 9 1 7 1 1 12 10 1 7 1 1 12 10 12 9 1 7 1 1 12 10 12 9 1 12 10 12 10 12 9 1 1 1 1 12 10 1 7 1 12 10 1 7 1 1 12 10 1 12 10 1 1 1 100 10 1 12 10 1 1 12 10 1 8 10 1 12 10 1 1 1 100 1 8 1 12 10 1 8 12 10 1 8 1 12 10 1 1 1 100 1 1 12 10 10 1 8 1 100 12 10 1 1 8 1 100 1 12 10 1 1 8 1 100 1 12 10 1 1 8 1 100 1 12 10 1 1 8 1 100 1 12 10 1 1 8 1 100 1 12 10 1 1 8 1 100 1 12 10 1 1 8 1 100 1 12 10 1 1 8 1 100 1 12 10 1 1 12 10 1 1 1 1 1 1 1 1 8 1 8 1 8 1 8 1 8 1 8 1 1 12 10 1 8 1 8 1 8 12 10 1 1 1 12 10 1 1 1
staticfield jdk/internal/reflect/UnsafeFieldAccessorImpl unsafe Ljdk/internal/misc/Unsafe; jdk/internal/misc/Unsafe
instanceKlass jdk/internal/reflect/UnsafeStaticObjectFieldAccessorImpl
instanceKlass jdk/internal/reflect/UnsafeQualifiedStaticFieldAccessorImpl
ciInstanceKlass jdk/internal/reflect/UnsafeStaticFieldAccessorImpl 1 1 39 1 7 1 7 1 1 1 1 12 10 1 1 12 9 1 7 1 1 12 10 12 9 1 1 8 1 7 1 1 12 11 1 7 1 1 12 10 1
ciInstanceKlass jdk/internal/reflect/CallerSensitive 1 1 15 1 100 1 100 1 100 1 1 1 1 1 1 1 1
ciInstanceKlass jdk/internal/reflect/NativeConstructorAccessorImpl 1 1 113 1 7 1 7 1 1 1 1 1 1 1 1 1 1 1 1 1 1 1 1 12 10 12 9 1 1 1 100 1 100 1 100 1 100 12 9 1 7 1 1 12 10 1 7 1 1 12 10 1 7 1 1 12 10 12 9 12 9 12 9 1 7 1 1 12 10 1 7 10 1 1 12 10 1 12 10 1 12 10 1 1 12 10 12 9 1 7 1 1 12 10 1 1 12 10 1 1 1 1 1 1 12 10 8 1 1 12 10 1 1 1 1
staticfield jdk/internal/reflect/NativeConstructorAccessorImpl U Ljdk/internal/misc/Unsafe; jdk/internal/misc/Unsafe
staticfield jdk/internal/reflect/NativeConstructorAccessorImpl GENERATED_OFFSET J 16
instanceKlass java/lang/invoke/DelegatingMethodHandle
instanceKlass java/lang/invoke/BoundMethodHandle
instanceKlass java/lang/invoke/DirectMethodHandle
ciInstanceKlass java/lang/invoke/MethodHandle 1 1 582 1 7 1 7 1 100 1 100 1 7 1 100 1 100 1 1 100 1 100 1 1 7 1 7 1 1 1 1 1 1 1 1 1 1 1 1 1 1 1 1 1 12 9 1 1 1 12 10 1 7 1 1 12 10 1 7 1 7 1 1 12 10 12 9 1 12 10 1 1 1 7 1 1 1 1 1 1 1 1 1 1 1 1 12 10 1 1 12 10 1 7 1 1 12 10 1 1 12 10 1 12 10 1 1 1 100 1 1 12 11 12 10 1 12 10 1 12 10 12 9 1 1 12 10 1 100 1 100 10 1 8 1 1 12 10 1 12 10 1 8 1 1 12 10 1 12 10 1 1 12 10 1 1 1 12 10 1 1 12 10 1 12 10 1 1 1 12 10 1 1 12 10 1 7 1 1 12 10 1 7 1 1 12 10 1 7 1 1 12 10 1 1 12 10 1 1 1 12 10 1 8 1 7 1 1 12 10 1 8 1 1 12 10 1 1 12 10 1 1 12 10 1 12 10 1 8 1 1 12 10 1 1 8 1 12 10 1 8 1 100 1 1 12 10 12 9 1 100 10 1 100 1 1 12 9 1 100 9 1 8 1 1 1 1 12 10 1 12 10 1 1 12 10 1 12 10 1 1 12 10 1 12 10 1 12 10 1 12 10 1 1 12 10 1 1 12 10 1 1 8 1 1 12 10 1 8 1 12 10 1 1 1 12 10 1 1 1 1 1 12 10 1 12 10 1 1 12 10 1 1 1 1 100 1 1 12 9 1 1 12 10 1 100 1 12 11 1 12 10 12 10 1 100 1 1 12 10 1 100 1 12 11 10 1 100 1 12 11 1 12 10 1 100 1 12 11 1 1 12 9 1 1 12 11 1 100 1 1 12 11 1 1 12 10 1 12 9 1 12 11 1 12 9 1 12 9 1 12 9 1 1 12 11 1 12 9 1 12 9 1 12 9 1 12 9 1 12 9 1 12 9 1 12 9 1 8 1 12 10 1 12 10 1 8 1 12 10 1 12 10 10 1 1 1 7 1 100 1 7 1 12 10 12 10 1 8 1 1 12 10 1 1 1 1 12 10 1 12 10 1 12 10 1 100 1 1 12 10 1 12 10 1 1 1 1 1 1 1 1 12 9 1 1 1 1 1 12 10 12 10 1 1 1 1 8 1 1 12 9 12 9 1 1 12 9 1 12 10 1 12 10 1 1 12 10 1 1 1 12 9 12 9 1 7 1 1 12 10 1 7 1 12 11 12 9 1 1 12 10 1 12 10 12 9 1 1 12 10 8 1 1 12 10 8 1 1 1 1 1 1 1
staticfield java/lang/invoke/MethodHandle FORM_OFFSET J 20
staticfield java/lang/invoke/MethodHandle UPDATE_OFFSET J 13
staticfield java/lang/invoke/MethodHandle $assertionsDisabled Z 1
instanceKlass java/lang/invoke/DirectMethodHandle$Special
instanceKlass java/lang/invoke/DirectMethodHandle$Interface
instanceKlass java/lang/invoke/DirectMethodHandle$Constructor
instanceKlass java/lang/invoke/DirectMethodHandle$Accessor
ciInstanceKlass java/lang/invoke/DirectMethodHandle 1 1 858 1 7 1 7 1 7 1 7 1 100 1 7 1 7 1 7 1 7 1 100 1 100 1 100 1 7 1 1 7 1 7 1 1 1 1 1 1 1 7 1 7 1 1 7 1 1 7 1 1 1 1 1 1 1 1 1 1 1 3 1 3 1 3 1 3 1 3 1 3 1 3 1 1 3 1 1 3 1 3 1 1 1 1 1 1 1 1 1 1 1 1 1 3 1 3 1 1 1 1 3 1 1 1 1 1 1 1 1 1 12 10 1 1 12 10 1 100 1 12 10 1 7 1 1 12 10 1 7 1 12 10 1 1 12 10 1 12 10 1 12 10 1 7 1 1 12 10 1 1 12 10 1 12 10 1 1 12 10 1 1 12 10 1 12 10 12 9 1 100 10 12 9 12 9 1 1 1 1 12 10 1 12 10 1 1 12 10 1 12 10 1 12 10 1 12 10 1 1 12 10 1 12 10 1 1 12 10 1 8 1 1 12 10 1 12 10 10 1 12 10 12 10 1 12 10 1 1 12 10 1 1 12 10 1 12 10 1 12 10 1 12 10 1 1 12 10 1 1 12 10 12 10 8 1 100 1 1 12 10 1 12 10 1 12 10 1 1 12 10 1 12 10 1 7 1 1 12 9 1 12 10 1 1 1 7 1 1 12 10 1 1 1 12 10 1 1 1 1 12 10 1 1 12 9 1 1 1 100 10 1 8 1 1 12 10 1 12 10 1 12 10 10 1 1 12 10 1 12 10 1 12 10 1 12 10 1 1 12 10 1 12 10 1 1 12 10 1 12 10 1 1 12 10 10 1 7 1 1 12 10 1 12 10 1 7 1 1 12 10 1 12 10 1 1 12 10 1 100 1 8 1 1 12 9 1 8 1 12 9 1 12 9 1 8 1 12 9 1 12 9 1 8 1 12 9 1 12 9 1 8 1 12 10 1 1 12 10 12 9 1 7 1 1 12 10 1 7 1 1 12 10 1 1 12 10 1 12 10 1 1 12 10 1 100 1 1 12 10 1 12 10 1 1 12 10 1 7 1 1 12 10 1 7 1 1 12 10 1 12 10 1 12 10 1 12 10 1 1 12 9 10 12 9 1 12 9 1 7 1 1 12 10 1 1 1 12 10 1 7 1 7 1 7 1 1 12 9 1 7 12 10 1 1 12 10 1 12 10 1 12 10 1 1 12 10 1 1 12 9 1 1 12 10 1 100 1 100 1 1 12 10 1 12 10 1 12 10 1 1 8 1 1 12 9 1 1 100 1 12 9 12 10 1 1 12 9 1 1 100 1 12 10 1 1 1 12 9 1 1 12 9 1 1 12 10 1 12 10 1 12 10 1 1 1 1 1 1 12 10 1 7 1 1 12 10 1 12 10 1 7 1 12 10 12 9 1 12 10 1 12 10 1 12 10 1 12 10 12 10 12 9 1 1 12 10 1 1 1 1 12 9 1 12 9 1 12 9 1 12 9 1 12 9 1 12 9 1 12 9 1 12 9 1 12 9 1 12 9 1 12 9 1 12 9 1 12 9 1 12 9 1 12 9 1 12 9 1 12 9 1 12 9 1 12 9 1 12 9 1 12 9 1 12 9 1 12 9 1 12 9 1 12 9 1 12 9 1 12 9 1 12 9 1 12 9 1 12 9 1 12 9 1 12 9 1 12 9 1 12 9 1 12 9 1 12 9 1 12 9 1 8 1 1 12 9 12 9 1 12 10 12 10 1 7 9 1 12 10 1 1 12 9 12 10 1 12 10 1 12 10 1 12 10 10 1 8 1 8 1 8 1 8 1 1 12 10 12 9 1 12 10 1 100 1 1 12 10 8 12 9 1 1 12 10 8 8 8 12 9 8 8 8 8 8 8 8 1 12 10 1 12 10 8 1 8 1 12 10 1 12 10 1 1 12 10 1 1 12 10 1 1 1 1 1 1 1 1
staticfield java/lang/invoke/DirectMethodHandle IMPL_NAMES Ljava/lang/invoke/MemberName$Factory; java/lang/invoke/MemberName$Factory
staticfield java/lang/invoke/DirectMethodHandle FT_UNCHECKED_REF I 8
staticfield java/lang/invoke/DirectMethodHandle ACCESSOR_FORMS [Ljava/lang/invoke/LambdaForm; 132 [Ljava/lang/invoke/LambdaForm;
staticfield java/lang/invoke/DirectMethodHandle ALL_WRAPPERS [Lsun/invoke/util/Wrapper; 10 [Lsun/invoke/util/Wrapper;
staticfield java/lang/invoke/DirectMethodHandle NFS [Ljava/lang/invoke/LambdaForm$NamedFunction; 12 [Ljava/lang/invoke/LambdaForm$NamedFunction;
staticfield java/lang/invoke/DirectMethodHandle OBJ_OBJ_TYPE Ljava/lang/invoke/MethodType; java/lang/invoke/MethodType
staticfield java/lang/invoke/DirectMethodHandle LONG_OBJ_TYPE Ljava/lang/invoke/MethodType; java/lang/invoke/MethodType
staticfield java/lang/invoke/DirectMethodHandle $assertionsDisabled Z 1
instanceKlass java/lang/invoke/VarHandleBooleans$FieldInstanceReadOnly
instanceKlass java/lang/invoke/VarHandleInts$FieldStaticReadOnly
instanceKlass java/lang/invoke/VarHandleReferences$Array
instanceKlass java/lang/invoke/VarHandleLongs$FieldInstanceReadOnly
instanceKlass java/lang/invoke/VarHandleReferences$FieldInstanceReadOnly
instanceKlass java/lang/invoke/VarHandleInts$FieldInstanceReadOnly
instanceKlass java/lang/invoke/VarHandleByteArrayAsLongs$ByteArrayViewVarHandle
instanceKlass java/lang/invoke/VarHandleByteArrayAsInts$ByteArrayViewVarHandle
instanceKlass java/lang/invoke/VarHandleReferences$FieldStaticReadOnly
ciInstanceKlass java/lang/invoke/VarHandle 1 1 368 1 7 1 7 1 100 1 100 1 100 1 100 1 7 1 7 1 100 1 7 1 7 1 1 1 1 1 1 100 1 100 1 1 1 1 1 1 1 1 1 1 1 1 1 1 1 1 1 1 12 10 1 12 10 12 9 12 9 1 1 1 100 10 1 1 1 1 1 1 1 1 1 1 1 1 1 1 1 1 1 1 1 1 1 1 1 1 1 1 1 1 1 1 1 1 1 1 1 1 1 1 1 1 1 1 1 1 1 1 1 8 1 1 12 10 1 7 1 12 10 1 1 12 10 1 100 1 1 12 10 1 1 1 12 9 1 1 12 10 1 100 1 1 12 10 1 1 12 10 1 1 12 9 1 12 10 1 1 12 9 1 12 10 1 12 10 1 1 1 1 1 12 9 1 1 12 9 1 12 10 1 1 100 1 100 10 1 8 1 1 12 10 1 12 10 1 8 12 10 1 12 10 1 1 12 10 1 1 12 9 1 12 10 1 1 12 10 1 12 10 1 1 10 1 100 1 1 12 10 1 1 12 10 1 1 12 10 1 1 12 10 1 100 1 1 12 10 1 1 1 1 100 1 12 10 12 9 10 1 1 12 9 1 12 10 1 12 10 1 1 12 10 1 12 10 1 100 1 1 12 10 1 1 12 9 1 1 12 10 12 9 1 12 10 1 12 10 1 100 1 12 10 1 100 10 1 1 7 1 1 12 9 12 9 1 7 1 1 12 10 1 12 10 1 1 12 10 1 1 12 10 1 12 10 1 12 10 1 1 12 10 10 1 7 1 1 12 10 12 9 8 1 1 12 10 1 7 1 1 12 10 1 1 1 1 1 1
staticfield java/lang/invoke/VarHandle AIOOBE_SUPPLIER Ljava/util/function/BiFunction; jdk/internal/util/Preconditions$1
staticfield java/lang/invoke/VarHandle VFORM_OFFSET J 16
staticfield java/lang/invoke/VarHandle $assertionsDisabled Z 1
ciInstanceKlass java/lang/invoke/MemberName 1 1 693 1 7 1 7 1 100 1 100 1 7 1 100 1 7 1 1 100 1 100 1 1 100 1 100 1 1 1 1 1 1 1 1 1 1 1 1 1 1 1 3 1 3 1 3 1 3 1 3 1 3 1 1 8 1 3 1 3 1 3 1 3 1 3 1 3 1 3 1 3 1 3 1 3 1 3 1 3 1 1 1 1 1 12 9 1 1 1 7 12 10 1 1 12 9 1 1 12 10 1 1 1 1 12 10 1 12 10 1 12 10 1 12 10 1 7 1 1 12 10 1 12 10 1 100 1 12 9 1 12 10 1 100 1 100 12 10 1 8 1 1 12 10 1 12 10 1 12 10 1 12 10 12 9 1 8 1 100 1 1 12 10 1 7 10 1 1 12 10 1 100 1 100 1 1 12 10 12 9 1 100 1 8 1 12 10 1 100 1 1 12 10 1 12 10 1 12 10 1 1 12 10 1 12 10 1 12 10 1 1 12 10 1 1 1 1 12 10 1 1 12 10 1 8 1 8 1 8 1 1 1 1 100 1 1 12 10 1 12 10 1 1 12 9 1 1 12 10 1 12 10 1 12 10 10 1 1 12 10 1 12 10 1 12 10 1 12 10 1 12 10 8 1 1 12 10 1 12 10 1 8 1 100 9 8 1 100 9 1 1 12 10 1 1 1 12 10 1 12 10 1 8 1 1 12 10 1 12 10 12 10 1 1 12 10 1 1 12 10 1 100 1 1 12 10 1 12 10 1 8 1 12 10 1 12 10 1 8 1 1 1 12 10 1 1 1 12 10 1 1 1 7 1 1 12 10 12 10 1 8 1 8 1 1 12 10 1 100 1 1 12 10 1 7 12 10 1 12 10 1 12 10 1 12 10 1 12 10 1 10 1 12 10 1 12 10 1 12 10 1 3 12 10 1 1 12 10 1 1 1 1 3 1 1 1 12 10 1 7 1 1 12 10 1 1 1 12 10 1 1 1 12 9 1 1 12 10 1 1 3 1 1 12 10 10 1 7 1 1 12 10 1 12 10 1 7 10 10 12 10 12 10 1 12 10 10 12 10 12 10 12 10 12 10 1 100 10 10 12 10 1 100 10 10 12 10 1 1 1 12 10 10 1 1 12 10 1 1 1 100 10 1 1 12 10 1 100 10 12 10 1 12 10 1 12 10 1 1 1 10 1 12 10 1 1 12 10 1 1 1 12 10 1 12 10 1 12 10 1 100 12 10 1 1 12 10 1 1 100 1 8 10 1 7 1 12 10 12 10 1 1 12 10 1 12 10 1 12 10 1 1 1 1 1 1 8 1 8 1 8 1 8 1 12 10 1 1 1 12 10 1 1 12 10 1 8 1 8 1 12 10 1 8 10 1 12 10 1 12 10 1 8 1 8 10 1 12 10 1 1 1 8 1 1 12 10 1 8 1 12 10 1 1 12 10 1 12 10 1 100 1 8 1 8 1 8 1 8 1 100 10 1 1 8 1 8 1 8 1 8 1 12 10 1 100 1 100 1 100 10 1 100 10 1 100 1 1 12 10 1 1 1 1 12 9 1 1 1 1 1 1 1 1
staticfield java/lang/invoke/MemberName $assertionsDisabled Z 1
ciInstanceKlass java/lang/invoke/ResolvedMethodName 1 1 10 1 100 1 100 1 1 12 10 1
ciInstanceKlass java/lang/invoke/MethodHandleNatives 1 1 606 1 7 1 7 1 100 1 100 1 1 7 1 7 1 1 7 1 1 7 1 1 7 1 7 1 1 7 1 100 1 1 1 1 1 1 1 1 12 10 1 1 1 1 1 1 1 1 100 1 100 1 1 1 1 1 1 1 1 1 1 1 1 1 1 1 1 1 1 1 1 1 1 12 9 12 10 1 100 10 1 1 12 10 12 10 1 1 1 1 12 10 1 1 1 1 8 1 8 1 8 1 8 1 8 1 8 1 8 1 8 1 8 1 8 1 7 1 1 1 1 1 100 1 100 1 100 12 10 1 7 1 1 12 10 1 100 1 1 12 10 1 7 10 1 1 12 10 1 8 1 12 10 1 8 1 1 12 10 1 8 1 1 12 10 1 100 1 1 12 9 1 8 1 100 1 1 12 10 1 100 12 10 1 100 1 8 1 1 1 7 10 1 12 10 1 7 1 7 1 12 9 1 1 12 10 1 12 10 1 1 7 1 1 12 10 1 7 1 1 12 10 1 7 1 1 12 10 1 12 10 1 100 1 1 12 10 1 1 12 10 1 12 9 1 8 1 12 10 1 8 1 12 10 1 8 1 8 1 8 1 12 10 1 8 1 1 1 1 12 10 1 12 10 1 1 100 1 1 12 10 1 8 1 100 1 1 12 10 1 7 1 8 1 12 10 1 8 1 8 1 8 1 8 1 8 1 1 1 1 1 1 1 1 12 10 1 1 1 1 12 10 1 12 10 1 100 1 1 12 10 1 1 12 10 1 12 10 1 12 10 1 12 10 1 8 1 8 10 1 1 1 12 10 1 1 12 10 1 8 1 100 1 1 12 10 1 8 1 8 1 100 1 1 12 10 1 1 12 10 1 1 12 10 1 1 12 9 1 1 12 10 10 1 12 10 1 12 9 1 1 12 10 1 12 9 1 12 9 1 1 12 10 1 12 10 1 100 1 1 12 10 1 7 1 1 12 10 1 12 10 1 1 12 10 1 1 12 10 1 12 10 1 8 1 12 10 1 12 10 1 1 12 10 1 12 10 1 1 7 1 1 12 10 1 1 12 10 1 100 1 8 10 1 1 1 1 1 12 9 1 1 12 10 1 12 10 1 1 12 10 1 1 12 10 1 100 1 100 10 10 1 100 1 100 10 1 100 10 1 1 12 10 1 1 100 10 1 12 10 1 12 10 1 1 12 10 1 1 12 10 1 1 1 12 10 12 10 1 12 10 10 1 8 1 100 1 12 10 1 1 12 10 1 12 10 1 12 10 1 1 12 10 1 12 10 1 1 1 1 1 12 9 1 7 1 1 12 10 12 9 1 7 12 11 1 1 12 10 12 10 10 12 10 1 7 1 1 12 10 1 1 1 1 1 1
staticfield java/lang/invoke/MethodHandleNatives JLA Ljdk/internal/access/JavaLangAccess; java/lang/System$2
staticfield java/lang/invoke/MethodHandleNatives $assertionsDisabled Z 1
ciInstanceKlass java/lang/invoke/LambdaForm 1 1 940 1 7 1 7 1 100 1 7 1 100 1 7 1 7 1 7 1 7 1 100 1 100 1 1 1 1 1 1 100 1 7 1 1 7 1 7 1 1 7 1 7 1 1 1 1 1 1 1 1 1 1 1 1 1 1 1 1 1 1 1 1 1 3 1 3 1 1 1 1 1 3 1 1 1 1 1 1 1 1 1 1 1 1 1 1 1 1 1 1 1 1 1 12 9 1 12 10 1 1 1 12 10 12 9 12 9 1 1 12 10 1 100 10 7 1 100 12 9 1 1 12 10 12 9 1 1 12 10 12 9 12 9 12 9 12 9 1 1 12 10 1 12 10 1 1 1 1 1 1 100 1 1 12 10 1 100 1 1 12 10 1 1 7 1 12 10 1 1 12 10 1 100 1 1 12 9 1 1 12 10 1 12 9 1 1 12 10 1 12 10 1 1 12 10 1 1 12 10 1 100 1 1 12 10 1 7 10 1 1 12 10 1 8 1 12 10 1 12 10 1 1 12 10 1 1 12 10 1 1 12 10 1 12 10 1 1 12 10 1 1 12 9 1 12 9 1 12 9 1 1 12 10 12 9 1 100 1 1 12 10 1 100 1 1 1 12 10 1 12 10 1 1 12 9 1 100 1 1 12 10 1 12 10 1 12 10 1 12 10 1 12 10 1 12 10 1 1 12 10 1 12 10 12 10 1 8 1 12 10 1 12 10 1 8 1 8 1 1 12 9 12 9 12 9 1 1 1 1 12 10 1 12 10 1 12 9 1 1 12 10 1 7 1 1 12 10 1 1 12 10 1 12 10 1 12 10 1 1 12 10 100 1 12 9 1 12 10 1 8 1 8 1 8 1 8 1 8 1 8 1 8 1 8 1 1 1 1 12 10 1 1 1 12 9 1 1 1 1 7 1 100 12 10 1 12 9 12 10 1 1 12 10 12 10 1 12 10 1 1 12 10 1 1 1 1 12 10 10 1 1 12 10 1 1 12 10 1 1 8 1 1 12 10 1 12 10 1 1 12 10 10 1 1 1 1 8 12 10 1 1 8 1 1 8 1 1 8 1 1 12 10 12 9 12 10 1 1 12 10 1 100 1 1 12 10 12 10 1 1 12 10 1 1 12 10 1 1 12 9 1 8 1 100 1 1 12 10 1 100 1 100 1 12 10 12 10 10 1 1 12 10 12 9 8 1 1 12 10 12 10 1 12 10 1 7 1 12 9 1 1 12 9 1 8 1 100 1 12 10 1 1 12 10 10 1 1 12 10 1 1 12 10 1 8 1 8 1 8 12 10 1 12 10 1 12 10 1 1 12 10 1 1 8 1 8 1 1 12 9 1 12 10 1 1 12 10 1 8 1 8 1 8 1 100 1 8 1 100 1 8 1 100 1 8 1 12 10 1 8 1 9 1 7 1 1 12 10 1 12 10 1 1 12 9 1 12 10 10 1 12 10 1 12 10 1 12 10 1 1 1 1 1 12 10 1 12 10 1 1 12 10 1 1 12 10 1 1 12 10 1 8 1 12 10 1 12 10 1 1 12 9 1 12 10 1 8 1 8 1 8 1 8 1 8 1 8 1 8 1 8 1 8 1 8 1 12 10 12 10 1 12 10 12 10 1 8 1 8 1 8 1 12 10 1 8 1 12 10 1 8 1 8 1 8 1 8 1 8 1 12 10 1 12 10 1 1 12 10 1 1 1 7 1 1 12 10 1 1 12 10 1 1 100 1 12 10 1 12 10 1 1 1 12 10 1 1 12 10 12 10 1 1 1 12 10 12 9 1 8 12 10 1 1 12 9 1 1 12 10 1 12 9 1 12 9 12 9 1 100 1 7 1 1 12 9 1 7 1 7 1 1 12 10 12 9 1 12 10 1 12 10 1 8 1 12 10 12 9 1 1 12 10 1 8 1 100 1 12 10 1 12 9 1 12 9 12 10 1 12 10 1 7 1 1 12 10 1 12 10 1 12 9 1 1 12 10 1 12 10 1 12 10 12 9 1 12 10 10 1 1 1 1 1 1 1 1 1 1 1 1 1 1 1 1 1 1 1 12 10 9 1 12 9 7 1 1 12 9 100 1 1 12 10 1 12 9 1 12 10 10 9 1 1 1 1 1 1 1 1
staticfield java/lang/invoke/LambdaForm COMPILE_THRESHOLD I 0
staticfield java/lang/invoke/LambdaForm INTERNED_ARGUMENTS [[Ljava/lang/invoke/LambdaForm$Name; 5 [[Ljava/lang/invoke/LambdaForm$Name;
staticfield java/lang/invoke/LambdaForm IMPL_NAMES Ljava/lang/invoke/MemberName$Factory; java/lang/invoke/MemberName$Factory
staticfield java/lang/invoke/LambdaForm LF_identity [Ljava/lang/invoke/LambdaForm; 6 [Ljava/lang/invoke/LambdaForm;
staticfield java/lang/invoke/LambdaForm LF_zero [Ljava/lang/invoke/LambdaForm; 6 [Ljava/lang/invoke/LambdaForm;
staticfield java/lang/invoke/LambdaForm NF_identity [Ljava/lang/invoke/LambdaForm$NamedFunction; 6 [Ljava/lang/invoke/LambdaForm$NamedFunction;
staticfield java/lang/invoke/LambdaForm NF_zero [Ljava/lang/invoke/LambdaForm$NamedFunction; 6 [Ljava/lang/invoke/LambdaForm$NamedFunction;
staticfield java/lang/invoke/LambdaForm createFormsLock Ljava/lang/Object; java/lang/Object
staticfield java/lang/invoke/LambdaForm DEBUG_NAME_COUNTERS Ljava/util/HashMap; null
staticfield java/lang/invoke/LambdaForm DEBUG_NAMES Ljava/util/HashMap; null
staticfield java/lang/invoke/LambdaForm TRACE_INTERPRETER Z 0
staticfield java/lang/invoke/LambdaForm $assertionsDisabled Z 1
ciInstanceKlass java/lang/invoke/MethodType 1 1 688 1 7 1 1 7 1 100 1 100 1 100 1 7 1 7 1 100 1 1 1 1 100 1 1 100 1 1 100 1 100 1 1 1 5 0 1 1 1 1 1 1 1 1 1 1 1 1 1 1 1 1 1 3 1 3 1 3 1 1 1 1 1 1 1 1 1 1 1 1 1 1 1 12 10 12 9 12 9 1 12 9 1 1 1 1 1 1 1 1 1 7 1 7 1 1 12 10 1 7 1 12 9 1 8 1 100 1 1 12 10 1 7 1 7 9 1 7 9 1 1 12 10 1 100 10 1 8 1 1 12 10 1 12 10 1 1 12 10 1 1 1 100 1 8 1 12 10 1 100 10 1 12 10 1 1 1 1 1 12 10 1 1 1 1 12 10 1 1 7 1 1 12 11 12 9 1 1 12 11 1 1 1 7 1 1 12 10 1 1 1 1 1 1 1 12 10 12 9 1 12 10 12 10 1 7 1 1 12 10 1 7 1 1 12 10 1 12 10 1 1 12 9 1 1 12 10 1 100 1 12 10 1 1 1 1 1 12 10 1 1 12 10 1 1 1 1 1 12 10 12 10 1 12 10 1 1 1 1 12 10 12 10 1 1 1 1 12 10 1 1 1 1 8 1 8 1 1 12 10 1 1 1 12 9 1 100 10 1 1 12 10 12 10 1 12 10 1 12 10 1 12 10 12 10 1 1 12 10 1 8 1 1 1 12 10 1 7 1 1 12 10 12 10 1 1 12 10 1 12 10 1 12 10 1 1 1 12 10 1 1 12 10 1 12 10 1 12 9 1 12 10 10 1 1 1 12 10 1 12 10 12 9 1 1 12 10 1 1 1 1 1 1 12 10 1 1 12 10 1 1 1 1 1 12 10 12 10 1 12 10 1 12 10 1 100 1 8 1 8 1 8 1 12 10 1 12 10 1 12 10 10 1 1 1 1 1 12 11 12 11 1 1 1 100 1 1 12 10 1 12 9 1 12 10 1 1 12 10 1 1 12 10 1 12 10 1 1 12 10 1 1 100 1 1 12 10 1 1 12 10 1 12 10 1 12 10 1 12 10 10 1 12 9 1 7 1 12 10 1 1 1 7 1 7 1 1 12 10 1 100 1 1 12 9 1 100 1 1 12 10 1 100 1 1 12 10 1 100 1 12 10 1 1 12 10 1 1 12 10 1 8 1 7 1 1 12 10 1 1 12 11 1 12 9 1 1 12 10 1 12 10 1 1 1 1 12 10 1 1 1 1 100 12 10 1 100 1 12 10 1 100 12 10 1 100 1 1 12 11 16 1 1 12 10 15 16 1 100 1 1 12 10 15 1 1 12 18 1 1 12 11 16 1 1 12 10 15 16 1 12 18 1 12 11 1 100 1 100 1 12 11 1 12 10 1 12 10 1 1 1 7 1 100 1 12 10 1 12 10 1 1 1 7 1 1 12 9 1 12 9 1 100 1 1 12 10 1 12 9 1 100 1 12 10 12 10 1 100 1 1 1 12 10 1 1 1 1 1 1 12 10 10 1 7 1 7 12 9 1 1 1 1 1 1 1 1 1
staticfield java/lang/invoke/MethodType internTable Ljava/lang/invoke/MethodType$ConcurrentWeakInternSet; java/lang/invoke/MethodType$ConcurrentWeakInternSet
staticfield java/lang/invoke/MethodType NO_PTYPES [Ljava/lang/Class; 0 [Ljava/lang/Class;
staticfield java/lang/invoke/MethodType objectOnlyTypes [Ljava/lang/invoke/MethodType; 20 [Ljava/lang/invoke/MethodType;
staticfield java/lang/invoke/MethodType METHOD_HANDLE_ARRAY [Ljava/lang/Class; 1 [Ljava/lang/Class;
staticfield java/lang/invoke/MethodType serialPersistentFields [Ljava/io/ObjectStreamField; 0 [Ljava/io/ObjectStreamField;
staticfield java/lang/invoke/MethodType $assertionsDisabled Z 1
ciInstanceKlass java/lang/BootstrapMethodError 0 0 35 1 100 1 100 1 1 5 0 1 1 12 10 1 12 10 1 12 10 1 1 100 1 1 12 10 1 100 1 1 12 10 1 1 1
instanceKlass java/lang/invoke/VolatileCallSite
instanceKlass java/lang/invoke/MutableCallSite
instanceKlass java/lang/invoke/ConstantCallSite
ciInstanceKlass java/lang/invoke/CallSite 1 1 267 1 7 1 7 1 7 1 100 1 1 100 1 100 1 1 1 1 1 1 1 1 1 1 1 1 1 1 1 12 10 1 1 12 10 12 9 1 1 12 10 12 9 1 1 7 1 1 12 10 1 1 100 12 10 1 100 1 1 12 10 1 12 10 1 100 1 1 12 9 1 100 1 12 10 1 1 1 1 1 1 12 10 1 7 1 100 1 100 10 1 100 1 1 12 10 1 1 12 10 1 8 1 12 10 1 1 12 10 1 12 10 1 1 1 12 10 1 1 12 10 10 1 12 10 1 1 12 10 1 100 12 9 1 1 12 9 8 1 1 12 10 1 1 12 10 1 1 12 10 1 12 9 1 8 1 100 1 12 10 1 12 10 1 100 1 8 10 1 12 10 1 1 12 10 1 100 1 1 12 10 12 10 1 12 10 1 1 12 10 1 1 12 10 1 1 12 9 8 1 1 12 10 12 9 1 100 10 12 10 1 1 12 10 1 12 10 1 1 12 10 1 1 12 10 1 1 1 1 100 1 7 1 1 12 10 1 100 1 8 10 1 7 12 10 1 1 12 10 1 100 1 8 1 12 10 1 1 1 12 10 1 1 1 1 1 1
staticfield java/lang/invoke/CallSite $assertionsDisabled Z 1
ciInstanceKlass jdk/internal/invoke/NativeEntryPoint 0 0 80 1 100 1 100 1 1 1 1 1 1 1 1 1 1 1 1 1 1 12 10 12 9 1 100 1 1 12 10 100 12 9 12 9 12 9 12 9 12 9 1 1 1 100 1 8 1 12 10 1 100 1 1 12 11 1 1 12 10 12 10 1 100 1 12 11 1 12 11 1 1 12 10 1 1 1 12 10 1 1
ciInstanceKlass java/lang/invoke/MethodHandleNatives$CallSiteContext 1 1 40 1 7 1 7 1 100 1 7 1 1 100 1 7 1 1 1 12 10 1 1 10 1 7 1 1 12 10 1 1 12 10 1 1 1 12 10 1 1 1
ciInstanceKlass java/lang/invoke/ConstantCallSite 1 1 55 1 7 1 7 1 1 1 1 1 1 1 12 10 12 9 12 9 1 7 1 1 12 10 1 1 100 12 10 1 1 1 100 12 10 1 1 12 9 1 1 100 10 1 12 10 1 1 1 12 10 1 1 1 1
staticfield java/lang/invoke/ConstantCallSite UNSAFE Ljdk/internal/misc/Unsafe; jdk/internal/misc/Unsafe
ciInstanceKlass java/lang/invoke/MutableCallSite 0 0 52 1 100 1 100 1 1 1 1 12 10 1 12 10 1 1 1 1 12 9 1 1 12 10 1 1 12 10 1 1 12 9 1 100 1 1 12 10 1 100 1 100 1 1 12 10 1 1 12 10 1 1
ciInstanceKlass java/lang/invoke/VolatileCallSite 0 0 26 1 100 1 100 1 1 12 10 1 12 10 1 1 1 12 10 1 1 12 10 1 1 12 10 1
ciInstanceKlass java/lang/AssertionStatusDirectives 0 0 18 1 100 1 100 1 1 1 1 1 1 1 1 1 1 12 10 1
instanceKlass java/lang/StringBuilder
instanceKlass java/lang/StringBuffer
ciInstanceKlass java/lang/AbstractStringBuilder 1 1 485 1 7 1 7 1 100 1 7 1 100 1 7 1 1 100 1 7 1 1 100 1 100 1 100 1 1 100 1 100 1 1 1 1 1 1 1 1 1 3 1 1 12 10 12 9 12 9 1 1 7 1 1 12 9 12 9 1 1 12 10 1 1 1 12 10 3 3 1 12 10 100 1 1 12 10 1 11 1 100 1 100 10 1 8 1 12 10 1 12 10 1 1 12 10 12 10 1 12 10 1 12 10 1 1 12 9 1 1 12 10 1 12 10 10 1 12 10 1 12 10 1 1 1 12 10 1 1 12 10 1 7 1 1 12 10 1 7 1 1 12 10 1 100 1 8 10 1 1 12 10 1 1 1 100 12 10 1 1 12 10 10 1 1 1 1 12 10 1 12 10 1 1 1 12 10 1 1 1 12 10 1 1 1 100 10 1 12 10 1 1 100 1 12 10 1 1 1 1 12 10 1 12 10 1 12 10 10 1 1 1 1 12 10 12 10 1 12 10 1 1 1 12 10 1 1 12 10 1 1 12 10 1 1 12 10 10 1 1 12 10 1 12 10 1 1 12 10 1 8 1 1 12 10 1 12 10 1 1 12 10 1 1 1 12 10 1 1 1 7 1 12 10 1 12 10 1 12 10 1 1 7 1 12 10 1 12 10 1 12 10 1 1 7 1 1 12 10 1 1 12 10 1 1 1 12 10 1 1 12 10 12 10 1 1 12 10 12 10 1 1 1 1 1 1 12 10 1 1 1 1 12 10 10 1 7 1 1 12 10 1 1 1 12 10 1 12 10 1 1 12 10 1 1 1 12 10 1 12 10 1 12 10 1 1 12 10 1 12 10 1 1 12 10 1 1 12 10 1 1 12 10 1 1 1 12 10 1 12 10 1 12 10 12 10 1 1 12 10 1 1 1 16 1 1 12 10 15 16 1 100 1 1 12 10 15 1 1 12 18 1 100 1 1 12 10 1 1 12 10 15 18 1 1 1 1 1 12 10 1 12 10 1 1 12 10 12 11 1 12 10 1 12 10 1 100 10 12 10 10 1 8 1 8 1 8 10 10 1 1 100 1 1 1 12 10 10 10 1 1 1 1 1 1 1
staticfield java/lang/AbstractStringBuilder EMPTYVALUE [B 0
ciInstanceKlass java/lang/StringBuffer 1 1 417 1 7 1 1 7 1 100 1 100 1 100 1 100 1 100 1 1 100 1 100 1 1 1 1 1 5 0 1 1 1 1 1 1 12 10 1 12 10 1 12 10 1 1 1 12 10 1 1 1 1 12 9 1 12 10 1 12 10 1 12 10 1 12 9 12 10 1 1 12 10 1 1 12 10 1 12 10 1 1 12 10 1 12 10 1 1 12 10 1 1 12 10 1 1 1 100 1 1 12 10 1 12 10 1 1 1 12 10 1 1 12 10 1 1 12 10 1 1 12 10 1 1 12 10 1 1 12 10 1 1 12 10 1 1 12 10 1 1 12 10 1 12 10 1 1 12 10 1 1 12 10 1 1 12 10 1 1 1 12 10 1 12 10 1 1 1 12 10 1 1 1 12 10 1 1 10 1 1 1 12 10 1 1 12 10 1 1 1 12 10 1 1 12 10 1 1 12 10 1 1 12 10 1 1 12 10 12 10 1 1 12 10 1 1 12 10 1 1 12 10 1 1 12 10 1 12 10 1 12 10 10 1 1 1 12 10 1 1 1 1 12 10 1 1 12 9 1 7 1 1 12 10 1 100 10 10 1 1 1 100 1 1 12 10 10 1 12 10 1 7 10 8 1 1 12 10 8 1 12 10 1 8 1 12 10 1 12 10 1 1 1 100 1 1 12 10 1 1 12 10 12 10 1 100 1 8 10 1 1 12 10 1 1 12 10 1 1 12 10 1 12 10 12 10 12 10 12 10 12 10 12 10 12 10 12 10 12 10 12 10 12 10 12 10 1 12 10 12 10 12 10 12 10 12 10 12 10 12 10 12 10 12 10 12 10 12 10 12 10 12 10 12 10 12 10 12 10 12 10 12 10 12 10 1 12 10 1 1 1 1 12 10 1 1 7 1 12 10 1 7 1 1 12 9 1 7 9 12 9 1 1 1 1 1 1 1
staticfield java/lang/StringBuffer serialPersistentFields [Ljava/io/ObjectStreamField; 3 [Ljava/io/ObjectStreamField;
ciInstanceKlass java/lang/StringBuilder 1 1 371 1 7 1 1 7 1 100 1 100 1 100 1 1 5 0 1 1 1 1 12 10 1 12 10 1 12 10 1 1 1 12 10 1 1 1 7 1 1 12 10 1 12 10 1 12 10 1 1 12 10 1 1 12 10 1 1 12 10 1 1 12 10 1 1 12 10 1 1 12 10 1 1 12 10 1 1 12 10 1 1 12 10 1 1 12 10 1 1 12 10 1 12 10 1 1 1 12 10 1 12 10 1 1 1 12 10 1 1 1 12 10 1 1 12 10 1 1 12 10 1 1 12 10 1 1 12 10 1 1 12 10 1 1 12 10 1 1 12 10 12 10 1 1 12 10 1 1 12 10 1 1 12 10 1 1 12 10 1 12 10 1 12 10 12 10 1 1 1 12 10 1 1 1 1 12 10 1 1 12 9 1 1 12 9 1 7 1 1 12 10 1 7 10 1 1 1 100 1 100 1 12 10 1 12 10 1 1 12 10 1 1 12 10 1 100 10 1 12 10 1 1 1 100 1 100 1 12 10 1 12 10 1 12 10 1 100 1 8 10 1 1 12 10 1 1 12 10 1 12 10 12 10 12 10 12 10 12 10 12 10 12 10 12 10 12 10 12 10 12 10 12 10 12 10 12 10 1 1 12 10 1 1 12 10 1 12 10 12 10 12 10 12 10 12 10 12 10 12 10 12 10 12 10 12 10 12 10 12 10 12 10 12 10 12 10 12 10 1 12 10 1 1 12 10 1 12 10 1 1 12 10 1 12 10 1 1 12 10 1 12 10 1 1 12 10 1 12 10 1 12 10 1 12 10 10 1 12 10 1 1 1 1 12 10 1 1 1 1 1 1
ciInstanceKlass jdk/internal/misc/UnsafeConstants 1 1 28 1 7 1 100 1 1 1 1 1 1 1 1 1 12 10 1 12 9 12 9 12 9 12 9 12 9 1
staticfield jdk/internal/misc/UnsafeConstants ADDRESS_SIZE0 I 8
staticfield jdk/internal/misc/UnsafeConstants PAGE_SIZE I 4096
staticfield jdk/internal/misc/UnsafeConstants BIG_ENDIAN Z 0
staticfield jdk/internal/misc/UnsafeConstants UNALIGNED_ACCESS Z 1
staticfield jdk/internal/misc/UnsafeConstants DATA_CACHE_LINE_FLUSH_SIZE I 0
ciInstanceKlass jdk/internal/misc/Unsafe 1 1 1203 1 7 1 7 1 1 1 1 3 1 1 1 1 1 1 1 1 1 1 1 1 1 1 1 1 1 1 1 1 1 1 12 10 1 1 12 9 1 1 1 1 1 1 1 1 1 1 1 1 1 1 1 1 1 1 1 1 1 1 1 1 1 1 1 1 1 1 1 1 1 1 1 1 1 1 1 12 9 12 10 1 7 1 1 12 10 12 10 1 12 10 12 10 1 1 1 12 10 1 12 10 1 12 10 1 12 10 1 12 10 1 12 10 1 1 1 1 1 12 10 1 12 10 1 12 10 1 12 10 12 10 12 10 1 1 1 100 10 1 1 1 1 12 10 12 10 1 5 0 1 1 1 12 10 12 10 1 1 1 1 7 1 1 12 10 1 1 12 10 1 12 10 1 12 10 12 10 1 1 12 10 1 12 10 1 12 10 1 100 1 100 10 1 8 1 1 12 10 1 12 10 1 8 1 1 12 10 1 12 10 12 10 1 1 1 12 10 1 12 10 1 12 10 1 1 1 12 10 1 12 10 1 12 10 12 10 1 1 1 12 10 1 12 10 1 12 10 1 1 1 12 10 1 12 10 5 0 5 0 5 0 1 12 10 1 12 10 1 12 10 1 1 12 10 1 12 10 1 12 10 1 12 10 1 12 10 1 1 12 10 1 12 10 1 12 10 1 100 1 8 10 1 1 1 100 10 1 12 10 1 1 1 12 10 1 1 12 10 1 1 1 12 10 1 1 1 1 12 10 1 1 12 10 1 1 1 1 12 10 1 1 12 10 1 1 1 7 1 12 9 1 12 9 1 1 1 1 100 10 1 12 10 1 1 1 1 100 1 1 1 1 8 10 1 8 1 8 1 12 10 1 7 1 1 12 9 1 100 9 1 7 9 1 7 9 9 1 100 9 1 7 9 1 100 9 1 1 1 1 1 1 1 12 10 1 1 12 10 1 1 1 1 1 1 1 1 12 10 1 1 12 10 1 1 1 1 1 5 0 5 0 1 1 12 9 1 12 10 12 10 1 1 12 10 1 12 10 1 12 10 1 1 1 1 1 1 1 8 3 1 1 12 10 1 12 10 1 12 10 1 1 1 1 1 1 1 1 1 1 12 10 1 1 12 10 1 12 10 1 12 10 1 1 12 10 1 12 10 1 12 10 1 1 1 1 1 1 12 10 1 12 10 1 12 10 1 12 10 1 1 12 10 1 12 10 1 12 10 1 1 1 1 12 10 1 1 1 1 12 10 1 12 10 1 12 10 1 12 10 1 12 10 1 12 10 1 1 1 1 1 12 10 1 1 12 10 1 1 1 1 12 10 1 12 10 1 1 12 10 1 1 12 10 1 1 12 10 1 1 12 10 1 1 12 10 1 1 12 10 1 1 1 1 1 1 1 1 1 1 1 1 1 1 1 1 1 1 12 10 1 12 10 1 12 10 1 12 10 1 12 10 1 1 12 10 1 12 10 1 12 10 1 12 10 1 12 10 1 12 10 1 12 10 1 12 10 1 12 10 1 12 10 1 12 10 1 12 10 1 1 1 1 1 1 1 1 1 1 1 1 1 1 1 1 1 1 1 1 1 1 1 1 1 12 10 1 1 1 1 12 10 1 1 1 1 12 10 1 1 1 1 12 10 1 1 1 1 12 10 1 1 12 10 1 12 10 1 12 10 1 1 1 1 1 1 1 1 1 1 1 1 1 1 1 1 12 10 1 12 10 12 10 1 12 10 12 10 1 1 1 1 1 12 10 1 12 10 1 12 10 1 1 1 1 12 10 1 12 10 1 12 10 1 12 10 1 12 10 1 12 10 1 12 10 1 12 10 1 12 10 1 1 12 10 1 1 12 10 1 1 12 10 1 1 12 10 1 1 12 10 1 1 12 10 1 1 12 10 1 1 12 10 1 1 12 10 1 1 12 10 1 1 12 10 1 1 12 10 1 1 12 10 1 1 12 10 1 1 12 10 1 1 12 10 1 1 12 10 1 1 12 10 1 1 1 1 1 1 1 1 1 1 1 1 1 1 1 1 1 1 1 1 1 1 12 10 1 12 10 1 1 100 10 1 1 100 10 1 1 1 12 9 1 5 0 1 1 12 10 5 0 1 12 10 5 0 1 12 10 1 12 10 1 1 12 10 1 1 1 12 10 1 12 10 1 12 10 1 12 10 1 1 1 12 10 1 12 10 1 12 10 1 1 12 10 1 12 10 1 1 1 12 10 1 12 10 1 12 10 1 12 10 1 1 1 12 10 1 12 10 1 12 10 1 1 1 12 10 1 12 10 1 1 12 10 1 1 1 12 10 12 10 1 12 10 10 1 1 12 10 1 12 10 1 1 1 12 10 12 10 12 10 5 0 5 0 5 0 1 1 12 10 1 12 10 1 12 10 12 10 1 1 1 100 1 12 10 1 8 1 100 1 1 12 11 1 8 1 1 12 11 1 100 1 12 10 1 1 1 1 1 3 1 1 1 12 10 1 12 10 1 1 12 10 1 12 10 1 12 10 1 12 10 1 12 10 1 1 1 12 10 1 12 10 1 1 1 12 10 1 1 12 10 10 1 7 12 10 12 9 1 7 12 9 1 7 12 9 1 7 12 9 1 7 12 9 1 7 12 9 1 7 12 9 1 7 12 9 1 7 12 9 12 10 12 9 12 9 12 9 12 9 12 9 12 9 12 9 12 9 12 9 1 12 9 1 1 1 1 1 1 1
staticfield jdk/internal/misc/Unsafe theUnsafe Ljdk/internal/misc/Unsafe; jdk/internal/misc/Unsafe
staticfield jdk/internal/misc/Unsafe ARRAY_BOOLEAN_BASE_OFFSET I 16
staticfield jdk/internal/misc/Unsafe ARRAY_BYTE_BASE_OFFSET I 16
staticfield jdk/internal/misc/Unsafe ARRAY_SHORT_BASE_OFFSET I 16
staticfield jdk/internal/misc/Unsafe ARRAY_CHAR_BASE_OFFSET I 16
staticfield jdk/internal/misc/Unsafe ARRAY_INT_BASE_OFFSET I 16
staticfield jdk/internal/misc/Unsafe ARRAY_LONG_BASE_OFFSET I 16
staticfield jdk/internal/misc/Unsafe ARRAY_FLOAT_BASE_OFFSET I 16
staticfield jdk/internal/misc/Unsafe ARRAY_DOUBLE_BASE_OFFSET I 16
staticfield jdk/internal/misc/Unsafe ARRAY_OBJECT_BASE_OFFSET I 16
staticfield jdk/internal/misc/Unsafe ARRAY_BOOLEAN_INDEX_SCALE I 1
staticfield jdk/internal/misc/Unsafe ARRAY_BYTE_INDEX_SCALE I 1
staticfield jdk/internal/misc/Unsafe ARRAY_SHORT_INDEX_SCALE I 2
staticfield jdk/internal/misc/Unsafe ARRAY_CHAR_INDEX_SCALE I 2
staticfield jdk/internal/misc/Unsafe ARRAY_INT_INDEX_SCALE I 4
staticfield jdk/internal/misc/Unsafe ARRAY_LONG_INDEX_SCALE I 8
staticfield jdk/internal/misc/Unsafe ARRAY_FLOAT_INDEX_SCALE I 4
staticfield jdk/internal/misc/Unsafe ARRAY_DOUBLE_INDEX_SCALE I 8
staticfield jdk/internal/misc/Unsafe ARRAY_OBJECT_INDEX_SCALE I 4
staticfield jdk/internal/misc/Unsafe ADDRESS_SIZE I 8
ciInstanceKlass jdk/internal/module/Modules 1 1 441 1 7 1 100 1 100 1 100 1 1 100 1 1 100 1 100 1 1 1 1 1 1 1 1 1 1 1 12 10 1 1 12 9 1 7 12 11 1 1 12 11 1 1 12 11 1 1 12 11 1 12 11 1 12 11 1 12 11 1 12 11 1 1 1 12 11 1 1 1 1 100 1 1 12 10 1 100 1 1 12 10 1 16 1 1 12 10 15 16 1 100 1 1 12 10 15 1 1 12 18 1 100 1 1 12 10 1 100 1 100 1 12 10 1 7 1 7 1 100 1 100 1 1 12 10 1 100 1 12 10 1 12 10 1 12 11 1 1 1 12 9 1 7 1 12 11 1 1 1 12 10 10 1 12 10 10 1 1 12 9 1 12 10 1 1 12 10 1 100 1 12 10 1 100 1 100 1 1 12 11 1 100 1 1 12 10 1 100 1 12 11 1 1 12 10 1 100 1 12 10 1 100 1 1 12 10 1 1 12 10 1 1 12 10 1 1 12 11 16 1 1 12 10 15 1 16 1 1 12 18 1 100 1 12 11 1 100 1 1 12 10 1 100 1 1 12 11 1 100 1 100 1 1 12 11 1 100 1 1 12 11 1 12 11 1 1 12 10 1 12 10 1 16 1 12 10 15 1 16 1 1 12 18 1 1 12 11 1 16 1 1 12 10 15 1 16 1 1 12 18 1 1 12 11 1 12 10 10 15 1 16 18 1 1 12 10 15 1 16 18 1 1 12 10 12 9 1 100 1 1 12 11 1 100 10 1 12 11 1 1 12 11 1 1 12 11 10 1 100 1 1 12 10 1 100 1 12 10 1 12 10 12 11 1 12 10 1 100 10 1 1 12 10 15 16 1 12 18 1 1 12 10 1 1 1 100 1 8 1 12 10 1 12 10 1 1 12 10 15 16 1 12 18 11 12 11 1 12 10 10 10 1 1 12 10 15 1 12 18 10 10 1 1 12 10 1 7 1 1 12 10 1 1 12 10 1 1 1 1 1
staticfield jdk/internal/module/Modules JLA Ljdk/internal/access/JavaLangAccess; java/lang/System$2
staticfield jdk/internal/module/Modules JLMA Ljdk/internal/access/JavaLangModuleAccess; java/lang/module/ModuleDescriptor$1
staticfield jdk/internal/module/Modules $assertionsDisabled Z 1
ciInstanceKlass java/io/Closeable 1 0 12 1 100 1 100 1 100 1 1 1 100 1
instanceKlass sun/net/www/http/ChunkedInputStream
instanceKlass com/esotericsoftware/kryo/io/Input
instanceKlass org/gradle/internal/serialize/kryo/KryoBackedDecoder$1
instanceKlass org/gradle/internal/remote/internal/inet/SocketConnection$SocketInputStream
instanceKlass java/lang/ProcessBuilder$NullInputStream
instanceKlass org/gradle/util/internal/BulkReadInputStream
instanceKlass org/gradle/internal/stream/EncodedStream$EncodedInput
instanceKlass org/gradle/internal/serialize/AbstractDecoder$DecoderStream
instanceKlass org/gradle/internal/io/RandomAccessFileInputStream
instanceKlass org/gradle/internal/io/StreamByteBuffer$StreamByteBufferInputStream
instanceKlass sun/nio/ch/NioSocketImpl$1
instanceKlass java/net/Socket$SocketInputStream
instanceKlass sun/security/ssl/SSLSocketImpl$AppInputStream
instanceKlass sun/nio/ch/ChannelInputStream
instanceKlass java/io/ObjectInputStream$PeekInputStream
instanceKlass java/io/ObjectInputStream$BlockDataInputStream
instanceKlass org/eclipse/core/internal/resources/ContentDescriptionManager$LazyFileInputStream
instanceKlass java/io/ObjectInputStream
instanceKlass org/eclipse/core/internal/localstore/SafeChunkyInputStream
instanceKlass org/eclipse/core/internal/registry/BufferedRandomInputStream
instanceKlass com/sun/org/apache/xerces/internal/impl/XMLEntityManager$RewindableInputStream
instanceKlass org/eclipse/osgi/storage/url/reference/ReferenceInputStream
instanceKlass java/util/jar/JarVerifier$VerifierStream
instanceKlass java/util/zip/ZipFile$ZipFileInputStream
instanceKlass java/io/FilterInputStream
instanceKlass java/io/FileInputStream
instanceKlass java/io/ByteArrayInputStream
ciInstanceKlass java/io/InputStream 1 1 150 1 7 1 7 1 100 1 100 1 1 3 1 3 1 3 1 1 12 10 1 1 10 1 1 1 100 1 1 12 10 1 7 1 1 12 10 12 10 1 1 3 1 1 12 10 1 100 1 8 1 12 10 1 7 1 7 1 7 1 1 12 10 1 100 1 8 10 1 7 1 1 12 10 1 7 10 1 1 12 11 1 1 12 10 1 1 12 11 1 7 1 1 12 11 1 1 12 11 1 7 1 1 12 10 1 1 5 0 1 12 10 1 1 12 10 1 100 10 1 8 10 1 1 1 1 1 1 8 1 1 1 1 8 1 1 12 10 1 7 1 1 12 10 1 1 1 1 1 1
ciInstanceKlass java/io/ByteArrayInputStream 1 1 77 1 7 1 7 1 1 1 1 1 1 1 1 1 12 10 12 9 12 9 12 9 12 9 1 1 7 1 1 12 10 1 1 1 1 7 1 1 12 10 1 7 1 1 12 10 1 1 1 100 1 1 12 10 1 12 10 1 1 1 100 1 7 1 12 10 1 1 1 1 1 1 1 1 1 1 1
ciInstanceKlass java/net/URL 1 1 672 1 7 1 7 1 100 1 7 1 7 1 7 1 7 1 100 1 100 1 1 7 1 7 1 1 1 1 1 8 1 1 5 0 1 1 8 1 1 1 1 1 1 1 1 1 1 1 1 1 1 1 1 1 1 1 1 1 1 1 1 1 1 1 1 1 1 1 1 1 7 1 12 10 1 12 10 1 12 10 12 9 12 9 1 7 1 1 12 10 1 1 12 10 1 7 1 7 1 1 12 10 12 9 1 1 12 10 1 8 1 1 12 10 1 7 10 1 1 12 10 1 8 1 1 12 10 12 9 1 8 1 12 10 1 12 10 1 8 12 9 1 1 12 10 12 9 1 12 10 1 12 10 12 9 12 9 1 8 12 9 1 1 12 10 1 8 12 9 1 1 12 10 1 7 1 1 12 10 1 8 1 12 10 1 7 1 12 10 1 12 10 1 12 10 1 100 1 1 12 10 1 1 12 10 1 8 1 1 12 10 1 12 10 1 8 12 9 1 8 1 12 10 1 1 12 10 1 12 10 1 1 12 10 1 1 1 7 1 1 12 10 1 100 1 8 10 1 12 10 1 8 1 1 12 10 1 12 10 1 12 10 1 12 10 1 12 10 1 12 10 1 8 1 12 10 10 1 7 1 1 12 10 1 12 10 1 100 1 1 12 9 1 100 1 1 12 10 1 1 12 9 1 100 1 1 1 100 1 100 1 12 10 1 100 1 1 12 10 1 1 1 1 1 12 10 1 1 1 1 12 10 1 12 10 1 1 12 10 1 12 10 12 10 1 1 1 7 10 10 1 12 10 1 12 10 1 1 1 7 1 12 10 1 1 8 1 1 12 9 1 100 1 1 12 10 1 1 12 10 1 1 12 9 1 1 12 10 1 100 1 12 10 1 12 10 10 1 1 12 10 1 12 10 12 10 1 12 10 1 1 12 10 1 7 1 12 10 1 1 12 10 1 1 12 10 1 1 12 9 12 9 1 100 1 8 10 1 12 10 12 9 1 7 1 12 10 1 7 1 1 7 1 7 1 12 10 1 8 1 1 12 10 1 100 1 12 10 1 8 1 8 1 7 1 1 12 10 1 100 1 1 12 10 1 12 10 1 12 10 1 1 1 10 1 12 9 1 7 1 12 10 1 8 1 12 10 10 1 7 1 1 12 10 8 1 7 1 1 12 9 1 12 10 1 1 12 10 1 12 10 12 10 1 7 1 12 10 1 12 11 12 10 12 10 12 9 1 1 12 10 1 1 1 7 1 12 10 1 1 1 1 12 10 8 1 12 10 10 8 8 1 12 10 8 8 8 1 7 1 12 10 12 9 1 1 7 12 10 1 1 12 10 1 12 10 12 10 1 1 12 10 1 1 12 10 10 10 12 10 12 10 12 10 1 12 10 1 7 1 12 10 10 1 12 10 1 8 10 10 1 1 12 10 1 12 10 1 1 12 10 1 10 10 10 1 7 1 12 10 1 7 1 1 12 9 12 9 10 1 7 1 1 12 10 1 1 1 1 1 1 1
staticfield java/net/URL defaultFactory Ljava/net/URLStreamHandlerFactory; java/net/URL$DefaultFactory
staticfield java/net/URL streamHandlerLock Ljava/lang/Object; java/lang/Object
staticfield java/net/URL serialPersistentFields [Ljava/io/ObjectStreamField; 7 [Ljava/io/ObjectStreamField;
ciInstanceKlass java/util/jar/Manifest 1 1 290 1 7 1 7 1 100 1 7 1 100 1 7 1 1 1 1 1 1 1 1 1 1 1 12 10 1 7 10 12 9 1 7 10 12 9 12 9 1 1 100 1 12 10 1 1 12 10 1 1 1 12 10 1 1 12 10 1 1 12 10 11 1 1 1 1 1 12 11 1 12 10 1 100 1 1 12 10 1 100 1 100 10 1 8 1 1 12 10 1 1 12 10 1 12 10 1 12 10 11 1 1 1 100 12 10 1 1 12 10 1 1 12 11 1 12 10 1 1 12 11 1 100 1 1 12 11 1 100 1 12 11 1 1 12 11 1 12 10 1 8 1 12 11 1 7 1 1 12 10 1 12 11 12 10 1 12 10 1 1 1 1 1 1 100 1 1 12 10 1 8 1 1 12 10 10 1 7 1 1 12 9 1 1 12 10 1 100 12 10 1 100 1 12 10 1 12 10 1 1 1 100 1 1 12 9 1 8 1 12 10 1 8 1 8 12 10 1 12 10 1 100 1 1 12 10 1 8 12 10 1 8 10 1 1 12 10 1 8 1 1 12 10 1 7 1 1 12 10 1 12 10 10 1 1 12 11 1 12 10 1 7 1 1 12 10 1 1 12 10 1 1 12 10 11 1 12 10 11 1 12 10 1 1 1 1 1 1 1 1
instanceKlass jdk/internal/loader/ClassLoaders$BootClassLoader
instanceKlass jdk/internal/loader/ClassLoaders$PlatformClassLoader
instanceKlass jdk/internal/loader/ClassLoaders$AppClassLoader
ciInstanceKlass jdk/internal/loader/BuiltinClassLoader 1 1 654 1 7 1 7 1 100 1 7 1 7 1 100 1 100 1 7 1 7 1 1 7 1 100 1 1 7 1 7 1 1 100 1 7 1 1 1 100 1 100 1 1 1 1 1 1 1 1 1 1 1 1 1 1 1 1 1 1 1 1 12 9 1 1 1 7 1 1 12 10 1 7 1 7 1 7 1 12 10 12 9 12 9 1 7 1 12 10 12 9 1 12 10 12 9 1 1 1 12 10 1 1 1 1 1 1 1 7 1 1 12 10 1 1 12 10 1 7 1 1 12 11 1 100 1 100 10 1 1 12 10 1 8 1 12 10 12 10 1 12 10 1 1 12 10 1 7 1 1 12 11 1 7 1 12 11 1 1 12 11 1 8 1 8 10 12 9 1 7 1 12 10 1 1 1 1 12 11 1 1 1 100 1 12 10 1 7 1 1 12 10 1 1 12 10 1 1 1 7 1 1 12 10 12 10 1 1 12 10 1 7 1 1 12 10 1 7 1 1 12 11 1 7 1 12 10 1 7 1 1 12 10 1 12 10 1 8 1 1 12 10 10 1 8 1 1 12 10 1 1 12 10 1 1 12 10 1 7 1 12 11 1 12 11 1 1 1 1 7 10 1 1 12 11 11 1 12 10 1 12 10 1 1 100 1 7 12 10 1 12 10 1 12 10 1 7 1 1 12 10 1 1 12 10 1 100 1 100 1 12 11 1 7 1 12 10 1 1 12 10 1 100 1 12 10 1 12 10 16 1 12 10 15 16 1 100 1 1 12 10 15 1 1 12 18 1 12 10 1 12 10 1 12 10 15 1 16 18 1 100 1 7 1 12 10 1 1 1 1 7 10 1 1 12 10 1 1 12 10 1 7 1 12 10 1 1 1 12 10 12 9 1 100 10 1 1 1 1 12 10 1 1 12 10 1 12 10 1 100 12 10 1 1 12 10 1 100 1 1 12 10 1 1 12 10 1 12 10 1 1 1 12 10 1 12 10 15 1 16 1 12 18 1 1 12 10 1 12 10 1 1 12 10 1 12 10 1 7 1 12 10 1 1 12 10 1 1 12 10 1 12 10 1 7 1 12 11 1 12 10 1 7 1 100 1 12 10 1 12 10 1 1 12 11 1 1 1 12 10 1 1 12 10 1 1 12 10 1 1 12 10 1 12 10 1 12 10 1 12 10 1 7 1 12 10 1 8 1 1 12 10 1 12 10 1 12 10 1 100 1 8 1 8 10 1 12 10 1 8 1 8 1 7 1 1 12 10 1 7 1 1 12 11 1 1 12 9 1 1 12 10 1 12 9 1 12 9 1 12 9 1 12 9 1 12 9 1 12 9 1 7 1 1 12 10 1 8 1 12 10 1 1 1 7 12 10 1 12 10 10 1 1 12 11 12 10 1 12 10 1 12 10 1 12 10 1 12 10 10 1 1 1 12 10 1 12 10 1 8 1 7 1 12 10 12 10 1 1 1 1 1 1 1 1
staticfield jdk/internal/loader/BuiltinClassLoader packageToModule Ljava/util/Map; java/util/concurrent/ConcurrentHashMap
staticfield jdk/internal/loader/BuiltinClassLoader $assertionsDisabled Z 1
ciInstanceKlass jdk/internal/loader/ClassLoaders 1 1 162 1 7 1 100 1 7 1 7 1 7 1 1 1 1 1 1 1 1 1 1 1 1 1 12 10 1 1 1 7 1 1 12 10 1 1 12 10 1 100 1 1 12 10 1 1 12 9 1 1 12 9 1 12 9 1 1 1 1 100 1 100 1 7 1 100 1 1 12 11 1 100 1 1 12 11 1 1 12 11 1 100 1 1 12 10 1 100 1 1 12 10 1 100 1 1 7 1 1 12 10 12 9 12 10 12 10 1 12 10 1 8 1 7 1 1 12 10 1 1 12 10 1 7 1 12 10 1 12 10 1 12 10 1 8 1 7 1 12 10 1 8 1 8 1 12 10 1 12 10 1 12 10 1 12 10 1 1 1 1 1 1
staticfield jdk/internal/loader/ClassLoaders JLA Ljdk/internal/access/JavaLangAccess; java/lang/System$2
staticfield jdk/internal/loader/ClassLoaders BOOT_LOADER Ljdk/internal/loader/ClassLoaders$BootClassLoader; jdk/internal/loader/ClassLoaders$BootClassLoader
staticfield jdk/internal/loader/ClassLoaders PLATFORM_LOADER Ljdk/internal/loader/ClassLoaders$PlatformClassLoader; jdk/internal/loader/ClassLoaders$PlatformClassLoader
staticfield jdk/internal/loader/ClassLoaders APP_LOADER Ljdk/internal/loader/ClassLoaders$AppClassLoader; jdk/internal/loader/ClassLoaders$AppClassLoader
ciInstanceKlass jdk/internal/loader/ClassLoaders$AppClassLoader 1 1 91 1 7 1 7 1 100 1 1 1 1 8 1 12 10 1 1 1 1 100 1 7 1 1 12 10 1 100 1 1 12 10 1 1 12 10 1 100 1 1 12 10 12 10 1 1 12 10 1 7 1 8 12 10 1 7 1 1 12 10 1 1 12 10 1 1 12 10 1 1 1 1 12 10 1 1 7 1 1 12 10 1 100 12 10 1 1 1 1 1 1
ciInstanceKlass jdk/internal/loader/ClassLoaders$PlatformClassLoader 1 1 34 1 100 1 7 1 100 1 1 100 1 1 1 1 8 1 12 10 1 1 1 7 1 1 12 10 1 100 12 10 1 1 1 1
ciInstanceKlass java/security/CodeSource 1 1 337 1 7 1 7 1 100 1 1 5 0 1 1 1 1 1 1 1 1 1 1 1 1 1 1 1 12 10 12 9 12 9 12 9 12 9 1 7 1 1 12 10 12 9 1 100 7 1 1 12 10 1 7 10 1 1 12 10 1 1 1 100 1 12 10 1 1 12 10 1 1 1 1 1 1 1 7 10 1 7 1 1 12 10 1 7 1 12 10 1 1 12 10 1 12 10 1 7 1 1 12 10 1 1 1 1 12 10 1 1 1 12 10 12 10 10 10 1 12 10 1 100 1 1 12 10 1 12 10 1 12 10 1 12 10 1 8 1 12 10 1 12 10 1 1 12 10 1 12 10 1 8 1 1 12 10 10 1 100 10 1 1 12 10 1 8 1 12 10 1 12 10 1 12 10 1 8 1 8 12 9 1 100 1 8 1 12 10 1 12 10 1 8 1 12 10 1 8 1 8 1 8 1 1 1 100 1 100 1 100 1 12 10 1 1 12 10 1 12 10 1 1 12 10 1 1 12 10 1 1 12 10 1 12 10 12 10 1 12 10 1 1 1 100 1 100 1 100 1 12 10 1 12 10 1 100 12 10 1 100 10 1 8 1 12 10 1 12 10 1 1 12 10 1 100 1 1 12 10 1 8 1 8 10 1 1 12 10 1 100 1 1 12 10 1 100 12 10 1 1 12 10 1 12 11 1 100 10 1 12 10 11 12 10 1 8 1 100 1 12 10 1 1 12 10 1 12 10 1 1 12 11 11 1 1 1 1
instanceKlass java/util/TreeMap$NavigableSubMap
instanceKlass org/gradle/internal/impldep/com/google/common/collect/Maps$IteratorBasedAbstractMap
instanceKlass org/gradle/internal/impldep/com/google/common/collect/Maps$ViewCachingAbstractMap
instanceKlass org/gradle/internal/impldep/com/google/common/collect/MapMakerInternalMap
instanceKlass com/google/common/collect/MapMakerInternalMap
instanceKlass com/google/common/cache/LocalCache
instanceKlass org/eclipse/sisu/wire/EntryMapAdapter
instanceKlass com/google/common/collect/Maps$ViewCachingAbstractMap
instanceKlass org/apache/felix/resolver/util/ArrayMap
instanceKlass org/eclipse/sisu/wire/MergedProperties
instanceKlass com/google/gson/internal/LinkedTreeMap
instanceKlass com/google/common/cache/LocalCache
instanceKlass java/util/concurrent/ConcurrentSkipListMap
instanceKlass org/eclipse/osgi/internal/framework/FilterImpl$DictionaryMap
instanceKlass org/eclipse/osgi/internal/framework/FilterImpl$ServiceReferenceMap
instanceKlass org/eclipse/osgi/internal/serviceregistry/ShrinkableValueCollectionMap
instanceKlass java/util/Collections$SingletonMap
instanceKlass java/util/TreeMap
instanceKlass java/util/IdentityHashMap
instanceKlass java/util/EnumMap
instanceKlass java/util/WeakHashMap
instanceKlass java/util/Collections$EmptyMap
instanceKlass sun/util/PreHashedMap
instanceKlass java/util/HashMap
instanceKlass java/util/ImmutableCollections$AbstractImmutableMap
instanceKlass java/util/concurrent/ConcurrentHashMap
ciInstanceKlass java/util/AbstractMap 1 1 151 1 7 1 1 7 1 7 1 100 1 100 1 7 1 100 1 7 1 100 1 7 1 1 1 1 1 1 1 1 1 1 1 12 10 1 1 1 1 12 10 1 7 12 11 1 1 10 1 1 1 1 12 11 1 7 1 12 11 1 1 12 11 1 12 11 1 12 10 1 1 12 11 1 1 1 1 1 1 1 100 10 1 12 11 1 1 1 11 12 10 1 12 11 1 12 9 1 12 10 1 1 12 9 10 1 100 1 1 100 1 100 11 12 11 12 11 1 12 11 1 1 1 8 1 7 10 1 1 12 10 1 8 1 12 10 12 10 1 1 7 12 10 1 1 1 1 1 1 1 1
ciInstanceKlass java/util/concurrent/ConcurrentHashMap 1 1 1022 1 7 1 1 7 1 100 1 100 1 100 1 100 1 100 1 100 1 100 1 100 1 100 1 100 1 100 1 100 1 100 1 100 1 100 1 100 1 100 1 100 1 100 1 100 1 100 1 100 1 100 1 100 1 100 1 100 1 100 1 100 1 100 1 100 1 100 1 100 1 100 1 100 1 7 1 7 1 7 1 100 1 100 1 100 1 100 1 100 1 100 1 100 1 100 1 100 1 100 1 100 1 100 1 100 1 7 1 7 1 7 1 100 1 7 1 1 1 1 1 1 7 1 7 1 1 1 1 1 1 100 1 100 1 1 100 1 1 1 1 1 1 1 1 1 1 1 1 1 1 1 1 1 1 1 1 1 1 1 1 1 1 1 1 1 1 1 1 1 1 1 1 1 1 1 1 1 1 1 1 1 1 1 5 0 1 1 3 1 3 1 3 1 1 1 4 1 3 1 3 1 3 1 1 1 3 1 1 3 1 3 1 3 1 3 1 1 1 1 1 1 1 1 1 1 1 1 1 1 1 1 1 1 1 1 1 1 1 1 1 1 1 1 1 1 1 1 1 1 1 7 1 12 10 1 1 1 1 100 1 7 1 1 12 10 1 100 1 100 1 1 12 10 1 100 1 100 1 1 12 11 1 12 11 1 1 1 1 1 12 11 1 1 1 12 9 12 9 12 9 1 7 1 1 12 10 1 1 1 1 1 12 10 1 1 1 1 1 12 10 1 1 12 10 1 1 12 10 1 1 12 9 1 12 10 1 1 100 10 5 0 12 10 1 1 1 1 12 10 5 0 1 1 1 1 1 1 12 10 12 10 12 9 12 10 1 12 9 1 1 12 9 1 1 12 10 7 1 12 9 1 1 12 10 1 1 12 9 1 12 10 1 1 100 10 1 12 10 1 1 12 10 1 1 1 1 1 12 10 1 1 1 12 10 1 12 10 12 10 1 1 12 10 1 1 12 10 1 100 1 8 1 12 10 1 100 1 1 12 10 1 1 12 10 12 11 1 12 10 1 12 11 1 7 1 1 12 11 1 7 1 12 11 1 12 11 1 12 11 1 12 11 1 1 1 12 10 1 12 10 1 1 12 9 1 1 12 10 9 1 1 12 10 1 12 9 1 1 12 10 5 0 1 1 1 12 9 1 12 10 1 1 12 9 1 12 10 1 12 9 10 1 1 1 100 10 1 1 12 10 1 8 1 12 10 12 10 11 1 1 1 100 1 7 1 12 10 1 1 12 10 1 8 1 12 10 1 8 1 12 10 1 8 1 12 10 1 12 10 1 1 1 100 1 100 1 12 10 12 10 1 12 10 1 12 10 1 12 9 9 1 12 10 12 9 1 1 1 1 1 1 1 1 1 1 1 100 1 1 12 11 1 1 1 1 7 1 12 11 1 1 1 12 10 1 100 1 12 11 1 1 1 1 1 1 7 10 12 11 1 1 1 1 1 1 1 1 12 10 1 1 1 1 12 10 1 1 10 1 1 1 10 1 7 1 1 12 9 1 1 12 10 1 1 1 3 1 1 100 1 12 10 12 9 1 1 12 10 12 9 12 9 1 1 12 10 100 1 100 1 12 10 12 9 1 12 9 1 1 12 10 12 10 12 9 12 9 1 1 12 10 1 9 3 1 12 9 1 12 10 12 9 1 12 10 12 9 1 12 10 12 9 1 100 1 1 12 10 1 12 10 1 1 1 1 5 0 1 100 1 12 10 1 1 12 10 1 12 10 1 12 10 1 1 1 12 10 10 1 1 1 1 100 10 1 12 10 10 1 1 1 1 12 10 10 1 1 1 1 12 10 10 1 100 1 1 12 10 1 1 1 1 12 10 10 1 100 1 12 10 1 1 1 1 12 10 10 1 12 10 1 1 1 1 12 10 10 1 1 1 12 10 10 1 1 1 1 12 10 10 1 1 1 12 10 10 1 1 1 12 10 10 1 1 1 1 12 10 10 1 1 1 1 12 10 10 1 1 1 1 12 10 10 1 1 10 10 1 10 10 1 1 10 10 1 1 1 12 10 10 1 1 12 10 10 1 1 1 12 10 10 1 1 1 12 10 10 1 1 1 12 10 10 1 1 10 10 1 10 10 1 1 10 10 1 1 1 1 12 10 10 1 1 12 10 10 1 1 1 12 10 10 1 1 1 12 10 10 1 1 1 12 10 10 12 10 1 1 7 1 1 12 10 1 12 10 1 7 1 12 10 1 1 12 9 12 9 1 1 12 10 8 1 1 12 10 8 8 8 8 1 1 12 10 1 12 10 1 100 1 8 10 1 7 1 1 1 1 1 1 1
staticfield java/util/concurrent/ConcurrentHashMap NCPU I 8
staticfield java/util/concurrent/ConcurrentHashMap serialPersistentFields [Ljava/io/ObjectStreamField; 3 [Ljava/io/ObjectStreamField;
staticfield java/util/concurrent/ConcurrentHashMap U Ljdk/internal/misc/Unsafe; jdk/internal/misc/Unsafe
staticfield java/util/concurrent/ConcurrentHashMap SIZECTL J 20
staticfield java/util/concurrent/ConcurrentHashMap TRANSFERINDEX J 32
staticfield java/util/concurrent/ConcurrentHashMap BASECOUNT J 24
staticfield java/util/concurrent/ConcurrentHashMap CELLSBUSY J 36
staticfield java/util/concurrent/ConcurrentHashMap CELLVALUE J 144
staticfield java/util/concurrent/ConcurrentHashMap ABASE I 16
staticfield java/util/concurrent/ConcurrentHashMap ASHIFT I 2
ciInstanceKlass java/util/List 1 1 177 1 100 1 1 7 1 100 1 7 1 100 1 1 100 1 7 1 1 7 1 1 1 1 1 1 1 1 1 1 1 1 1 1 1 1 1 1 1 1 1 1 1 1 1 1 1 1 1 1 100 1 1 12 10 1 1 12 11 1 100 1 12 11 1 1 12 11 1 100 1 12 11 1 1 12 11 1 1 1 12 11 1 100 1 12 10 1 100 1 100 1 1 1 1 1 1 1 1 1 1 1 1 1 1 1 1 1 1 1 1 1 1 1 1 7 1 1 12 10 1 100 1 12 10 1 1 1 1 1 12 9 1 1 12 10 1 1 1 12 10 1 1 1 1 12 10 1 1 1 1 1 1 1 1 1 1 1 1 1 1 1 1 1 12 10 1 1 1 1 12 10 1 1 1 1 1
instanceKlass java/util/AbstractMap$2
instanceKlass com/google/common/collect/ImmutableCollection
instanceKlass org/gradle/internal/impldep/com/google/common/collect/Collections2$TransformedCollection
instanceKlass org/gradle/internal/impldep/com/google/common/collect/Collections2$PermutationCollection
instanceKlass org/gradle/internal/impldep/com/google/common/collect/Collections2$OrderedPermutationCollection
instanceKlass org/gradle/internal/impldep/com/google/common/collect/MapMakerInternalMap$Values
instanceKlass org/gradle/internal/impldep/com/google/common/collect/AbstractMultimap$Values
instanceKlass org/gradle/internal/impldep/com/google/common/collect/AbstractMapBasedMultimap$WrappedCollection
instanceKlass org/gradle/internal/impldep/com/google/common/collect/FilteredMultimapValues
instanceKlass org/gradle/internal/impldep/com/google/common/collect/Maps$Values
instanceKlass org/gradle/internal/impldep/com/google/common/collect/Multimaps$Entries
instanceKlass org/gradle/internal/impldep/com/google/common/collect/AbstractMultiset
instanceKlass org/gradle/internal/impldep/com/google/common/collect/ImmutableCollection
instanceKlass org/gradle/internal/impldep/com/google/common/collect/Collections2$FilteredCollection
instanceKlass com/google/common/collect/ImmutableCollection
instanceKlass org/eclipse/sisu/inject/MildElements
instanceKlass org/eclipse/sisu/inject/MildValues$1
instanceKlass com/google/common/collect/AbstractMapBasedMultimap$WrappedCollection
instanceKlass com/google/common/collect/Maps$Values
instanceKlass com/google/common/collect/AbstractMultimap$Values
instanceKlass org/apache/felix/resolver/util/ArrayMap$1
instanceKlass org/apache/felix/resolver/util/OpenHashMap$AbstractObjectCollection
instanceKlass com/sun/jna/Structure$StructureSet
instanceKlass com/google/common/collect/ImmutableCollection
instanceKlass java/util/IdentityHashMap$Values
instanceKlass java/util/TreeMap$Values
instanceKlass org/eclipse/osgi/internal/container/NamespaceList$Builder
instanceKlass java/util/AbstractQueue
instanceKlass java/util/LinkedHashMap$LinkedValues
instanceKlass java/util/HashMap$Values
instanceKlass java/util/ArrayDeque
instanceKlass java/util/AbstractSet
instanceKlass java/util/ImmutableCollections$AbstractImmutableCollection
instanceKlass java/util/AbstractList
ciInstanceKlass java/util/AbstractCollection 1 1 130 1 7 1 1 7 1 7 1 1 12 10 1 1 1 1 1 1 1 12 10 1 1 12 10 1 7 1 12 11 1 1 12 11 1 12 10 1 1 1 7 1 100 1 1 12 10 1 1 12 10 1 1 1 1 12 10 1 7 1 12 10 1 7 1 1 12 10 1 100 1 1 12 10 1 1 100 1 1 12 10 1 1 1 100 10 1 12 11 1 1 1 11 12 10 1 1 12 10 1 1 100 1 1 12 10 11 1 1 1 1 1 8 1 7 10 1 1 12 10 1 8 1 12 10 12 10 1 1 1
instanceKlass org/gradle/internal/impldep/com/google/common/collect/Lists$TwoPlusArrayList
instanceKlass org/gradle/internal/impldep/com/google/common/collect/Lists$TransformingRandomAccessList
instanceKlass org/gradle/internal/impldep/com/google/common/collect/Lists$ReverseList
instanceKlass org/gradle/internal/impldep/com/google/common/collect/Lists$Partition
instanceKlass org/gradle/internal/impldep/com/google/common/collect/Lists$OnePlusArrayList
instanceKlass org/gradle/internal/impldep/com/google/common/collect/Lists$CharSequenceAsList
instanceKlass org/gradle/internal/impldep/com/google/common/collect/Lists$AbstractListWrapper
instanceKlass org/gradle/internal/impldep/com/google/common/primitives/Booleans$BooleanArrayAsList
instanceKlass org/gradle/internal/impldep/com/google/common/primitives/Ints$IntArrayAsList
instanceKlass org/gradle/internal/impldep/com/google/common/primitives/Longs$LongArrayAsList
instanceKlass org/gradle/internal/impldep/com/google/common/collect/CartesianList
instanceKlass org/gradle/internal/impldep/com/google/common/base/Joiner$3
instanceKlass org/gradle/internal/classpath/DefaultClassPath$ImmutableUniqueList
instanceKlass org/gradle/internal/classpath/DefaultClassPath$ImmutableUniqueList
instanceKlass org/eclipse/osgi/internal/container/InternalUtils$CopyOnFirstWriteList
instanceKlass org/eclipse/osgi/internal/weaving/DynamicImportList
instanceKlass java/util/AbstractSequentialList
instanceKlass java/util/Collections$SingletonList
instanceKlass java/util/Vector
instanceKlass sun/security/jca/ProviderList$ServiceList
instanceKlass sun/security/jca/ProviderList$3
instanceKlass java/util/Arrays$ArrayList
instanceKlass java/util/ArrayList$SubList
instanceKlass java/util/Collections$EmptyList
instanceKlass java/util/ArrayList
ciInstanceKlass java/util/AbstractList 1 1 187 1 7 1 1 7 1 7 1 100 1 100 1 100 1 100 1 7 1 7 1 1 1 1 1 1 1 1 1 12 10 12 9 1 1 1 1 1 12 10 1 12 10 1 1 1 1 1 1 1 100 10 1 1 1 1 1 1 12 10 1 7 1 1 12 11 1 1 12 11 1 12 11 1 7 1 12 10 1 1 12 10 1 12 11 1 12 11 1 12 11 1 1 1 12 10 1 1 1 1 1 12 10 1 100 1 1 12 11 1 7 11 11 1 1 12 10 1 1 1 12 10 1 1 1 1 1 12 10 1 100 1 12 10 10 1 100 1 100 10 1 8 1 1 12 10 1 12 10 1 1 12 10 1 12 10 1 8 1 100 1 8 1 8 1 8 10 11 1 10 12 10 12 11 1 1 12 10 1 8 1 8 1 1 1 1 1
instanceKlass org/eclipse/sisu/bean/BeanScheduler$Pending
instanceKlass org/apache/maven/artifact/versioning/ComparableVersion$ListItem
ciInstanceKlass java/util/ArrayList 1 1 415 1 7 1 1 7 1 7 1 100 1 100 1 100 1 7 1 7 1 100 1 100 1 7 1 7 1 1 1 1 1 1 5 0 1 1 3 1 1 1 1 1 1 1 1 12 10 1 7 12 9 12 9 1 100 1 100 10 1 8 1 1 12 10 1 12 10 1 1 12 10 1 12 10 12 9 1 1 1 7 1 1 12 11 12 9 1 1 12 10 7 1 7 1 1 12 10 1 1 12 9 1 12 10 1 1 1 12 10 1 7 1 1 12 10 1 7 1 1 12 10 1 1 1 1 1 1 1 12 10 1 1 12 10 1 12 10 1 1 12 10 1 1 1 100 12 10 1 100 1 12 10 1 1 1 7 1 1 12 10 1 1 1 1 1 1 1 7 1 12 10 12 10 1 1 1 1 1 1 12 10 1 12 10 1 1 1 12 10 1 1 1 12 10 1 1 12 10 1 1 12 10 1 12 10 1 1 100 10 1 1 12 11 1 7 1 12 11 1 12 11 1 12 10 1 1 1 12 10 12 10 1 1 1 1 1 1 1 1 1 100 1 1 12 10 10 1 1 12 10 1 12 10 1 8 1 8 1 8 1 8 1 1 1 1 12 10 1 1 1 100 1 1 12 10 12 11 1 1 1 7 1 7 1 12 10 1 12 10 1 12 10 1 1 1 7 1 7 1 12 10 1 12 10 1 7 1 1 12 10 1 7 1 1 12 11 12 10 1 100 1 8 10 1 1 1 1 12 10 1 1 1 1 12 10 1 1 1 1 1 12 10 1 12 10 1 1 1 1 7 12 10 1 12 11 1 1 1 1 12 10 1 1 1 1 1 1 1 1 1 1 12 10 1 1 7 1 12 11 12 10 1 100 12 10 12 10 1 1 1 1 1 12 10 1 1 100 1 12 11 1 1 1 1 12 10 1 1 1 1 1 1 1 1 1
staticfield java/util/ArrayList EMPTY_ELEMENTDATA [Ljava/lang/Object; 0 [Ljava/lang/Object;
staticfield java/util/ArrayList DEFAULTCAPACITY_EMPTY_ELEMENTDATA [Ljava/lang/Object; 0 [Ljava/lang/Object;
ciInstanceKlass java/lang/StackTraceElement 1 1 198 1 7 1 7 1 100 1 7 1 1 1 1 1 1 1 1 1 1 1 1 1 1 1 1 3 1 3 1 1 5 0 1 1 1 12 10 1 12 10 12 9 12 9 12 9 12 9 1 8 1 100 1 1 12 10 1 7 12 9 1 8 12 9 12 9 12 9 1 1 1 1 1 1 1 1 1 1 1 1 1 8 1 12 10 1 12 10 1 7 10 1 1 12 10 1 8 12 10 1 12 10 1 8 1 8 1 8 12 10 1 8 1 8 1 12 10 1 8 1 8 1 1 12 10 1 12 10 1 12 10 1 12 10 1 12 9 1 7 1 1 12 10 1 1 12 10 1 7 1 100 1 7 1 1 12 10 1 100 1 7 1 12 10 1 7 1 1 12 10 1 12 10 1 12 10 1 1 1 100 10 1 1 12 10 12 10 1 1 1 12 10 1 1 1 1 1 1
instanceKlass java/nio/DoubleBuffer
instanceKlass java/nio/FloatBuffer
instanceKlass java/nio/ShortBuffer
instanceKlass java/nio/CharBuffer
instanceKlass java/nio/IntBuffer
instanceKlass java/nio/LongBuffer
instanceKlass java/nio/ByteBuffer
ciInstanceKlass java/nio/Buffer 1 1 202 1 7 1 7 1 7 1 100 1 7 1 1 1 1 1 1 1 3 1 1 1 1 1 1 1 1 1 1 1 1 1 12 10 12 9 12 9 12 9 12 9 12 9 1 1 1 12 10 1 100 1 12 10 12 10 1 100 1 100 10 1 8 1 1 12 10 1 12 10 1 8 1 8 1 1 12 10 1 12 10 1 1 1 8 12 9 1 100 1 8 1 12 10 1 8 1 8 1 12 9 1 12 10 1 8 1 100 1 8 1 8 1 12 10 1 8 1 8 1 8 1 1 1 100 10 1 1 1 1 1 1 1 1 1 1 1 1 1 1 1 1 1 1 100 10 1 1 1 100 10 1 1 1 100 10 1 1 1 1 1 1 12 10 1 10 1 12 11 1 1 7 1 12 10 1 7 1 1 12 10 12 9 1 1 12 10 12 9 10 1 7 1 1 12 10 1 1 1 1 1 1
staticfield java/nio/Buffer UNSAFE Ljdk/internal/misc/Unsafe; jdk/internal/misc/Unsafe
staticfield java/nio/Buffer SCOPED_MEMORY_ACCESS Ljdk/internal/misc/ScopedMemoryAccess; jdk/internal/misc/ScopedMemoryAccess
staticfield java/nio/Buffer $assertionsDisabled Z 1
ciInstanceKlass java/lang/StackWalker 1 1 217 1 7 1 7 1 7 1 7 1 100 1 1 1 7 1 7 1 1 100 1 1 1 100 1 100 1 1 1 1 1 1 1 1 1 1 1 1 1 1 1 1 1 12 9 1 1 7 1 1 12 10 1 7 1 1 12 10 1 12 10 1 1 7 1 1 12 11 1 1 12 10 1 1 12 10 1 1 12 10 1 1 1 100 1 8 1 12 10 1 12 10 1 1 12 10 1 1 1 12 10 12 9 12 9 12 9 1 1 12 9 1 1 12 10 12 9 1 1 7 1 1 12 10 1 1 12 11 1 100 1 8 10 1 100 1 12 10 1 12 9 1 1 12 10 1 1 1 1 1 1 12 10 1 12 10 1 1 1 16 1 1 12 10 15 1 16 1 100 1 1 12 10 15 1 1 12 18 1 1 1 1 100 1 8 10 1 1 12 10 1 12 10 1 1 1 1 1 1 12 9 1 100 12 11 1 1 1 12 10 1 1 1 1 1 1 1
staticfield java/lang/StackWalker DEFAULT_EMPTY_OPTION Ljava/util/EnumSet; java/util/RegularEnumSet
staticfield java/lang/StackWalker DEFAULT_WALKER Ljava/lang/StackWalker; java/lang/StackWalker
instanceKlass java/lang/StackStreamFactory$StackFrameTraverser
ciInstanceKlass java/lang/StackStreamFactory$AbstractStackWalker 1 1 286 1 7 1 1 7 1 7 1 1 7 1 7 1 1 7 1 1 7 1 7 1 1 1 1 1 1 1 1 1 1 1 1 1 1 1 1 3 1 12 10 1 12 10 1 7 1 1 12 10 12 9 1 1 12 10 12 9 12 9 12 9 12 9 1 1 12 9 1 1 12 10 1 1 12 10 1 1 1 1 1 1 1 1 12 9 1 12 10 12 10 1 1 12 9 1 100 1 1 12 9 1 100 10 1 8 1 1 12 10 1 12 10 1 8 1 1 12 10 1 100 1 1 12 10 1 1 1 100 1 8 1 12 10 1 8 12 10 1 1 12 9 1 12 10 12 9 1 8 5 0 1 8 1 8 1 1 1 1 12 9 12 10 1 12 10 12 10 1 100 1 1 12 9 1 1 1 1 12 10 1 12 10 1 12 10 1 12 10 12 10 1 1 12 10 1 8 1 12 10 1 12 10 1 100 1 12 10 1 1 1 1 12 10 1 8 1 100 1 1 12 10 1 1 12 10 1 1 12 10 12 10 12 10 1 7 1 1 12 10 1 12 9 1 8 1 12 10 1 12 10 1 1 12 10 12 10 12 10 1 12 10 1 1 12 10 1 1 12 10 1 1 12 10 1 12 10 1 8 1 1 1 1 1 1 1
instanceKlass java/lang/LiveStackFrameInfo
ciInstanceKlass java/lang/StackFrameInfo 1 1 123 1 7 1 7 1 100 1 7 1 1 1 1 1 1 1 1 1 1 1 1 1 1 12 10 12 9 9 12 9 1 7 1 1 12 11 12 9 1 1 1 1 1 12 11 1 1 12 10 1 7 1 12 10 1 12 10 1 1 12 11 1 1 1 12 11 1 1 12 11 1 1 1 1 12 10 12 9 1 1 1 12 10 1 100 12 10 1 12 10 1 1 12 11 1 12 10 12 9 1 1 12 10 1 100 1 100 1 8 1 12 10 1 1 7 1 1 12 10 1 1 1 1
staticfield java/lang/StackFrameInfo JLIA Ljdk/internal/access/JavaLangInvokeAccess; java/lang/invoke/MethodHandleImpl$1
ciInstanceKlass java/lang/LiveStackFrameInfo 0 0 85 1 100 1 100 1 100 1 100 1 100 1 1 1 100 1 1 1 1 1 3 1 3 1 1 1 1 1 1 12 10 12 9 12 9 12 9 12 9 12 9 1 1 1 1 1 1 1 100 12 10 1 12 10 1 8 1 1 12 10 1 8 1 8 1 8 10 1 1 1 12 10 1 1 12 10 1 1 1 100 1 1 1 1 1
instanceKlass java/util/concurrent/locks/AbstractQueuedSynchronizer
ciInstanceKlass java/util/concurrent/locks/AbstractOwnableSynchronizer 1 1 25 1 7 1 7 1 100 1 1 5 0 1 1 1 1 12 10 1 1 12 9 1 1 1 1
ciInstanceKlass java/lang/Boolean 1 1 136 1 7 1 1 7 1 100 1 100 1 100 1 1 1 1 1 1 1 1 1 1 1 5 0 1 1 1 1 1 1 3 1 12 10 12 9 1 1 1 12 10 12 10 1 8 1 7 1 12 10 1 1 1 1 1 12 9 12 9 1 1 1 1 8 1 1 1 1 12 10 1 1 12 10 1 1 100 1 100 1 7 1 1 12 10 1 100 1 1 1 1 12 10 1 1 1 1 1 1 1 1 100 1 12 9 12 9 1 100 1 100 1 1 12 10 1 12 10 1 1 8 1 7 1 1 12 10 12 9 1 1 1 1 1 1
staticfield java/lang/Boolean TRUE Ljava/lang/Boolean; java/lang/Boolean
staticfield java/lang/Boolean FALSE Ljava/lang/Boolean; java/lang/Boolean
staticfield java/lang/Boolean TYPE Ljava/lang/Class; java/lang/Class
ciInstanceKlass java/lang/Character 1 1 531 1 7 1 1 100 1 100 1 100 1 100 1 1 100 1 100 1 100 1 100 1 1 1 1 1 1 3 1 3 1 1 3 1 3 1 1 1 1 1 1 3 1 1 3 1 3 1 3 1 3 1 3 1 3 1 3 1 3 1 3 1 3 1 3 1 3 1 3 1 3 1 3 1 3 1 3 1 3 1 3 1 3 1 3 1 3 1 3 1 3 1 3 1 3 1 3 1 3 1 1 1 1 1 1 1 1 1 1 1 1 1 1 1 1 1 1 1 3 1 1 1 1 1 1 3 1 3 1 3 1 3 1 1 1 3 1 1 3 1 1 1 5 0 1 1 1 1 1 1 1 1 100 1 1 12 9 1 8 1 1 12 9 1 100 12 9 1 100 1 1 12 10 1 100 1 1 12 10 1 100 1 1 12 10 1 1 1 1 1 1 1 12 10 1 1 1 1 12 9 12 10 1 1 1 1 1 12 10 1 1 12 10 1 1 1 7 1 12 10 1 1 12 10 1 1 1 1 3 1 1 1 3 1 1 1 12 10 12 10 1 1 1 1 3 1 1 1 7 1 1 12 11 1 12 11 12 10 1 1 1 12 10 1 100 10 1 1 12 10 1 3 1 1 1 12 10 12 10 1 1 12 10 1 100 1 8 1 1 12 10 1 12 10 1 12 10 12 10 1 1 1 12 10 1 1 1 12 10 1 12 10 1 7 1 12 10 10 1 12 10 10 1 12 10 1 12 10 1 12 10 10 1 12 10 1 12 10 1 12 10 1 1 1 12 10 1 1 12 10 1 1 12 10 1 12 10 12 10 10 12 10 10 1 12 10 10 1 12 10 10 1 12 10 10 1 1 12 10 10 1 12 10 10 1 12 10 10 1 1 1 12 10 10 1 12 10 10 1 5 0 1 12 10 1 12 10 10 1 12 10 10 1 1 1 1 1 12 10 10 1 12 10 10 1 1 1 12 10 1 12 9 1 100 10 12 10 1 12 10 1 3 1 1 100 1 1 12 10 12 10 1 12 10 1 100 10 12 10 1 1 12 10 1 1 12 10 1 8 1 12 10 1 100 1 1 12 9 1 12 10 10 1 1 1 100 1 12 10 1 12 10 1 12 10 10 1 1 12 10 10 12 10 1 8 1 12 10 1 1 7 1 1 12 10 1 8 1 1 12 10 12 9 1 1 1 1 1 1 1 1
staticfield java/lang/Character TYPE Ljava/lang/Class; java/lang/Class
staticfield java/lang/Character $assertionsDisabled Z 1
instanceKlass com/google/gson/internal/LazilyParsedNumber
instanceKlass com/sun/jna/IntegerType
instanceKlass java/math/BigDecimal
instanceKlass java/util/concurrent/atomic/Striped64
instanceKlass java/math/BigInteger
instanceKlass java/util/concurrent/atomic/AtomicLong
instanceKlass java/util/concurrent/atomic/AtomicInteger
instanceKlass java/lang/Long
instanceKlass java/lang/Integer
instanceKlass java/lang/Short
instanceKlass java/lang/Byte
instanceKlass java/lang/Double
instanceKlass java/lang/Float
ciInstanceKlass java/lang/Number 1 1 31 1 100 1 7 1 100 1 1 5 0 1 1 12 10 1 1 1 1 1 1 1 1 1 1 12 10 1 1 1 1
ciInstanceKlass java/lang/Float 1 1 199 1 7 1 1 7 1 100 1 100 1 100 1 1 100 1 100 1 1 1 4 1 4 1 4 1 4 1 4 1 4 1 1 3 1 3 1 3 1 3 1 1 1 1 1 1 5 0 1 1 1 7 1 12 10 1 1 100 1 1 12 10 1 1 12 10 1 100 1 12 10 1 8 1 8 1 100 1 1 12 10 1 1 1 7 1 1 12 10 1 1 12 10 1 1 10 1 1 1 1 1 1 1 1 3 1 12 10 12 9 1 1 1 12 10 12 10 1 12 10 1 1 1 1 1 1 1 1 1 1 1 1 1 1 12 10 1 12 10 1 1 1 12 10 3 1 1 1 1 1 1 12 10 1 1 1 12 10 1 12 10 1 1 1 1 100 1 1 12 10 1 1 1 12 10 1 1 7 12 10 1 1 8 1 7 1 1 12 10 12 9 1 1 1 1 1 1 1 1
staticfield java/lang/Float TYPE Ljava/lang/Class; java/lang/Class
ciInstanceKlass java/lang/Double 1 1 253 1 7 1 1 7 1 100 1 100 1 100 1 1 100 1 100 1 1 1 6 0 1 6 0 1 6 0 1 6 0 1 6 0 1 6 0 1 1 3 1 3 1 3 1 3 1 1 1 1 1 1 5 0 1 1 1 7 1 12 10 1 1 1 12 10 12 10 1 100 1 1 12 10 1 100 1 1 12 10 6 0 1 8 1 1 12 10 1 8 1 1 12 10 1 8 1 1 12 10 5 0 5 0 1 8 1 8 1 100 1 100 1 12 10 1 1 12 10 1 8 1 1 12 10 1 8 1 8 1 8 1 1 12 10 1 12 10 1 1 12 10 1 12 10 1 12 10 1 1 1 7 1 1 12 10 1 12 10 1 1 10 1 1 1 1 1 1 3 1 12 10 12 9 1 1 12 10 12 10 1 1 1 1 1 1 1 1 1 1 1 1 1 12 10 1 12 10 5 0 1 1 1 1 1 1 12 10 1 1 12 10 1 12 10 1 1 1 1 100 1 1 12 10 1 1 1 12 10 1 1 7 12 10 1 1 8 1 7 1 1 12 10 12 9 1 1 1 1 1 1 1 1
staticfield java/lang/Double TYPE Ljava/lang/Class; java/lang/Class
ciInstanceKlass java/lang/Byte 1 1 197 1 7 1 1 7 1 100 1 100 1 1 7 1 1 1 3 1 3 1 1 1 1 1 1 3 1 3 1 1 5 0 1 1 1 7 1 12 10 1 1 1 1 100 1 1 12 9 1 8 1 1 12 9 1 100 1 1 12 10 1 1 12 10 1 100 1 1 12 10 1 100 1 1 12 10 1 1 1 1 12 9 1 1 1 7 1 1 12 10 1 100 1 1 12 10 1 8 1 1 12 10 1 8 1 12 10 1 12 10 1 12 10 1 12 10 1 12 10 1 12 10 1 1 12 10 10 1 8 1 8 1 1 1 1 1 10 12 9 1 1 1 1 1 1 1 1 1 1 1 12 10 1 1 12 10 1 1 12 10 1 1 1 1 12 10 1 1 12 10 1 1 5 0 1 12 10 1 1 8 1 7 1 1 12 10 12 9 1 1 1 1 1 1 1 1 1
staticfield java/lang/Byte TYPE Ljava/lang/Class; java/lang/Class
ciInstanceKlass java/lang/Short 1 1 204 1 7 1 1 7 1 100 1 100 1 1 7 1 1 1 3 1 3 1 1 1 1 1 1 3 1 3 1 1 5 0 1 1 1 100 1 12 10 1 1 1 7 1 1 12 10 1 100 1 1 12 10 1 8 1 1 12 10 1 8 1 12 10 1 12 10 1 12 10 1 12 10 1 1 1 12 10 1 12 10 1 1 1 1 100 1 1 12 9 1 8 1 1 12 9 1 100 1 1 12 10 1 12 10 1 100 1 1 12 10 1 100 1 1 12 10 1 1 1 12 9 1 12 10 1 1 12 10 10 1 8 1 8 1 1 1 1 3 10 12 9 1 1 1 1 1 1 1 1 1 1 1 12 10 1 1 12 10 1 1 12 10 1 1 1 1 12 10 1 1 12 10 1 1 3 3 1 1 5 0 1 12 10 1 1 8 1 7 1 1 12 10 12 9 1 1 1 1 1 1 1 1 1
staticfield java/lang/Short TYPE Ljava/lang/Class; java/lang/Class
ciInstanceKlass java/lang/Integer 1 1 390 1 7 1 1 7 1 100 1 100 1 100 1 1 7 1 1 100 1 100 1 1 1 3 1 3 1 1 1 1 1 1 1 1 1 1 1 1 3 1 3 1 1 5 0 1 1 1 12 10 1 7 1 1 12 9 100 12 9 1 100 1 1 12 10 1 12 10 1 100 1 1 12 10 10 1 1 1 12 10 1 100 1 12 10 1 1 12 10 1 1 1 1 12 10 1 7 1 1 12 10 1 1 12 10 1 1 12 10 1 12 10 1 1 12 10 1 1 12 10 10 1 12 10 12 9 12 9 1 1 1 7 1 8 1 12 10 1 100 1 12 10 1 8 1 1 12 10 1 12 10 1 8 1 12 10 1 8 1 1 12 10 3 1 1 12 10 1 1 12 10 1 7 1 1 12 10 1 1 7 1 1 12 10 1 7 11 1 100 10 11 1 1 12 10 1 8 1 12 10 1 1 8 1 100 1 1 12 10 1 1 12 10 5 0 1 8 12 10 1 12 10 12 10 1 1 1 12 10 1 1 12 9 1 1 12 9 1 12 10 1 1 1 1 3 10 12 9 1 1 1 1 1 1 1 1 1 1 1 1 12 10 1 1 12 10 1 1 12 10 1 100 1 100 1 7 1 1 12 10 1 100 1 12 10 1 1 12 10 1 8 1 8 1 1 12 10 1 8 1 8 1 8 1 8 1 8 1 8 1 12 10 12 10 1 1 1 12 10 1 5 0 1 1 1 1 3 1 1 3 3 3 1 1 1 1 12 10 1 3 1 1 12 10 1 1 1 1 100 1 1 12 10 1 1 1 12 10 1 1 7 12 10 1 1 8 1 7 1 1 12 10 12 9 3 3 3 3 3 12 9 1 1 1 1 1 1 1 1 1
staticfield java/lang/Integer TYPE Ljava/lang/Class; java/lang/Class
staticfield java/lang/Integer digits [C 36
staticfield java/lang/Integer DigitTens [B 100
staticfield java/lang/Integer DigitOnes [B 100
staticfield java/lang/Integer sizeTable [I 10
ciInstanceKlass java/lang/Long 1 1 440 1 7 1 1 7 1 100 1 100 1 100 1 1 7 1 1 100 1 100 1 1 1 5 0 1 5 0 1 1 1 1 1 1 3 1 3 1 5 0 1 1 1 12 10 1 7 1 1 12 9 1 100 1 7 1 1 12 9 1 7 1 1 12 10 1 12 10 1 100 1 1 12 10 10 1 12 10 1 12 10 1 12 10 1 12 10 5 0 5 0 1 7 1 1 12 10 1 1 12 10 1 12 10 1 12 10 1 12 10 1 1 12 10 1 100 1 12 10 1 12 10 1 1 12 10 1 1 12 10 1 1 12 10 1 1 12 10 1 7 1 1 12 10 1 1 12 10 1 12 10 1 12 10 1 1 1 12 10 1 1 12 10 10 12 10 5 0 5 0 1 12 9 1 12 9 5 0 1 1 1 7 1 8 1 12 10 1 8 1 12 10 1 8 1 8 1 1 12 10 5 0 1 1 12 10 1 1 12 10 1 7 1 1 12 10 1 1 100 1 1 12 10 1 100 11 1 100 10 11 1 1 12 10 1 8 1 12 10 1 1 8 1 100 1 1 12 10 12 10 1 8 1 8 1 1 12 11 1 12 10 12 10 1 1 12 10 1 1 5 0 5 0 1 1 12 9 1 12 10 1 1 1 12 10 1 8 1 8 1 1 12 10 1 8 1 8 1 8 1 8 1 8 1 8 1 12 10 12 10 1 1 12 10 1 1 1 1 3 10 12 9 1 1 1 1 1 1 1 1 1 1 12 10 1 1 1 1 12 10 1 1 100 1 100 1 100 1 1 12 10 1 100 12 10 1 1 1 1 12 10 1 1 1 5 0 1 1 1 1 1 12 10 1 12 10 1 5 0 5 0 5 0 1 1 1 1 1 12 10 1 5 0 5 0 1 12 10 1 12 10 1 1 1 1 100 1 1 12 10 1 1 1 12 10 1 1 7 12 10 1 1 8 1 7 1 1 12 10 12 9 1 1 1 1 1 1 1 1 1
staticfield java/lang/Long TYPE Ljava/lang/Class; java/lang/Class
ciInstanceKlass java/util/Iterator 1 1 42 1 7 1 1 100 1 1 1 1 1 1 1 1 100 8 1 1 12 10 1 1 1 1 7 1 1 12 10 12 11 12 11 1 7 1 1 12 11 1 1 1
ciInstanceKlass java/lang/reflect/RecordComponent 0 0 186 1 100 1 100 1 100 1 100 1 100 1 1 1 1 1 1 1 1 1 1 1 1 1 1 1 1 1 1 1 1 1 1 12 10 1 1 12 9 1 1 1 12 9 1 12 9 1 1 12 10 1 1 12 10 1 100 12 10 12 10 12 9 1 1 12 10 1 1 12 10 1 12 10 1 100 1 12 10 1 100 1 12 10 1 1 12 9 1 100 1 1 12 10 1 100 1 1 12 11 10 1 1 12 9 1 100 1 1 12 10 1 1 12 9 1 1 1 1 100 1 1 12 10 1 12 10 1 100 1 12 11 1 100 1 12 10 1 100 1 12 9 12 9 12 9 1 100 1 1 12 10 1 100 1 1 1 12 10 1 1 12 10 1 1 100 10 1 12 10 1 1 12 10 1 8 12 10 12 10 12 9 1 1 1 1
ciInstanceKlass jdk/internal/vm/vector/VectorSupport 0 0 367 1 100 1 100 1 100 1 100 1 100 1 100 1 100 1 100 1 100 1 100 1 100 1 100 1 100 1 100 1 100 1 100 1 100 1 100 1 100 1 100 1 100 1 100 1 100 1 100 1 1 1 1 1 1 1 1 1 1 1 1 1 1 1 1 1 1 1 1 1 1 1 1 1 1 3 1 3 1 3 1 3 1 3 1 3 1 3 1 3 1 3 1 3 1 3 1 3 1 3 1 3 1 3 1 3 1 3 1 3 1 3 1 3 1 3 1 3 1 3 1 3 1 3 1 3 1 3 1 3 1 3 1 3 1 3 1 3 1 3 1 3 1 3 1 3 1 3 1 3 1 3 1 1 1 1 1 3 1 1 1 1 1 1 3 1 1 1 1 1 1 1 1 1 1 1 1 12 10 1 1 1 1 12 9 1 1 12 10 1 100 1 12 10 1 1 12 11 1 1 1 1 1 12 11 1 1 1 1 12 11 1 1 1 1 1 12 11 1 1 1 1 100 11 1 100 1 1 12 10 1 1 1 1 12 11 1 1 1 1 12 11 1 1 1 1 1 1 1 100 1 12 11 1 1 1 1 12 11 1 1 1 1 12 11 1 1 1 1 12 11 1 1 1 1 12 11 1 1 1 1 12 11 1 1 1 1 100 1 1 12 10 1 1 1 1 12 11 1 1 1 1 12 11 1 1 1 1 12 11 1 1 1 1 12 11 1 1 1 11 1 1 12 9 1 100 1 12 10 1 1 1 1 12 11 1 1 1 1 1 12 10 1 100 1 1 12 10 1 1 1 1 12 10 12 10 1 1 12 10 1 1 1 1 1 1 1
instanceKlass jdk/internal/vm/vector/VectorSupport$VectorShuffle
instanceKlass jdk/internal/vm/vector/VectorSupport$VectorMask
instanceKlass jdk/internal/vm/vector/VectorSupport$Vector
ciInstanceKlass jdk/internal/vm/vector/VectorSupport$VectorPayload 0 0 26 1 100 1 100 1 100 1 1 1 1 1 1 12 10 12 9 1 1 1 1 12 10 1 1 1
ciInstanceKlass jdk/internal/vm/vector/VectorSupport$Vector 0 0 18 1 100 1 1 100 1 100 1 1 1 1 12 10 1 1 1 1
ciInstanceKlass jdk/internal/vm/vector/VectorSupport$VectorMask 0 0 18 1 100 1 1 100 1 100 1 1 1 1 12 10 1 1 1 1
ciInstanceKlass jdk/internal/vm/vector/VectorSupport$VectorShuffle 0 0 18 1 100 1 1 100 1 100 1 1 1 1 12 10 1 1 1 1
instanceKlass kotlin/KotlinNullPointerException
ciInstanceKlass java/lang/NullPointerException 1 1 44 1 7 1 7 1 1 5 0 1 1 1 1 1 1 12 10 1 12 10 1 1 12 9 1 1 12 10 12 9 12 10 1 12 10 1 100 1 100 1 100 1 1 1
ciInstanceKlass java/lang/ArithmeticException 1 1 18 1 100 1 100 1 1 5 0 1 1 12 10 1 12 10 1 1
ciInstanceKlass java/util/Set 1 1 111 1 7 1 1 7 1 100 1 7 1 7 1 1 7 1 1 7 1 1 1 1 1 1 1 1 1 1 1 1 1 1 1 1 1 1 1 1 1 1 1 1 1 1 1 1 1 1 1 1 7 1 12 10 1 1 1 1 1 12 9 1 1 1 1 12 10 1 1 1 12 10 1 1 1 12 10 1 1 1 1 1 1 1 1 1 1 1 1 1 1 1 1 1 1 1 1 1 7 1 12 10 12 10 12 11 1 1 1 1 1
ciInstanceKlass java/util/Objects 1 1 119 1 7 1 7 1 1 12 10 1 100 1 8 1 12 10 1 1 1 12 10 1 1 7 1 12 10 1 1 1 12 10 1 1 12 10 1 1 1 100 1 12 10 1 1 12 10 1 1 1 1 100 1 12 11 1 1 1 1 100 10 1 1 1 12 10 1 1 1 1 1 1 8 12 10 1 1 1 1 8 1 100 1 1 12 11 1 8 1 1 1 1 1 7 1 12 10 1 1 1 12 10 1 12 10 1 1 12 10 1 1 12 10 12 10 1 1 1 1
ciInstanceKlass jdk/internal/access/SharedSecrets 1 1 365 1 7 1 100 1 100 1 100 1 1 7 1 7 1 1 1 1 1 1 1 1 1 1 1 1 1 1 1 1 1 1 1 1 1 1 1 1 1 1 1 1 1 1 1 1 1 1 1 1 1 1 1 1 1 1 1 1 1 1 1 1 1 1 1 1 1 1 1 1 1 1 1 1 1 1 1 12 10 1 1 12 9 1 1 1 100 1 8 1 7 1 1 12 10 1 100 1 12 9 1 100 1 1 12 10 1 100 1 1 1 1 12 9 1 1 1 1 12 9 1 1 1 8 1 100 1 1 12 9 1 1 1 7 1 100 1 1 12 9 1 1 1 1 12 9 1 1 1 1 12 9 1 1 1 7 1 100 1 1 12 9 1 1 1 7 1 100 1 1 12 9 1 1 1 100 1 100 1 1 12 9 1 1 1 100 1 100 1 1 12 9 1 1 1 100 1 100 1 1 12 9 1 1 1 100 1 100 1 1 12 9 1 1 12 9 1 100 1 100 1 1 1 1 1 100 1 100 1 1 12 9 1 1 1 100 1 100 1 1 12 9 1 7 1 100 1 1 1 1 12 9 1 1 1 1 12 9 1 1 1 1 12 9 1 1 1 1 12 9 1 100 1 100 1 1 1 1 12 9 1 100 1 100 1 1 1 1 12 9 1 100 1 1 1 1 12 9 1 100 1 1 1 1 12 9 1 1 1 100 1 100 1 1 12 9 1 1 1 100 1 100 1 1 12 9 1 1 1 100 1 1 12 9 1 1 1 100 1 1 12 9 1 1 1 100 1 100 1 1 100 1 12 10 1 1 12 10 1 12 9 1 1 1 1
staticfield jdk/internal/access/SharedSecrets lookup Ljava/lang/invoke/MethodHandles$Lookup; java/lang/invoke/MethodHandles$Lookup
instanceKlass javax/crypto/CryptoPermission
instanceKlass org/osgi/service/application/ApplicationAdminPermission
instanceKlass org/eclipse/equinox/log/LogPermission
instanceKlass java/io/FilePermission
instanceKlass java/net/SocketPermission
instanceKlass java/security/UnresolvedPermission
instanceKlass java/security/AllPermission
instanceKlass java/security/BasicPermission
ciInstanceKlass java/security/Permission 1 1 85 1 7 1 7 1 100 1 100 1 1 5 0 1 1 1 1 1 12 10 12 9 1 1 1 100 1 100 1 1 12 10 1 100 1 1 12 10 1 1 1 1 1 1 1 1 1 1 1 1 12 10 1 100 1 1 12 10 1 100 10 1 8 1 1 12 10 1 1 12 10 1 100 12 10 1 8 1 8 12 10 1 1 1 1
ciInstanceKlass java/lang/StringLatin1 1 1 288 1 7 1 100 1 100 1 100 1 1 1 1 1 1 12 10 1 1 1 100 1 12 10 1 1 1 1 1 1 1 1 1 1 1 1 1 12 10 1 1 7 1 1 12 10 1 12 10 1 1 1 1 1 7 1 1 12 10 1 1 1 1 1 1 12 10 1 7 1 1 12 10 1 12 10 1 12 10 10 1 12 10 1 7 1 1 12 10 10 1 1 100 1 7 1 1 12 9 1 1 12 10 1 7 1 1 12 10 1 12 10 1 1 12 10 1 1 12 10 1 12 10 1 1 1 1 7 1 1 12 10 1 12 10 1 1 12 10 1 1 100 12 9 1 100 10 1 100 1 100 1 1 12 10 1 7 1 1 12 10 1 12 10 1 12 10 1 100 1 8 1 12 10 1 8 1 1 12 10 1 1 1 100 10 10 1 7 1 1 12 10 1 8 1 8 1 8 1 1 12 10 1 100 1 12 10 1 12 10 1 1 12 10 1 12 10 1 100 1 1 12 10 1 12 10 12 10 12 10 1 12 10 12 10 1 1 10 1 1 12 10 1 1 12 10 12 10 1 1 1 1 1 1 1 12 10 1 100 1 1 12 10 1 1 1 1 12 10 1 1 1 12 10 10 1 1 7 1 1 12 10 1 1 1 1 1 1
staticfield java/lang/StringLatin1 $assertionsDisabled Z 1
ciInstanceKlass java/lang/Math 1 1 330 1 7 1 100 1 100 1 1 1 6 0 1 6 0 1 6 0 1 6 0 1 1 1 1 1 1 1 1 1 12 10 1 1 1 1 7 12 10 1 12 10 1 12 10 1 12 10 1 12 10 1 12 10 1 1 1 12 10 1 12 10 1 12 10 1 12 10 1 12 10 1 1 12 10 1 12 10 1 12 10 1 12 10 1 12 10 1 12 10 1 1 1 7 1 12 10 3 3 3 1 1 7 1 12 10 5 0 5 0 5 0 5 0 5 0 1 1 1 1 12 9 1 100 1 12 10 1 1 1 100 1 8 1 12 10 1 1 8 1 1 1 12 10 1 1 12 10 5 0 5 0 1 1 3 5 0 1 3 1 1 1 1 1 1 5 0 1 12 10 1 1 12 10 1 1 8 12 10 1 8 1 1 1 12 9 12 9 1 1 1 1 1 12 10 6 0 1 12 10 12 9 1 100 10 1 12 10 1 100 1 12 10 1 1 12 10 1 12 10 1 12 10 1 1 12 10 1 1 12 10 12 10 1 1 1 12 10 12 10 6 0 1 1 12 10 1 1 12 10 12 10 12 10 4 1 1 12 10 1 12 10 1 1 12 10 12 10 12 10 1 12 10 1 12 10 1 12 10 1 12 10 1 12 10 1 12 10 5 0 1 6 0 1 4 1 6 0 4 1 6 0 4 1 1 12 10 12 9 12 10 12 9 1 1 1 7 1 1 12 10 4 6 0 1 1 1 1 1 1
staticfield java/lang/Math negativeZeroFloatBits J -2147483648
staticfield java/lang/Math negativeZeroDoubleBits J -9223372036854775808
staticfield java/lang/Math $assertionsDisabled Z 1
instanceKlass org/apache/maven/artifact/versioning/ManagedVersionMap
instanceKlass sun/net/www/http/KeepAliveCache
instanceKlass com/sun/jna/win32/W32APIOptions$2
instanceKlass com/sun/jna/win32/W32APIOptions$1
instanceKlass org/eclipse/jdt/ls/core/internal/preferences/Preferences$ReferencedLibraries$3
instanceKlass java/lang/ProcessEnvironment
instanceKlass java/util/LinkedHashMap
ciInstanceKlass java/util/HashMap 1 1 514 1 7 1 1 7 1 7 1 100 1 100 1 7 1 100 1 100 1 100 1 100 1 100 1 100 1 100 1 100 1 7 1 7 1 7 1 7 1 7 1 1 7 1 1 1 1 1 1 7 1 7 1 1 1 1 1 1 1 1 1 1 1 1 5 0 1 1 3 1 3 1 1 4 1 3 1 3 1 3 1 1 1 1 1 1 1 1 1 1 1 1 1 7 1 1 12 10 1 1 1 1 100 1 1 12 10 1 100 1 7 1 1 12 10 1 100 1 100 1 1 12 11 1 12 11 1 1 1 1 12 11 1 1 1 7 1 12 10 1 1 1 12 10 1 100 1 100 10 1 8 1 1 12 10 1 12 10 1 1 12 10 1 12 10 1 7 1 1 12 10 1 8 1 12 10 12 9 12 10 12 9 1 12 10 1 1 1 1 12 10 1 12 11 12 9 4 1 1 12 10 1 12 11 1 7 1 1 12 11 1 7 1 1 12 11 1 1 12 11 1 12 11 1 12 11 12 10 1 1 12 10 12 9 1 1 1 1 1 1 12 10 1 1 12 9 1 12 9 1 12 9 1 1 12 10 100 1 12 9 1 1 12 10 1 1 1 1 1 1 1 12 10 1 1 12 10 1 1 12 10 1 1 12 10 12 9 1 1 12 10 1 3 1 1 12 10 1 1 1 12 10 1 1 12 9 9 1 1 12 10 1 1 1 1 12 10 1 1 1 12 10 1 12 10 1 1 1 1 12 9 1 12 10 1 1 1 1 12 10 1 7 1 1 12 10 1 7 1 1 1 1 1 1 12 9 10 1 100 1 12 9 10 1 1 1 1 1 1 1 1 1 1 1 100 10 1 7 1 12 11 1 100 10 1 1 1 1 7 12 11 1 1 1 1 1 1 1 1 100 1 1 12 11 1 1 1 1 1 100 12 10 1 100 1 12 10 1 12 10 1 1 1 1 1 7 12 10 1 7 1 12 10 1 12 10 1 12 10 1 1 1 7 1 1 12 10 8 1 12 10 1 100 10 4 1 7 1 1 12 10 4 1 12 10 1 1 12 10 1 12 10 1 8 4 1 7 1 1 12 10 1 7 1 7 1 1 12 11 12 10 1 1 12 10 1 1 1 1 1 1 10 1 1 1 12 10 1 1 1 1 1 1 1
instanceKlass java/util/TreeMap$NavigableSubMap$EntrySetView
instanceKlass java/util/Hashtable$KeySet
instanceKlass com/google/common/graph/DirectedGraphConnections$3
instanceKlass com/google/common/graph/MapIteratorCache$1
instanceKlass com/google/common/graph/AbstractBaseGraph$1
instanceKlass org/eclipse/buildship/core/internal/util/gradle/ModelUtils$ImmutableDomainObjectSet
instanceKlass org/gradle/tooling/model/internal/ImmutableDomainObjectSet
instanceKlass org/gradle/internal/impldep/com/google/common/collect/MapMakerInternalMap$SafeToArraySet
instanceKlass org/gradle/internal/impldep/com/google/common/collect/Sets$SubSet
instanceKlass org/gradle/internal/impldep/com/google/common/collect/Sets$PowerSet
instanceKlass org/gradle/internal/impldep/com/google/common/collect/Sets$5$1$1
instanceKlass org/gradle/internal/impldep/com/google/common/collect/Sets$5
instanceKlass org/gradle/internal/impldep/com/google/common/collect/Sets$SetView
instanceKlass org/gradle/internal/impldep/com/google/common/collect/Sets$ImprovedAbstractSet
instanceKlass java/util/concurrent/ConcurrentSkipListMap$EntrySet
instanceKlass com/google/common/collect/Sets$SetView
instanceKlass java/util/concurrent/CopyOnWriteArraySet
instanceKlass org/eclipse/sisu/wire/EntrySetAdapter
instanceKlass org/eclipse/sisu/wire/EntryMapAdapter$EntrySet
instanceKlass java/lang/ProcessEnvironment$CheckedKeySet
instanceKlass com/google/common/collect/Sets$ImprovedAbstractSet
instanceKlass com/google/gson/internal/LinkedTreeMap$EntrySet
instanceKlass java/util/concurrent/ConcurrentSkipListMap$KeySet
instanceKlass java/util/Hashtable$EntrySet
instanceKlass com/google/common/collect/Sets$SetView
instanceKlass java/util/concurrent/ConcurrentSkipListSet
instanceKlass java/lang/ProcessEnvironment$CheckedEntrySet
instanceKlass org/eclipse/osgi/framework/util/CaseInsensitiveDictionaryMap$EntrySet
instanceKlass org/eclipse/osgi/framework/util/CaseInsensitiveDictionaryMap$KeySet
instanceKlass java/util/AbstractMap$1
instanceKlass java/util/TreeMap$EntrySet
instanceKlass org/eclipse/osgi/framework/eventmgr/CopyOnWriteIdentityMap$Snapshot$EntrySet
instanceKlass java/util/LinkedHashMap$LinkedEntrySet
instanceKlass java/util/TreeMap$KeySet
instanceKlass java/util/TreeSet
instanceKlass java/util/LinkedHashMap$LinkedKeySet
instanceKlass java/util/Collections$SingletonSet
instanceKlass java/util/WeakHashMap$EntrySet
instanceKlass java/util/IdentityHashMap$KeySet
instanceKlass java/util/EnumSet
instanceKlass java/util/HashMap$KeySet
instanceKlass java/util/WeakHashMap$KeySet
instanceKlass java/util/Collections$SetFromMap
instanceKlass java/util/HashSet
instanceKlass java/util/Collections$EmptySet
instanceKlass java/util/HashMap$EntrySet
instanceKlass java/util/ImmutableCollections$MapN$1
ciInstanceKlass java/util/AbstractSet 1 1 70 1 7 1 1 7 1 7 1 1 12 10 1 1 1 100 1 100 1 7 1 1 12 11 10 1 1 12 10 1 100 1 1 1 12 10 1 7 1 1 12 11 1 1 12 11 1 7 12 10 1 1 1 7 1 1 12 10 11 1 12 10 1 12 11 12 11 1 1 1
instanceKlass java/util/LinkedHashMap$Entry
ciInstanceKlass java/util/HashMap$Node 1 1 83 1 7 1 1 7 1 100 1 100 1 1 100 1 1 1 1 1 1 1 1 1 1 1 1 1 1 1 12 10 12 9 12 9 12 9 12 9 1 1 1 1 1 1 1 1 100 10 1 1 12 10 1 8 1 12 10 12 10 1 1 1 7 1 12 10 1 1 1 1 1 12 11 1 12 10 12 11 1 1 1 1 1
instanceKlass java/util/HashMap$TreeNode
ciInstanceKlass java/util/LinkedHashMap$Entry 1 1 25 1 100 1 1 7 1 100 1 100 1 1 1 1 1 1 1 1 1 12 10 1 1 1 1
ciInstanceKlass java/util/HashMap$TreeNode 0 0 175 1 100 1 1 100 1 100 1 100 1 1 100 1 1 1 1 1 1 1 1 1 1 1 1 1 1 12 10 1 1 1 12 9 1 1 1 1 1 12 9 12 9 1 1 12 9 1 100 12 9 1 1 12 10 1 100 1 12 10 1 1 1 12 9 12 9 1 100 1 100 1 1 12 9 1 1 12 10 1 1 12 10 1 1 12 10 12 10 1 1 1 12 10 1 1 1 1 12 10 1 1 12 10 1 100 1 1 12 10 1 100 1 1 12 10 1 1 1 12 9 12 10 1 1 12 10 12 10 1 1 1 1 1 12 10 9 1 1 1 1 1 12 10 1 1 1 12 10 1 12 10 1 1 1 12 10 1 1 1 12 10 12 10 1 1 1 1 12 10 1 1 1 1 1
instanceKlass java/lang/ref/ReferenceQueue$Null
ciInstanceKlass java/lang/ref/ReferenceQueue 1 1 124 1 7 1 1 7 1 7 1 7 1 1 1 1 1 1 1 1 1 1 1 1 1 1 1 1 1 12 10 10 12 9 12 9 1 1 1 1 7 1 12 9 12 9 12 9 12 9 1 100 10 12 9 1 12 9 1 7 1 100 1 1 12 10 1 12 10 1 100 1 1 1 1 12 10 1 1 1 1 100 1 100 1 8 1 12 10 1 7 1 1 12 10 1 1 12 10 5 0 12 10 1 1 1 1 100 1 1 12 11 1 1 7 1 1 12 10 10 1 1 1 1 1 1
staticfield java/lang/ref/ReferenceQueue NULL Ljava/lang/ref/ReferenceQueue; java/lang/ref/ReferenceQueue$Null
staticfield java/lang/ref/ReferenceQueue ENQUEUED Ljava/lang/ref/ReferenceQueue; java/lang/ref/ReferenceQueue$Null
staticfield java/lang/ref/ReferenceQueue $assertionsDisabled Z 1
ciInstanceKlass java/lang/ref/ReferenceQueue$Null 1 1 18 1 100 1 1 7 1 1 1 12 10 1 1 1 1 1 1 1
ciInstanceKlass java/lang/ref/ReferenceQueue$Lock 1 1 15 1 100 1 7 1 7 1 1 1 12 10 1 1 1
ciInstanceKlass jdk/internal/misc/VM 1 1 288 1 7 1 7 1 100 1 100 1 7 1 100 1 1 1 1 1 3 1 3 1 3 1 3 1 3 1 1 1 1 1 1 1 1 1 1 3 1 1 1 1 1 1 1 1 1 3 1 3 1 3 1 1 12 10 1 12 9 12 9 1 100 1 100 10 1 8 1 1 12 10 1 12 10 1 1 12 10 1 12 10 1 12 10 1 100 1 1 1 100 1 12 10 1 1 12 10 1 1 12 10 1 1 1 12 9 1 12 9 1 1 12 9 1 1 1 1 7 1 1 12 10 1 1 12 9 1 100 1 8 10 1 7 1 1 12 11 1 7 1 1 1 1 100 1 1 12 10 1 1 1 1 100 1 8 1 8 1 12 10 1 8 1 1 12 10 1 7 1 1 12 10 1 12 10 1 100 1 1 12 10 5 0 1 8 1 8 1 8 1 1 12 10 1 1 12 10 1 7 1 1 12 10 1 12 10 1 12 10 12 9 1 12 10 1 1 7 1 12 10 1 12 9 1 12 9 1 1 1 1 1 12 9 1 12 9 1 12 9 1 12 9 1 12 9 1 12 9 1 1 12 10 1 1 12 10 1 12 10 1 12 10 1 12 10 1 1 1 1 1 1 1 1 1 12 9 1 5 0 10 1 1 1 1 1 1 1
staticfield jdk/internal/misc/VM lock Ljava/lang/Object; java/lang/Object
ciInstanceKlass java/util/Arrays 1 1 887 1 7 1 7 1 100 1 7 1 7 1 100 1 1 100 1 100 1 1 100 1 1 1 100 1 100 1 1 100 1 1 100 1 1 100 1 1 1 100 1 100 1 1 100 1 1 100 1 1 1 100 1 100 1 1 1 3 1 3 1 1 1 1 12 10 1 1 1 7 1 12 10 1 1 1 12 10 1 1 12 10 1 1 1 12 10 1 1 12 10 1 1 12 10 1 1 12 10 1 1 1 12 10 1 1 1 100 1 1 12 10 1 100 1 7 10 1 8 1 1 12 10 1 12 10 1 8 1 8 1 1 12 10 1 12 10 1 100 1 12 10 1 1 1 1 12 9 1 7 1 12 10 1 1 12 10 1 7 1 12 10 1 7 1 1 12 10 1 100 1 12 10 1 1 12 10 1 1 1 1 1 7 1 7 1 1 1 1 12 9 1 12 10 1 7 1 12 10 1 12 10 1 1 12 10 1 12 10 1 1 12 10 1 7 1 1 12 11 1 12 10 1 7 1 1 12 10 12 10 12 10 1 12 10 12 10 12 10 1 1 12 11 1 1 1 1 7 1 1 12 10 1 12 10 10 1 1 1 1 12 10 10 1 1 1 12 10 10 1 1 1 12 10 10 1 1 1 1 1 12 10 1 1 12 10 1 1 12 10 1 1 12 10 1 1 12 10 1 1 12 10 1 100 1 1 12 10 1 100 1 1 12 10 1 100 1 1 12 10 1 100 1 1 12 10 1 1 1 12 10 1 1 1 1 7 1 1 12 10 1 1 12 10 1 1 12 10 1 1 12 10 1 1 12 10 1 1 12 10 1 1 1 12 10 1 1 12 10 1 1 12 10 1 1 12 10 1 1 12 10 1 1 12 10 1 1 12 10 1 1 12 10 1 1 12 10 1 1 12 10 1 1 12 10 1 1 1 1 1 1 1 1 1 1 1 1 1 1 1 1 1 1 1 1 1 1 1 1 1 1 1 12 10 1 1 7 1 1 12 10 1 1 1 1 1 1 1 1 1 1 12 10 1 1 8 1 1 1 1 1 1 1 1 1 1 1 1 12 10 1 1 1 100 1 1 100 1 1 100 1 1 100 1 1 100 1 1 100 1 1 1 12 10 1 12 10 1 1 12 10 1 1 100 1 1 12 9 12 10 1 100 9 12 10 1 100 9 12 10 1 100 9 12 10 1 100 9 12 10 1 100 9 12 10 9 12 10 12 10 1 1 12 10 12 9 1 100 10 12 10 12 10 12 10 12 10 12 10 12 10 12 10 12 10 12 10 1 12 10 1 1 8 1 8 1 12 10 1 12 10 1 8 1 1 1 1 1 1 12 10 1 1 12 10 1 1 12 10 1 1 100 1 1 12 10 1 3 10 1 100 10 1 12 10 1 1 100 1 12 11 1 1 12 10 12 10 12 10 12 10 12 10 12 10 12 10 12 10 12 10 1 12 11 1 8 10 1 12 11 1 1 1 1 100 1 1 12 11 1 1 100 1 1 12 11 1 1 12 11 16 1 1 12 10 15 1 100 1 1 12 10 15 1 1 12 18 1 1 12 11 1 1 100 1 1 12 11 1 1 12 10 15 1 12 18 1 1 100 1 1 12 11 1 1 12 10 15 1 12 18 1 1 100 1 1 12 11 1 1 12 10 15 1 12 18 1 1 1 1 7 1 12 10 1 1 1 12 10 1 1 12 10 1 1 12 10 1 1 12 10 1 1 12 10 1 1 12 10 1 1 12 10 1 1 1 1 12 10 1 12 10 1 7 1 12 10 1 1 12 10 12 10 1 1 12 10 1 1 12 10 12 10 1 1 12 10 1 1 12 10 12 10 1 1 12 10 1 1 12 10 1 1 1 12 10 1 1 12 10 1 1 12 10 1 12 10 1 1 12 10 1 1 12 10 1 12 10 1 1 12 10 1 12 10 1 1 12 10 1 1 1 12 10 1 1 1 1 1 1 1 1 1 1 1 1 1 12 10 1 1 1 1 1 1 1 1
staticfield java/util/Arrays $assertionsDisabled Z 1
ciInstanceKlass java/io/FileDescriptor 1 1 149 1 7 1 7 1 7 1 1 1 1 1 1 1 1 1 1 1 1 1 1 1 1 1 1 1 1 1 12 10 12 9 5 0 12 9 1 1 1 12 10 1 1 12 10 12 9 1 1 1 1 100 1 1 12 9 1 7 1 12 10 1 1 1 1 1 1 8 1 7 1 1 12 10 1 1 1 100 12 10 1 12 10 1 1 12 9 12 9 1 100 10 1 100 1 1 12 11 1 1 100 12 9 1 1 12 11 1 7 1 100 1 12 11 1 1 12 11 12 11 1 1 12 10 10 1 12 10 10 1 7 1 1 12 10 12 10 12 9 12 9 12 9 1 1 1 1 1 1
staticfield java/io/FileDescriptor in Ljava/io/FileDescriptor; java/io/FileDescriptor
staticfield java/io/FileDescriptor out Ljava/io/FileDescriptor; java/io/FileDescriptor
staticfield java/io/FileDescriptor err Ljava/io/FileDescriptor; java/io/FileDescriptor
ciInstanceKlass jdk/internal/access/JavaIOFileDescriptorAccess 1 0 27 1 100 1 100 1 1 1 1 1 1 1 1 1 1 1 100 1 1 1 1 1 1 1 1 1 1
ciInstanceKlass java/io/FileDescriptor$1 1 1 69 1 100 1 7 1 100 1 7 1 1 12 10 1 1 1 12 10 1 1 1 1 12 9 1 1 1 1 12 9 1 1 1 1 1 100 12 10 1 1 7 1 12 10 1 1 1 12 10 1 12 10 1 1 1 12 10 1 1 1 1 12 9 1 1 1 1 1 1
ciInstanceKlass java/io/BufferedInputStream 1 1 132 1 7 1 7 1 1 1 1 1 1 1 1 1 1 1 1 1 1 1 100 1 1 12 9 1 8 1 1 12 10 1 7 1 1 12 9 100 1 12 9 1 12 10 12 10 12 9 1 100 1 8 10 1 1 12 10 12 9 1 7 1 1 12 10 12 9 1 7 1 1 12 10 12 9 12 9 1 7 1 1 12 10 12 9 12 10 1 1 12 10 1 12 10 1 1 100 12 10 12 10 1 12 10 1 1 12 10 3 1 1 1 1 8 1 1 1 12 10 1 1 1 12 10 8 1 1 12 10 1 1 1
staticfield java/io/BufferedInputStream U Ljdk/internal/misc/Unsafe; jdk/internal/misc/Unsafe
staticfield java/io/BufferedInputStream BUF_OFFSET J 32
instanceKlass org/gradle/internal/io/LinePerThreadBufferingOutputStream
ciInstanceKlass java/io/PrintStream 1 1 299 1 7 1 7 1 100 1 100 1 100 1 100 1 1 1 1 1 1 1 1 1 1 1 1 1 1 1 100 1 1 12 10 1 1 1 100 1 100 1 100 1 8 12 10 1 7 1 12 10 1 100 10 1 1 12 10 12 9 12 9 12 9 1 7 10 12 9 1 7 1 12 10 12 9 1 1 12 10 1 12 10 1 8 1 7 12 10 1 12 10 1 12 10 1 100 1 100 10 1 12 10 1 1 100 1 8 1 12 10 1 1 1 1 1 1 12 9 1 8 10 1 12 10 12 10 1 100 1 100 1 12 10 10 1 1 10 12 10 1 1 1 1 1 100 12 10 1 100 1 1 12 10 1 12 10 1 12 10 1 10 1 1 12 10 1 12 10 10 1 1 12 10 12 10 1 7 1 1 12 10 1 1 1 1 12 10 10 1 1 12 10 1 12 10 1 1 12 10 1 1 12 10 1 1 12 10 10 1 12 10 1 1 10 1 1 12 10 12 10 12 10 12 10 12 10 12 10 12 10 12 10 12 10 12 10 1 100 12 10 1 1 1 12 10 1 12 10 12 9 1 100 1 1 12 10 1 1 12 9 1 1 12 10 1 12 10 1 12 10 1 12 10 1 1 1 1 8 1 100 1 1 12 11 12 10 1 1 12 10 1 12 10 1 1 1 1 1 1
instanceKlass sun/nio/cs/ext/IBM1047
instanceKlass sun/nio/cs/ext/ISO2022_JP
instanceKlass sun/nio/cs/KOI8_R
instanceKlass sun/nio/cs/SJIS
instanceKlass sun/nio/cs/ext/IBM284
instanceKlass sun/nio/cs/ext/IBM285
instanceKlass sun/nio/cs/ext/Big5
instanceKlass sun/nio/cs/IBM850
instanceKlass sun/nio/cs/ext/IBM297
instanceKlass sun/nio/cs/ISO_8859_7
instanceKlass sun/nio/cs/ext/ISO_8859_6
instanceKlass sun/nio/cs/ISO_8859_9
instanceKlass sun/nio/cs/ext/ISO_8859_8
instanceKlass sun/nio/cs/ISO_8859_5
instanceKlass sun/nio/cs/ISO_8859_4
instanceKlass sun/nio/cs/ext/IBM500
instanceKlass sun/nio/cs/ext/IBM424
instanceKlass sun/nio/cs/ext/IBM860
instanceKlass sun/nio/cs/ext/IBM420
instanceKlass sun/nio/cs/ext/EUC_TW
instanceKlass sun/nio/cs/ext/ISO_8859_3
instanceKlass sun/nio/cs/ISO_8859_2
instanceKlass sun/nio/cs/ext/EUC_KR
instanceKlass sun/nio/cs/MS1250
instanceKlass sun/nio/cs/ext/IBM280
instanceKlass sun/nio/cs/MS1251
instanceKlass sun/nio/cs/ext/EUC_CN
instanceKlass sun/nio/cs/ext/ISO2022
instanceKlass sun/nio/cs/ext/IBM918
instanceKlass sun/nio/cs/ISO_8859_15
instanceKlass sun/nio/cs/ext/EUC_JP
instanceKlass sun/nio/cs/ext/MacRoman
instanceKlass sun/nio/cs/ISO_8859_13
instanceKlass sun/nio/cs/ext/IBM870
instanceKlass sun/nio/cs/ext/ISO_8859_11
instanceKlass sun/nio/cs/ext/IBM871
instanceKlass sun/nio/cs/ext/IBM277
instanceKlass sun/nio/cs/ext/IBM278
instanceKlass sun/nio/cs/ext/IBM037
instanceKlass sun/util/PropertyResourceBundleCharset
instanceKlass sun/nio/cs/MS1252
instanceKlass sun/nio/cs/US_ASCII
instanceKlass sun/nio/cs/ISO_8859_1
instanceKlass sun/nio/cs/Unicode
ciInstanceKlass java/nio/charset/Charset 1 1 316 1 7 1 1 7 1 100 1 7 1 100 1 100 1 7 1 7 1 1 1 1 1 1 1 1 1 1 1 1 1 1 1 1 1 1 1 1 1 1 7 1 1 12 10 1 100 1 12 10 1 1 12 10 1 1 12 9 12 9 1 1 1 1 12 10 1 1 1 7 1 1 12 10 12 9 1 7 1 1 12 10 1 1 12 10 10 1 7 1 1 12 10 1 100 1 1 1 12 9 100 1 7 1 12 10 1 1 7 1 8 10 1 1 12 10 100 1 12 10 12 9 12 10 12 10 12 10 12 10 1 1 12 10 1 1 7 10 1 1 1 1 100 1 12 11 1 12 11 1 12 10 1 100 1 12 11 1 12 11 1 1 1 10 1 100 1 12 9 1 8 1 7 1 1 12 10 1 100 1 1 12 9 1 10 12 9 12 9 1 7 1 12 10 7 1 8 1 8 1 8 12 9 12 9 1 1 1 100 1 12 10 1 12 10 1 100 1 1 12 10 1 1 1 8 1 12 10 1 8 1 1 1 1 1 1 1 1 1 1 1 100 1 7 1 1 12 10 1 7 1 1 12 9 1 7 1 1 12 10 1 12 10 12 10 1 100 1 12 10 1 1 1 1 12 10 1 100 1 12 10 12 10 12 10 1 1 100 1 1 12 10 10 1 1 1 1 12 10 1 12 10 1 1 12 10 1 1 7 10 10 1 1 1 1 1
staticfield java/nio/charset/Charset standardProvider Ljava/nio/charset/spi/CharsetProvider; sun/nio/cs/StandardCharsets
staticfield java/nio/charset/Charset zeroAliases [Ljava/lang/String; 0 [Ljava/lang/String;
ciInstanceKlass sun/security/action/GetPropertyAction 1 1 67 1 7 1 1 7 1 100 1 100 1 1 1 1 1 1 12 10 12 9 1 12 9 1 1 1 7 1 1 12 10 1 100 1 1 1 12 10 12 10 1 100 1 1 12 10 1 12 10 12 10 1 1 1 12 10 10 1 100 1 12 10 1 1 1 1 1
ciInstanceKlass sun/nio/cs/UTF_8 1 1 72 1 7 1 7 1 7 1 7 1 1 1 1 1 1 1 1 1 8 1 7 1 1 12 10 1 12 10 1 1 1 8 1 1 1 12 10 1 1 10 1 1 1 7 1 1 12 10 1 1 12 10 1 1 12 10 1 12 10 12 9 1 7 1 1 12 10 12 9 1 1 1
staticfield sun/nio/cs/UTF_8 INSTANCE Lsun/nio/cs/UTF_8; sun/nio/cs/UTF_8
staticfield sun/nio/cs/UTF_8 JLA Ljdk/internal/access/JavaLangAccess; java/lang/System$2
ciInstanceKlass sun/nio/cs/ISO_8859_1 1 1 53 1 7 1 7 1 100 1 7 1 100 1 1 1 1 1 1 1 8 1 7 1 1 12 10 1 12 10 1 1 1 8 1 1 1 100 1 1 1 12 10 1 1 10 1 12 10 12 9 1 1 1 1
staticfield sun/nio/cs/ISO_8859_1 INSTANCE Lsun/nio/cs/ISO_8859_1; sun/nio/cs/ISO_8859_1
ciInstanceKlass sun/nio/cs/US_ASCII 1 1 60 1 7 1 7 1 100 1 100 1 100 1 1 1 1 1 1 1 1 1 8 1 7 1 1 12 10 1 12 10 1 1 1 8 1 1 1 1 1 12 10 1 1 10 1 12 10 12 9 1 7 1 1 12 10 12 9 1 1 1
staticfield sun/nio/cs/US_ASCII INSTANCE Lsun/nio/cs/US_ASCII; sun/nio/cs/US_ASCII
staticfield sun/nio/cs/US_ASCII JLA Ljdk/internal/access/JavaLangAccess; java/lang/System$2
ciInstanceKlass jdk/internal/misc/ScopedMemoryAccess 1 1 1320 1 7 1 7 1 100 1 100 1 100 1 100 1 100 1 1 1 1 100 1 100 1 1 100 1 1 100 1 1 100 1 1 1 1 1 1 1 1 1 1 1 1 1 12 9 1 1 12 10 1 12 10 1 1 12 9 1 1 1 1 12 10 1 100 1 8 1 12 10 1 1 12 11 12 9 1 7 1 12 10 1 7 1 1 12 10 1 100 1 1 1 12 10 1 12 10 1 1 1 12 10 1 12 10 1 1 1 12 10 1 7 1 12 10 1 1 1 12 10 1 100 1 1 12 10 1 100 1 12 11 1 1 1 12 10 1 12 11 1 1 12 10 12 11 1 1 1 12 10 1 12 11 1 1 1 1 1 12 10 1 1 12 10 1 1 1 12 10 1 1 12 10 1 12 10 1 1 1 1 1 12 10 1 1 1 12 10 1 1 1 12 10 1 12 10 1 1 1 12 10 1 12 10 1 1 12 10 12 10 1 1 12 10 12 10 1 1 12 10 12 10 1 1 12 10 12 10 1 1 12 10 12 10 1 1 12 10 12 10 1 1 1 12 10 1 12 10 1 1 12 10 12 10 1 1 12 10 12 10 1 1 12 10 12 10 1 1 12 10 12 10 1 1 12 10 12 10 1 1 12 10 12 10 1 1 12 10 12 10 1 1 12 10 12 10 1 1 12 10 12 10 1 1 12 10 12 10 1 1 12 10 12 10 1 1 1 12 10 1 12 10 1 1 1 12 10 1 12 10 1 1 1 12 10 1 12 10 1 1 1 12 10 1 12 10 1 1 12 10 12 10 1 1 12 10 12 10 1 1 12 10 12 10 1 1 12 10 12 10 1 1 12 10 12 10 1 1 12 10 12 10 1 1 1 12 10 1 12 10 1 1 12 10 12 10 1 1 12 10 12 10 1 1 12 10 12 10 1 1 12 10 12 10 1 1 12 10 12 10 1 1 12 10 12 10 1 1 12 10 12 10 1 1 12 10 12 10 1 1 12 10 12 10 1 1 12 10 12 10 1 1 12 10 12 10 1 1 1 12 10 1 12 10 1 1 1 12 10 1 12 10 1 1 1 12 10 1 12 10 1 1 1 12 10 1 12 10 1 1 12 10 12 10 1 1 12 10 12 10 1 1 12 10 12 10 1 1 12 10 12 10 1 1 12 10 12 10 1 1 12 10 12 10 1 1 1 12 10 1 12 10 1 1 12 10 12 10 1 1 12 10 12 10 1 1 12 10 12 10 1 1 12 10 12 10 1 1 12 10 12 10 1 1 12 10 12 10 1 1 12 10 12 10 1 1 12 10 12 10 1 1 12 10 12 10 1 1 12 10 12 10 1 1 12 10 12 10 1 1 1 12 10 1 12 10 1 1 1 12 10 1 12 10 1 1 1 12 10 1 12 10 1 1 1 12 10 1 12 10 1 1 12 10 12 10 1 1 12 10 12 10 1 1 12 10 12 10 1 1 12 10 12 10 1 1 12 10 12 10 1 1 12 10 12 10 1 1 1 12 10 1 12 10 1 1 1 12 10 1 12 10 1 1 12 10 12 10 1 1 12 10 12 10 1 1 12 10 12 10 1 1 12 10 12 10 1 1 12 10 12 10 1 1 12 10 12 10 1 1 1 12 10 1 12 10 1 1 12 10 12 10 1 1 12 10 12 10 1 1 12 10 12 10 1 1 12 10 12 10 1 1 12 10 12 10 1 1 12 10 12 10 1 1 12 10 12 10 1 1 12 10 12 10 1 1 12 10 12 10 1 1 12 10 12 10 1 1 12 10 12 10 1 1 12 10 12 10 1 1 12 10 12 10 1 1 12 10 12 10 1 1 1 12 10 1 12 10 1 1 1 12 10 1 12 10 1 1 1 12 10 1 12 10 1 1 1 12 10 1 12 10 1 1 12 10 12 10 1 1 12 10 12 10 1 1 12 10 12 10 1 1 12 10 12 10 1 1 12 10 12 10 1 1 12 10 12 10 1 1 1 12 10 1 12 10 1 1 1 12 10 1 12 10 1 1 12 10 12 10 1 1 12 10 12 10 1 1 12 10 12 10 1 1 12 10 12 10 1 1 12 10 12 10 1 1 12 10 12 10 1 1 1 12 10 1 12 10 1 1 12 10 12 10 1 1 12 10 12 10 1 1 12 10 12 10 1 1 12 10 12 10 1 1 12 10 12 10 1 1 12 10 12 10 1 1 12 10 12 10 1 1 12 10 12 10 1 1 12 10 12 10 1 1 12 10 12 10 1 1 12 10 12 10 1 1 12 10 12 10 1 1 12 10 12 10 1 1 12 10 12 10 1 1 1 12 10 1 12 10 1 1 1 12 10 1 12 10 1 1 12 10 12 10 1 1 12 10 12 10 1 1 12 10 12 10 1 1 12 10 12 10 1 1 12 10 12 10 1 1 12 10 12 10 1 1 1 12 10 1 12 10 1 1 1 12 10 1 12 10 1 1 12 10 12 10 1 1 12 10 12 10 1 1 12 10 12 10 1 1 12 10 12 10 1 1 12 10 12 10 1 1 12 10 12 10 1 1 1 12 10 1 12 10 1 1 12 10 12 10 1 1 12 10 12 10 1 1 12 10 12 10 1 1 12 10 12 10 1 1 12 10 12 10 1 1 1 12 10 1 12 10 1 1 1 12 10 1 12 10 1 1 12 10 12 10 1 1 12 10 12 10 1 1 12 10 12 10 1 1 12 10 12 10 1 1 12 10 12 10 1 1 12 10 12 10 1 1 1 12 10 1 12 10 1 1 1 12 10 1 12 10 1 1 12 10 12 10 1 1 12 10 12 10 1 1 12 10 12 10 1 1 12 10 12 10 1 1 12 10 12 10 1 1 12 10 12 10 1 1 1 12 10 1 12 10 1 1 12 10 12 10 1 1 12 10 12 10 1 1 12 10 12 10 1 1 12 10 12 10 1 1 12 10 12 10 1 1 1 12 10 12 10 10 1 1 1 1 1 1
staticfield jdk/internal/misc/ScopedMemoryAccess UNSAFE Ljdk/internal/misc/Unsafe; jdk/internal/misc/Unsafe
staticfield jdk/internal/misc/ScopedMemoryAccess theScopedMemoryAccess Ljdk/internal/misc/ScopedMemoryAccess; jdk/internal/misc/ScopedMemoryAccess
ciInstanceKlass java/util/Collections 1 1 721 1 7 1 7 1 100 1 7 1 7 1 7 1 100 1 7 1 7 1 7 1 7 1 7 1 7 1 7 1 100 1 7 1 100 1 100 1 100 1 100 1 100 1 100 1 100 1 100 1 100 1 100 1 100 1 100 1 100 1 100 1 100 1 100 1 100 1 7 1 100 1 100 1 100 1 100 1 7 1 7 1 100 1 100 1 100 1 7 1 100 1 100 1 100 1 100 1 7 1 7 1 100 1 100 1 100 1 100 1 7 1 7 1 100 1 7 1 7 1 7 1 1 1 1 1 1 1 1 1 1 1 1 1 1 1 1 1 1 1 1 1 1 1 1 1 1 1 1 1 1 1 1 1 1 1 1 1 1 7 1 100 1 1 1 1 1 1 1 1 1 1 1 1 1 1 1 3 1 3 1 3 1 3 1 3 1 3 1 3 1 3 1 1 1 1 1 1 1 1 1 1 12 10 1 1 1 1 7 1 12 11 1 1 1 1 1 1 7 1 1 12 11 1 12 10 1 12 10 1 1 12 11 1 7 1 1 12 11 1 1 12 11 1 100 1 12 10 1 1 12 11 1 1 12 11 1 12 11 1 1 12 10 12 10 12 10 1 100 1 1 12 11 1 1 1 1 12 10 1 12 11 1 1 12 11 1 12 9 1 100 10 1 12 10 1 1 1 12 10 1 1 12 11 1 100 1 12 10 1 1 12 11 1 1 1 1 1 1 1 100 1 8 1 12 10 1 1 1 1 7 1 1 12 11 1 100 11 1 1 12 11 1 1 12 10 1 12 10 1 1 1 1 12 10 1 12 10 1 1 1 12 11 12 10 1 1 1 1 1 12 10 1 1 1 1 1 12 10 1 1 1 1 1 1 12 10 1 12 10 1 1 1 1 12 10 1 1 1 1 12 10 1 1 1 1 12 10 1 1 1 12 10 10 1 1 1 1 12 10 1 1 1 1 12 10 1 1 1 1 12 10 1 1 10 1 1 1 12 10 1 1 10 1 1 1 12 10 1 10 1 10 1 1 10 10 1 1 12 10 10 1 1 10 1 1 10 1 1 10 1 1 1 1 12 10 1 1 1 1 100 1 1 12 10 1 1 1 1 12 10 1 1 1 1 12 10 1 1 1 1 12 10 1 1 1 1 12 10 1 1 1 1 12 10 10 1 1 1 1 12 10 1 1 1 1 12 10 1 1 1 1 12 10 1 1 1 1 12 9 1 1 1 12 9 1 1 1 1 1 12 9 1 1 1 12 9 1 1 1 1 1 12 9 1 1 1 1 1 1 12 9 1 1 1 12 9 1 1 1 1 1 12 9 1 1 1 1 1 1 12 10 1 1 1 10 1 1 1 10 1 1 1 10 1 1 1 1 12 10 1 1 1 1 100 1 100 10 1 8 1 1 12 10 1 12 10 1 1 12 10 10 1 12 10 1 1 1 1 1 12 9 1 1 1 1 12 9 1 1 12 9 12 10 1 1 1 10 1 1 1 1 7 10 1 7 1 12 11 1 12 11 1 12 10 1 1 1 1 1 1 1 100 11 1 12 11 1 1 1 1 11 1 1 1 10 1 1 1 1 100 1 1 12 10 1 100 1 12 10 1 10 10 10 1 1 1 1 1 1 1
staticfield java/util/Collections EMPTY_SET Ljava/util/Set; java/util/Collections$EmptySet
staticfield java/util/Collections EMPTY_LIST Ljava/util/List; java/util/Collections$EmptyList
staticfield java/util/Collections EMPTY_MAP Ljava/util/Map; java/util/Collections$EmptyMap
instanceKlass org/gradle/internal/service/UnknownServiceException
instanceKlass java/nio/file/InvalidPathException
instanceKlass java/nio/file/ProviderMismatchException
instanceKlass java/security/InvalidParameterException
instanceKlass org/gradle/internal/service/UnknownServiceException
instanceKlass java/nio/charset/IllegalCharsetNameException
instanceKlass java/nio/charset/UnsupportedCharsetException
instanceKlass java/util/regex/PatternSyntaxException
instanceKlass java/lang/NumberFormatException
ciInstanceKlass java/lang/IllegalArgumentException 1 1 24 1 100 1 7 1 1 5 0 1 1 12 10 1 12 10 1 12 10 1 12 10 1 1
ciInstanceKlass java/lang/module/ModuleDescriptor 1 1 435 1 7 1 1 7 1 100 1 7 1 100 1 100 1 100 1 100 1 100 1 100 1 100 1 100 1 7 1 7 1 1 1 1 100 1 100 1 1 1 1 1 1 100 1 100 1 1 1 1 1 1 1 1 1 1 1 1 1 1 1 1 1 1 1 1 1 1 1 1 1 1 1 1 1 1 1 12 10 12 9 1 100 10 1 7 1 7 12 9 12 9 12 9 1 1 12 11 12 9 1 1 12 9 1 1 12 11 12 9 1 12 9 12 9 1 1 12 11 1 16 1 12 10 15 1 16 1 100 1 1 12 10 15 1 1 12 18 1 100 1 1 12 11 1 12 11 1 1 12 11 1 1 12 11 12 9 12 9 12 9 12 9 12 9 12 9 12 9 1 1 12 9 1 1 1 1 1 1 1 1 1 1 1 1 1 7 1 1 12 10 1 1 1 12 10 1 12 10 1 1 100 10 10 1 1 12 10 1 8 1 12 10 10 1 1 1 12 10 1 1 12 10 12 10 1 1 12 10 1 100 1 12 10 1 12 10 1 12 10 11 1 100 1 12 10 1 12 10 1 12 10 11 12 10 1 8 1 8 12 10 1 12 11 1 8 1 8 1 8 1 8 1 8 1 8 1 1 1 1 7 1 12 10 1 100 1 8 1 12 10 1 12 10 1 12 11 1 1 12 11 1 1 1 1 1 7 1 12 10 1 100 1 12 10 1 1 12 10 1 1 1 1 12 10 1 1 1 1 1 12 10 1 8 1 1 12 10 1 1 1 1 12 10 15 16 18 1 12 11 1 1 12 11 1 8 1 100 1 1 12 10 1 1 12 11 1 12 11 1 1 1 12 11 1 100 1 1 12 10 1 12 10 1 1 1 12 11 1 100 1 12 11 1 1 12 11 1 100 1 12 10 12 10 10 1 100 1 1 12 9 1 1 12 10 1 1 7 1 12 10 10 1 7 1 1 12 10 1 1 1 1 1 1 1
staticfield java/lang/module/ModuleDescriptor $assertionsDisabled Z 1
ciInstanceKlass java/io/File 1 1 579 1 7 1 1 7 1 100 1 100 1 7 1 7 1 1 1 7 1 7 1 1 1 1 1 1 1 1 1 1 1 1 1 1 1 1 1 1 1 1 5 0 1 1 1 1 1 1 12 9 12 9 1 7 1 12 10 1 12 9 1 12 9 1 1 12 9 1 1 1 12 10 12 9 1 12 9 1 100 10 1 7 1 12 10 1 1 12 10 1 1 100 10 1 1 12 10 1 12 10 1 1 1 12 10 1 1 1 7 1 12 10 1 100 1 8 12 10 1 12 10 1 8 1 12 10 1 8 1 1 12 10 1 8 1 12 10 1 8 1 12 10 1 8 1 12 10 1 8 1 12 10 1 8 1 12 10 12 9 1 1 12 10 1 1 1 12 10 1 1 12 10 1 1 12 10 1 12 10 1 1 12 10 1 1 12 10 12 10 12 10 1 1 12 10 1 12 10 1 1 7 12 10 1 8 10 1 12 10 1 12 10 1 1 1 8 1 12 10 1 7 10 1 1 12 10 1 12 10 1 12 10 1 1 1 7 1 10 1 7 1 8 1 12 10 12 10 1 12 10 1 1 1 100 12 10 10 1 8 1 12 10 1 100 1 12 10 1 1 7 1 1 12 10 1 100 1 12 10 1 1 12 10 1 1 12 10 1 1 12 10 1 1 1 1 1 1 12 10 1 12 10 1 1 12 10 1 1 12 10 12 10 1 1 7 1 12 10 1 1 1 12 10 1 12 10 1 100 1 1 7 10 1 100 1 7 1 1 12 11 1 12 11 1 12 11 1 1 12 11 1 1 1 7 12 10 1 10 10 10 1 1 7 12 11 1 1 12 10 1 12 10 12 10 12 10 12 10 12 10 1 1 1 12 10 1 1 1 8 1 1 12 10 1 12 10 1 1 1 1 12 10 1 12 10 1 12 10 1 12 10 1 1 12 10 1 12 10 1 1 100 1 8 10 1 1 12 10 1 1 12 10 5 0 1 1 1 1 1 100 1 8 1 8 1 8 1 12 10 1 12 10 1 8 10 1 12 10 1 1 1 1 12 10 1 12 10 1 12 10 1 1 1 7 1 12 10 1 1 12 10 1 1 1 7 1 1 12 10 8 1 1 12 10 1 1 12 10 12 9 12 9 1 7 1 1 12 10 12 9 1 1 12 10 1 1 12 9 1 7 1 1 12 10 1 7 1 12 10 1 100 1 100 1 1 1 7 1 12 10 1 7 1 1 12 10 1 12 10 1 12 10 12 9 1 12 10 12 9 12 9 1 1 12 10 1 1 12 10 8 1 1 1 1 1 1 1 1 1
staticfield java/io/File fs Ljava/io/FileSystem; java/io/WinNTFileSystem
staticfield java/io/File separatorChar C 92
staticfield java/io/File separator Ljava/lang/String; "\"staticfield java/io/File pathSeparatorChar C 59
staticfield java/io/File pathSeparator Ljava/lang/String; ";"staticfield java/io/File UNSAFE Ljdk/internal/misc/Unsafe; jdk/internal/misc/Unsafe
staticfield java/io/File PATH_OFFSET J 16
staticfield java/io/File PREFIX_LENGTH_OFFSET J 12
staticfield java/io/File $assertionsDisabled Z 1
instanceKlass java/io/WinNTFileSystem
ciInstanceKlass java/io/FileSystem 1 1 107 1 7 1 7 1 1 3 1 3 1 3 1 3 1 1 1 1 3 1 1 1 1 1 1 1 12 10 1 1 1 1 1 1 1 1 1 1 1 1 1 1 1 1 1 1 100 1 1 1 1 12 10 1 1 1 1 1 1 1 1 1 1 1 1 1 1 1 1 1 1 1 1 1 1 1 1 1 1 1 1 7 1 12 10 1 100 1 12 10 1 100 1 1 8 12 10 12 9 1 8 12 9 1 1 1 1
staticfield java/io/FileSystem useCanonCaches Z 0
staticfield java/io/FileSystem useCanonPrefixCache Z 0
ciInstanceKlass java/io/WinNTFileSystem 1 1 441 1 7 1 7 1 100 1 100 1 1 1 1 1 1 1 1 1 1 1 1 1 1 1 1 12 10 1 7 1 1 12 10 1 8 1 7 1 1 12 10 1 7 1 1 12 10 12 9 1 8 12 9 12 9 1 8 1 12 10 12 9 1 12 9 1 100 10 12 9 1 12 9 12 9 1 1 1 1 1 1 12 10 1 7 10 1 1 12 10 1 12 10 1 1 12 10 1 1 1 1 1 12 10 1 12 10 1 12 10 1 1 12 10 1 12 10 12 10 10 10 12 10 1 1 1 1 1 1 12 10 1 100 1 1 12 10 1 12 10 1 1 8 1 1 12 10 1 8 1 1 12 10 1 1 1 7 1 12 10 1 12 10 1 1 100 1 1 12 10 12 9 1 8 1 12 10 1 100 1 1 12 10 1 100 1 12 10 1 7 1 1 100 1 12 10 12 10 1 12 10 1 12 10 1 1 12 10 1 7 1 1 12 10 1 100 1 1 12 10 1 8 12 10 1 100 1 8 10 1 12 10 12 10 1 1 12 10 12 9 12 10 1 1 100 1 12 10 1 12 10 1 12 10 1 12 10 1 12 9 1 1 12 10 10 1 12 10 1 12 10 1 12 10 1 1 1 1 1 1 1 1 1 1 1 1 1 1 1 1 1 1 12 10 1 12 10 1 1 1 12 10 1 1 1 12 10 1 100 1 1 12 10 1 1 12 10 1 16 1 1 12 10 15 16 1 100 1 1 12 10 15 1 1 12 18 1 100 1 1 12 11 1 16 1 12 10 15 16 1 1 12 18 1 100 1 1 12 11 1 1 12 10 15 16 1 12 18 1 1 12 11 1 100 1 1 1 1 12 10 1 1 12 10 1 1 12 10 1 12 11 11 1 8 12 10 1 1 1 12 10 1 1 7 1 1 12 9 1 1 12 10 12 10 3 1 12 10 1 1 8 1 12 10 1 100 1 1 12 9 10 1 12 10 12 10 1 1 1 1 1
staticfield java/io/WinNTFileSystem ENABLE_ADS Z 1
ciInstanceKlass java/net/URI 1 1 643 1 7 1 1 7 1 100 1 100 1 7 1 7 1 1 100 1 100 1 1 1 5 0 1 1 1 1 1 1 1 1 1 1 1 1 1 1 1 1 1 1 1 1 5 0 1 5 0 1 1 5 0 1 1 5 0 1 1 5 0 1 1 1 1 5 0 1 5 0 1 5 0 1 5 0 1 5 0 1 5 0 1 5 0 1 5 0 1 1 5 0 1 5 0 1 5 0 1 5 0 1 5 0 1 1 5 0 1 1 5 0 1 1 5 0 1 1 1 1 1 1 5 0 1 1 5 0 1 1 5 0 1 5 0 1 1 1 1 1 1 12 10 12 9 1 1 7 1 12 10 1 1 12 10 1 1 1 12 10 1 1 12 10 1 1 12 10 1 12 9 1 1 12 10 1 100 10 1 7 12 9 12 9 1 7 10 1 1 12 10 1 8 1 12 10 12 10 1 1 12 10 1 1 1 100 1 12 10 1 12 10 1 1 12 9 12 9 10 1 1 12 10 1 1 12 10 12 10 12 10 1 12 10 1 1 1 7 1 7 1 1 12 10 1 1 1 1 1 12 9 12 9 1 1 12 10 12 9 1 1 12 10 1 12 10 1 12 10 1 12 10 1 12 10 1 1 12 10 1 12 9 12 10 1 1 12 10 1 12 9 1 12 9 12 9 1 1 1 12 9 1 12 9 12 9 1 12 10 1 1 12 9 12 10 1 12 10 1 12 10 1 12 9 1 1 12 10 12 10 1 1 1 1 12 10 1 12 10 1 12 10 1 12 10 1 8 1 1 12 10 1 8 1 1 12 10 1 8 1 12 10 1 12 10 1 1 12 10 1 1 1 7 1 100 1 12 10 1 1 1 7 1 7 1 12 10 1 100 1 8 10 1 1 12 10 1 1 1 1 1 12 10 1 1 12 10 12 10 12 10 1 12 10 12 10 1 12 10 1 12 10 1 8 12 10 1 1 1 1 12 10 1 8 1 12 10 1 8 12 10 1 1 12 10 1 1 1 12 10 1 12 10 1 12 10 12 10 10 12 10 12 10 1 8 1 1 1 1 100 10 1 1 1 1 12 10 1 1 12 10 12 10 12 10 12 10 12 10 1 12 10 100 1 100 1 1 1 1 12 9 1 1 1 100 1 7 1 1 12 10 1 100 1 12 10 1 7 1 12 10 1 1 12 10 12 10 12 10 1 100 1 1 12 10 1 12 10 1 7 1 1 12 9 1 1 12 10 12 10 1 1 12 9 1 12 10 1 12 10 1 1 12 10 1 12 10 1 1 12 10 1 100 1 1 12 9 1 7 1 1 12 10 1 12 10 1 1 12 10 12 10 1 1 12 10 1 12 10 1 12 10 1 12 10 1 12 10 1 100 1 12 10 1 1 12 10 12 10 10 1 12 10 1 1 7 1 12 10 10 1 7 1 1 12 10 1 1 1 1 1 1 1
staticfield java/net/URI hexDigits [C 16
staticfield java/net/URI $assertionsDisabled Z 1
instanceKlass org/eclipse/jdt/internal/compiler/env/IUpdatableModule$UpdateKind
instanceKlass org/eclipse/jdt/internal/core/CompilationGroup
instanceKlass org/eclipse/buildship/core/internal/configuration/GradleProjectMarker
instanceKlass org/eclipse/jdt/internal/core/JavaModelManager$ArchiveValidity
instanceKlass java/lang/StackStreamFactory$WalkerState
instanceKlass java/lang/StackWalker$ExtendedOption
instanceKlass jdk/internal/math/FormattedFloatingDecimal$Form
instanceKlass org/eclipse/buildship/core/internal/launch/SupportedLaunchConfigType
instanceKlass com/google/common/cache/RemovalCause
instanceKlass com/google/common/collect/AbstractIterator$State
instanceKlass com/google/common/graph/Graphs$NodeVisitState
instanceKlass com/google/common/graph/GraphConstants$Presence
instanceKlass com/google/common/graph/ElementOrder$Type
instanceKlass org/eclipse/buildship/core/internal/util/gradle/Path$PathComparator
instanceKlass org/eclipse/buildship/core/internal/util/gradle/HierarchicalElementUtils$EclipseProjectComparator
instanceKlass org/gradle/api/JavaVersion
instanceKlass org/gradle/tooling/internal/protocol/PhasedActionResult$Phase
instanceKlass org/gradle/internal/logging/progress/DefaultProgressLoggerFactory$State
instanceKlass org/gradle/launcher/daemon/server/expiry/DaemonExpirationStatus
instanceKlass org/gradle/launcher/daemon/server/api/DaemonStateControl$State
instanceKlass org/gradle/cache/FileLockManager$LockMode
instanceKlass org/gradle/internal/nativeintegration/console/FallbackConsoleMetaData
instanceKlass org/gradle/internal/watch/registry/WatchMode
instanceKlass org/gradle/tooling/events/test/JvmTestKind
instanceKlass org/gradle/tooling/events/test/Destination
instanceKlass org/gradle/tooling/events/task/java/JavaCompileTaskOperationResult$AnnotationProcessorResult$Type
instanceKlass org/gradle/internal/impldep/com/google/common/base/Suppliers$SupplierFunctionImpl
instanceKlass org/gradle/internal/impldep/com/google/common/collect/MultimapBuilder$LinkedListSupplier
instanceKlass org/gradle/internal/impldep/com/google/common/collect/SortedLists$KeyPresentBehavior
instanceKlass org/gradle/internal/impldep/com/google/common/collect/SortedLists$KeyAbsentBehavior
instanceKlass org/gradle/internal/impldep/com/google/common/collect/Maps$EntryFunction
instanceKlass org/gradle/internal/impldep/com/google/common/primitives/Booleans$LexicographicalComparator
instanceKlass org/gradle/internal/impldep/com/google/common/primitives/Booleans$BooleanComparator
instanceKlass org/gradle/internal/impldep/com/google/common/primitives/Ints$LexicographicalComparator
instanceKlass org/gradle/internal/impldep/com/google/common/primitives/UnsignedLongs$LexicographicalComparator
instanceKlass org/gradle/internal/impldep/com/google/common/primitives/Longs$LexicographicalComparator
instanceKlass org/gradle/internal/impldep/com/google/common/math/LongMath$MillerRabinTester
instanceKlass org/gradle/internal/impldep/com/google/common/collect/BoundType
instanceKlass org/gradle/internal/impldep/com/google/common/collect/MapMakerInternalMap$Strength
instanceKlass org/gradle/internal/impldep/com/google/common/collect/MapMaker$Dummy
instanceKlass org/gradle/internal/impldep/com/google/common/collect/Iterators$EmptyModifiableIterator
instanceKlass org/gradle/internal/impldep/com/google/common/collect/AbstractIterator$State
instanceKlass org/gradle/internal/impldep/com/google/common/base/Predicates$ObjectPredicate
instanceKlass org/gradle/internal/impldep/com/google/common/base/AbstractIterator$State
instanceKlass org/apache/commons/io/file/StandardDeleteOption
instanceKlass net/rubygrapefruit/platform/internal/FunctionResult$Failure
instanceKlass org/gradle/process/internal/ExecHandleState
instanceKlass org/gradle/api/internal/provider/ProviderResolutionStrategy
instanceKlass org/gradle/api/PathValidation
instanceKlass org/gradle/api/internal/provider/ValueSupplier$ValueConsumer
instanceKlass org/gradle/api/launcher/cli/WelcomeMessageDisplayMode
instanceKlass org/gradle/initialization/StartParameterBuildOptions$ConfigurationCacheProblemsOption$Value
instanceKlass org/gradle/api/artifacts/verification/DependencyVerificationMode
instanceKlass org/gradle/internal/featurelifecycle/LoggingDeprecatedFeatureHandler$DoNothingReporter
instanceKlass com/google/common/collect/MapMakerInternalMap$Strength
instanceKlass org/gradle/internal/operations/BuildOperationCategory
instanceKlass org/gradle/internal/logging/text/StyledTextOutput$Style
instanceKlass org/gradle/tooling/events/OperationType
instanceKlass org/gradle/api/logging/configuration/WarningMode
instanceKlass org/gradle/api/logging/configuration/ConsoleOutput
instanceKlass org/gradle/api/logging/configuration/ShowStacktrace
instanceKlass org/gradle/launcher/daemon/configuration/DaemonParameters$Priority
instanceKlass org/gradle/internal/jvm/inspection/ProbedSystemProperty
instanceKlass com/google/common/cache/LocalCache$EntryFactory
instanceKlass com/google/common/cache/CacheBuilder$NullListener
instanceKlass com/google/common/cache/CacheBuilder$OneWeigher
instanceKlass com/google/common/cache/LocalCache$Strength
instanceKlass org/gradle/api/tasks/util/internal/PatternSpecFactory$CaseSensitivity
instanceKlass org/gradle/internal/nativeintegration/jansi/JansiOperatingSystemSupport
instanceKlass net/rubygrapefruit/platform/terminal/Terminals$Output
instanceKlass org/gradle/internal/service/DefaultServiceRegistry$SingletonService$BindState
instanceKlass org/gradle/internal/service/DefaultServiceRegistry$State
instanceKlass org/gradle/internal/nativeintegration/services/NativeServices$NativeFeatures
instanceKlass org/gradle/api/logging/LogLevel
instanceKlass sun/security/ssl/Alert$Level
instanceKlass sun/security/ssl/Alert
instanceKlass org/gradle/api/JavaVersion
instanceKlass org/gradle/internal/operations/BuildOperationCategory
instanceKlass org/gradle/api/logging/LogLevel
instanceKlass org/gradle/internal/logging/progress/DefaultProgressLoggerFactory$State
instanceKlass org/gradle/tooling/events/OperationType
instanceKlass com/google/common/base/Predicates$ObjectPredicate
instanceKlass org/gradle/internal/concurrent/ServiceLifecycle$State
instanceKlass org/eclipse/buildship/core/internal/workspace/FetchStrategy
instanceKlass org/eclipse/jdt/ls/core/internal/semantictokens/TokenModifier
instanceKlass org/eclipse/jdt/ls/core/internal/semantictokens/TokenType
instanceKlass org/eclipse/lsp4j/TextDocumentSyncKind
instanceKlass java/util/stream/MatchOps$MatchKind
instanceKlass com/google/common/io/FileWriteMode
instanceKlass javax/net/ssl/SSLEngineResult$HandshakeStatus
instanceKlass sun/security/ssl/Finished$VerifyDataScheme
instanceKlass sun/security/ssl/SSLTrafficKeyDerivation
instanceKlass sun/security/ssl/SSLMasterKeyDerivation
instanceKlass sun/security/util/DomainName$Rule$Type
instanceKlass sun/security/util/RegisteredDomain$Type
instanceKlass org/eclipse/sisu/inject/QualifyingStrategy
instanceKlass java/time/temporal/ChronoField
instanceKlass java/time/Month
instanceKlass sun/security/validator/CADistrustPolicy
instanceKlass sun/security/ssl/X509Authentication
instanceKlass com/google/inject/internal/InjectorImpl$JitLimitation
instanceKlass sun/security/ssl/ContentType
instanceKlass org/eclipse/sisu/bean/DeclaredMembers$View
instanceKlass sun/security/ssl/SSLKeyExchange$T12KeyAgreement
instanceKlass sun/security/ssl/PskKeyExchangeModesExtension$PskKeyExchangeMode
instanceKlass sun/security/ssl/ECPointFormatsExtension$ECPointFormat
instanceKlass sun/security/ssl/CertStatusExtension$CertStatusRequestType
instanceKlass com/google/inject/internal/Initializer$InjectableReferenceState
instanceKlass sun/security/ssl/SSLExtension
instanceKlass org/apache/felix/resolver/ResolverImpl$PermutationType
instanceKlass org/apache/maven/settings/building/SettingsProblem$Severity
instanceKlass java/net/StandardProtocolFamily
instanceKlass org/eclipse/jdt/internal/compiler/impl/JavaFeature
instanceKlass org/eclipse/osgi/container/Module$StopOptions
instanceKlass org/eclipse/aether/metadata/Metadata$Nature
instanceKlass org/apache/maven/model/building/ModelProblem$Version
instanceKlass org/eclipse/lsp4j/MessageType
instanceKlass org/apache/maven/building/Problem$Severity
instanceKlass org/apache/maven/classrealm/ClassRealmRequest$RealmType
instanceKlass sun/security/ssl/SignatureScheme$SigAlgParamSpec
instanceKlass org/eclipse/lsp4j/DiagnosticTag
instanceKlass org/eclipse/lsp4j/PrepareSupportDefaultBehavior
instanceKlass org/eclipse/lsp4j/CompletionItemKind
instanceKlass org/eclipse/lsp4j/InsertTextMode
instanceKlass org/eclipse/lsp4j/CompletionItemTag
instanceKlass sun/security/ssl/SignatureScheme
instanceKlass sun/security/ssl/ClientAuthType
instanceKlass org/eclipse/lsp4j/SymbolTag
instanceKlass org/eclipse/lsp4j/SymbolKind
instanceKlass sun/security/ssl/SSLHandshake
instanceKlass java/net/Proxy$Type
instanceKlass sun/net/www/protocol/http/HttpURLConnection$TunnelState
instanceKlass com/google/gson/stream/JsonToken
instanceKlass java/nio/file/FileVisitResult
instanceKlass java/nio/file/FileTreeWalker$EventType
instanceKlass org/apache/maven/artifact/ArtifactScopeEnum
instanceKlass java/nio/file/FileVisitOption
instanceKlass sun/security/ssl/NamedGroup
instanceKlass sun/security/ssl/NamedGroup$NamedGroupSpec
instanceKlass sun/security/ssl/CipherSuite$KeyExchange
instanceKlass sun/security/ssl/CipherSuite$MacAlg
instanceKlass sun/security/ssl/CipherSuite$HashAlg
instanceKlass org/apache/maven/execution/ExecutionEvent$Type
instanceKlass com/google/gson/ToNumberPolicy
instanceKlass sun/security/ssl/CipherType
instanceKlass sun/security/ssl/SSLCipher
instanceKlass sun/security/ssl/CipherSuite
instanceKlass java/security/CryptoPrimitive
instanceKlass com/google/gson/FieldNamingPolicy
instanceKlass sun/security/ssl/ProtocolVersion
instanceKlass com/google/gson/LongSerializationPolicy
instanceKlass org/gradle/internal/service/DefaultServiceRegistry$SingletonService$BindState
instanceKlass org/eclipse/jdt/ls/core/internal/BuildWorkspaceStatus
instanceKlass org/gradle/internal/service/DefaultServiceRegistry$State
instanceKlass com/google/common/base/AbstractIterator$State
instanceKlass org/eclipse/jdt/ls/core/internal/ServiceStatus
instanceKlass org/eclipse/buildship/core/internal/util/gradle/PublishedGradleVersions$LookupStrategy
instanceKlass org/eclipse/buildship/core/internal/CoreTraceScopes
instanceKlass org/eclipse/jdt/ls/core/internal/javafx/FXVersion
instanceKlass org/eclipse/jdt/ls/core/internal/DiagnosticsState$ErrorLevel
instanceKlass com/google/inject/spi/InjectionPoint$Position
instanceKlass java/lang/annotation/ElementType
instanceKlass javax/xml/catalog/CatalogFeatures$State
instanceKlass jdk/xml/internal/XMLSecurityManager$NameMap
instanceKlass jdk/xml/internal/XMLSecurityManager$Processor
instanceKlass jdk/xml/internal/XMLSecurityManager$Limit
instanceKlass com/sun/org/apache/xalan/internal/utils/XMLSecurityPropertyManager$Property
instanceKlass com/sun/org/apache/xalan/internal/utils/FeaturePropertyBase$State
instanceKlass jdk/xml/internal/JdkProperty$ImplPropMap
instanceKlass jdk/xml/internal/JdkXmlFeatures$XmlFeature
instanceKlass com/google/inject/Key$NullAnnotationStrategy
instanceKlass org/eclipse/jdt/ls/core/internal/preferences/CodeGenerationTemplate
instanceKlass org/eclipse/jdt/ls/core/internal/handlers/ProjectEncodingMode
instanceKlass org/eclipse/jdt/ls/core/internal/handlers/InlayHintsParameterMode
instanceKlass org/eclipse/jdt/ls/core/internal/preferences/Preferences$FeatureStatus
instanceKlass org/eclipse/jdt/ls/core/internal/preferences/Preferences$Severity
instanceKlass com/google/inject/internal/InternalFlags$IncludeStackTraceOption
instanceKlass com/google/inject/internal/InternalFlags$NullableProvidesOption
instanceKlass com/google/inject/internal/InternalFlags$CustomClassLoadingOption
instanceKlass com/google/common/cache/LocalCache$EntryFactory
instanceKlass com/google/common/cache/CacheBuilder$NullListener
instanceKlass com/google/common/cache/CacheBuilder$OneWeigher
instanceKlass com/google/common/cache/LocalCache$Strength
instanceKlass com/google/inject/Stage
instanceKlass org/eclipse/sisu/space/BeanScanning
instanceKlass java/security/DrbgParameters$Capability
instanceKlass java/nio/file/StandardCopyOption
instanceKlass ch/qos/logback/core/spi/FilterReply
instanceKlass sun/util/logging/PlatformLogger$Level
instanceKlass jdk/internal/logger/BootstrapLogger$LoggingBackend
instanceKlass org/apache/maven/model/building/ModelProblem$Severity
instanceKlass org/eclipse/m2e/core/internal/preferences/ProblemSeverity
instanceKlass org/apache/felix/scr/impl/inject/field/FieldHandler$METHOD_TYPE
instanceKlass java/lang/invoke/MethodHandleImpl$ArrayAccess
instanceKlass java/util/Comparators$NaturalOrderComparator
instanceKlass java/math/RoundingMode
instanceKlass sun/util/locale/provider/LocaleProviderAdapter$Type
instanceKlass java/util/Locale$Category
instanceKlass org/apache/felix/scr/impl/inject/ValueUtils$ValueType
instanceKlass java/lang/StackWalker$Option
instanceKlass org/apache/felix/scr/impl/manager/RegistrationManager$RegState
instanceKlass org/apache/felix/scr/impl/manager/AbstractComponentManager$State
instanceKlass org/osgi/util/promise/PromiseFactory$Option
instanceKlass org/apache/felix/scr/impl/metadata/ReferenceMetadata$ReferenceScope
instanceKlass org/apache/felix/scr/impl/metadata/ServiceMetadata$Scope
instanceKlass org/apache/felix/scr/impl/metadata/DSVersion
instanceKlass com/sun/org/apache/xerces/internal/impl/XMLScanner$NameType
instanceKlass com/sun/org/apache/xerces/internal/util/Status
instanceKlass javax/xml/catalog/CatalogFeatures$Feature
instanceKlass com/sun/org/apache/xerces/internal/utils/XMLSecurityPropertyManager$Property
instanceKlass com/sun/org/apache/xerces/internal/utils/XMLSecurityPropertyManager$State
instanceKlass com/sun/org/apache/xerces/internal/utils/XMLSecurityManager$NameMap
instanceKlass jdk/xml/internal/JdkProperty$State
instanceKlass com/sun/org/apache/xerces/internal/utils/XMLSecurityManager$Limit
instanceKlass org/apache/felix/scr/impl/logger/InternalLogger$Level
instanceKlass org/eclipse/osgi/container/ModuleContainerAdaptor$ContainerEvent
instanceKlass org/eclipse/osgi/container/Module$StartOptions
instanceKlass java/time/temporal/ChronoUnit
instanceKlass java/lang/Thread$State
instanceKlass org/eclipse/osgi/container/ModuleDatabase$Sort
instanceKlass org/eclipse/osgi/container/Module$Settings
instanceKlass org/eclipse/osgi/container/ModuleContainerAdaptor$ModuleEvent
instanceKlass org/eclipse/osgi/storage/ContentProvider$Type
instanceKlass org/eclipse/osgi/container/Module$State
instanceKlass org/osgi/service/log/LogLevel
instanceKlass java/lang/annotation/RetentionPolicy
instanceKlass java/nio/file/AccessMode
instanceKlass jdk/internal/icu/util/CodePointTrie$ValueWidth
instanceKlass jdk/internal/icu/util/CodePointTrie$Type
instanceKlass java/text/Normalizer$Form
instanceKlass java/lang/constant/DirectMethodHandleDesc$Kind
instanceKlass java/lang/invoke/VarHandle$VarHandleDesc$Kind
instanceKlass sun/security/util/DisabledAlgorithmConstraints$Constraint$Operator
instanceKlass java/lang/System$Logger$Level
instanceKlass sun/security/rsa/RSAUtil$KeyType
instanceKlass sun/security/util/KnownOIDs
instanceKlass lombok/patcher/StackRequest
instanceKlass java/util/regex/Pattern$Qtype
instanceKlass java/util/concurrent/TimeUnit
instanceKlass java/nio/file/LinkOption
instanceKlass sun/nio/fs/WindowsPathType
instanceKlass java/nio/file/StandardOpenOption
instanceKlass java/util/stream/Collector$Characteristics
instanceKlass java/util/stream/StreamShape
instanceKlass java/lang/invoke/MethodHandles$Lookup$ClassOption
instanceKlass java/lang/invoke/VarHandle$AccessType
instanceKlass java/lang/invoke/VarHandle$AccessMode
instanceKlass java/lang/invoke/MethodHandleImpl$Intrinsic
instanceKlass java/lang/invoke/LambdaForm$BasicType
instanceKlass java/lang/invoke/LambdaForm$Kind
instanceKlass sun/invoke/util/Wrapper
instanceKlass java/util/stream/StreamOpFlag$Type
instanceKlass java/util/stream/StreamOpFlag
instanceKlass java/io/File$PathStatus
instanceKlass java/lang/module/ModuleDescriptor$Requires$Modifier
instanceKlass java/lang/module/ModuleDescriptor$Modifier
ciInstanceKlass java/lang/Enum 1 1 162 1 7 1 1 7 1 100 1 100 1 100 1 100 1 1 100 1 100 1 1 1 1 1 1 12 9 1 12 9 1 1 1 12 10 1 1 1 1 12 10 1 1 1 100 10 1 1 1 1 1 12 10 1 12 10 1 100 10 1 1 7 1 12 10 1 1 1 12 10 1 16 1 1 12 10 15 16 1 100 1 1 12 10 15 1 1 12 18 1 100 1 1 12 10 1 1 1 1 1 12 10 1 7 1 12 11 1 100 1 8 1 12 10 1 100 1 100 10 1 8 1 1 12 10 1 12 10 1 8 12 10 10 1 1 1 1 100 1 100 1 100 1 8 10 1 1 100 1 12 10 1 1 12 10 1 1 1 1 1 1 1
ciInstanceKlass java/util/Deque 1 0 78 1 100 1 1 100 1 100 1 1 1 1 1 1 1 1 1 1 1 1 1 1 1 1 1 1 1 1 1 1 1 1 1 1 1 1 1 1 1 1 1 1 1 1 1 1 1 1 100 1 8 1 1 12 10 1 1 1 8 1 1 1 8 1 1 1 8 1 1 8 1 1 1 8 1 1 8 1
instanceKlass sun/net/www/http/ClientVector
ciInstanceKlass java/util/ArrayDeque 1 1 380 1 7 1 1 7 1 100 1 100 1 100 1 7 1 100 1 7 1 1 1 1 100 1 100 1 1 1 1 1 1 1 3 1 1 5 0 1 1 12 9 1 1 12 10 1 7 1 1 12 10 12 9 12 9 7 1 7 1 1 12 10 1 100 1 8 1 1 12 10 3 1 12 10 1 7 1 1 1 100 1 1 12 11 12 10 1 12 10 1 1 1 1 1 1 1 1 1 100 10 1 1 1 1 100 10 12 10 12 10 1 12 10 1 1 1 10 16 12 10 15 1 100 1 1 12 10 15 1 1 12 18 1 1 12 11 1 1 1 12 10 1 1 1 1 1 12 10 1 100 10 1 1 12 10 12 10 1 1 1 1 1 1 12 10 1 1 12 10 1 1 1 12 10 1 12 10 1 1 12 10 1 12 10 1 1 12 10 1 1 1 1 1 1 12 10 1 10 1 1 1 10 1 1 100 1 1 12 10 1 100 12 11 1 1 1 1 12 10 1 1 16 1 1 12 10 15 1 1 12 18 1 1 12 10 15 18 1 100 12 11 1 1 12 10 1 1 1 1 1 1 1 12 10 1 100 12 10 12 10 1 1 12 10 1 12 10 1 1 1 1 12 10 1 1 100 1 1 12 10 1 1 1 1 12 10 1 100 1 12 10 1 1 1 1 100 12 10 1 100 10 1 1 1 100 1 100 1 12 10 1 12 10 12 10 1 1 1 100 1 100 1 12 10 1 12 10 1 100 1 1 12 10 1 100 1 1 12 11 12 10 1 1 100 1 1 12 9 1 8 1 100 1 1 12 10 1 100 1 1 12 10 1 8 1 1 12 10 12 10 12 11 1 1 1 1 1 1 1 1
instanceKlass org/gradle/internal/reflect/ReflectionCache$WeaklyClassReferencingCache
instanceKlass org/gradle/internal/reflect/ReflectionCache$WeaklyClassReferencingCache
instanceKlass java/lang/ClassValue$ClassValueMap
ciInstanceKlass java/util/WeakHashMap 1 1 320 1 7 1 1 7 1 100 1 100 1 100 1 100 1 100 1 7 1 100 1 7 1 100 1 100 1 100 1 100 1 7 1 1 100 1 1 1 1 1 1 1 1 1 1 1 1 1 3 1 3 1 1 4 1 1 1 1 1 1 1 1 1 1 1 1 1 1 1 1 1 1 1 1 1 12 10 1 7 10 12 9 1 100 1 100 10 1 8 1 1 12 10 1 12 10 1 1 12 10 1 12 10 1 7 1 1 12 10 1 8 1 12 10 12 10 12 9 12 9 12 9 1 12 10 1 1 1 12 11 1 100 1 1 12 10 1 12 10 1 1 12 9 1 7 1 1 1 1 1 1 12 10 1 1 12 10 1 12 10 1 1 1 12 10 1 1 1 1 12 10 12 9 12 10 1 1 12 9 1 12 9 12 9 1 100 1 1 1 12 10 1 1 10 1 12 10 12 10 12 10 100 12 10 1 1 1 12 10 1 1 1 1 12 9 1 12 10 1 12 10 3 1 1 12 10 1 1 12 11 1 100 1 1 12 11 1 100 1 12 11 12 11 1 12 11 1 12 11 12 10 1 1 10 1 1 100 1 1 12 10 1 1 12 10 1 1 12 9 1 12 10 1 1 1 1 12 9 10 1 100 1 12 9 10 1 1 1 1 100 1 12 10 1 100 12 10 1 1 12 11 1 100 10 1 1 1 1 100 1 12 11 1 10 1 1 1 1 1 1
staticfield java/util/WeakHashMap NULL_KEY Ljava/lang/Object; java/lang/Object
ciInstanceKlass java/util/WeakHashMap$Entry 1 1 89 1 7 1 1 7 1 100 1 100 1 1 100 1 1 1 1 1 1 1 1 1 1 1 1 12 10 12 9 12 9 12 9 1 1 1 1 12 10 1 1 12 10 1 1 1 1 1 1 12 10 11 1 100 12 10 12 10 11 1 1 1 100 1 12 10 1 1 1 100 1 12 10 1 1 12 10 1 8 1 12 10 12 10 1 1 1 1 1
ciInstanceKlass java/util/Collections$SetFromMap 1 1 155 1 7 1 1 7 1 7 1 100 1 100 1 1 1 1 1 1 1 1 1 5 0 1 1 1 1 12 10 1 7 1 1 12 11 1 100 1 8 1 12 10 12 9 1 1 12 11 12 9 1 12 11 1 1 12 11 1 1 1 12 11 1 1 12 11 1 1 1 7 1 1 12 9 1 1 12 11 1 1 1 12 11 1 1 12 11 1 1 12 11 1 1 1 100 12 10 1 12 11 1 12 11 1 1 1 12 11 1 12 11 1 12 11 1 1 1 12 11 1 1 1 12 11 1 1 1 12 11 1 1 1 12 11 1 12 11 1 1 1 100 1 100 1 100 1 12 10 1 1 1 1 1 1 1
ciInstanceKlass java/util/WeakHashMap$KeySet 1 1 56 1 7 1 1 7 1 7 1 1 7 1 1 100 1 1 1 1 1 12 9 1 12 10 1 1 1 12 10 1 1 12 10 1 1 1 12 10 1 1 12 10 1 12 10 1 1 1 1 12 10 1 1 1 1 1
ciInstanceKlass java/io/File$PathStatus 1 1 48 1 7 1 1 7 1 100 1 1 1 1 1 1 1 1 12 9 100 1 1 12 10 1 1 1 12 10 1 1 1 12 10 1 12 9 12 9 1 8 10 8 12 10 1 1 1 1
staticfield java/io/File$PathStatus INVALID Ljava/io/File$PathStatus; java/io/File$PathStatus
staticfield java/io/File$PathStatus CHECKED Ljava/io/File$PathStatus; java/io/File$PathStatus
staticfield java/io/File$PathStatus $VALUES [Ljava/io/File$PathStatus; 2 [Ljava/io/File$PathStatus;
ciInstanceKlass java/lang/StringUTF16 1 1 468 1 7 1 100 1 100 1 100 1 100 1 1 1 1 1 1 1 3 1 1 1 1 12 10 1 1 1 100 10 1 100 1 100 10 1 8 1 1 12 10 1 12 10 1 8 1 1 12 10 1 12 10 1 1 1 12 9 1 1 12 10 1 100 1 8 1 12 10 12 9 12 9 1 1 1 1 10 1 1 12 10 12 10 1 7 1 1 12 10 1 12 10 1 1 12 10 1 12 10 1 1 1 12 10 1 1 1 12 10 12 10 1 1 1 1 12 10 1 1 12 10 1 100 12 10 1 1 12 10 1 1 12 10 1 12 10 1 1 1 12 10 1 12 10 1 100 1 100 1 12 10 10 1 1 12 10 1 12 10 1 1 1 1 1 1 1 1 1 1 12 10 1 12 10 1 100 1 1 12 10 1 1 100 1 12 10 12 10 1 1 1 12 10 1 12 10 1 1 12 10 1 1 12 10 1 12 10 1 12 10 1 1 12 10 1 1 3 1 1 12 10 1 12 10 1 12 10 1 1 12 10 1 7 1 12 10 1 12 10 1 1 12 10 1 1 1 12 9 1 12 10 12 10 1 12 10 1 1 100 12 10 12 10 10 1 100 12 10 12 10 10 1 100 1 1 12 10 1 7 1 1 12 10 1 12 10 1 12 10 1 8 1 8 1 1 1 1 12 10 1 1 100 10 1 7 1 1 12 10 1 7 1 12 10 1 8 1 8 1 8 1 1 12 10 1 1 12 10 12 10 1 12 10 1 100 1 12 10 1 1 12 10 1 12 10 1 100 1 12 10 12 10 12 10 1 12 10 12 10 1 1 1 12 10 1 1 12 10 1 12 10 1 12 10 12 10 1 1 1 1 1 1 1 12 10 1 100 1 1 12 10 1 1 1 1 1 12 10 1 1 12 10 1 1 7 1 12 11 1 1 1 1 1 12 10 1 1 12 10 1 1 1 1 1 1 1 1 1 12 10 1 1 1 1 1 1 12 9 1 12 9 5 0 5 0 1 12 10 12 10 12 10 1 1 7 1 12 10 12 10 1 1 1 1 1 1 1
staticfield java/lang/StringUTF16 HI_BYTE_SHIFT I 0
staticfield java/lang/StringUTF16 LO_BYTE_SHIFT I 8
staticfield java/lang/StringUTF16 $assertionsDisabled Z 1
instanceKlass java/nio/charset/CharacterCodingException
instanceKlass org/apache/commons/io/FileExistsException
instanceKlass org/apache/commons/io/IOExceptionList
instanceKlass org/apache/maven/settings/io/SettingsParseException
instanceKlass org/eclipse/core/internal/content/LowLevelIOException
instanceKlass org/apache/maven/model/io/ModelParseException
instanceKlass org/apache/maven/toolchain/io/ToolchainsParseException
instanceKlass org/apache/maven/repository/LocalRepositoryNotAccessibleException
instanceKlass org/apache/maven/artifact/repository/metadata/io/MetadataParseException
instanceKlass java/io/UTFDataFormatException
instanceKlass java/nio/channels/ClosedChannelException
instanceKlass com/google/gson/stream/MalformedJsonException
instanceKlass java/io/ObjectStreamException
instanceKlass java/net/ProtocolException
instanceKlass java/net/UnknownHostException
instanceKlass java/net/SocketException
instanceKlass java/io/InterruptedIOException
instanceKlass org/codehaus/plexus/util/xml/XmlReaderException
instanceKlass java/nio/file/FileSystemException
instanceKlass java/io/CharConversionException
instanceKlass java/io/EOFException
instanceKlass java/net/UnknownServiceException
instanceKlass java/io/SyncFailedException
instanceKlass java/util/zip/ZipException
instanceKlass java/io/UnsupportedEncodingException
instanceKlass java/net/MalformedURLException
instanceKlass java/io/FileNotFoundException
ciInstanceKlass java/io/IOException 1 1 24 1 100 1 7 1 1 5 0 1 1 12 10 1 12 10 1 12 10 1 12 10 1 1
ciInstanceKlass java/io/FileNotFoundException 1 1 39 1 100 1 7 1 1 5 0 1 1 12 10 1 12 10 1 1 7 10 1 1 12 10 1 8 1 100 1 8 1 8 1 1 12 10 1 1 1
ciInstanceKlass java/util/zip/ZipFile$ZipEntryIterator 1 1 81 1 7 1 1 7 1 100 1 100 1 7 1 1 7 1 1 7 1 1 1 1 1 1 1 1 12 9 1 12 10 12 9 12 9 1 1 1 12 10 1 1 1 1 12 10 1 12 10 1 100 10 1 1 12 9 1 1 12 9 1 1 12 10 1 1 12 10 1 100 1 1 1 1 12 10 1 1 1 1 1
instanceKlass org/gradle/tooling/model/UnsupportedMethodException
instanceKlass com/google/common/cache/CacheLoader$UnsupportedLoadingOperationException
instanceKlass org/gradle/tooling/model/UnsupportedMethodException
instanceKlass java/nio/file/ReadOnlyFileSystemException
instanceKlass com/google/common/cache/CacheLoader$UnsupportedLoadingOperationException
ciInstanceKlass java/lang/UnsupportedOperationException 1 1 24 1 100 1 7 1 1 5 0 1 1 12 10 1 12 10 1 12 10 1 12 10 1 1
ciInstanceKlass java/lang/AssertionError 0 0 62 1 100 1 100 1 1 5 0 1 1 12 10 1 12 10 1 1 100 1 1 12 10 10 1 100 1 1 12 10 1 100 1 1 12 10 1 1 12 10 1 1 12 10 1 1 12 10 1 1 12 10 1 1 12 10 1 12 10 1 1 1
ciInstanceKlass sun/security/x509/AlgorithmId 1 1 535 1 7 1 7 1 100 1 100 1 1 5 0 1 1 1 1 1 1 1 1 1 1 1 1 1 1 1 1 1 1 1 1 1 1 1 1 1 1 1 1 1 1 1 1 1 1 1 1 1 1 12 10 1 12 9 1 1 100 12 9 1 7 1 1 12 10 12 9 1 7 1 1 7 1 12 10 1 12 10 1 100 1 1 12 10 1 1 12 10 1 100 7 1 1 12 10 1 1 12 10 1 1 1 1 12 10 1 7 10 1 12 10 12 9 1 1 12 10 12 9 12 9 12 9 12 9 12 9 12 9 12 9 12 9 1 12 10 1 12 10 1 12 10 10 1 7 10 1 1 1 12 10 1 7 1 1 12 10 1 1 12 9 12 10 1 1 12 10 1 100 10 1 8 1 8 1 1 12 10 1 1 12 10 1 8 10 1 12 10 1 12 10 1 100 1 1 12 11 1 1 1 1 12 10 10 1 1 7 1 12 10 12 10 1 12 10 1 1 12 10 1 12 10 1 1 8 10 1 8 12 10 1 1 12 9 1 8 1 12 10 1 1 12 10 1 7 12 10 1 12 10 1 1 12 10 1 12 10 1 8 1 8 12 10 1 1 12 10 1 1 12 10 1 8 10 1 8 12 10 1 1 12 10 12 10 1 8 1 1 12 10 10 1 1 12 10 1 1 12 10 1 8 1 1 12 10 1 100 1 1 12 9 1 1 12 10 12 10 1 12 9 1 1 1 12 10 1 100 1 1 1 100 10 1 1 12 10 1 100 1 1 12 10 1 100 10 1 8 1 8 1 8 1 8 1 8 1 8 1 8 1 8 1 8 1 8 1 8 1 1 100 10 1 100 1 1 12 10 1 100 12 10 1 1 12 10 1 100 1 1 12 11 1 100 1 1 12 11 1 12 11 1 8 1 12 10 1 1 12 10 1 1 12 10 1 1 12 9 12 9 1 12 9 12 9 1 12 9 12 9 1 12 9 12 9 1 12 9 12 9 1 12 9 12 9 1 12 9 12 9 1 12 9 12 9 1 12 9 12 9 1 12 9 12 9 1 12 9 12 9 1 12 9 12 9 1 12 9 12 9 1 12 9 12 9 1 12 9 12 9 1 12 9 12 9 1 12 9 1 12 9 12 9 1 12 9 1 12 9 1 12 9 1 12 9 1 12 9 1 12 9 1 12 9 1 12 9 1 1 1 1 1 1 1
staticfield sun/security/x509/AlgorithmId MD2_oid Lsun/security/util/ObjectIdentifier; sun/security/util/ObjectIdentifier
staticfield sun/security/x509/AlgorithmId MD5_oid Lsun/security/util/ObjectIdentifier; sun/security/util/ObjectIdentifier
staticfield sun/security/x509/AlgorithmId SHA_oid Lsun/security/util/ObjectIdentifier; sun/security/util/ObjectIdentifier
staticfield sun/security/x509/AlgorithmId SHA224_oid Lsun/security/util/ObjectIdentifier; sun/security/util/ObjectIdentifier
staticfield sun/security/x509/AlgorithmId SHA256_oid Lsun/security/util/ObjectIdentifier; sun/security/util/ObjectIdentifier
staticfield sun/security/x509/AlgorithmId SHA384_oid Lsun/security/util/ObjectIdentifier; sun/security/util/ObjectIdentifier
staticfield sun/security/x509/AlgorithmId SHA512_oid Lsun/security/util/ObjectIdentifier; sun/security/util/ObjectIdentifier
staticfield sun/security/x509/AlgorithmId SHA512_224_oid Lsun/security/util/ObjectIdentifier; sun/security/util/ObjectIdentifier
staticfield sun/security/x509/AlgorithmId SHA512_256_oid Lsun/security/util/ObjectIdentifier; sun/security/util/ObjectIdentifier
staticfield sun/security/x509/AlgorithmId SHA3_224_oid Lsun/security/util/ObjectIdentifier; sun/security/util/ObjectIdentifier
staticfield sun/security/x509/AlgorithmId SHA3_256_oid Lsun/security/util/ObjectIdentifier; sun/security/util/ObjectIdentifier
staticfield sun/security/x509/AlgorithmId SHA3_384_oid Lsun/security/util/ObjectIdentifier; sun/security/util/ObjectIdentifier
staticfield sun/security/x509/AlgorithmId SHA3_512_oid Lsun/security/util/ObjectIdentifier; sun/security/util/ObjectIdentifier
staticfield sun/security/x509/AlgorithmId DSA_oid Lsun/security/util/ObjectIdentifier; sun/security/util/ObjectIdentifier
staticfield sun/security/x509/AlgorithmId EC_oid Lsun/security/util/ObjectIdentifier; sun/security/util/ObjectIdentifier
staticfield sun/security/x509/AlgorithmId RSAEncryption_oid Lsun/security/util/ObjectIdentifier; sun/security/util/ObjectIdentifier
staticfield sun/security/x509/AlgorithmId RSASSA_PSS_oid Lsun/security/util/ObjectIdentifier; sun/security/util/ObjectIdentifier
staticfield sun/security/x509/AlgorithmId MGF1_oid Lsun/security/util/ObjectIdentifier; sun/security/util/ObjectIdentifier
staticfield sun/security/x509/AlgorithmId ed25519_oid Lsun/security/util/ObjectIdentifier; sun/security/util/ObjectIdentifier
staticfield sun/security/x509/AlgorithmId ed448_oid Lsun/security/util/ObjectIdentifier; sun/security/util/ObjectIdentifier
staticfield sun/security/x509/AlgorithmId x25519_oid Lsun/security/util/ObjectIdentifier; sun/security/util/ObjectIdentifier
staticfield sun/security/x509/AlgorithmId x448_oid Lsun/security/util/ObjectIdentifier; sun/security/util/ObjectIdentifier
staticfield sun/security/x509/AlgorithmId SHA224withECDSA_oid Lsun/security/util/ObjectIdentifier; sun/security/util/ObjectIdentifier
staticfield sun/security/x509/AlgorithmId SHA256withECDSA_oid Lsun/security/util/ObjectIdentifier; sun/security/util/ObjectIdentifier
staticfield sun/security/x509/AlgorithmId SHA384withECDSA_oid Lsun/security/util/ObjectIdentifier; sun/security/util/ObjectIdentifier
staticfield sun/security/x509/AlgorithmId SHA512withECDSA_oid Lsun/security/util/ObjectIdentifier; sun/security/util/ObjectIdentifier
ciInstanceKlass java/util/TreeSet 1 1 274 1 7 1 1 7 1 7 1 100 1 100 1 100 1 100 1 1 1 1 1 1 1 1 5 0 1 1 1 1 12 10 12 9 1 7 10 12 10 1 1 12 10 1 1 10 1 1 12 10 1 1 1 7 1 1 12 11 10 1 1 1 1 7 1 1 12 11 12 11 1 1 12 11 1 1 1 1 12 11 1 1 12 11 1 1 12 11 1 1 1 12 11 1 1 12 9 1 1 12 11 1 1 12 11 1 12 11 1 1 7 11 10 1 100 1 1 12 10 1 1 12 10 10 1 1 1 1 1 12 11 1 1 1 1 1 12 11 1 1 12 11 1 1 12 10 1 1 12 10 12 10 1 11 1 1 1 1 12 11 1 1 12 11 1 1 1 12 11 1 1 12 11 1 1 12 11 1 1 12 11 1 1 1 12 11 1 12 11 1 7 1 1 12 11 1 1 100 12 10 1 100 1 12 10 1 12 10 1 1 1 100 1 100 1 12 10 1 12 10 1 1 12 10 1 1 12 11 1 100 11 1 100 1 12 11 1 12 11 1 1 1 100 1 100 1 12 10 12 10 1 100 1 12 10 1 1 12 10 1 1 1 1 1 12 10 1 10 1 1 1 1 1 1
staticfield java/util/TreeSet PRESENT Ljava/lang/Object; java/lang/Object
ciInstanceKlass java/util/TreeMap$KeyIterator 1 1 37 1 7 1 1 7 1 100 1 1 1 7 1 1 1 1 1 1 12 9 12 10 1 1 1 1 1 12 10 1 1 12 9 1 1 1 1
instanceKlass org/objectweb/asm/MethodTooLargeException
instanceKlass org/objectweb/asm/ClassTooLargeException
instanceKlass java/lang/StringIndexOutOfBoundsException
instanceKlass org/objectweb/asm/MethodTooLargeException
instanceKlass org/objectweb/asm/ClassTooLargeException
instanceKlass java/lang/ArrayIndexOutOfBoundsException
ciInstanceKlass java/lang/IndexOutOfBoundsException 1 1 39 1 100 1 7 1 1 5 0 1 1 12 10 1 12 10 1 1 100 10 1 8 1 1 12 10 1 12 10 1 1 12 10 1 1 12 10 1 1
ciInstanceKlass java/util/NoSuchElementException 0 0 24 1 100 1 100 1 1 5 0 1 1 12 10 1 12 10 1 12 10 1 12 10 1 1
ciInstanceKlass jdk/internal/misc/ScopedMemoryAccess$Scope 0 0 26 1 100 1 100 1 100 1 1 100 1 1 100 1 1 1 1 1 1 1 1 1 1 1 1 1
instanceKlass java/nio/channels/Channels$ReadableByteChannelImpl
instanceKlass java/nio/channels/SelectableChannel
instanceKlass java/nio/channels/FileChannel
ciInstanceKlass java/nio/channels/spi/AbstractInterruptibleChannel 1 1 86 1 7 1 7 1 100 1 100 1 7 1 1 1 1 1 1 1 1 1 1 12 10 12 9 1 1 100 12 9 1 12 10 1 100 1 1 1 12 9 1 12 10 1 1 12 10 1 7 1 1 12 10 1 12 10 1 100 1 1 12 11 1 1 1 100 12 9 1 100 10 10 1 7 1 1 12 10 1 7 11 1 1 1 1 1
instanceKlass sun/nio/ch/FileChannelImpl
ciInstanceKlass java/nio/channels/FileChannel 1 1 110 1 7 1 7 1 100 1 100 1 100 1 100 1 1 1 1 1 1 12 10 1 1 1 1 100 1 7 1 1 12 11 1 7 1 1 12 10 1 7 1 12 10 1 1 7 1 1 12 10 1 7 10 1 1 12 10 1 100 12 9 12 10 1 1 1 1 12 10 1 12 10 1 1 1 1 1 1 1 1 1 1 1 1 1 1 1 1 1 5 0 12 10 1 12 10 1 12 10 12 10 1 1 7 1 1 1 1 1 1
staticfield java/nio/channels/FileChannel NO_ATTRIBUTES [Ljava/nio/file/attribute/FileAttribute; 0 [Ljava/nio/file/attribute/FileAttribute;
ciInstanceKlass java/io/RandomAccessFile$1 1 1 34 1 7 1 7 1 100 1 7 1 1 12 1 1 1 1 12 9 12 10 1 100 1 1 12 9 1 7 10 1 1 1 1 1
ciInstanceKlass java/nio/file/attribute/FileOwnerAttributeView 1 0 16 1 100 1 100 1 100 1 1 1 1 1 100 1 1 1
ciInstanceKlass java/nio/file/attribute/AclFileAttributeView 1 0 19 1 100 1 100 1 100 1 1 1 1 1 1 100 1 1 1 1 1
ciInstanceKlass sun/nio/fs/WindowsAclFileAttributeView 1 1 225 1 7 1 100 1 100 1 100 1 1 100 1 100 1 1 1 3 1 1 1 1 1 1 1 1 12 10 12 9 12 9 1 1 1 100 1 1 12 10 1 100 1 1 12 10 1 100 1 1 12 10 1 12 10 1 100 1 8 12 10 1 1 12 10 1 1 1 100 1 100 1 7 1 1 12 10 1 100 1 12 10 12 9 1 100 10 1 7 1 1 12 10 1 7 1 1 12 10 1 12 10 1 1 12 10 1 100 1 1 12 10 12 10 1 1 12 10 1 8 10 1 1 12 10 1 12 10 1 100 1 1 1 1 100 1 12 10 1 1 1 100 1 8 10 1 100 10 1 12 10 1 1 12 10 1 100 1 100 10 1 8 1 1 12 10 1 12 10 1 8 1 12 10 1 12 10 1 1 12 10 1 1 12 10 1 8 1 1 12 10 1 1 12 10 1 12 11 1 12 10 1 1 1 1 1 12 10 10 10 1 100 1 1 7 1 1 12 10 1 1 1 1 1 1
staticfield sun/nio/fs/WindowsAclFileAttributeView $assertionsDisabled Z 1
ciInstanceKlass java/io/FilePermission 1 1 361 1 7 1 7 1 100 1 100 1 7 1 1 3 1 3 1 3 1 3 1 3 1 3 1 3 1 1 1 1 1 1 1 1 1 1 1 1 1 1 3 1 3 1 1 5 0 1 1 1 1 1 1 1 1 1 12 10 12 9 12 9 12 9 12 9 12 9 12 9 12 9 12 9 12 9 1 1 1 100 1 7 1 1 12 11 12 9 1 12 11 1 1 12 11 1 12 11 1 1 1 100 1 8 10 1 7 1 12 9 1 1 12 10 1 100 1 8 10 1 7 1 8 1 1 12 10 12 9 1 8 1 1 12 10 1 100 1 12 10 1 1 12 10 1 1 12 10 1 1 12 10 1 8 1 12 10 12 9 1 7 10 1 12 10 1 7 1 12 10 1 12 11 12 9 11 1 12 11 1 8 1 8 1 12 10 1 100 1 1 12 10 1 1 12 10 1 12 9 1 1 1 12 10 12 10 1 1 1 1 1 12 10 1 1 12 10 1 12 10 1 1 12 10 1 1 12 10 1 12 11 1 100 1 12 10 1 12 11 12 9 1 12 11 1 100 1 1 12 10 1 1 100 1 100 1 1 12 10 1 100 1 12 10 1 1 12 10 1 8 1 8 1 8 1 8 1 8 1 1 12 10 1 100 1 8 1 1 1 100 1 8 1 12 10 1 1 12 10 10 12 10 1 1 1 7 10 1 1 1 100 12 10 1 100 1 12 10 1 1 1 100 1 100 1 12 10 1 1 12 10 1 1 7 1 1 12 10 1 8 1 7 1 1 12 10 1 8 10 1 7 1 1 12 10 1 1 1 1 1 1
staticfield java/io/FilePermission builtInFS Ljava/nio/file/FileSystem; sun/nio/fs/WindowsFileSystem
staticfield java/io/FilePermission here Ljava/nio/file/Path; sun/nio/fs/WindowsPath
staticfield java/io/FilePermission EMPTY_PATH Ljava/nio/file/Path; sun/nio/fs/WindowsPath
staticfield java/io/FilePermission DASH_PATH Ljava/nio/file/Path; sun/nio/fs/WindowsPath
staticfield java/io/FilePermission DOTDOT_PATH Ljava/nio/file/Path; sun/nio/fs/WindowsPath
ciInstanceKlass java/lang/InterruptedException 1 1 18 1 100 1 7 1 1 5 0 1 1 12 10 1 12 10 1 1
instanceKlass sun/net/www/http/KeepAliveStreamCleaner
ciInstanceKlass java/util/LinkedList 1 1 299 1 7 1 1 7 1 100 1 100 1 100 1 100 1 100 1 7 1 7 1 7 1 1 1 1 1 1 1 1 1 1 1 1 5 0 1 1 12 10 12 9 1 1 10 1 1 12 10 1 1 1 12 9 1 12 10 12 9 1 12 9 1 12 9 1 1 12 9 1 1 1 1 1 1 1 1 12 9 1 7 1 1 1 1 1 1 100 10 1 1 12 10 1 12 10 1 12 10 1 12 10 1 1 1 1 12 10 1 1 1 1 12 10 1 12 10 1 1 12 10 1 1 1 12 10 1 7 1 1 12 11 1 100 1 1 12 10 1 1 1 1 1 12 10 1 1 1 1 1 12 10 1 1 1 1 1 1 100 10 1 8 1 1 12 10 1 12 10 1 8 1 1 12 10 12 10 1 100 12 10 1 12 10 12 10 1 1 1 1 12 10 1 12 10 1 12 10 1 12 10 1 12 10 1 1 1 1 1 1 1 12 10 1 1 1 1 1 12 10 1 1 1 1 12 10 1 1 1 1 100 1 12 10 1 100 1 12 10 12 10 1 1 1 1 12 10 1 100 1 12 10 1 100 1 1 12 10 1 1 1 7 1 100 1 12 10 1 12 10 12 10 1 1 1 7 1 7 1 12 10 1 12 10 12 10 1 1 1 1 12 10 1 1 1 1 1 1 1
ciInstanceKlass java/util/LinkedList$ListItr 1 1 118 1 7 1 1 7 1 100 1 7 1 1 7 1 1 1 1 1 1 1 1 1 1 1 1 12 9 1 12 10 1 12 9 12 9 1 12 9 1 1 12 10 12 9 12 9 1 1 1 1 1 12 10 12 10 1 100 10 12 9 9 1 1 12 9 1 1 12 10 1 12 9 1 12 9 1 1 1 1 100 10 1 1 12 10 1 1 1 1 1 12 10 1 1 12 10 1 1 1 1 100 1 1 12 10 1 100 1 12 11 1 100 10 1 1 1 1 1
instanceKlass com/sun/org/apache/xerces/internal/impl/XMLEntityScanner$1
ciInstanceKlass java/io/EOFException 1 1 18 1 100 1 7 1 1 5 0 1 1 12 10 1 12 10 1 1
instanceKlass org/eclipse/debug/core/DebugException
instanceKlass org/eclipse/jdt/core/JavaModelException
instanceKlass org/eclipse/core/internal/resources/ResourceException
ciInstanceKlass org/eclipse/core/runtime/CoreException 1 1 72 7 1 7 1 1 1 1 5 0 1 1 1 1 1 11 7 1 12 1 1 10 12 1 9 12 1 1 1 1 1 1 11 12 1 1 1 1 1 9 100 1 12 1 1 10 12 1 10 10 100 1 12 1 1 1 1 100 1 100 1 1 10 12 10 12 1 1 100 1 1 1
instanceKlass org/eclipse/core/internal/jobs/JobStatus
instanceKlass org/eclipse/jdt/internal/core/JavaModelStatus
instanceKlass org/eclipse/core/internal/resources/ResourceStatus
instanceKlass org/eclipse/core/runtime/MultiStatus
ciInstanceKlass org/eclipse/core/runtime/Status 1 1 312 7 1 7 1 7 1 1 1 1 8 1 1 1 1 1 1 1 1 1 1 1 1 1 1 1 1 1 1 8 1 10 7 1 12 1 1 10 12 1 1 9 12 8 1 9 12 9 12 9 7 1 12 1 1 10 7 1 12 1 1 9 12 1 1 1 1 10 12 1 1 10 12 1 100 1 1 1 1 1 1 7 1 100 1 1 1 100 1 1 1 1 1 10 12 9 12 9 12 10 12 1 1 10 12 1 1 10 12 1 1 10 12 1 10 12 1 1 10 12 1 10 12 1 1 1 1 1 10 12 1 1 10 12 1 1 10 12 1 10 12 1 1 1 1 1 1 1 1 1 1 10 100 1 12 1 1 18 12 1 1 10 12 1 1 18 10 12 1 18 12 1 1 10 12 1 1 1 1 1 1 9 12 1 1 1 9 12 1 9 12 1 1 1 1 1 1 10 12 1 10 7 1 12 1 1 1 100 1 10 8 1 10 12 1 1 8 1 8 1 8 1 8 1 8 1 8 1 10 12 1 8 1 8 1 10 12 1 10 12 1 10 12 1 1 1 1 10 100 1 12 1 1 1 1 1 1 11 100 1 12 1 1 1 1 18 10 12 1 1 1 10 12 1 1 1 1 10 100 1 12 1 1 15 16 10 12 15 16 16 10 12 15 16 1 16 10 12 15 16 16 10 12 15 16 1 1 100 1 100 1 1
staticfield org/eclipse/core/runtime/Status OK_STATUS Lorg/eclipse/core/runtime/IStatus; org/eclipse/core/runtime/Status
staticfield org/eclipse/core/runtime/Status CANCEL_STATUS Lorg/eclipse/core/runtime/IStatus; org/eclipse/core/runtime/Status
staticfield org/eclipse/core/runtime/Status theEmptyStatusArray [Lorg/eclipse/core/runtime/IStatus; 0 [Lorg/eclipse/core/runtime/IStatus;
ciInstanceKlass org/eclipse/core/runtime/IPath 1 0 65 100 1 100 1 100 1 1 1 1 3 1 3 1 1 1 1 1 1 1 1 1 1 1 1 1 1 1 1 1 1 1 1 1 1 1 1 1 1 1 1 1 1 1 1 1 1 1 1 1 1 1 1 1 1 1 1 1 1 1 1 1 1 1 1
ciInstanceKlass org/eclipse/core/runtime/Path 1 1 411 7 1 7 1 7 1 100 1 1 1 1 3 1 3 1 3 1 3 1 3 1 3 1 1 1 1 8 1 1 1 1 1 1 3 1 8 1 1 1 1 1 1 1 1 9 7 1 12 1 1 9 12 7 1 9 12 10 12 1 1 9 12 9 12 1 1 1 1 1 1 1 10 12 1 1 10 12 10 12 1 1 10 12 1 1 10 12 1 1 10 12 1 1 10 12 1 1 10 12 1 1 1 1 1 1 1 1 100 1 1 10 12 1 1 1 10 9 12 1 1 10 12 1 1 1 1 1 1 9 12 10 12 1 9 12 1 10 12 1 1 10 12 1 10 12 1 10 7 1 12 1 1 7 1 10 12 1 1 10 10 12 1 1 10 12 1 10 12 1 1 10 12 1 1 1 1 1 1 11 12 1 8 1 11 12 1 1 11 12 1 11 12 1 10 12 1 11 12 1 1 11 12 1 11 12 1 1 11 8 1 10 12 1 1 8 1 10 12 1 1 1 1 1 1 1 100 10 12 1 1 10 12 1 10 12 1 1 1 10 12 100 1 10 12 1 1 1 1 1 8 1 10 12 1 1 1 1 1 1 10 12 1 1 1 1 1 1 10 12 1 1 1 1 10 12 1 1 1 1 1 1 1 1 1 1 1 1 1 1 1 10 12 1 10 12 1 10 12 10 7 1 12 1 1 10 12 10 12 1 1 1 1 1 11 12 10 12 1 11 1 1 10 12 1 1 1 10 10 10 12 1 1 1 1 1 1 10 12 1 1 10 7 1 12 1 1 1 1 1 1 1 1 10 7 1 12 1 1 1 10 12 10 12 11 12 1 10 12 1 1 1 1 1 1 8 1 10 12 1 1 1 1 1 10 12 1 10 10 12 10 12 1 1 10 12 1 1 1 1 1 10 12 1 10 12 1 8 1 1 1
staticfield org/eclipse/core/runtime/Path RUNNING_ON_WINDOWS Z 1
staticfield org/eclipse/core/runtime/Path NO_SEGMENTS [Ljava/lang/String; 0 [Ljava/lang/String;
staticfield org/eclipse/core/runtime/Path EMPTY Lorg/eclipse/core/runtime/Path; org/eclipse/core/runtime/Path
staticfield org/eclipse/core/runtime/Path ROOT Lorg/eclipse/core/runtime/Path; org/eclipse/core/runtime/Path
ciInstanceKlass org/eclipse/core/runtime/IProgressMonitor 1 1 56 100 1 100 1 1 1 1 3 1 1 1 1 1 1 1 1 1 1 1 1 1 1 1 1 1 1 1 1 1 1 1 1 1 1 1 100 1 10 12 1 1 1 1 11 12 1 1 1 1 7 1 10 12 1 1
instanceKlass org/eclipse/core/internal/resources/BuildConfiguration
instanceKlass org/eclipse/debug/internal/core/LaunchConfigurationType
instanceKlass org/eclipse/jdt/internal/core/JarEntryResource
instanceKlass org/eclipse/debug/internal/core/LaunchManager
instanceKlass org/eclipse/core/internal/events/ResourceDelta
instanceKlass org/eclipse/jdt/internal/core/JavaElement
instanceKlass org/eclipse/core/internal/resources/Marker
instanceKlass org/eclipse/core/filesystem/provider/FileStore
instanceKlass org/eclipse/core/filesystem/provider/FileSystem
instanceKlass org/eclipse/core/internal/resources/Resource
instanceKlass org/eclipse/core/internal/jobs/InternalJob
instanceKlass org/eclipse/core/internal/resources/Workspace
ciInstanceKlass org/eclipse/core/runtime/PlatformObject 1 1 35 100 1 7 1 100 1 1 1 1 10 12 1 1 1 1 1 1 1 1 10 100 1 12 1 1 10 12 1 1 1 1 1 1 1
ciInstanceKlass org/eclipse/core/resources/ResourcesPlugin 1 1 341 7 1 7 1 1 1 1 8 1 1 8 1 1 8 1 1 8 1 1 8 1 1 8 1 1 8 1 1 8 1 1 8 1 1 8 1 1 8 1 1 1 1 1 1 1 8 1 1 8 1 1 8 1 1 1 1 1 8 1 1 8 1 1 8 1 1 8 1 1 8 1 1 8 1 1 8 1 1 8 1 1 8 1 1 8 1 1 8 1 1 8 1 1 8 1 1 8 1 1 1 3 1 8 1 1 8 1 1 1 1 1 1 1 1 1 1 1 1 1 1 1 1 7 1 10 12 1 9 12 9 12 9 12 9 12 1 1 10 1 1 1 9 12 10 12 1 9 12 9 7 1 12 1 1 10 7 1 12 1 1 11 7 1 12 1 1 100 1 1 1 1 7 1 9 12 10 100 1 12 1 1 11 100 1 12 1 1 11 100 1 12 1 1 11 100 1 12 1 1 8 1 10 12 1 1 10 12 1 1 10 12 1 1 11 12 1 1 10 12 1 10 100 1 12 1 1 10 100 1 12 1 1 1 1 1 1 1 1 1 1 100 1 9 100 1 12 1 10 12 1 1 1 1 100 1 10 12 9 12 11 100 1 12 1 9 12 10 7 1 12 1 10 12 10 12 1 1 1 1 10 12 10 12 1 7 1 10 12 1 8 1 10 12 1 1 7 1 9 7 1 12 1 1 11 7 1 12 1 1 8 1 9 7 1 12 1 8 1 10 12 1 1 11 12 1 1 10 12 1 10 12 1 1 1 1 1 1 1 1 1
staticfield org/eclipse/core/resources/ResourcesPlugin FAMILY_AUTO_BUILD Ljava/lang/Object; java/lang/Object
staticfield org/eclipse/core/resources/ResourcesPlugin FAMILY_AUTO_REFRESH Ljava/lang/Object; java/lang/Object
staticfield org/eclipse/core/resources/ResourcesPlugin FAMILY_MANUAL_BUILD Ljava/lang/Object; java/lang/Object
staticfield org/eclipse/core/resources/ResourcesPlugin FAMILY_MANUAL_REFRESH Ljava/lang/Object; java/lang/Object
ciInstanceKlass org/eclipse/core/resources/IWorkspace 1 0 137 100 1 100 1 100 1 1 1 1 3 1 1 1 1 1 1 1 9 100 1 12 1 9 12 10 100 1 12 1 1 9 12 1 1 1 1 1 1 1 1 100 1 1 1 1 1 1 1 1 1 1 1 1 1 1 1 1 1 1 1 1 1 1 1 1 1 1 1 1 1 1 1 1 1 1 1 1 1 1 1 1 1 1 1 1 1 1 1 1 1 1 1 1 1 1 1 1 1 1 1 1 1 1 1 1 1 1 1 1 1 1 1 1 1 1 1 1 1 1 1 1 1 1 1 1 1 1 1 1 1 1 1 100 1 1 1
ciInstanceKlass org/eclipse/core/internal/resources/Workspace 1 1 2533 7 1 7 1 100 1 100 1 1 1 1 1 1 1 1 1 1 1 1 1 1 1 1 1 1 1 1 1 1 1 1 1 1 1 1 1 1 1 1 1 1 1 1 1 1 1 1 1 1 1 1 1 1 1 1 1 1 1 1 1 1 1 1 1 1 1 1 1 1 1 1 1 1 1 1 1 1 1 1 1 1 1 1 8 1 10 7 1 12 1 1 10 7 1 12 1 1 7 1 8 1 10 12 1 1 8 1 10 12 1 1 9 12 1 1 1 1 1 10 7 1 12 1 1 11 7 1 12 1 1 7 1 10 12 11 7 1 12 1 1 100 1 1 1 1 1 1 1 7 1 8 1 10 1 1 10 100 1 1 1 1 1 1 10 9 12 9 12 7 1 9 7 1 12 1 1 10 12 1 9 12 7 1 10 9 12 7 1 10 12 1 9 12 9 12 7 1 10 9 12 10 12 1 9 12 9 12 9 12 9 12 9 12 9 12 7 1 10 9 12 7 1 10 9 12 10 12 1 10 7 1 12 1 1 10 12 1 1 10 12 1 1 1 1 1 1 10 12 1 10 12 1 1 1 1 1 1 1 10 12 1 1 1 1 1 9 12 10 7 1 12 1 1 1 1 1 1 1 1 1 1 8 1 10 7 1 12 1 1 8 1 9 12 10 100 1 12 1 1 11 7 1 12 1 10 7 1 12 1 1 1 1 1 1 8 1 1 1 1 1 10 12 1 1 10 7 1 12 1 10 12 1 1 8 1 10 12 1 1 10 12 1 1 10 12 1 10 12 1 1 9 12 1 1 7 1 10 12 1 10 12 1 1 1 1 1 1 1 1 10 12 1 1 11 7 1 12 1 1 7 1 11 12 1 11 12 1 1 100 1 1 1 1 11 7 1 12 1 1 11 12 1 11 100 1 12 1 1 11 100 1 12 1 11 12 1 10 12 10 12 1 1 1 1 1 1 1 1 1 7 1 9 12 1 10 12 1 1 1 1 1 10 100 1 12 1 1 11 100 1 12 1 1 10 12 1 1 10 12 1 1 11 7 1 12 1 10 12 1 1 11 100 1 12 1 11 12 1 1 10 7 1 12 1 1 10 12 1 1 10 12 1 1 10 12 10 12 10 12 1 1 10 12 1 10 12 1 1 7 1 10 10 12 1 1 11 7 1 12 1 1 11 12 1 11 12 1 10 7 1 12 1 1 11 7 1 12 1 1 11 12 1 11 12 1 1 100 1 10 11 12 1 1 11 100 1 10 12 1 1 10 100 1 12 1 9 7 1 12 1 10 12 1 10 12 1 1 11 100 1 8 1 10 10 12 1 1 10 12 1 1 10 12 10 12 1 10 7 1 12 1 1 9 7 1 12 1 9 12 1 1 10 12 1 1 10 12 1 1 10 7 1 12 1 1 10 12 1 11 100 1 12 1 7 1 10 12 1 10 12 1 1 1 1 1 1 1 1 1 1 1 1 1 1 1 1 1 1 1 1 1 1 1 7 1 100 1 100 1 100 9 12 10 100 1 12 1 9 12 10 7 1 10 12 1 1 10 100 1 10 12 1 10 12 1 1 18 12 1 1 11 100 1 12 1 1 18 12 1 1 11 12 1 1 1 1 11 12 1 1 8 1 10 12 1 11 12 1 1 10 12 1 10 12 1 1 11 12 1 10 12 1 10 12 1 1 1 1 1 1 10 12 1 9 7 1 12 1 10 12 1 10 12 1 9 12 10 7 1 12 1 9 12 10 7 1 12 1 10 10 12 1 10 11 12 1 10 12 1 10 12 1 1 10 12 10 12 1 1 10 12 1 1 10 12 1 10 11 12 1 1 1 1 1 1 1 1 7 1 18 12 1 11 100 1 12 1 1 11 12 1 1 10 12 1 10 12 7 1 10 10 12 1 1 10 7 1 12 1 1 11 7 1 11 11 10 12 1 1 1 1 1 1 1 1 1 1 1 1 1 1 1 10 12 1 1 1 7 1 10 10 12 1 1 11 7 1 10 11 7 1 12 1 1 11 12 1 10 12 1 11 12 1 10 12 1 1 1 1 1 1 1 1 1 1 1 10 12 1 1 10 12 1 1 1 1 1 1 10 7 1 12 1 1 9 12 1 1 100 1 100 1 9 12 1 10 12 1 1 1 1 1 1 1 1 7 1 7 1 10 12 1 1 1 1 1 10 12 1 1 10 12 1 1 9 9 12 10 12 1 9 12 11 11 11 100 1 10 11 12 1 1 11 12 1 1 1 1 1 1 1 1 1 1 1 1 1 10 12 10 11 18 12 1 10 12 1 1 10 12 1 1 1 1 1 1 1 10 12 18 10 12 1 1 1 1 18 10 12 1 1 1 1 10 12 1 1 1 1 1 1 1 10 12 1 9 7 1 12 1 10 100 12 1 9 12 1 9 12 1 100 1 8 1 10 12 1 10 12 10 12 1 11 7 1 12 1 1 11 7 1 12 1 1 11 11 11 12 1 7 1 11 12 1 10 12 1 1 10 12 1 1 11 12 1 10 12 1 9 12 1 10 7 1 12 1 1 7 1 10 12 1 10 12 1 10 12 1 1 10 100 1 1 1 1 1 1 1 1 1 1 1 1 10 12 1 1 1 11 12 1 1 11 12 1 10 12 1 1 10 12 1 1 10 7 1 10 12 1 10 12 1 1 10 12 1 1 10 12 1 10 12 1 10 12 1 10 12 1 1 3 10 12 11 12 1 11 12 1 1 10 12 1 1 10 12 1 3 10 12 1 100 1 10 12 1 11 11 12 1 10 12 1 1 10 12 1 11 12 1 100 1 10 12 1 10 12 1 1 10 100 1 12 1 10 12 1 1 8 1 10 12 1 100 1 11 12 1 1 1 1 1 1 1 1 1 1 1 1 1 1 1 1 1 1 1 1 1 1 1 100 1 11 12 1 11 12 1 11 12 1 1 10 12 1 1 10 12 1 11 12 1 11 12 1 10 12 1 1 1 1 1 1 1 1 11 12 1 10 100 1 11 12 1 10 12 1 100 1 1 11 12 1 1 11 100 1 12 1 1 10 12 1 1 10 100 1 12 1 1 11 12 1 1 11 12 1 11 12 1 10 12 1 10 12 1 1 10 12 1 10 12 1 10 10 12 1 1 10 12 1 10 12 1 1 10 12 1 1 10 12 1 1 11 12 1 1 1 1 1 1 1 1 1 1 1 1 1 1 1 1 1 1 1 1 1 1 1 1 7 1 1 10 12 1 1 10 12 1 1 18 12 1 1 100 1 10 12 1 10 12 1 1 1 1 1 1 1 1 1 3 3 1 10 12 1 10 12 1 10 12 1 1 10 12 1 1 10 12 1 10 12 1 1 10 12 1 9 12 1 10 12 1 10 12 1 1 1 1 10 12 1 9 12 1 10 10 12 1 10 12 1 9 12 1 10 1 1 1 10 12 10 100 1 11 100 1 12 1 1 9 12 11 12 1 10 7 1 12 1 1 1 1 1 11 10 12 1 1 10 12 1 10 12 1 10 12 1 10 12 1 10 12 1 10 12 1 8 1 10 12 1 10 12 1 10 7 1 12 1 1 10 12 1 1 10 12 1 9 12 10 12 1 1 1 1 9 12 1 10 12 1 1 9 12 10 12 1 100 1 10 11 12 1 10 10 12 9 12 1 10 10 10 1 1 1 1 1 9 12 1 1 9 12 1 1 1 100 1 10 10 12 1 1 11 11 100 1 12 1 1 1 1 1 10 12 10 12 1 1 1 1 1 1 1 9 12 1 1 1 1 1 1 10 12 1 1 1 9 12 10 7 1 12 1 1 1 1 10 12 1 1 1 9 12 10 7 1 12 1 1 1 10 12 1 1 1 1 9 12 1 1 9 12 1 1 10 12 1 1 8 1 10 12 1 1 10 12 1 100 1 1 9 12 7 1 10 1 1 1 1 9 12 1 1 10 12 1 9 12 9 12 1 10 12 100 1 10 10 12 1 1 8 11 7 1 12 1 1 9 12 1 10 12 1 10 12 8 1 11 100 1 12 1 1 100 1 9 12 1 1 1 100 1 10 7 1 12 1 1 10 12 1 8 10 12 1 1 10 12 1 1 11 7 1 12 1 1 7 1 10 12 1 8 1 10 12 1 10 100 1 12 1 1 10 12 1 1 10 1 1 1 1 1 1 1 100 1 7 1 10 12 1 8 9 12 1 100 1 9 12 1 1 8 1 9 12 1 100 1 9 12 1 1 10 12 1 1 1 10 12 1 1 1 1 1 1 7 1 10 12 1 100 1 10 12 1 10 12 1 1 9 12 1 10 10 12 1 1 1 7 1 1 10 12 1 11 11 11 12 1 1 10 11 12 1 11 12 1 7 1 1 1 1 1 1 10 12 9 12 1 9 12 1 10 10 10 12 1 10 12 1 10 12 1 10 7 1 10 7 1 10 10 12 10 12 1 1 1 1 100 1 10 12 1 1 1 1 1 10 11 12 1 8 1 11 10 12 7 1 11 12 1 10 7 1 10 11 12 1 10 12 1 10 12 1 1 1 10 12 1 10 12 1 10 7 1 12 1 9 12 1 10 12 9 12 1 10 10 10 12 1 10 12 1 10 12 10 12 1 1 10 12 1 10 12 1 10 12 10 10 12 1 10 12 1 9 12 1 10 10 10 12 1 1 100 1 1 10 12 1 1 8 1 11 100 1 12 1 1 10 12 1 10 100 1 12 1 1 11 100 1 12 1 8 1 10 12 1 10 12 8 1 9 100 1 12 1 1 11 100 1 12 1 1 11 12 1 10 7 1 12 1 1 1 1 1 1 11 12 1 10 12 1 10 12 1 9 12 1 10 12 1 8 1 10 12 1 1 1 10 12 1 1 1 10 12 1 1 1 10 12 1 1 1 10 12 1 10 12 1 9 12 1 11 7 1 12 10 12 1 10 12 1 1 1 1 1 1 1 1 10 12 1 1 10 12 1 9 12 1 100 1 10 10 12 1 10 12 1 9 12 1 10 12 1 1 1 8 1 9 12 1 1 1 1 1 10 10 12 10 12 1 10 12 1 1 10 12 1 1 1 1 8 1 1 100 1 9 12 1 11 10 12 100 1 1 1 1 1 1 100 1 1 10 12 1 10 10 7 1 10 10 7 1 10 10 10 10 10 10 10 12 1 1 10 12 1 10 10 10 10 7 1 10 10 10 7 1 10 11 7 1 7 1 10 10 7 1 10 10 10 10 7 1 10 10 10 12 1 1 8 1 10 12 1 8 1 8 1 10 12 1 18 12 1 1 10 12 1 1 8 1 10 8 1 10 12 1 1 1 9 12 1 11 100 1 12 1 11 9 12 1 10 12 1 1 10 12 100 1 10 12 1 10 100 1 12 1 1 1 1 1 1 1 1 1 1 100 1 1 10 12 1 1 1 10 12 1 1 10 12 1 1 10 12 1 10 12 1 1 10 12 1 1 1 10 12 1 1 100 1 10 12 1 100 100 1 1 1 10 12 1 9 12 1 1 1 10 12 1 1 1 1 1 1 1 1 1 1 1 1 1 1 1 1 1 8 1 11 100 1 12 1 8 1 1 1 1 10 100 1 12 1 1 15 1 16 10 12 15 1 16 16 10 12 15 16 16 15 1 16 16 10 12 15 1 16 16 10 12 15 1 16 16 10 12 15 16 1 16 10 12 15 16 16 10 12 15 16 1 100 1 100 1 1 1 1 1 1 1 1
staticfield org/eclipse/core/internal/resources/Workspace caseSensitive Z 0
ciInstanceKlass org/eclipse/core/resources/IResource 1 1 199 100 1 100 1 100 1 100 1 1 1 1 3 1 3 1 3 1 3 1 3 1 1 1 1 1 1 1 3 1 3 1 3 1 3 1 3 1 3 1 3 1 3 1 3 1 3 1 3 1 1 1 1 100 1 1 1 1 1 1 1 1 1 1 1 1 1 1 1 1 1 1 11 12 11 100 1 12 1 1 1 1 1 1 1 1 1 1 1 1 1 1 1 1 1 1 1 1 1 1 1 1 1 1 1 1 1 1 1 1 1 1 1 1 1 1 1 1 1 1 1 1 1 1 1 1 1 1 1 1 1 1 1 1 1 1 1 1 1 1 1 1 1 1 1 1 1 1 1 1 1 1 1 1 1 1 1 1 1 1 1 1 1 1 1 1 1 1 1 1 1 1 1 1 1 1 1 1 1 1 1 1 1 100 1 8 1 1 12 10 1 1 1 8 1 1 1 8 1
ciInstanceKlass org/eclipse/core/resources/IWorkspaceRoot 1 0 351 100 1 100 1 100 1 100 1 1 1 1 100 1 1 1 1 1 1 1 1 1 1 1 1 1 1 1 1 1 1 1 1 1 1 1 1 1 1 100 1 8 1 1 12 10 1 1 1 8 1 1 1 8 1 1 1 8 1 1 8 1 1 8 1 1 1 8 1 1 1 8 1 1 1 8 1 1 1 8 1 1 8 1 1 8 1 1 8 1 1 1 8 1 1 1 8 1 1 8 1 1 1 8 1 8 1 1 1 8 1 1 1 8 1 1 8 1 1 8 1 1 1 8 1 1 8 1 1 1 8 1 1 1 8 1 1 1 8 1 1 8 1 1 1 8 1 1 8 1 1 8 1 1 8 1 1 8 1 1 1 8 1 1 8 1 1 1 8 1 1 8 1 1 8 1 1 8 1 1 1 8 1 1 8 1 8 1 1 8 1 1 1 8 1 1 1 8 1 8 1 8 1 8 1 1 1 8 1 1 1 8 1 1 8 1 1 8 1 1 1 8 1 1 8 1 8 1 1 1 8 1 1 1 8 1 1 1 8 1 1 1 8 1 1 1 8 1 1 8 1 1 1 8 1 1 8 1 1 8 1 8 1 1 1 8 1 1 1 8 1 1 8 1 1 1 8 1 1 1 8 1 1 8 1 8 1 1 8 1 1 8 1 1 8 1 1 8 1 1 8 1 1 1 8 1 1 1 8 1 1 1 8 1 1 1 8 1 1 8 1 1 1 8 1 1 8 1 1 1 8 1 1 1 8 1 1 8 1 1 1 8 1 1 8 1 8 1 1 8 1
instanceKlass java/nio/file/NotDirectoryException
instanceKlass java/nio/file/DirectoryNotEmptyException
instanceKlass java/nio/file/NoSuchFileException
instanceKlass java/nio/file/AccessDeniedException
instanceKlass java/nio/file/FileAlreadyExistsException
ciInstanceKlass java/nio/file/FileSystemException 1 1 51 1 7 1 7 1 1 5 0 1 1 1 1 1 1 100 12 10 12 9 12 9 1 1 1 1 1 1 12 10 12 10 1 100 1 12 10 1 1 12 10 1 8 1 8 1 12 10 1 1 1
ciInstanceKlass java/nio/file/FileAlreadyExistsException 1 1 18 1 100 1 7 1 1 5 0 1 1 12 10 1 12 10 1 1
ciInstanceKlass java/nio/file/AccessDeniedException 0 0 18 1 100 1 100 1 1 5 0 1 1 12 10 1 12 10 1 1
ciInstanceKlass java/nio/file/NoSuchFileException 1 1 18 1 100 1 7 1 1 5 0 1 1 12 10 1 12 10 1 1
ciInstanceKlass java/nio/file/attribute/DosFileAttributeView 1 1 33 1 100 1 100 1 100 1 1 1 1 1 100 1 1 1 1 1 1 12 11 1 1 1 100 1 8 1 1 12 10 1 1
ciInstanceKlass sun/nio/fs/WindowsFileAttributeViews$Dos 1 1 206 1 7 1 7 1 100 1 100 1 1 1 100 1 100 1 1 1 1 8 1 1 8 1 1 8 1 1 8 1 1 8 1 1 1 1 1 12 10 1 1 1 8 1 1 1 100 1 7 1 1 12 10 1 100 1 1 12 10 1 1 12 10 1 12 10 1 12 10 1 12 10 12 10 1 1 1 12 9 1 1 12 10 1 12 10 1 1 12 10 1 1 12 10 1 100 1 12 10 1 1 12 10 1 12 10 1 12 10 1 12 10 1 12 10 1 12 10 1 100 1 12 10 1 1 12 10 1 1 1 100 1 1 12 9 1 7 1 1 12 10 1 1 12 9 1 7 1 1 12 10 1 7 1 1 12 10 1 1 12 10 1 1 12 10 12 10 1 1 1 1 12 10 1 1 12 10 1 12 10 1 12 10 1 1 12 10 1 10 1 1 12 9 1 7 1 1 12 10 1 1 1 1 1 1 1
staticfield sun/nio/fs/WindowsFileAttributeViews$Dos dosAttributeNames Ljava/util/Set; java/util/HashSet
ciInstanceKlass jdk/internal/access/foreign/MemorySegmentProxy 0 0 79 1 100 1 100 1 100 1 100 1 1 1 12 10 1 1 1 1 1 1 1 1 1 1 1 1 1 100 12 10 5 0 5 0 1 1 12 10 1 100 1 1 12 10 1 12 10 5 0 5 0 1 1 12 10 12 10 1 100 1 8 1 100 1 1 12 10 1 100 1 1 12 10 1 12 10 1 1 1
instanceKlass org/eclipse/core/internal/resources/File
instanceKlass org/eclipse/core/internal/resources/Container
ciInstanceKlass org/eclipse/core/internal/resources/Resource 1 1 1650 7 1 7 1 7 1 100 1 100 1 100 1 1 1 1 1 1 1 1 10 12 1 11 7 1 12 1 1 9 12 9 12 1 1 1 1 1 1 1 100 1 10 12 1 1 1 1 1 10 12 1 1 10 12 1 1 10 12 1 1 7 1 10 18 12 1 1 7 1 10 7 1 12 1 1 10 12 1 10 12 1 10 12 1 1 10 100 1 12 1 1 9 12 1 1 9 12 1 1 1 1 1 1 1 1 1 1 1 1 7 1 100 1 100 1 1 10 12 1 1 1 100 1 18 12 1 1 10 12 10 12 1 1 11 12 1 10 7 1 12 1 1 10 10 12 1 1 7 1 11 12 1 1 11 1 1 1 1 1 1 1 100 1 1 10 12 1 1 11 7 1 12 1 1 11 12 1 1 11 12 1 1 10 7 1 12 1 1 1 1 1 1 1 1 1 10 12 1 1 10 12 1 1 11 12 1 11 12 1 100 1 10 12 1 10 12 1 1 7 1 10 10 10 12 1 1 11 100 1 12 1 1 10 100 1 12 1 1 11 7 1 12 1 1 11 7 1 12 1 9 7 1 12 1 1 11 12 1 10 7 1 12 1 1 10 12 1 11 12 1 9 12 1 1 1 1 1 1 1 1 1 1 1 1 1 1 1 100 1 1 10 12 1 10 12 1 1 1 10 12 1 1 9 12 1 100 1 8 1 10 12 1 9 12 1 100 1 10 12 1 10 12 1 1 11 12 1 1 9 12 1 10 12 1 10 12 1 1 10 12 11 12 1 1 10 12 1 10 12 1 10 12 1 1 10 12 9 12 1 10 12 1 1 7 1 10 10 10 12 1 1 10 10 12 1 10 12 1 1 9 12 1 10 12 1 10 12 1 11 12 1 1 10 9 100 1 12 1 1 1 1 1 1 1 1 1 7 1 10 12 1 9 12 1 9 12 1 10 12 1 1 9 12 1 11 1 1 9 12 1 10 12 1 9 12 1 9 12 1 9 12 1 10 9 12 1 1 10 7 1 12 1 1 1 1 1 10 12 1 1 1 1 1 9 12 1 10 10 12 1 3 10 12 1 1 1 1 10 12 1 1 10 7 1 12 1 1 11 100 1 12 1 1 1 1 1 1 10 7 1 12 1 1 7 1 10 7 1 10 12 1 10 12 11 12 1 1 1 1 1 1 1 1 1 100 1 100 1 10 12 1 10 12 1 10 12 1 5 0 10 12 1 1 10 12 1 10 12 1 1 1 1 10 12 1 1 9 12 1 10 7 1 12 1 1 10 12 1 1 10 12 1 1 11 7 1 12 1 1 10 12 1 1 10 12 1 1 10 12 10 12 1 1 10 12 1 10 12 1 1 10 100 1 12 1 10 12 1 10 12 1 1 100 1 1 1 1 1 100 1 1 10 12 1 1 1 10 12 1 1 10 12 1 1 100 1 11 100 1 12 1 10 12 1 10 12 1 11 12 1 11 7 1 12 1 10 12 1 1 10 12 1 10 12 1 10 11 12 1 1 10 12 1 1 11 7 1 12 1 1 1 1 1 1 1 1 10 12 1 1 1 10 100 1 12 1 1 10 12 1 11 12 1 11 10 12 1 9 12 1 11 12 1 1 10 12 10 7 1 12 1 1 10 12 1 1 10 12 1 1 10 12 1 1 3 3 100 1 10 12 1 10 12 10 12 1 1 10 12 1 1 10 12 1 10 7 1 12 1 10 12 1 9 12 1 1 10 100 1 12 1 10 12 1 1 1 1 1 1 1 1 1 10 100 1 12 1 1 10 12 1 1 1 11 12 1 10 12 1 1 10 12 1 1 10 7 1 12 1 1 7 1 10 12 1 10 12 1 11 7 1 12 1 10 12 1 1 7 1 10 12 1 10 12 1 1 1 1 1 1 1 1 1 1 1 1 1 1 9 12 1 1 10 12 1 1 9 12 1 10 12 1 11 12 1 10 10 12 1 10 12 1 9 12 1 100 1 10 12 1 10 12 1 1 10 12 1 10 12 1 10 12 1 1 10 12 1 10 12 1 1 11 12 1 10 12 1 10 12 1 1 10 12 1 1 10 100 1 12 1 1 100 1 7 1 10 12 1 1 10 12 1 1 10 100 1 12 1 1 1 1 1 1 1 1 1 10 12 1 1 1 10 10 12 1 1 11 100 1 12 1 1 11 7 1 12 1 1 11 12 1 10 7 1 12 1 10 12 1 1 10 12 1 10 12 1 1 10 12 10 12 1 11 12 1 10 12 1 1 11 10 1 1 1 1 1 1 1 1 1 10 12 1 1 10 7 1 12 1 1 11 100 1 10 100 1 10 10 11 12 10 11 12 1 1 1 1 1 10 12 1 10 12 1 1 11 7 1 1 1 1 11 1 1 10 12 1 9 12 1 10 7 1 12 1 10 12 1 1 9 12 1 1 11 12 1 10 12 1 1 11 12 1 1 10 12 1 1 1 1 1 1 100 1 1 10 12 1 1 1 10 12 1 1 1 10 12 1 10 12 1 1 1 10 12 1 10 12 1 1 1 10 12 1 10 12 1 8 1 10 12 1 1 10 12 1 10 12 1 1 11 10 12 1 1 1 10 12 1 1 1 1 10 12 11 10 12 1 7 1 1 1 1 11 12 1 1 1 1 1 1 11 12 1 1 11 12 1 10 1 10 12 1 10 100 1 12 1 1 10 12 1 1 1 10 12 1 10 12 1 1 1 1 10 12 1 1 10 12 10 12 1 1 8 1 8 1 8 1 8 1 1 10 12 1 1 10 12 1 1 11 12 1 10 12 1 1 10 12 1 1 10 12 10 12 11 1 1 11 12 10 12 1 11 11 1 1 1 3 1 1 10 12 10 7 1 12 1 1 10 12 1 1 11 12 1 11 12 1 11 1 1 10 12 9 12 1 11 12 1 10 12 10 12 1 9 12 1 10 12 1 1 1 1 10 12 9 12 1 10 12 1 10 9 12 1 9 12 1 11 12 1 11 10 12 1 10 12 1 1 1 1 1 1 100 1 100 1 8 1 10 10 12 1 10 10 10 12 1 1 1 9 12 1 11 12 1 1 1 1 9 12 1 1 1 10 12 1 1 1 11 12 1 1 1 10 12 10 12 1 1 1 10 12 1 1 1 10 12 1 1 10 12 1 1 10 12 10 12 1 1 10 12 1 1 9 12 1 11 12 1 10 12 1 3 10 12 1 1 100 1 11 100 1 12 1 1 10 12 1 1 11 12 1 1 10 12 1 1 11 12 1 1 10 12 1 1 11 12 1 1 10 12 1 1 1 1 1 100 11 12 1 1 10 12 1 1 11 12 1 1 10 12 1 1 11 10 11 12 1 1 11 12 1 11 12 1 1 10 12 1 1 9 12 1 10 12 1 10 12 1 10 7 1 10 12 1 10 12 1 1 7 1 11 10 10 12 1 10 12 1 1 1 1 1 1 1 1 1 7 1 10 10 12 1 1 10 7 1 10 12 1 7 1 10 12 1 10 12 1 10 12 1 10 12 1 10 12 1 10 10 12 1 1 1 1 1 1 1 1 1 1 1 100 9 12 1 9 12 1 10 12 1 1 1 11 12 1 10 12 1 10 12 1 100 1 1 1 1 11 12 11 12 1 10 12 1 10 12 1 1 1 1 1 11 100 1 12 1 1 1 1 1 1 10 7 1 12 1 1 15 1 16 10 12 15 16 16 10 12 15 16 1 100 1 100 1 1 1
ciInstanceKlass org/eclipse/core/resources/IFile 1 1 335 100 1 100 1 100 1 100 1 100 1 1 1 1 3 1 1 1 1 3 1 3 1 3 1 3 1 3 1 3 1 1 1 100 1 1 1 1 1 1 1 1 1 1 1 1 1 1 1 1 1 1 1 1 1 1 1 1 1 1 1 1 1 1 1 1 1 1 1 1 1 1 11 12 1 1 11 100 1 12 1 1 1 1 1 1 1 1 1 1 100 1 8 1 1 12 10 1 1 1 8 1 1 8 1 1 1 8 1 1 1 8 1 1 1 8 1 1 8 1 1 1 8 1 1 8 1 1 8 1 1 8 1 1 8 1 1 1 8 1 1 8 1 1 1 8 1 1 8 1 1 8 1 1 8 1 1 1 8 1 1 8 1 1 8 1 1 1 8 1 1 1 8 1 8 1 8 1 8 1 1 1 8 1 1 1 8 1 1 8 1 1 1 8 1 1 8 1 8 1 1 1 8 1 1 1 8 1 1 1 8 1 1 1 8 1 1 1 8 1 1 8 1 1 1 8 1 1 8 1 1 8 1 8 1 1 1 8 1 1 1 8 1 1 8 1 1 1 8 1 1 1 8 1 1 8 1 8 1 1 8 1 1 8 1 1 8 1 1 8 1 1 8 1 1 1 8 1 1 1 8 1 1 1 8 1 1 1 8 1 1 8 1 1 1 8 1 1 8 1 1 1 8 1 1 1 8 1 1 8 1 1 1 8 1 1 8 1 8 1 1 8 1 1 1 8 1 1 1 8 1 1 1 8 1
ciInstanceKlass org/eclipse/core/internal/resources/File 1 1 627 7 1 7 1 100 1 1 1 1 10 12 1 1 1 1 1 1 1 1 1 1 1 100 1 9 7 1 12 1 1 10 12 1 1 10 7 1 12 1 1 10 7 1 12 1 1 8 1 10 100 1 12 1 1 9 12 1 9 7 1 12 1 1 10 12 1 1 10 12 1 1 11 7 1 12 1 1 10 12 1 1 10 12 1 1 10 12 1 1 10 12 1 1 10 12 1 1 10 12 1 1 10 12 1 1 11 7 1 12 1 1 10 12 1 1 10 12 1 1 10 100 1 12 1 1 10 12 1 1 10 12 1 10 7 1 12 1 1 100 1 1 1 1 1 1 1 1 1 1 1 1 1 1 1 1 1 1 1 7 1 7 1 100 1 100 1 100 1 1 10 12 1 1 1 1 10 12 1 1 11 100 1 12 1 1 10 12 1 1 9 12 11 100 1 12 1 1 10 12 1 1 10 12 1 10 12 1 1 11 100 1 12 1 1 10 12 1 1 10 12 1 1 1 1 1 1 9 12 1 10 12 1 1 11 12 1 10 12 1 10 12 1 1 7 1 10 10 10 12 1 1 10 7 1 12 1 1 9 12 1 11 7 1 12 1 10 12 1 1 10 7 1 12 1 1 11 12 1 1 10 12 1 1 10 12 1 9 12 1 100 1 11 12 1 10 12 1 10 12 1 1 11 7 1 12 1 1 11 12 1 100 1 10 12 1 9 12 1 10 12 1 10 12 1 11 10 12 1 1 10 100 1 12 1 1 1 1 1 1 1 1 1 100 1 1 10 12 1 10 12 1 10 12 1 10 12 1 1 11 10 100 1 12 1 1 10 12 1 1 10 12 1 1 10 12 1 1 11 100 1 12 1 1 1 1 1 1 10 100 1 12 1 1 10 100 1 9 100 1 12 1 1 11 100 1 12 1 1 9 12 1 11 12 100 1 1 1 1 1 1 1 1 1 100 1 10 12 1 1 10 100 1 12 1 1 1 1 10 12 1 1 10 12 1 9 12 1 1 1 10 12 1 10 12 1 1 1 1 1 1 10 12 1 1 1 10 12 1 1 11 100 1 12 1 1 1 100 1 10 12 1 10 12 1 1 10 12 1 10 12 1 1 10 7 1 12 1 1 1 10 12 1 1 10 12 1 1 1 11 100 1 12 10 12 1 1 1 10 12 11 12 1 11 12 1 1 8 1 10 12 1 1 100 1 10 10 12 1 1 1 1 1 10 12 1 100 1 10 12 1 8 1 10 7 1 12 1 1 1 1 1 1 10 12 1 1 1 1 9 12 1 11 12 1 10 12 1 1 1 1 10 7 1 10 10 12 1 10 12 10 12 1 8 1 8 1 8 1 10 12 1 1 10 12 1 10 100 1 12 1 1 10 12 1 11 7 1 12 1 1 1 1 1 1 1 1
ciInstanceKlass org/eclipse/core/resources/IProject 1 0 384 100 1 100 1 100 1 100 1 1 1 1 3 1 1 1 100 1 1 1 1 1 1 1 1 1 1 1 1 1 1 1 1 1 1 1 1 1 1 1 1 1 1 1 1 1 1 1 1 1 1 1 1 1 1 1 1 1 1 1 1 1 1 1 1 1 1 1 1 1 1 1 100 1 8 1 1 12 10 1 1 1 8 1 1 1 8 1 1 1 8 1 1 8 1 1 8 1 1 1 8 1 1 1 8 1 1 1 8 1 1 1 8 1 1 8 1 1 8 1 1 8 1 1 1 8 1 1 1 8 1 1 8 1 1 1 8 1 8 1 1 1 8 1 1 1 8 1 1 8 1 1 8 1 1 1 8 1 1 8 1 1 1 8 1 1 1 8 1 1 1 8 1 1 8 1 1 1 8 1 1 8 1 1 8 1 1 8 1 1 8 1 1 1 8 1 1 8 1 1 1 8 1 1 8 1 1 8 1 1 8 1 1 1 8 1 1 8 1 8 1 1 8 1 1 1 8 1 1 1 8 1 8 1 8 1 8 1 1 1 8 1 1 1 8 1 1 8 1 1 8 1 1 1 8 1 1 8 1 8 1 1 1 8 1 1 1 8 1 1 1 8 1 1 1 8 1 1 1 8 1 1 8 1 1 1 8 1 1 8 1 1 8 1 8 1 1 1 8 1 1 1 8 1 1 8 1 1 1 8 1 1 1 8 1 1 8 1 8 1 1 8 1 1 8 1 1 8 1 1 8 1 1 8 1 1 1 8 1 1 1 8 1 1 1 8 1 1 1 8 1 1 8 1 1 1 8 1 1 8 1 1 1 8 1 1 1 8 1 1 8 1 1 1 8 1 1 8 1 8 1 1 8 1
ciInstanceKlass org/eclipse/core/internal/resources/WorkspaceRoot 1 1 381 7 1 7 1 100 1 1 1 1 1 1 1 1 1 1 10 12 7 1 10 12 1 9 12 9 7 1 12 1 1 11 7 1 12 1 1 10 7 1 12 1 1 10 7 1 12 1 1 10 7 1 12 1 1 9 12 10 12 1 1 1 1 1 1 1 1 1 1 1 1 100 1 10 12 1 1 1 1 1 1 1 1 1 100 1 1 1 1 1 1 1 1 1 1 1 11 12 1 10 100 1 12 1 1 10 12 1 1 1 10 12 1 1 10 100 1 12 1 1 100 1 10 12 1 10 12 1 1 10 100 1 12 1 1 100 1 1 1 1 10 12 1 1 10 12 1 100 1 1 1 10 12 1 1 1 10 7 1 12 1 1 10 12 1 1 10 12 1 1 8 1 10 7 1 12 1 1 10 7 1 12 1 1 1 1 1 1 1 10 12 1 1 1 5 0 1 8 1 1 1 1 1 1 11 7 1 12 1 1 7 1 10 12 1 10 8 1 11 12 1 10 12 1 1 11 12 1 18 12 1 1 11 12 1 1 1 1 1 1 1 1 1 9 12 1 1 1 10 12 1 10 12 1 1 7 1 10 7 1 12 1 1 11 100 1 12 1 8 1 10 100 1 12 1 1 10 100 1 12 1 1 100 1 1 1 1 1 1 1 1 100 100 1 1 100 1 10 12 1 1 1 1 1 1 1 1 1 1 1 10 12 1 11 12 1 1 1 1 10 12 1 10 12 1 1 1 1 1 1 1 1 100 1 8 1 10 12 10 12 1 1 10 12 1 10 1 1 1 1 1 1 1 1 9 12 1 10 1 1 1 1 10 7 1 12 1 1 15 16 10 12 15 1 16 1 100 1 100 1 1
ciInstanceKlass org/eclipse/core/internal/localstore/FileSystemResourceManager 1 1 1246 7 1 7 1 100 1 100 1 100 1 1 1 1 1 1 1 1 1 1 10 12 1 9 12 1 1 1 1 1 1 1 1 10 7 1 12 1 1 10 12 1 10 100 1 12 1 1 1 1 1 1 1 1 1 1 100 1 8 1 10 12 1 1 10 7 1 12 1 1 10 12 1 1 10 7 1 12 1 1 10 10 12 1 1 10 7 1 12 1 9 7 1 12 1 1 10 12 1 11 7 1 12 1 1 11 7 1 12 1 10 12 1 10 12 1 10 12 1 10 10 12 1 10 12 1 11 12 1 1 11 7 1 12 1 1 100 1 10 12 1 1 10 7 1 12 1 1 10 100 1 12 1 1 11 100 1 12 1 1 11 100 1 12 1 1 100 1 10 12 1 11 12 1 1 11 12 1 1 11 7 1 10 12 1 1 11 100 1 12 1 11 12 1 10 12 1 1 10 100 1 12 1 1 100 1 1 1 1 1 1 1 1 1 1 1 1 1 1 1 1 1 1 1 1 1 1 1 1 1 100 1 1 1 9 12 10 12 1 1 10 100 1 12 1 1 1 1 1 1 10 100 1 12 1 1 10 12 1 1 10 7 1 12 1 1 11 12 1 11 10 12 1 11 7 1 12 1 10 12 1 1 11 12 1 1 1 1 1 1 1 100 11 12 1 1 10 100 1 12 1 10 12 1 1 1 1 1 1 1 1 10 12 10 12 1 1 10 12 1 1 10 12 1 1 7 1 10 12 1 11 12 1 1 11 12 1 10 12 1 1 7 1 100 1 10 1 1 1 1 1 1 1 1 1 1 1 1 10 12 1 11 12 1 1 11 7 1 10 12 1 1 1 1 1 1 1 10 12 1 11 12 1 11 11 11 12 1 1 11 12 1 11 12 1 1 1 1 1 1 1 1 9 7 1 12 1 1 10 7 1 12 1 1 10 7 1 12 1 1 9 12 1 100 1 10 12 1 10 12 1 1 11 100 1 12 1 1 100 1 10 12 1 1 10 12 7 1 10 12 10 12 1 1 10 12 1 1 11 7 1 12 1 10 12 1 1 1 1 1 1 1 1 1 1 1 1 1 1 1 1 1 1 10 12 1 1 10 100 1 12 1 1 9 12 1 10 100 1 8 1 9 12 1 10 12 1 100 1 10 12 1 10 12 1 1 10 12 1 1 10 12 1 10 12 1 1 100 1 10 12 1 10 12 10 1 1 1 1 1 1 1 1 1 1 1 1 1 100 1 100 1 1 1 7 1 11 12 1 1 10 12 1 7 1 10 12 1 10 7 1 12 1 10 12 1 10 100 1 12 1 100 1 1 1 1 1 1 1 1 1 1 1 1 100 1 1 1 1 1 11 12 1 1 9 12 1 11 12 1 100 1 1 1 1 1 1 1 1 10 7 1 12 1 1 10 12 1 1 10 12 1 11 12 1 10 7 1 12 1 1 11 12 1 1 1 1 1 10 100 1 10 10 1 1 1 1 1 9 12 1 10 10 12 9 12 10 12 1 1 10 7 1 12 1 11 12 1 1 10 12 1 10 12 1 1 11 7 1 12 1 100 1 10 12 1 1 1 11 1 1 10 12 1 1 10 7 1 12 1 1 10 12 1 10 12 1 10 12 1 1 10 12 1 3 10 12 1 11 12 1 1 11 10 12 1 1 10 12 1 1 3 10 12 1 11 12 1 10 12 10 12 1 1 1 1 1 1 1 1 1 1 8 1 11 12 1 1 1 1 10 1 1 10 12 1 1 7 1 10 11 12 1 1 7 1 10 11 12 1 1 10 12 1 1 9 12 1 10 12 1 1 11 10 12 1 1 10 12 10 12 11 12 1 10 12 1 1 10 12 1 10 12 1 10 12 1 1 10 12 1 1 10 12 1 1 1 1 1 1 1 1 1 1 1 1 100 1 1 1 1 1 11 12 1 10 12 11 12 1 10 12 10 12 100 1 10 12 1 9 100 1 12 10 12 1 1 1 1 1 10 12 10 12 1 1 1 10 12 1 10 12 1 1 1 1 10 12 1 1 1 11 12 1 1 1 1 8 1 10 7 1 12 1 10 12 1 10 10 100 1 12 1 1 1 1 1 11 10 10 12 1 1 9 12 1 10 11 12 1 1 10 10 12 1 1 10 11 10 12 10 12 1 7 1 10 12 7 1 10 10 12 1 9 12 1 11 10 12 1 1 9 12 1 10 12 1 1 10 12 1 1 100 1 1 1 1 1 1 1 1 1 1 10 12 1 1 10 12 1 9 12 1 11 12 1 10 12 1 11 12 1 1 10 12 1 7 1 10 7 1 10 10 12 1 10 12 1 1 1 1 1 100 1 9 12 1 10 12 1 11 12 1 11 12 1 1 11 12 1 11 12 11 12 1 1 1 1 1 11 12 1 1 11 12 1 1 1 1 10 12 1 10 12 1 10 12 1 1 1 1 11 12 10 100 1 12 1 10 12 1 1 1 1 11 12 10 7 1 12 1 1 10 12 1 1 10 7 1 12 1 1 1 10 12 1 10 12 1 1 1 10 12 1 5 0 10 12 1 1 10 12 1 10 12 1 9 12 1 10 7 1 12 1 11 12 1 9 12 1 100 1 100 1 8 1 10 10 12 1 10 10 9 12 1 10 12 1 1 11 12 1 1 11 12 1 1 10 100 1 12 1 8 1 11 12 1 11 12 1 1 10 12 1 1 10 12 1 3 10 12 1 1 10 12 1 1 1 1 1 1 1 100 1 1 11 100 1 9 12 1 1 1 10 1 11 12 1 10 12 1 10 100 1 12 1 11 12 1 1 1 1 1 1 1 1
ciInstanceKlass org/eclipse/core/internal/resources/Project 1 1 1498 7 1 7 1 7 1 1 1 1 3 1 1 1 10 12 1 1 1 1 1 1 1 1 1 1 1 100 1 10 12 1 1 10 12 1 1 11 7 1 12 1 1 9 7 1 12 1 1 10 12 1 1 11 100 1 12 1 1 11 100 1 12 1 1 10 12 1 1 10 7 1 12 1 1 11 12 1 1 10 7 1 12 1 1 9 7 1 12 1 1 7 1 11 12 1 10 12 1 10 12 1 1 11 7 1 12 1 1 11 12 1 10 7 1 12 1 1 100 1 10 12 1 1 10 12 1 1 1 1 1 1 1 1 1 1 1 1 100 1 1 1 9 12 1 7 1 8 1 10 12 1 10 12 1 1 10 7 1 12 1 10 12 1 10 12 1 10 12 1 1 10 12 1 1 10 12 1 1 10 12 1 1 10 7 1 12 1 10 12 1 1 10 12 1 1 9 12 1 10 12 1 10 12 1 1 10 7 1 12 1 1 10 12 1 1 10 12 1 1 1 1 1 1 1 1 1 1 1 1 100 1 1 10 12 1 10 12 1 1 10 12 1 1 1 1 1 1 1 1 10 100 1 12 1 1 1 1 1 1 1 1 11 7 1 10 12 1 1 1 1 1 1 10 12 10 12 1 1 9 12 1 10 1 9 12 1 11 10 12 1 1 10 12 1 1 10 10 10 12 1 1 10 12 1 10 12 1 1 1 1 1 1 1 1 9 12 1 10 7 1 12 1 1 10 12 1 1 11 7 1 12 1 1 10 12 1 1 10 12 1 1 10 12 1 1 10 12 1 1 10 12 1 1 10 12 1 10 12 1 10 12 1 1 10 12 1 1 10 7 1 12 1 1 10 12 1 1 10 12 1 10 12 1 1 10 7 1 12 1 1 10 12 1 11 7 1 10 12 1 1 10 100 1 12 1 100 1 1 1 1 1 1 1 1 1 1 1 1 7 1 100 1 7 1 100 1 1 1 10 7 1 12 1 1 11 12 1 1 11 12 1 1 10 12 1 1 11 12 1 11 12 1 1 10 12 1 1 10 12 1 1 1 1 1 1 8 1 10 100 1 12 1 1 10 12 1 1 10 7 1 12 1 1 11 100 1 12 1 11 12 1 1 1 1 1 10 12 1 10 12 9 12 1 9 12 10 12 1 1 11 12 1 10 12 10 12 10 12 1 1 10 12 1 7 1 10 12 1 1 10 7 1 12 1 1 10 12 1 10 10 12 1 1 10 12 1 1 10 12 1 10 12 1 10 12 1 10 12 1 10 12 1 1 10 12 1 3 10 12 1 10 12 1 1 1 1 1 1 10 12 1 1 1 1 10 12 10 12 1 10 12 1 1 10 100 1 12 1 10 10 12 1 1 1 10 12 1 1 1 1 1 7 1 1 1 1 10 12 1 1 10 100 1 12 1 1 1 10 10 100 1 12 1 10 12 1 1 10 7 1 12 1 1 1 10 12 1 1 10 12 10 12 1 10 12 1 1 10 12 1 1 1 1 1 100 1 1 1 10 12 1 1 1 1 1 9 12 1 1 1 10 12 1 1 1 1 10 12 1 1 10 12 1 1 1 10 12 1 11 100 1 12 1 1 100 1 10 12 11 11 100 1 12 1 11 12 1 11 12 1 1 1 1 1 1 1 1 1 1 10 12 1 11 12 1 1 10 7 1 12 1 1 10 12 1 11 1 100 1 10 12 1 10 12 1 1 1 1 10 12 1 10 12 1 1 10 100 1 12 1 1 10 12 1 10 12 1 1 10 12 1 100 1 10 12 1 10 12 1 10 10 12 1 10 12 1 1 1 1 1 1 1 100 9 12 1 11 12 1 1 10 12 1 11 12 1 11 12 1 1 10 12 1 1 10 12 1 9 12 1 10 12 1 1 10 12 1 1 10 12 1 1 11 100 1 12 1 10 12 1 1 11 100 1 12 1 10 12 10 12 1 1 11 12 1 1 9 12 1 10 12 1 1 11 100 1 11 12 10 12 1 1 10 12 11 9 12 1 11 11 1 1 1 1 1 1 1 1 1 11 10 12 1 1 11 12 1 10 11 12 10 12 1 1 10 12 1 1 10 12 1 10 12 1 10 12 1 10 12 1 9 12 9 12 1 1 10 12 1 1 10 1 1 9 12 1 10 12 100 1 8 1 10 12 1 10 12 1 1 10 12 1 1 7 1 10 10 12 11 7 1 11 11 1 1 1 1 10 10 12 1 1 10 12 1 10 12 1 10 12 1 1 5 0 10 12 1 1 1 1 1 10 12 1 10 12 1 1 1 10 12 1 1 1 1 1 1 1 1 1 10 12 1 11 12 1 10 12 1 1 10 12 1 11 12 8 1 1 1 1 9 12 1 10 10 12 1 1 10 12 1 1 11 100 1 12 1 10 12 1 9 12 1 10 100 1 10 12 1 10 12 1 1 10 100 1 12 1 1 10 12 1 1 1 1 1 10 12 9 12 1 11 12 1 9 12 1 10 10 12 1 9 12 1 100 1 10 12 1 1 10 12 1 10 12 1 1 10 12 1 11 100 1 12 1 1 10 12 1 1 10 12 1 10 12 1 10 1 1 1 1 1 1 1 9 12 1 10 12 10 10 10 9 12 1 10 12 1 10 12 1 10 12 1 10 12 1 10 12 1 1 10 12 1 1 10 12 1 10 12 1 9 12 1 1 10 100 1 12 10 12 1 10 12 1 10 12 1 1 10 7 1 12 1 1 10 12 1 1 10 7 1 12 1 1 1 1 1 1 1 1 1 1 1 1 8 1 8 1 11 12 1 10 12 1 1 11 100 1 11 11 10 12 1 1 1 1 1 1 10 12 9 12 1 10 100 1 12 1 1 11 12 1 1 11 100 1 12 1 100 1 10 12 10 12 1 1 10 12 10 12 1 1 10 10 12 10 10 10 10 11 12 1 100 1 18 12 1 1 10 12 1 10 12 1 1 10 11 12 1 10 12 1 1 10 12 11 100 1 11 100 1 10 12 1 10 10 12 1 10 12 1 10 12 1 1 1 1 1 1 1 1 1 1 1 1 1 1 1 1 1 1 10 12 1 1 8 1 11 12 1 1 10 12 1 9 12 1 10 12 1 10 12 1 10 12 1 9 12 1 10 12 1 10 12 10 12 1 10 9 12 1 100 1 10 12 1 1 1 9 12 1 10 12 9 12 1 9 12 1 10 12 1 1 10 12 1 1 1 10 7 1 12 1 1 11 7 1 12 1 1 8 11 7 1 12 1 1 10 11 10 12 1 1 8 1 8 1 10 7 1 12 1 1 1 8 1 11 12 1 8 1 11 12 1 100 1 1 1 10 1 1 1 1 1 1 1 10 100 1 12 1 1 15 1 16 10 12 15 16 1 100 1 100 1 1 1
ciInstanceKlass org/eclipse/core/filesystem/EFS 1 1 131 100 1 100 1 1 1 1 8 1 1 8 1 1 1 3 1 3 1 3 1 3 1 3 1 3 1 3 1 1 3 1 3 1 3 1 3 1 3 1 3 1 3 1 3 1 3 1 3 1 1 3 1 3 1 3 1 3 1 8 1 1 8 1 1 3 1 3 1 3 1 3 1 3 1 3 1 3 1 3 1 3 1 3 1 3 1 3 1 1 1 100 1 10 12 1 1 1 1 1 1 1 100 1 10 7 1 12 1 1 10 12 1 1 1 10 12 1 10 12 1 1 10 12 1 1 10 1 1 1 1
ciInstanceKlass org/eclipse/core/internal/filesystem/InternalFileSystemCore 1 1 221 7 1 7 1 100 1 1 1 1 1 1 1 1 1 1 10 12 1 9 12 1 1 1 1 10 10 7 1 12 1 1 11 7 1 12 1 1 1 1 1 1 100 1 100 1 10 10 12 1 1 10 7 1 12 1 1 9 100 1 12 1 1 10 100 1 12 1 1 10 100 1 12 1 1 7 1 7 1 8 1 11 12 1 1 7 1 10 12 1 1 10 12 1 1 10 12 1 1 1 1 1 1 1 1 1 1 1 1 1 1 1 8 1 10 12 100 1 10 12 1 1 1 10 7 1 12 1 1 100 1 9 12 1 10 7 1 12 1 1 10 12 10 12 1 1 10 12 1 11 12 1 1 1 9 12 10 8 1 8 1 11 12 1 1 11 7 1 12 1 1 11 7 1 12 1 1 8 1 11 12 1 10 12 1 1 8 11 12 1 1 1 1 1 1 1 1 1 1 100 100 1 1 11 7 1 12 1 1 1 1 1 1 100 100 1 1 8 1 1 1
staticfield org/eclipse/core/internal/filesystem/InternalFileSystemCore INSTANCE Lorg/eclipse/core/internal/filesystem/InternalFileSystemCore; org/eclipse/core/internal/filesystem/InternalFileSystemCore
ciInstanceKlass org/eclipse/core/filesystem/IFileStore 1 1 79 100 1 100 1 100 1 1 1 1 100 1 1 1 1 1 1 1 1 1 1 1 1 1 1 1 1 1 1 1 1 1 1 1 1 1 1 1 1 1 1 1 1 1 1 1 1 1 1 1 1 1 1 1 1 10 100 1 12 1 1 1 1 1 1 1 1 1 1 1 100 1 8 1 1 12 10 1 1
ciInstanceKlass org/eclipse/jdt/ls/core/internal/filesystem/JLSFile 1 1 173 7 1 7 1 1 1 1 10 12 1 1 1 1 1 1 1 1 10 12 10 7 1 12 1 1 7 1 9 12 1 1 10 12 1 10 12 1 1 7 1 10 7 1 12 1 1 10 12 1 9 12 1 1 11 7 1 12 1 1 11 7 1 12 1 1 7 1 11 12 1 1 9 12 1 1 11 7 1 12 1 1 11 12 1 1 10 7 1 12 1 11 12 1 11 12 1 18 12 1 1 11 12 1 1 7 1 1 1 1 1 1 1 1 1 1 1 100 1 1 1 10 10 12 1 1 10 12 1 1 9 12 10 12 1 10 10 12 1 1 1 1 1 1 1 1 10 12 1 1 1 1 1 1 10 7 1 12 1 1 15 1 16 10 12 15 16 1 100 1 100 1 1
ciInstanceKlass org/eclipse/jdt/internal/core/JavaModelManager 1 1 3446 7 1 7 1 100 1 100 1 1 1 1 1 1 1 1 1 1 1 1 8 1 1 8 1 1 8 1 1 1 1 1 1 1 1 1 1 1 1 1 1 1 1 1 1 1 1 1 1 1 1 1 3 1 3 1 3 1 3 1 1 1 1 1 1 1 1 1 1 1 1 1 1 1 1 1 1 8 1 1 8 1 1 8 1 1 8 1 1 1 1 8 1 1 1 8 1 1 8 1 1 8 1 1 8 1 1 8 1 1 8 1 1 8 1 1 1 1 1 8 1 1 8 1 1 8 1 1 8 1 1 8 1 1 8 1 1 8 1 1 8 1 1 8 1 1 8 1 1 8 1 1 8 1 1 8 1 1 8 1 1 8 1 1 8 1 1 8 1 1 8 1 1 8 1 1 8 1 1 8 1 1 8 1 1 8 1 1 8 1 1 8 1 1 8 1 1 8 1 1 8 1 1 8 1 1 8 1 1 8 1 1 8 1 1 8 1 1 8 1 1 8 1 1 1 1 1 1 1 1 1 1 1 1 1 1 1 1 1 1 1 1 1 1 1 1 1 1 1 1 1 1 1 1 1 1 1 1 1 1 1 1 1 1 1 1 1 1 1 1 1 1 1 1 1 1 1 1 1 1 1 1 1 1 1 1 1 1 1 1 1 1 1 1 1 1 1 1 1 1 1 8 1 10 7 1 12 1 1 9 12 8 1 10 7 1 12 1 1 9 12 7 1 10 12 1 1 9 12 8 1 9 12 7 1 10 12 9 12 9 12 9 12 7 1 9 12 7 1 9 12 10 9 12 9 12 9 12 9 12 9 12 9 12 9 12 9 12 9 12 5 0 9 12 9 12 1 1 1 1 1 10 7 1 12 1 1 11 7 1 12 1 1 10 12 1 1 11 7 1 12 1 1 11 12 1 11 12 1 1 11 100 1 1 1 1 1 1 1 1 1 1 1 1 100 1 1 10 12 1 1 9 12 10 7 1 12 1 1 7 1 11 7 1 1 1 1 1 1 1 1 1 1 10 12 1 1 9 12 10 7 1 12 1 7 1 11 12 1 1 1 1 1 1 10 10 12 1 1 7 1 10 11 12 1 1 11 12 1 1 1 9 12 1 1 1 1 1 11 12 1 11 12 1 10 12 1 10 12 10 12 1 10 12 1 10 9 12 1 1 1 10 1 1 10 12 10 12 11 12 1 10 12 1 1 10 12 1 10 1 1 1 1 1 1 1 1 7 1 100 1 8 1 10 10 12 1 1 10 12 1 8 1 10 12 1 100 1 10 12 1 10 100 1 12 1 1 8 1 100 1 10 12 1 8 1 100 1 10 8 1 10 12 1 10 7 1 12 1 8 1 11 12 1 8 1 8 1 100 1 10 1 1 8 1 8 1 11 12 11 1 1 10 12 1 1 11 7 1 12 1 1 11 7 1 12 1 11 12 1 1 11 11 12 1 1 10 7 1 11 12 1 1 1 1 1 1 1 1 1 1 1 1 11 100 1 12 1 7 1 10 7 1 12 1 100 1 10 12 1 100 1 10 12 1 7 1 10 12 1 1 1 1 11 12 1 1 11 12 1 11 12 1 10 12 1 10 12 1 1 10 12 1 10 12 1 1 10 12 1 1 1 1 1 11 10 12 1 10 12 1 1 10 12 1 1 10 7 1 12 1 1 1 1 1 1 7 1 100 100 1 11 12 1 1 11 12 1 1 100 1 9 100 1 12 1 10 12 1 1 8 1 11 12 1 1 11 12 1 1 1 1 1 1 1 9 7 1 12 1 1 8 1 10 100 1 12 1 1 8 1 11 12 1 10 100 1 12 1 11 12 1 1 10 12 1 1 1 11 10 7 1 12 1 11 12 1 10 12 1 1 100 1 9 12 1 1 9 100 1 12 1 1 11 12 1 11 12 1 8 1 11 12 1 1 8 1 100 1 10 12 1 1 10 12 1 10 12 1 1 100 1 10 12 1 10 12 1 1 11 12 1 11 12 1 1 11 12 1 11 12 1 1 10 100 1 12 1 1 10 12 1 1 10 100 1 12 1 1 11 7 1 12 1 1 1 1 1 1 1 1 1 1 1 100 10 10 9 12 9 12 10 9 12 9 12 9 12 9 12 10 9 12 9 12 9 12 7 1 10 9 12 7 1 10 9 12 9 12 9 12 10 9 12 9 12 9 12 9 12 7 1 9 12 7 1 10 9 12 9 12 10 12 1 1 9 12 9 12 9 12 7 1 10 9 12 9 12 9 12 9 12 7 1 10 9 12 9 12 9 12 7 1 10 9 12 7 1 10 9 12 7 1 10 9 12 10 7 1 12 1 7 1 10 10 12 1 1 9 12 9 12 9 12 10 12 1 1 10 12 1 1 1 1 1 1 8 1 8 1 10 8 1 1 1 1 1 1 1 8 1 8 1 7 1 10 12 1 1 10 12 1 1 1 7 1 100 1 1 10 7 1 12 1 1 1 100 1 10 12 1 1 1 1 1 8 1 8 1 10 7 1 8 1 10 12 1 10 12 1 1 10 7 1 12 1 1 100 1 8 1 8 1 10 12 1 11 100 1 12 1 1 7 1 1 1 1 1 1 1 8 1 7 1 7 1 10 11 7 1 12 1 1 9 12 1 1 1 1 11 100 1 12 1 1 1 10 12 1 1 11 7 1 12 1 1 11 7 1 12 1 1 8 1 11 7 1 12 1 10 12 1 11 12 1 1 11 7 1 100 1 100 1 10 12 1 10 100 1 12 1 1 1 1 1 1 1 1 1 1 1 1 1 100 100 1 1 1 10 7 1 12 1 10 12 1 100 1 10 12 1 9 12 1 100 1 9 12 1 11 12 1 10 12 1 1 10 12 1 10 12 1 9 12 1 1 10 12 1 1 10 100 1 12 1 1 1 1 1 1 1 1 1 1 100 1 1 1 1 1 8 1 9 12 10 12 1 8 1 8 1 1 1 1 1 1 10 12 10 12 10 12 1 10 12 10 12 1 10 12 7 1 10 12 1 10 12 1 1 1 1 1 1 10 12 1 1 11 10 12 1 1 100 1 10 10 9 7 1 12 1 10 1 1 1 1 1 1 1 1 1 10 1 1 1 1 1 1 1 1 9 12 10 7 1 1 1 1 1 1 10 12 1 1 11 12 1 1 10 1 1 1 1 1 1 1 1 1 1 1 10 12 1 10 11 12 1 8 1 10 12 1 10 12 1 1 1 1 1 1 1 1 10 12 1 1 9 7 1 12 10 8 1 9 12 1 9 7 1 12 1 11 10 12 1 1 11 7 1 12 1 10 12 1 1 9 12 1 8 1 100 1 1 1 1 1 10 12 1 10 12 1 1 10 12 1 1 11 7 1 12 1 10 12 1 1 1 1 1 1 1 10 12 1 1 1 1 1 1 1 10 1 1 9 12 10 12 1 10 12 1 11 12 1 7 1 11 12 1 11 12 1 10 12 10 12 1 1 1 1 1 1 1 1 1 100 1 10 10 12 1 1 8 1 8 1 8 1 8 1 8 1 8 1 8 1 8 1 8 1 8 1 8 1 8 1 8 1 8 1 8 1 8 1 8 1 8 1 8 1 8 1 8 1 8 1 8 1 8 1 8 1 8 1 8 1 8 1 8 1 8 1 8 1 10 100 1 12 1 11 12 1 8 1 8 1 8 1 8 1 8 1 8 1 8 1 8 1 8 1 8 1 8 1 8 1 8 1 8 1 8 1 8 1 8 1 8 1 8 1 8 1 1 1 10 12 1 1 1 10 12 1 1 1 1 10 12 1 1 1 1 100 1 10 12 1 1 1 8 1 8 1 8 1 11 12 1 8 1 8 1 8 1 100 1 8 1 10 10 12 1 1 1 1 1 1 10 12 1 1 1 1 8 1 1 1 1 1 1 10 12 1 8 1 11 12 11 12 1 1 7 1 10 8 1 11 12 1 10 10 10 12 1 1 1 1 1 1 1 1 1 1 8 1 1 1 1 1 10 12 1 1 10 12 1 1 10 12 1 1 11 12 1 1 11 12 1 11 12 1 1 11 12 1 10 12 1 1 11 12 1 11 12 1 10 12 1 1 7 1 10 12 1 1 11 12 1 1 1 1 1 1 1 10 12 10 12 1 11 12 1 1 1 1 1 11 12 1 11 12 1 8 1 1 1 1 9 12 100 1 10 1 1 1 9 12 100 1 10 1 1 9 100 1 12 1 1 10 12 11 12 1 100 1 11 10 12 1 11 10 12 1 1 11 10 12 1 1 1 1 1 1 1 100 1 1 9 12 100 1 10 1 11 8 1 10 12 1 10 12 1 10 12 1 10 12 1 1 10 12 10 12 1 10 12 1 10 12 1 1 8 1 10 10 12 1 10 12 1 1 9 12 1 10 12 9 12 1 9 12 1 10 12 1 10 12 1 1 10 7 1 12 1 1 11 7 1 12 1 1 11 12 1 1 11 12 1 1 9 12 1 10 12 1 1 1 1 1 100 1 10 12 1 1 1 1 10 12 1 11 12 1 1 10 12 1 7 1 10 12 1 11 12 1 11 100 1 12 11 12 1 8 1 1 1 1 1 1 1 1 1 1 1 1 1 1 1 1 100 8 1 8 1 8 1 11 12 1 100 1 10 10 12 1 1 10 12 1 1 10 12 1 10 100 1 12 1 1 8 1 11 10 12 1 9 12 1 10 7 1 12 1 10 12 1 1 10 12 10 12 1 10 12 1 10 12 1 10 12 1 1 10 12 1 10 12 1 10 12 10 12 1 100 1 10 10 10 12 1 100 1 100 1 1 1 1 1 1 8 1 8 1 8 1 8 1 8 1 8 1 8 1 8 1 8 1 8 1 8 1 8 1 8 1 1 9 7 1 12 1 1 11 7 1 12 1 1 9 7 1 7 1 10 11 12 1 1 11 12 1 1 11 12 1 1 7 1 10 1 1 10 7 1 12 1 1 10 12 1 1 1 7 1 9 12 1 10 12 1 10 7 1 12 1 1 1 1 1 1 1 1 1 1 10 12 1 8 1 9 12 1 10 12 1 8 1 9 12 1 1 1 8 1 8 1 11 12 1 10 12 1 8 1 1 1 1 1 11 12 1 1 1 1 1 1 1 10 12 1 1 7 1 7 1 7 1 10 10 12 1 10 10 12 1 10 12 1 10 12 1 10 8 1 8 1 10 1 1 1 1 1 1 1 10 12 1 1 10 12 1 7 1 8 10 12 1 11 12 1 1 100 1 10 10 100 1 12 1 1 10 12 1 1 100 1 10 12 1 10 100 1 12 1 1 11 100 1 12 1 1 10 11 12 1 1 11 100 1 12 1 11 12 1 1 11 100 1 12 1 11 12 1 1 11 100 1 12 1 1 8 11 8 10 12 1 10 12 1 10 12 10 12 7 1 10 12 1 10 12 1 11 100 1 12 1 10 12 1 1 10 12 10 12 1 1 8 1 8 1 10 12 10 12 10 12 100 1 100 1 1 1 1 1 1 1 1 1 1 1 1 1 1 1 1 1 1 1 1 1 1 1 1 1 1 1 11 12 1 10 12 10 12 1 10 12 1 11 12 10 12 1 100 1 1 1 1 1 10 12 1 1 1 1 7 1 10 12 1 7 1 7 1 11 10 12 1 1 1 1 1 1 1 1 1 1 1 1 10 12 1 1 7 1 10 1 1 1 1 100 1 9 12 1 1 10 100 1 10 12 1 8 1 10 12 1 8 1 1 1 10 12 10 12 1 1 9 12 1 10 8 1 10 12 1 10 12 1 8 1 10 12 1 1 10 8 1 8 1 8 1 10 12 8 1 1 1 1 100 1 10 12 1 1 10 12 1 10 12 1 1 1 11 12 1 10 12 1 1 8 1 9 12 1 100 1 10 12 1 1 1 1 10 1 1 9 10 12 1 1 8 1 10 12 1 10 12 1 10 12 1 1 8 1 10 12 1 1 1 1 1 10 12 1 1 1 10 10 12 1 10 12 1 1 1 1 9 12 1 9 12 1 10 12 1 10 12 1 1 1 1 11 7 1 12 1 10 12 1 1 8 1 9 12 9 12 1 7 1 10 12 1 1 10 12 1 10 12 1 10 12 1 1 10 12 1 1 10 10 12 1 9 12 1 9 12 1 10 12 1 1 100 1 1 1 100 1 10 12 1 10 100 1 10 12 1 100 1 1 1 1 1 7 1 100 1 7 1 10 10 12 1 10 1 10 12 10 12 1 11 12 1 8 1 1 1 1 7 1 10 12 1 10 12 1 8 1 1 1 10 100 1 12 1 10 12 8 1 10 100 1 12 1 1 1 1 1 1 1 1 10 12 1 8 1 11 10 12 1 5 0 10 12 8 1 10 12 10 12 11 12 1 10 12 1 10 12 1 11 10 12 10 12 1 10 7 1 12 1 10 12 1 10 7 1 12 1 10 18 12 1 1 10 12 1 1 10 7 1 7 1 9 12 1 10 12 1 10 12 1 100 1 10 12 1 10 12 1 100 1 100 1 1 1 1 1 1 1 1 1 1 8 1 10 12 1 11 12 1 11 10 12 9 12 1 10 12 1 1 9 12 1 11 12 1 11 100 1 12 1 11 8 1 8 1 1 1 1 1 1 1 1 1 1 1 1 1 1 1 100 1 1 8 1 10 12 1 10 12 1 1 10 12 1 100 1 10 10 12 1 1 10 12 1 1 1 1 1 8 1 8 1 10 10 12 1 1 8 1 1 1 1 1 1 1 1 1 1 1 1 1 1 1 9 100 1 8 1 100 1 10 12 11 12 1 1 100 1 11 10 10 12 1 1 10 10 11 12 1 8 1 10 12 1 10 12 8 1 1 1 1 1 1 1 1 1 1 1 1 1 1 100 1 100 1 8 1 8 1 1 1 1 8 1 10 12 1 10 12 1 11 8 1 1 1 1 1 1 1 1 1 1 1 1 1 1 1 8 1 11 12 1 11 100 1 12 1 10 11 12 11 12 1 1 1 1 1 1 1 1 1 1 1 1 1 1 1 1 1 11 12 1 1 1 1 11 10 12 1 11 7 1 12 1 10 10 12 11 12 1 11 1 1 1 1 1 1 1 1 10 10 12 7 1 10 9 12 7 1 10 9 12 10 12 1 10 12 1 1 11 7 1 12 1 10 12 1 1 11 7 1 12 1 1 10 12 8 1 10 12 1 11 12 1 1 10 7 1 12 1 10 12 1 7 1 9 12 1 10 12 1 10 7 1 12 1 10 12 1 10 10 10 1 1 1 1 10 12 1 8 1 11 12 1 1 11 12 1 10 12 11 12 1 10 11 12 1 11 12 1 10 12 1 1 11 100 1 12 1 1 1 1 1 1 10 12 1 1 1 10 10 1 10 1 1 1 1 10 12 1 1 1 1 1 1 10 12 1 1 1 1 1 1 1 1 100 1 9 12 1 1 10 12 1 1 10 12 1 1 10 100 1 12 1 1 1 7 1 10 12 1 10 12 1 1 1 1 1 1 1 10 12 1 1 10 12 1 1 1 10 12 1 1 11 7 1 12 1 1 18 12 1 1 11 12 1 1 18 12 1 1 11 12 1 1 18 12 1 11 12 1 1 1 10 12 1 1 1 1 1 1 1 10 7 1 12 1 1 15 16 10 12 15 1 16 16 10 12 15 1 16 16 10 7 1 12 1 15 1 16 1 16 10 12 15 16 1 100 1 100 1 1 1 100 1 1 1 100 1 1 100 1 1 100 1 1 1 1 1 1 1 1 100 1 1 1 1 1 1 1 1 100 1 100 1 100 1
staticfield org/eclipse/jdt/internal/core/JavaModelManager SAVE_THREAD_COUNT Ljava/lang/Integer; null
staticfield org/eclipse/jdt/internal/core/JavaModelManager SAVE_ZIPPED Z 1
staticfield org/eclipse/jdt/internal/core/JavaModelManager CP_ENTRY_IGNORE_PATH Lorg/eclipse/core/runtime/IPath; org/eclipse/core/runtime/Path
staticfield org/eclipse/jdt/internal/core/JavaModelManager VARIABLE_INITIALIZATION_IN_PROGRESS Lorg/eclipse/core/runtime/IPath; org/eclipse/core/runtime/Path
staticfield org/eclipse/jdt/internal/core/JavaModelManager CONTAINER_INITIALIZATION_IN_PROGRESS Lorg/eclipse/jdt/core/IClasspathContainer; org/eclipse/jdt/internal/core/JavaModelManager$1
staticfield org/eclipse/jdt/internal/core/JavaModelManager NO_WORKING_COPY [Lorg/eclipse/jdt/core/ICompilationUnit; 0 [Lorg/eclipse/jdt/core/ICompilationUnit;
staticfield org/eclipse/jdt/internal/core/JavaModelManager NO_PARTICIPANTS [[Ljava/lang/Object; 0 [[Ljava/lang/Object;
ciInstanceKlass org/eclipse/jdt/internal/compiler/util/SuffixConstants 1 1 63 7 1 100 1 1 1 1 8 1 1 8 1 1 8 1 1 8 1 1 8 1 1 8 1 1 8 1 1 8 1 1 8 1 1 8 1 1 1 1 1 1 1 1 1 10 7 1 12 1 1 9 12 9 12 9 12 9 12 1 1 1 1
staticfield org/eclipse/jdt/internal/compiler/util/SuffixConstants SUFFIX_class [C 6
staticfield org/eclipse/jdt/internal/compiler/util/SuffixConstants SUFFIX_CLASS [C 6
staticfield org/eclipse/jdt/internal/compiler/util/SuffixConstants SUFFIX_java [C 5
staticfield org/eclipse/jdt/internal/compiler/util/SuffixConstants SUFFIX_JAVA [C 5
ciInstanceKlass org/eclipse/jdt/internal/core/search/processing/IJob 1 1 35 100 1 100 1 1 1 1 3 1 3 1 3 1 1 3 1 1 1 1 1 1 1 1 1 1 1 1 1 1 1 1 1 1 1
ciInstanceKlass org/eclipse/jdt/internal/core/search/indexing/IIndexConstants 1 1 187 7 1 100 1 1 1 1 1 1 1 1 1 1 1 1 1 1 1 1 1 1 1 1 1 1 1 1 1 1 1 3 1 3 1 3 1 3 1 3 1 3 1 3 1 3 1 3 1 3 1 3 1 1 1 3 1 1 1 1 3 1 3 1 3 1 3 1 3 1 3 1 3 1 3 1 3 1 3 1 3 1 3 1 3 1 3 1 1 1 8 1 10 7 1 12 1 1 9 12 8 1 9 12 8 1 9 12 8 1 9 12 8 1 9 12 8 1 9 12 8 1 9 12 8 1 9 12 8 1 9 12 8 1 9 12 8 1 9 12 8 1 9 12 8 1 9 12 8 1 9 12 7 9 12 9 12 8 1 9 12 8 1 9 12 8 1 9 12 8 1 9 12 9 12 9 12 9 12 9 12 9 12 1 1 1 1
staticfield org/eclipse/jdt/internal/core/search/indexing/IIndexConstants REF [C 3
staticfield org/eclipse/jdt/internal/core/search/indexing/IIndexConstants ANNOTATION_REF [C 13
staticfield org/eclipse/jdt/internal/core/search/indexing/IIndexConstants METHOD_REF [C 9
staticfield org/eclipse/jdt/internal/core/search/indexing/IIndexConstants CONSTRUCTOR_REF [C 14
staticfield org/eclipse/jdt/internal/core/search/indexing/IIndexConstants SUPER_REF [C 8
staticfield org/eclipse/jdt/internal/core/search/indexing/IIndexConstants TYPE_DECL [C 8
staticfield org/eclipse/jdt/internal/core/search/indexing/IIndexConstants METHOD_DECL [C 10
staticfield org/eclipse/jdt/internal/core/search/indexing/IIndexConstants METHOD_DECL_PLUS [C 14
staticfield org/eclipse/jdt/internal/core/search/indexing/IIndexConstants CONSTRUCTOR_DECL [C 15
staticfield org/eclipse/jdt/internal/core/search/indexing/IIndexConstants FIELD_DECL [C 9
staticfield org/eclipse/jdt/internal/core/search/indexing/IIndexConstants MODULE_DECL [C 10
staticfield org/eclipse/jdt/internal/core/search/indexing/IIndexConstants MODULE_REF [C 9
staticfield org/eclipse/jdt/internal/core/search/indexing/IIndexConstants OBJECT [C 6
staticfield org/eclipse/jdt/internal/core/search/indexing/IIndexConstants MODULE_INFO [C 11
staticfield org/eclipse/jdt/internal/core/search/indexing/IIndexConstants COUNTS [[C 10 [[C
staticfield org/eclipse/jdt/internal/core/search/indexing/IIndexConstants DEFAULT_CONSTRUCTOR [C 2
staticfield org/eclipse/jdt/internal/core/search/indexing/IIndexConstants META_INDEX_SIMPLE_TYPE_QUALIFIER_REF [C 12
staticfield org/eclipse/jdt/internal/core/search/indexing/IIndexConstants META_INDEX_QUALIFIED_TYPE_QUALIFIER_REF [C 12
staticfield org/eclipse/jdt/internal/core/search/indexing/IIndexConstants META_INDEX_SIMPLE_SUPER_TYPE_QUALIFIER_REF [C 13
staticfield org/eclipse/jdt/internal/core/search/indexing/IIndexConstants META_INDEX_QUALIFIED_SUPER_TYPE_QUALIFIER_REF [C 13
staticfield org/eclipse/jdt/internal/core/search/indexing/IIndexConstants META_INDEX_CATEGORIES [[C 4 [[C
staticfield org/eclipse/jdt/internal/core/search/indexing/IIndexConstants ONE_STAR [C 1
staticfield org/eclipse/jdt/internal/core/search/indexing/IIndexConstants ONE_STAR_CHAR [[C 1 [[C
staticfield org/eclipse/jdt/internal/core/search/indexing/IIndexConstants ONE_ZERO [C 1
staticfield org/eclipse/jdt/internal/core/search/indexing/IIndexConstants ONE_ZERO_CHAR [[C 1 [[C
instanceKlass org/eclipse/jdt/internal/core/search/indexing/IndexManager
ciInstanceKlass org/eclipse/jdt/internal/core/search/processing/JobManager 1 1 475 7 1 7 1 100 1 1 1 1 1 1 1 1 1 1 1 1 1 1 1 1 1 1 1 1 1 9 12 1 1 1 10 12 7 1 10 9 12 9 12 9 12 9 12 9 12 1 1 1 1 1 11 7 1 12 1 1 1 1 11 12 1 1 11 12 1 1 7 1 1 1 8 1 10 100 1 12 1 1 1 1 100 1 8 1 10 12 10 12 1 1 10 12 1 1 10 12 10 12 11 12 1 1 11 12 1 8 1 10 12 1 5 0 10 7 1 12 1 1 9 12 9 12 11 12 1 1 11 7 1 12 1 1 8 1 11 12 1 11 12 1 10 12 1 8 1 100 1 1 1 1 1 1 1 1 100 1 100 1 8 1 10 12 1 1 1 11 12 1 1 11 7 1 12 1 10 12 1 1 11 12 1 1 1 1 1 1 1 11 12 10 12 1 1 1 1 1 8 1 11 12 1 10 100 1 12 1 1 8 1 10 12 1 8 1 8 1 11 12 1 1 8 1 10 12 1 1 8 1 8 1 100 1 10 10 12 1 1 10 12 1 10 12 1 10 12 1 1 10 12 1 1 10 12 1 10 12 10 12 8 1 8 1 8 1 8 1 9 7 1 12 1 11 12 1 10 100 1 12 1 10 12 1 1 10 12 1 10 12 1 10 12 1 8 1 8 1 10 12 1 1 1 1 1 1 1 1 1 1 1 1 1 1 1 1 1 1 1 1 100 1 1 1 1 10 12 10 12 11 12 1 8 1 8 1 1 8 1 10 12 10 12 10 12 1 10 12 1 1 10 12 1 1 10 7 1 12 1 1 10 12 1 1 10 12 1 1 1 5 0 10 12 9 12 10 100 1 12 10 7 1 12 1 1 10 12 10 12 5 0 10 12 1 8 1 8 1 7 1 9 12 1 8 1 10 12 1 10 10 12 1 10 12 1 8 1 10 12 11 12 1 8 1 5 0 8 1 10 12 1 1 10 12 100 1 100 1 100 1 1 1 1 1 1 1 1 8 1 10 12 1 10 10 12 8 1 10 12 1 8 1 8 1 8 1 1 1 1 1 1 1 1 1 1
ciInstanceKlass org/eclipse/jdt/internal/core/search/indexing/IndexManager 1 1 1579 7 1 7 1 100 1 1 1 1 1 1 1 1 1 1 1 1 1 1 1 1 1 1 1 1 1 1 1 1 1 1 1 1 1 8 1 1 1 8 1 1 1 1 1 8 1 1 1 1 1 1 1 1 8 1 8 1 10 7 1 12 1 1 10 7 1 12 1 1 9 12 10 7 1 12 1 1 9 12 9 12 9 12 9 12 9 12 10 12 1 9 12 10 12 1 1 9 12 9 12 1 1 1 10 12 7 1 10 9 12 9 12 9 12 9 12 9 12 7 1 10 12 1 1 8 1 10 12 1 9 12 8 1 9 12 9 12 7 1 8 1 10 12 1 1 10 12 1 9 12 9 12 9 12 7 1 10 9 12 1 1 1 1 10 12 1 1 9 100 1 12 1 1 100 1 10 10 12 1 10 12 1 1 100 1 10 12 1 10 12 1 1 11 100 1 12 1 9 12 1 10 12 1 100 1 1 1 1 1 1 1 1 100 1 100 1 1 1 10 12 1 1 10 12 1 1 10 12 1 1 10 12 1 1 10 12 1 1 10 12 1 1 1 1 1 1 1 1 1 1 7 1 100 1 1 1 10 7 1 12 1 1 10 100 1 12 1 1 11 7 1 12 1 11 7 1 12 1 1 10 7 1 12 1 1 10 12 1 1 1 1 1 1 1 1 1 1 10 7 1 12 1 1 1 1 1 100 1 10 7 1 10 12 1 10 12 1 10 100 1 12 1 1 100 1 10 12 1 10 12 1 1 10 7 1 12 1 1 9 12 1 1 9 12 1 10 12 1 1 10 12 1 1 10 12 1 1 1 1 1 1 1 1 1 1 1 1 1 1 1 1 1 1 100 1 100 100 100 1 10 12 1 1 10 12 1 10 12 1 1 10 12 1 1 10 100 1 12 1 1 10 100 1 12 1 1 10 12 1 1 100 1 1 1 1 1 11 12 1 7 1 10 10 7 1 12 1 1 10 12 1 1 7 1 10 12 1 10 7 1 12 1 10 12 1 10 8 1 10 12 1 1 10 9 12 1 8 1 8 1 10 100 1 12 1 7 1 10 12 1 1 1 1 1 10 12 1 8 1 10 12 1 9 12 10 12 1 1 10 100 1 12 1 1 10 12 1 1 10 12 1 10 12 1 10 12 1 1 8 1 10 12 1 10 12 1 1 1 1 1 1 100 1 10 12 1 1 1 1 1 11 100 1 12 1 1 8 1 8 1 11 100 1 100 1 100 1 10 100 1 12 1 1 10 12 1 100 1 10 12 1 10 12 1 9 100 1 12 1 9 12 1 1 9 100 1 12 1 9 12 1 1 1 1 1 1 1 1 1 1 1 10 12 11 12 1 10 12 1 10 12 1 8 1 8 1 8 1 10 12 1 8 1 8 1 7 1 1 1 1 1 10 12 1 10 10 12 1 10 12 1 10 12 1 10 8 1 10 12 1 10 12 1 1 10 12 1 10 12 1 1 1 1 1 1 1 10 12 1 1 10 12 1 8 1 10 12 10 12 1 1 1 1 1 1 100 7 10 12 1 10 7 1 12 1 1 10 10 12 1 1 10 12 1 8 1 9 12 1 1 10 12 1 8 1 10 12 1 1 10 100 1 12 1 1 1 1 1 1 1 10 12 1 1 10 12 1 1 1 1 10 12 1 1 9 12 1 10 7 1 12 1 10 12 10 12 1 1 1 10 7 1 12 1 1 10 12 1 1 10 7 1 12 1 1 7 1 10 12 1 1 11 7 1 12 1 11 12 1 7 1 10 12 1 10 12 1 1 7 1 10 12 1 10 12 1 1 100 1 1 1 1 1 1 1 1 1 1 1 1 100 1 100 10 12 1 1 1 1 1 1 10 12 1 10 12 1 7 1 10 12 1 7 1 10 1 1 1 1 100 1 8 1 10 12 1 10 12 10 12 1 1 10 12 1 10 10 12 100 1 100 1 10 12 1 1 7 1 1 1 10 12 1 10 12 1 1 1 10 12 1 1 10 12 1 1 100 1 10 12 1 10 12 1 1 1 1 10 12 1 1 10 12 1 1 10 12 1 1 1 9 7 1 12 1 8 1 10 12 1 10 7 1 12 1 1 10 12 1 1 8 1 1 1 1 1 8 1 10 12 1 1 100 1 1 1 1 8 1 8 1 8 1 10 12 1 1 1 1 1 100 1 10 12 1 1 1 8 1 10 8 1 10 12 1 1 10 12 10 7 1 12 1 1 10 12 1 1 8 1 10 12 1 1 1 100 1 10 8 1 9 12 1 10 12 1 1 10 12 11 7 1 12 10 10 12 1 18 12 1 1 11 12 1 1 1 1 1 1 1 1 11 12 1 10 10 12 1 10 12 1 1 1 1 1 100 1 10 12 1 1 10 12 10 12 1 1 8 1 10 12 10 8 1 1 1 10 12 1 8 1 10 12 1 10 12 1 8 1 8 1 9 12 9 12 1 11 12 1 1 11 7 1 11 7 1 12 1 1 9 12 11 12 11 12 1 1 1 1 1 1 10 12 1 10 12 1 10 12 100 1 8 1 10 10 12 1 1 10 12 1 10 12 1 10 12 1 100 1 100 1 1 1 1 10 7 1 10 12 1 1 10 10 12 10 10 12 1 1 10 12 1 1 8 1 11 100 1 12 1 1 1 1 1 1 100 1 10 12 1 10 12 1 10 8 1 10 12 1 8 1 10 12 1 1 1 8 1 10 12 1 10 10 8 1 1 1 1 10 10 12 1 8 1 1 1 8 1 10 12 1 1 100 1 10 10 12 1 8 1 8 1 8 1 8 1 8 1 8 1 8 1 8 1 8 1 1 1 11 12 1 100 1 100 1 10 10 12 1 10 12 1 10 12 8 1 10 1 1 10 12 10 8 1 1 10 12 8 1 1 10 12 1 1 10 12 1 1 1 5 0 10 12 1 10 12 1 1 8 1 100 1 1 1 1 1 1 1 10 100 1 12 1 1 10 12 1 10 12 1 1 8 1 10 12 1 8 1 10 12 1 10 10 100 1 12 1 1 9 100 1 12 1 1 9 12 1 9 12 1 9 12 1 9 12 1 9 12 1 10 12 1 11 12 1 1 10 12 1 1 11 12 1 1 10 12 1 10 12 1 1 8 1 11 100 1 8 1 11 8 1 10 12 1 11 12 1 1 11 18 12 1 1 11 100 1 12 1 1 11 12 1 1 10 100 1 12 1 1 11 12 1 1 10 12 1 1 10 12 1 8 1 1 1 1 1 1 1 1 1 1 1 1 1 1 100 1 1 10 12 1 10 100 1 12 1 1 1 1 1 100 8 1 10 12 8 1 10 12 1 1 8 1 8 1 10 12 11 12 1 11 7 1 12 1 100 1 10 12 1 10 12 10 12 1 1 11 12 1 8 1 9 8 1 8 1 1 1 1 1 1 1 1 1 1 10 12 1 10 12 1 10 12 1 8 1 10 7 1 10 1 1 1 1 10 100 1 12 1 1 11 12 1 11 12 1 1 1 1 1 10 100 1 12 1 1 15 1 16 10 12 15 16 16 10 12 15 1 16 1 100 1 100 1 1 1 1 1
staticfield org/eclipse/jdt/internal/core/search/indexing/IndexManager DISABLE_META_INDEX Z 0
staticfield org/eclipse/jdt/internal/core/search/indexing/IndexManager SAVED_STATE Ljava/lang/Integer; java/lang/Integer
staticfield org/eclipse/jdt/internal/core/search/indexing/IndexManager UPDATING_STATE Ljava/lang/Integer; java/lang/Integer
staticfield org/eclipse/jdt/internal/core/search/indexing/IndexManager UNKNOWN_STATE Ljava/lang/Integer; java/lang/Integer
staticfield org/eclipse/jdt/internal/core/search/indexing/IndexManager REBUILDING_STATE Ljava/lang/Integer; java/lang/Integer
staticfield org/eclipse/jdt/internal/core/search/indexing/IndexManager REUSE_STATE Ljava/lang/Integer; java/lang/Integer
staticfield org/eclipse/jdt/internal/core/search/indexing/IndexManager IS_MANAGING_PRODUCT_INDEXES_PROPERTY Z 0
staticfield org/eclipse/jdt/internal/core/search/indexing/IndexManager INDEX_MANAGER_NOTIFY_IDLE_WAIT J 1000
instanceKlass org/eclipse/jdt/internal/core/search/indexing/IndexBinaryFolder
instanceKlass org/eclipse/jdt/internal/core/search/indexing/IndexAllProject
instanceKlass org/eclipse/jdt/internal/core/search/indexing/BinaryContainer
ciInstanceKlass org/eclipse/jdt/internal/core/search/indexing/IndexRequest 1 1 85 7 1 7 1 100 1 1 1 1 1 1 1 1 1 1 10 12 1 9 12 9 12 1 1 1 1 1 1 11 100 1 12 1 1 10 100 1 12 1 1 11 12 1 1 1 1 1 1 10 7 1 12 1 1 9 12 1 10 12 1 1 10 12 1 1 1 9 12 1 1 1 1 1 1 1 100 1 8 1 1 12 10 1 1
instanceKlass org/eclipse/jdt/internal/core/search/indexing/AddJarFileToIndex
instanceKlass org/eclipse/jdt/internal/core/search/indexing/AddJrtToIndex
ciInstanceKlass org/eclipse/jdt/internal/core/search/indexing/BinaryContainer 1 1 103 7 1 7 1 1 1 1 1 1 10 12 1 1 1 1 1 1 1 1 1 1 1 100 1 9 12 10 7 1 12 1 1 1 1 1 10 7 1 12 1 9 7 1 12 1 1 10 12 1 1 9 7 1 12 1 10 12 1 10 12 1 1 10 12 1 1 5 0 10 12 1 10 12 1 9 12 1 1 10 12 10 12 1 9 12 1 1 1 1 100 1 1 1 100 1 8 1 1 12 10 1 1
ciInstanceKlass org/eclipse/jdt/internal/core/search/indexing/AddJarFileToIndex 1 1 504 7 1 7 1 1 1 1 1 1 1 1 1 1 1 1 8 1 10 7 1 12 1 1 9 12 1 1 1 1 10 12 1 1 1 1 1 1 11 100 1 12 1 1 10 12 1 9 12 9 12 9 12 1 1 10 12 1 1 1 1 1 11 12 9 12 1 11 7 1 1 1 1 1 1 10 100 1 12 1 1 9 12 1 11 100 1 12 1 1 10 12 1 9 12 10 7 1 12 1 1 10 12 1 1 9 7 1 12 1 100 1 8 1 10 12 1 10 12 1 1 10 12 1 1 10 100 1 12 1 8 1 9 7 1 12 1 1 8 1 8 1 10 12 1 9 12 1 10 7 1 12 1 11 12 1 1 9 7 1 12 1 9 7 1 12 1 1 8 1 10 100 1 12 1 1 8 1 10 100 1 12 1 10 7 1 12 1 10 12 1 8 1 10 100 1 12 1 10 12 1 1 8 1 8 1 10 100 1 12 1 8 1 10 12 1 11 12 1 7 1 11 12 1 1 8 1 10 12 1 8 1 8 1 10 12 1 1 8 1 10 12 1 1 8 1 8 1 100 1 10 12 1 10 12 1 1 10 12 1 1 11 7 1 12 1 1 7 1 10 10 7 1 12 1 1 10 12 1 11 12 1 9 12 1 1 9 12 1 1 8 1 8 1 10 12 1 8 1 10 12 1 1 10 7 1 12 1 1 10 12 1 1 10 12 1 1 10 12 1 1 10 7 1 12 1 10 8 1 10 12 1 1 10 12 1 1 7 1 10 12 1 10 12 1 1 11 12 1 10 12 1 1 10 100 1 12 1 1 11 100 1 12 1 11 10 7 1 12 1 1 8 1 10 12 1 1 10 7 1 12 1 10 12 1 10 10 12 1 10 7 1 12 1 1 10 12 1 1 10 12 1 8 1 100 1 100 1 8 1 8 1 10 12 1 10 12 1 1 8 1 10 12 1 100 1 100 1 1 1 1 1 1 1 1 1 1 1 1 1 1 1 1 1 1 1 1 1 1 1 1 1 1 1 1 1 1 1 1 1 1 1 1 1 1 1 1 1 1 1 1 1 1 1 1 100 100 100 1 100 1 1 10 12 1 1 9 12 1 1 9 12 1 1 100 1 8 1 11 10 12 1 1 1
staticfield org/eclipse/jdt/internal/core/search/indexing/AddJarFileToIndex JAR_SEPARATOR C 124
ciInstanceKlass org/eclipse/jdt/internal/core/search/indexing/IndexAllProject 1 1 348 7 1 7 1 1 1 1 1 1 11 7 1 12 1 1 10 12 1 9 12 1 1 1 1 1 1 1 1 11 12 1 1 1 1 1 9 12 1 1 11 100 1 12 1 1 11 12 1 10 100 1 12 1 1 100 1 10 12 1 1 100 1 11 12 1 1 10 12 1 11 11 100 1 9 12 100 1 10 12 1 1 10 7 1 12 1 1 10 100 1 12 1 1 9 12 1 1 10 12 1 1 10 12 1 1 10 100 1 12 1 1 9 100 1 12 1 1 10 12 1 8 1 10 12 1 1 100 1 10 12 1 8 1 10 12 1 1 10 12 1 1 11 12 1 1 11 100 1 12 1 1 11 100 1 12 1 1 100 1 10 12 11 100 1 12 1 10 12 1 10 12 1 11 10 12 1 10 12 1 1 10 12 1 100 1 10 12 1 11 12 1 1 100 1 10 12 1 10 12 1 1 9 12 1 1 9 12 1 100 1 8 1 10 12 1 1 100 1 10 12 1 1 100 1 10 10 12 1 1 9 100 1 12 1 100 1 8 1 10 12 1 10 12 1 1 8 1 10 12 1 10 12 1 1 9 12 1 1 10 100 1 12 1 1 10 100 1 12 1 10 12 1 1 100 1 100 1 1 1 1 1 1 1 1 1 1 1 1 1 1 1 1 1 1 1 1 1 1 1 1 1 1 1 1 1 1 1 1 1 1 1 1 1 1 1 1 1 1 1 1 1 1 100 100 100 100 1 100 100 1 100 1 1 10 12 1 1 9 12 1 1 8 1 1 1 1 1
instanceKlass org/eclipse/jdt/internal/core/index/JarIndexLocation
instanceKlass org/eclipse/jdt/internal/core/index/FileIndexLocation
ciInstanceKlass org/eclipse/jdt/internal/core/index/IndexLocation 1 1 141 7 1 7 1 1 1 1 1 1 1 1 1 1 10 100 1 12 1 1 10 100 1 12 1 1 8 1 10 100 1 12 1 1 7 1 10 12 1 10 12 1 1 7 1 10 12 1 10 12 1 10 100 1 10 12 1 100 1 10 12 1 100 1 100 1 1 1 1 1 1 1 1 1 10 12 1 10 12 1 1 10 12 1 1 8 1 10 100 1 12 1 1 9 12 9 12 100 1 1 1 1 1 1 1 1 10 100 1 1 1 1 1 1 1 1 1 1 1 1 1 1 1 1 1 10 12 10 1 9 12 1 1 1 1 1 1 10 12 1 1
ciInstanceKlass org/eclipse/jdt/internal/core/index/FileIndexLocation 1 1 103 7 1 7 1 1 1 1 1 1 10 12 9 12 1 1 1 1 1 1 10 12 1 1 1 1 10 9 12 1 1 1 1 1 100 1 10 7 1 12 1 1 10 12 1 10 12 1 10 12 1 1 1 10 12 1 1 10 12 1 1 1 1 10 12 1 1 1 1 7 1 10 1 10 12 1 1 1 10 12 1 1 10 12 1 10 12 1 1 100 1 10 12 1 11 100 1 12 1 1 1 1 1
ciInstanceKlass org/eclipse/jdt/internal/compiler/util/SimpleLookupTable 1 1 120 7 1 7 1 100 1 1 1 1 1 1 1 1 1 1 10 12 1 1 1 1 1 10 12 9 12 9 12 4 9 12 9 12 1 1 1 1 1 1 100 1 10 12 10 100 1 12 1 1 1 1 1 1 10 12 1 1 3 10 12 1 1 1 1 1 1 1 1 1 1 1 1 1 1 10 12 1 1 1 1 100 1 1 1 1 10 12 1 1 1 8 1 100 1 10 100 1 12 1 1 10 12 1 10 12 10 12 1 1 8 1 8 1 10 1 1 1 1 1
ciInstanceKlass org/eclipse/jdt/internal/core/search/indexing/IndexNamesRegistry 1 1 220 7 1 7 1 1 1 1 1 1 1 1 1 1 1 1 1 1 10 12 1 9 12 9 12 8 1 18 12 1 1 10 7 1 12 1 1 9 12 10 12 1 1 9 12 1 1 1 1 1 1 9 12 10 12 1 1 1 100 100 1 1 1 10 7 1 12 1 1 10 7 1 12 1 1 7 1 8 1 10 12 1 11 7 1 12 1 1 10 12 1 1 10 12 1 7 1 10 12 1 10 12 1 1 9 100 1 12 1 1 8 1 10 100 1 12 1 100 1 1 1 1 1 1 1 1 100 1 1 1 10 7 1 12 1 1 10 12 1 1 7 1 7 1 10 12 1 10 12 1 8 1 10 12 10 12 1 10 12 1 10 12 10 12 1 10 12 1 1 8 1 9 100 1 12 1 1 10 12 1 1 1 1 1 1 1 10 12 1 1 10 12 1 10 100 1 12 100 1 1 1 1 10 7 1 12 1 1 15 16 10 12 15 16 1 100 1 100 1 1
ciInstanceKlass org/eclipse/jdt/core/compiler/CharOperation 1 1 393 7 1 100 1 1 1 1 1 1 1 1 1 1 1 1 1 1 9 12 7 9 12 7 1 9 12 9 12 9 12 9 12 1 1 1 10 12 1 1 1 1 10 7 1 12 1 1 1 1 1 1 1 1 1 1 1 1 1 1 1 1 1 1 1 1 1 1 1 1 1 1 1 1 1 10 12 1 1 1 1 1 1 1 1 1 1 1 9 100 1 12 1 10 100 1 12 1 1 10 12 1 10 12 1 1 1 1 1 1 1 10 12 1 10 12 1 1 1 100 100 1 10 12 1 10 12 1 1 1 1 1 10 12 1 10 12 1 1 10 12 1 10 12 1 1 1 1 1 1 1 1 1 100 1 1 1 1 1 1 1 11 100 1 12 1 11 12 1 1 1 1 1 1 100 1 1 1 10 7 1 12 1 1 1 1 1 1 1 1 1 1 1 1 10 12 1 1 1 1 1 1 10 12 1 1 1 10 12 10 12 1 1 1 10 12 1 1 1 1 1 1 1 1 1 1 1 1 1 10 12 1 1 1 1 1 1 1 1 1 1 1 1 1 10 12 10 12 1 10 7 1 1 10 12 1 1 1 10 1 1 1 1 1 1 1 10 12 3 1 1 1 1 1 10 12 1 1 10 12 1 10 12 1 1 1 1 1 1 10 12 10 12 1 1 1 10 12 1 1 1 1 1 1 1 1 1 1 1 1 1 1 1 1 1 1 1 1 100 1 8 1 10 10 12 1 10 100 1 12 1 1 10 12 1 1 1 1 1 1 1 1 10 12 1 1 1 1 1 1 1 1 1 1 1 1 1 1 1 1 1 1 1 1 1 1 10 12 100 1 1 1 1 1 1 1 1 1 1 1 1 1 1 1 10 12 1 1 1 1 1 1 1
staticfield org/eclipse/jdt/core/compiler/CharOperation NO_CHAR [C 0
staticfield org/eclipse/jdt/core/compiler/CharOperation NO_CHAR_CHAR [[C 0 [[C
staticfield org/eclipse/jdt/core/compiler/CharOperation NO_STRINGS [Ljava/lang/String; 0 [Ljava/lang/String;
staticfield org/eclipse/jdt/core/compiler/CharOperation ALL_PREFIX [C 1
staticfield org/eclipse/jdt/core/compiler/CharOperation COMMA_SEPARATOR [C 1
staticfield org/eclipse/jdt/core/compiler/CharOperation EMPTY_REGIONS [I 0
ciInstanceKlass org/eclipse/jdt/core/compiler/InvalidInputException 0 0 26 100 1 100 1 1 1 1 5 0 1 1 1 10 12 1 1 1 1 1 10 12 1 1 1 1
ciInstanceKlass org/eclipse/jdt/internal/core/search/BasicSearchEngine 1 1 1178 7 1 100 1 1 1 1 1 1 1 1 1 1 1 1 1 1 9 12 1 1 1 10 12 1 1 1 9 12 1 1 1 1 1 1 9 12 1 1 1 100 1 9 100 1 12 1 1 10 12 1 1 1 100 1 10 12 1 1 1 1 10 12 1 1 1 1 1 1 1 10 12 1 1 1 1 1 1 1 10 12 1 1 1 100 1 10 12 1 100 1 10 12 1 1 100 1 10 12 1 10 12 1 10 12 1 10 12 1 1 1 1 1 1 1 1 1 100 100 1 1 1 100 1 10 12 1 1 1 1 100 1 10 12 1 1 1 1 1 10 100 1 12 1 1 10 12 1 1 1 1 100 1 100 1 8 1 10 12 1 10 100 1 12 1 1 10 12 1 1 10 10 100 1 12 1 10 8 1 10 100 1 12 1 11 100 1 12 1 9 100 1 12 1 1 10 100 1 12 1 1 10 12 1 1 10 12 1 10 12 1 1 10 12 1 9 12 1 100 1 10 100 1 12 1 10 12 1 1 10 12 1 10 12 1 10 12 1 1 100 1 10 100 1 10 12 1 10 100 1 12 1 1 9 12 1 10 12 1 1 100 1 10 12 1 1 10 12 1 1 10 100 1 12 1 1 10 12 1 1 10 12 1 10 12 1 1 1 1 1 1 1 1 1 1 1 1 1 1 1 1 1 1 1 1 1 1 1 1 1 1 100 100 1 100 100 100 1 1 1 7 1 10 1 1 8 1 10 10 12 1 8 1 8 1 8 1 8 1 8 1 8 1 8 1 8 1 8 1 8 1 1 1 1 1 1 8 1 8 1 8 1 8 1 8 1 8 1 8 1 8 1 8 1 8 1 8 1 8 1 8 1 1 1 1 9 12 100 1 10 100 1 12 1 1 10 12 1 9 12 100 1 10 100 1 12 1 1 100 1 10 10 12 1 100 1 10 12 1 1 1 10 12 1 100 1 10 11 100 1 12 1 1 10 12 1 1 10 12 1 10 12 1 1 11 100 1 12 1 1 100 1 10 12 1 1 10 12 1 10 12 1 10 100 1 12 1 1 1 1 1 1 1 1 1 1 1 100 1 100 1 11 12 1 1 11 12 1 1 1 1 1 1 1 10 100 1 12 1 1 10 12 1 1 10 12 1 10 12 1 1 10 12 1 10 12 10 12 1 10 100 1 12 1 10 12 1 1 1 1 1 1 1 1 1 1 1 1 1 1 1 1 1 1 10 12 1 1 1 1 1 1 1 1 1 1 100 1 9 12 1 10 12 1 1 1 1 1 1 8 1 10 12 1 1 10 12 1 1 1 1 1 1 10 12 1 1 8 1 8 1 8 1 8 1 8 1 10 12 8 1 8 1 10 12 1 100 1 10 12 1 10 11 100 1 100 1 10 12 1 10 12 10 12 1 10 100 1 12 1 1 10 12 1 1 11 12 1 11 12 1 11 12 1 1 11 100 1 12 1 10 12 1 1 11 12 1 1 11 100 1 10 12 11 12 1 10 100 1 12 1 1 11 12 1 1 11 100 1 12 1 11 12 1 11 12 1 10 100 1 12 1 1 10 12 11 12 1 11 11 100 1 12 1 1 9 12 1 1 10 12 100 1 100 1 9 12 1 10 12 1 10 12 1 1 9 100 1 12 1 1 10 100 1 12 1 1 10 12 1 1 100 1 10 12 1 9 12 1 10 12 1 1 1 1 1 1 1 1 1 1 1 1 1 1 1 1 1 1 1 1 1 1 1 1 1 1 1 1 1 1 1 1 1 1 1 1 1 100 1 100 100 100 100 1 1 8 1 8 1 8 1 8 1 8 1 100 1 10 100 1 10 12 1 11 12 1 1 11 12 1 1 10 12 1 1 10 12 1 1 100 1 10 12 1 1 1 1 1 1 1 1 1 100 1 1 8 1 8 1 8 1 10 12 1 100 1 10 12 1 100 1 10 12 1 1 1 1 1 1 1 9 100 1 12 1 1 9 100 1 12 9 12 1 10 100 1 12 1 100 1 9 12 1 10 12 1 1 11 12 1 1 9 12 1 9 12 10 100 1 12 1 1 9 12 1 10 12 1 9 100 1 9 11 12 1 1 1 1 1 1 1 1 1 100 11 11 12 1 10 12 10 12 1 1 1 1 1 1 1 1 1 8 1 8 1 10 12 1 11 100 1 8 1 10 12 1 100 1 10 100 1 10 12 1 10 12 100 1 1 1 1 1 1 100 100 1 100 1 1 1 10 12 1 1 8 1 8 1 8 1 10 12 1 10 12 1 100 1 10 12 1 100 1 10 10 12 1 1 11 12 1 11 12 1 11 12 1 11 12 1 100 1 9 12 1 10 100 1 12 1 1 11 12 1 1 100 1 10 12 1 1 1 1 1 1 8 1 8 1 100 1 10 12 1 100 1 10 10 12 1 11 12 1 10 12 1 10 12 1 1 100 1 10 12 1 1 1 1 1 1 1 1 8 1 100 1 10 12 1 1 11 12 1 11 12 1 100 1 8 1 8 1 11 100 1 12 1 100 1 11 10 12 1 10 12 10 12 10 12 1 1 1 1 1 1 1 1 1 1 8 1 11 12 1 100 1 10 100 1 10 12 10 12 1 8 1 100 1 10 1 8 1 100 1 10 1 1 1 1 1 1 1 100 1 100 1
instanceKlass org/eclipse/jdt/internal/core/search/JavaSearchParticipant
ciInstanceKlass org/eclipse/jdt/core/search/SearchParticipant 1 1 126 100 1 7 1 1 1 1 1 1 10 12 1 1 1 1 1 1 1 1 8 1 1 1 1 1 1 1 1 1 1 1 1 100 1 1 1 10 100 1 12 1 1 10 100 1 12 1 1 1 1 1 1 100 1 10 100 1 12 1 10 12 1 10 100 1 12 1 1 100 1 11 12 1 1 11 100 1 12 1 1 11 100 1 12 1 1 100 1 11 12 1 1 10 12 1 10 12 1 1 10 12 1 9 12 11 12 1 1 10 12 1 1 1 1 1 1 1 1 1 100 1 1 1 1 1
ciInstanceKlass org/eclipse/jdt/internal/core/search/JavaSearchParticipant 1 1 199 7 1 7 1 100 1 1 1 1 1 1 1 1 10 12 7 1 10 9 12 1 1 1 1 1 10 12 10 12 1 1 10 12 1 1 8 1 1 1 100 1 10 12 1 1 1 1 1 10 7 1 12 1 10 12 1 10 7 1 12 1 1 100 1 10 12 1 10 12 10 12 1 1 9 12 10 7 1 12 1 7 1 10 10 8 1 10 7 1 12 1 7 1 10 10 1 1 1 1 1 1 1 10 12 1 10 12 1 1 1 100 1 100 1 10 12 1 11 100 1 12 1 100 1 10 10 12 1 1 1 1 1 1 1 1 1 1 1 1 1 1 1 10 12 1 1 10 100 1 12 1 1 100 1 100 1 10 100 1 12 1 1 10 100 1 10 12 1 1 1 1 1 1 1 1 1 100 1 100 1 100 100 10 12 1 1 10 12 1 10 12 1 1 1 1 1 1 1
ciInstanceKlass org/eclipse/jdt/internal/compiler/util/Util 1 1 1001 7 1 100 1 100 1 1 1 1 3 1 3 1 3 1 3 1 3 1 3 1 3 1 3 1 3 1 3 1 3 1 3 1 3 1 3 1 3 1 3 1 3 1 3 1 3 1 3 1 3 1 1 3 1 3 1 3 1 3 1 3 1 1 3 1 1 8 1 1 1 1 1 1 1 1 1 1 1 3 1 3 1 1 1 8 1 10 7 1 12 1 1 9 12 7 1 9 7 1 12 1 1 10 12 1 1 9 12 9 12 9 12 9 12 7 1 10 12 9 12 11 7 1 12 1 1 1 1 10 1 1 1 1 1 100 1 9 100 1 12 1 9 12 1 10 12 1 1 10 12 1 1 10 12 1 1 10 12 1 1 10 12 1 1 100 1 10 12 1 1 10 12 1 10 12 1 1 10 12 1 1 10 10 12 1 1 10 12 1 10 12 1 9 100 1 12 1 10 12 1 10 12 1 1 10 9 12 1 100 1 10 12 1 10 12 1 10 12 1 9 12 1 10 10 10 12 1 10 12 1 1 1 1 1 1 1 1 1 1 1 1 1 1 1 1 1 1 1 1 100 1 10 12 1 10 12 1 1 1 1 1 1 1 9 100 1 12 1 9 12 1 1 1 1 1 1 7 1 7 1 10 12 1 10 12 1 10 12 1 1 10 7 1 12 1 1 1 1 7 100 1 1 1 100 1 1 100 1 10 12 10 1 1 10 12 1 1 1 1 1 10 12 1 1 10 7 1 12 1 1 10 12 1 1 10 12 1 11 12 1 1 10 12 1 1 10 12 1 1 7 1 1 1 1 1 1 10 7 1 12 1 1 10 12 1 10 7 1 12 1 1 10 12 1 10 100 1 12 1 1 1 1 1 1 1 1 1 1 1 1 1 100 1 10 100 1 10 12 1 10 12 1 1 10 12 1 1 100 1 10 12 1 10 10 12 1 10 10 12 1 1 10 12 1 10 10 1 1 1 1 1 1 1 1 1 1 1 1 1 1 1 1 1 1 1 10 7 1 12 1 1 8 1 10 7 1 12 1 10 12 1 1 10 12 1 1 1 1 1 1 1 10 12 1 1 1 1 100 1 8 1 10 10 100 1 12 1 1 8 1 1 1 1 1 8 1 1 1 9 12 1 9 12 1 1 1 1 1 1 1 1 10 12 1 10 12 1 1 10 12 1 1 10 12 1 1 10 12 1 1 1 1 1 1 1 1 1 1 1 100 1 9 12 1 9 12 1 1 8 1 1 1 10 12 1 1 10 12 1 1 1 1 1 1 1 1 10 12 1 1 1 1 1 1 1 1 9 100 1 12 1 1 9 12 1 1 1 100 1 10 10 12 1 1 8 1 10 8 1 11 100 1 12 1 1 1 1 1 10 12 100 1 10 12 1 9 100 1 12 1 9 12 1 10 12 1 1 9 12 1 9 12 1 10 12 1 10 10 12 1 1 1 1 1 1 1 1 1 1 1 9 12 1 1 100 1 10 11 100 1 12 1 1 11 12 1 10 100 1 12 1 9 12 1 1 5 0 100 1 10 12 1 1 9 100 1 10 12 9 12 1 1 10 12 1 100 1 9 12 1 1 10 12 1 10 12 1 1 10 12 1 100 1 10 12 1 1 10 12 1 1 10 12 1 9 12 1 1 9 100 1 12 1 1 10 12 1 1 10 12 10 12 1 1 1 1 1 1 1 1 1 1 1 1 1 1 1 1 1 1 1 1 100 100 1 1 8 1 1 1 1 1 1 10 12 1 1 11 100 1 12 1 1 1 1 1 1 1 1 1 1 10 12 1 1 8 1 10 100 1 12 1 1 1 1 1 1 1 8 1 10 12 1 100 1 10 5 0 100 1 10 10 12 10 100 1 12 1 1 11 8 1 8 1 8 1 10 9 12 1 8 1 8 1 10 12 8 1 10 12 1 8 1 10 100 1 12 1 1 11 12 1 1 11 100 1 12 1 1 10 12 1 1 11 12 1 1 1 1 1 1 1 1 1 1 1 1 1 1 100 100 1 1 10 12 10 12 1 10 10 12 1 1 10 12 1 100 1 1 1 1 10 12 1 1 10 12 1 10 12 1 10 12 1 10 12 1 10 12 1 10 12 1 1 8 1 10 12 10 12 1 1 1 10 12 1 10 10 12 1 1 1 1 1 1 1 1 1 8 1 8 1 8 1 8 1 8 1 8 1 8 1 8 1 8 1 10 100 1 12 1 1 8 1 1 8 1 8 1 10 12 1 1 1 1 100 1 1 1 1
staticfield org/eclipse/jdt/internal/compiler/util/Util LINE_SEPARATOR Ljava/lang/String; "\u000d\u000a"staticfield org/eclipse/jdt/internal/compiler/util/Util EMPTY_STRING Ljava/lang/String; ""staticfield org/eclipse/jdt/internal/compiler/util/Util COMMA_SEPARATOR Ljava/lang/String; ","staticfield org/eclipse/jdt/internal/compiler/util/Util EMPTY_INT_ARRAY [I 0
ciInstanceKlass org/eclipse/jdt/internal/core/util/Util 1 1 2097 7 1 7 1 1 1 1 3 1 1 8 1 1 1 1 1 1 1 1 1 1 1 1 1 1 1 8 1 1 1 1 1 1 8 1 10 7 1 12 1 1 9 12 8 1 9 12 8 1 9 12 8 1 9 12 8 1 9 12 8 1 9 12 8 1 9 12 8 1 9 12 8 1 9 12 8 1 9 12 7 1 10 12 1 9 12 1 1 10 12 1 1 1 1 10 7 1 12 1 1 1 1 1 1 1 1 1 1 1 10 12 1 1 10 12 1 1 1 1 1 1 1 1 1 1 1 1 1 1 1 1 10 100 1 12 1 1 1 1 1 1 1 1 1 1 1 1 1 1 7 1 1 10 12 1 10 12 1 1 1 1 1 1 1 1 100 1 1 7 1 10 10 12 1 1 10 10 12 1 10 12 1 1 1 1 1 1 1 1 1 1 1 1 10 12 1 1 1 1 1 1 10 12 1 10 12 1 1 1 8 1 1 1 100 1 10 12 1 10 100 1 12 1 1 10 12 1 10 100 1 12 1 100 1 100 1 1 1 1 1 1 1 1 1 1 10 100 1 12 1 1 1 1 1 1 1 10 12 1 1 1 1 1 1 1 1 1 10 12 1 1 1 1 10 12 1 10 1 1 1 1 10 12 1 1 1 1 1 1 1 1 1 1 100 1 1 10 12 1 1 10 12 1 1 1 1 1 10 12 1 1 10 7 1 12 1 10 12 1 10 100 1 12 1 1 10 12 1 1 1 1 11 100 1 12 1 1 11 7 1 12 1 10 12 11 12 1 10 7 1 12 1 1 7 1 100 1 1 1 1 1 1 1 100 1 1 8 1 8 1 8 1 1 1 1 1 1 11 100 1 12 1 1 11 100 1 12 1 10 12 1 1 1 1 1 1 100 1 11 100 1 1 1 1 11 100 1 1 1 1 11 100 1 1 1 1 11 100 1 1 1 1 1 10 12 9 100 1 12 1 10 12 1 1 11 100 1 12 1 1 1 1 1 1 1 10 12 1 1 11 12 1 11 100 1 12 1 1 10 7 1 12 1 1 11 7 1 12 1 1 100 1 10 12 1 10 11 7 1 12 1 1 11 12 1 1 10 100 1 12 1 1 1 1 1 1 1 1 1 1 1 1 9 12 10 7 1 12 1 1 8 1 11 7 1 12 1 1 7 1 10 11 12 1 1 11 7 1 12 1 1 11 12 1 1 10 12 1 10 12 8 1 10 12 1 1 11 7 1 12 1 1 11 12 1 1 1 1 1 1 1 1 1 1 1 100 1 1 10 12 1 1 11 12 1 1 10 12 1 10 12 1 10 7 1 12 1 1 10 12 1 1 10 12 1 1 5 0 10 12 1 1 10 100 1 12 1 1 11 100 1 12 1 100 1 10 10 100 1 12 1 1 11 12 1 10 12 1 1 100 1 100 1 1 1 1 1 1 1 1 1 1 1 1 1 1 7 1 100 1 1 10 12 1 1 10 12 1 1 1 10 12 10 12 1 7 1 7 1 11 7 1 12 1 1 10 12 1 10 12 1 1 8 1 8 1 11 7 1 12 1 1 9 7 1 12 1 1 9 12 1 1 1 1 1 1 1 10 12 10 12 1 1 7 1 9 12 1 10 12 1 10 12 1 1 10 12 1 1 10 12 1 1 10 12 1 10 12 1 11 12 1 11 12 1 1 10 12 1 11 7 1 12 1 11 12 1 1 1 1 1 1 1 1 1 1 1 100 1 1 1 100 1 10 10 12 1 10 12 1 10 12 1 10 12 1 1 10 1 1 1 1 1 1 10 12 10 100 1 12 1 10 12 1 1 100 1 1 1 10 10 12 1 9 12 1 10 10 12 1 1 1 1 1 1 1 100 1 11 12 1 1 10 12 1 10 12 1 1 10 7 1 12 1 10 12 1 1 1 1 1 100 1 1 11 12 1 10 12 1 1 10 12 1 1 1 1 10 12 1 1 10 100 1 12 1 1 1 1 1 1 9 12 1 1 11 7 1 12 1 10 12 1 1 11 12 1 1 8 1 11 12 1 1 1 7 1 8 1 8 1 10 11 12 1 10 12 1 1 1 11 12 1 1 10 1 100 1 10 12 1 10 12 1 9 12 1 1 1 1 10 100 1 12 1 100 1 10 12 1 10 12 1 100 1 10 12 10 12 1 1 11 100 1 100 1 10 12 1 1 10 100 1 100 1 10 12 1 10 100 1 12 100 1 10 12 1 10 100 1 100 1 10 12 1 10 12 1 8 1 8 1 1 1 1 1 1 1 1 1 1 1 10 12 1 10 12 1 1 1 9 100 1 12 1 1 10 12 1 10 100 1 100 1 9 12 11 12 1 1 1 1 1 1 1 1 1 9 100 1 12 1 9 1 1 11 12 1 1 11 100 1 12 1 1 11 100 1 12 1 11 12 1 1 1 1 1 1 1 1 1 1 1 100 1 9 100 1 11 100 1 12 1 11 12 1 100 1 9 12 1 11 12 1 1 100 1 9 12 1 9 100 1 12 1 10 100 1 12 1 10 12 1 10 12 1 10 12 1 10 12 1 1 9 10 12 1 10 12 1 11 12 1 9 10 12 1 10 100 1 12 1 1 10 12 1 9 12 1 1 10 12 1 10 100 1 10 12 1 1 11 100 1 11 12 1 1 10 100 1 12 1 1 1 1 1 1 1 1 1 1 1 1 1 1 1 1 1 1 1 1 1 1 1 100 1 100 1 100 100 100 10 12 1 100 1 10 12 1 1 10 12 1 10 12 1 10 12 1 10 12 1 10 12 1 10 12 1 10 12 1 10 12 1 10 12 1 10 12 100 1 10 12 1 8 1 10 12 100 1 9 12 1 11 12 1 1 10 12 1 10 12 1 100 1 9 12 1 1 10 12 11 12 1 1 11 10 11 12 1 11 1 1 1 1 1 1 1 1 100 1 1 1 11 11 12 1 11 1 1 1 1 1 1 1 1 1 1 1 1 1 1 10 7 1 12 1 1 11 100 1 12 1 1 1 10 12 1 11 12 1 1 10 100 1 12 1 1 1 10 12 1 1 11 12 1 7 1 10 12 1 10 12 1 10 12 1 10 12 1 11 12 1 11 12 1 1 10 12 1 1 11 10 12 1 1 1 1 1 10 12 1 1 1 10 7 1 12 1 1 11 7 1 12 1 1 1 1 10 12 1 1 10 12 1 1 1 10 12 1 1 1 1 10 100 1 12 1 1 1 1 1 1 1 10 12 1 1 100 1 10 12 1 10 12 1 1 1 1 1 1 100 1 8 1 10 11 12 1 11 10 12 1 1 10 12 1 1 10 12 1 10 12 1 1 9 12 1 1 10 10 100 1 12 1 10 100 1 12 1 1 11 100 1 1 1 1 1 10 12 1 1 9 100 1 12 1 10 12 1 10 12 1 10 12 1 1 1 100 1 10 10 12 10 12 1 10 12 1 10 12 1 1 1 1 1 1 1 10 12 1 1 11 12 1 10 12 8 1 1 1 1 1 1 1 1 10 12 10 12 1 1 1 1 1 1 1 1 11 100 1 12 1 1 10 12 1 1 1 10 12 1 11 7 1 12 1 10 12 1 1 1 10 12 10 12 1 1 11 12 1 11 12 1 1 1 1 1 1 1 1 1 10 12 1 1 1 1 1 1 1 1 10 12 1 11 12 1 1 1 1 1 1 1 1 1 1 1 10 12 1 1 100 1 10 10 12 1 1 1 10 12 1 1 10 12 1 10 12 10 12 1 1 1 1 1 9 12 1 1 1 1 1 1 1 1 1 1 10 12 1 1 11 7 1 12 1 1 1 1 1 1 1 1 1 10 12 1 1 1 1 10 12 1 10 1 1 1 10 12 1 1 10 12 1 1 10 12 1 1 1 1 10 12 1 1 1 10 12 10 12 10 12 1 10 12 1 10 12 1 1 10 12 1 10 12 10 12 1 1 8 1 10 12 1 1 1 1 1 1 1 1 1 1 1 9 100 1 10 12 1 1 1 1 1 1 9 12 1 3 100 1 9 12 1 1 10 12 1 1 10 12 1 100 1 9 10 12 1 10 12 1 1 1 1 1 1 1 1 10 12 1 1 10 12 1 9 12 1 10 12 1 10 100 1 12 1 1 10 12 1 1 8 1 10 12 10 12 1 1 1 1 10 12 1 1 100 1 1 11 100 1 12 100 1 10 12 1 1 1 1 1 1 1 100 1 10 12 1 9 100 1 12 1 10 12 1 10 12 100 1 10 100 1 10 10 12 1 10 12 1 100 10 12 10 9 100 1 12 1 9 1 1 1 1 1 1 1 1 1 1 1 1 1 10 12 1 10 12 1 10 12 1 10 12 1 1 10 100 1 12 1 10 12 1 1 10 100 1 12 1 10 12 1 1 10 12 1 10 12 1 1 10 100 1 12 1 10 12 1 1 10 100 1 12 1 10 12 1 10 100 1 12 1 10 12 1 10 100 1 12 1 10 12 1 1 1 1 4 6 0 5 0 1 10 12 1 1 1 1 1 1 1 1 10 12 1 1 1 10 12 1 1 1 10 12 1 10 12 1 1 10 12 1 10 12 1 10 12 1 8 1 8 1 10 12 1 8 1 8 1 8 1 1 1 1 1 8 1 10 12 1 8 1 8 1 10 12 11 12 1 8 1 8 1 1 1 1 1 1 1 1 1 1 11 12 1 11 12 1 10 100 1 12 11 11 12 1 1 1 1 1 1 1 1 1
staticfield org/eclipse/jdt/internal/core/util/Util BOOLEAN [C 7
staticfield org/eclipse/jdt/internal/core/util/Util BYTE [C 4
staticfield org/eclipse/jdt/internal/core/util/Util CHAR [C 4
staticfield org/eclipse/jdt/internal/core/util/Util DOUBLE [C 6
staticfield org/eclipse/jdt/internal/core/util/Util FLOAT [C 5
staticfield org/eclipse/jdt/internal/core/util/Util INT [C 3
staticfield org/eclipse/jdt/internal/core/util/Util LONG [C 4
staticfield org/eclipse/jdt/internal/core/util/Util SHORT [C 5
staticfield org/eclipse/jdt/internal/core/util/Util VOID [C 4
staticfield org/eclipse/jdt/internal/core/util/Util INIT [C 6
ciInstanceKlass org/eclipse/jdt/internal/core/JarPackageFragment 1 1 318 7 1 7 1 1 1 1 10 12 1 1 1 1 1 1 1 1 1 1 1 100 1 10 12 1 1 7 1 10 12 1 1 7 1 9 12 1 1 9 12 10 7 1 12 1 1 7 1 10 12 1 1 7 1 10 12 1 1 10 12 1 1 10 12 1 1 10 12 1 1 11 7 1 12 1 1 1 1 1 1 1 1 1 1 1 1 1 1 1 1 1 10 7 1 12 1 1 9 12 1 1 7 1 10 12 1 7 1 8 1 10 12 1 1 7 1 10 12 1 7 1 10 12 1 1 1 1 1 1 1 1 1 100 9 7 1 12 1 1 7 1 10 12 1 10 10 7 1 12 1 1 7 1 10 12 1 11 7 1 12 1 1 10 12 1 7 1 11 12 1 1 10 10 11 12 1 10 12 1 1 10 12 1 11 12 1 10 12 1 7 1 10 10 12 1 1 11 7 1 12 1 1 11 7 1 12 1 7 1 11 12 1 11 12 1 7 1 7 1 10 10 12 1 10 11 12 1 1 7 1 10 12 1 1 1 1 1 1 1 1 1 1 1 1 1 1 1 1 1 1 1 1 1 1 1 1 1 1 1 1 100 1 10 10 12 1 1 100 1 10 12 1 10 12 1 1 1 1 1 1 1 10 1 1 10 12 1 1 100 1 1 1 1 1 1 9 12 1 1 1 1 1 1 10 12 1 10 12 1 1 1 10 12 1 1 1 1
ciInstanceKlass sun/nio/fs/WindowsException 1 1 96 1 7 1 7 1 1 5 0 1 1 1 1 1 1 1 12 10 12 9 12 9 1 1 1 1 1 7 1 1 12 10 1 100 10 1 8 1 1 12 10 1 100 1 12 10 1 12 10 1 12 10 1 1 1 1 12 10 1 100 12 10 1 7 1 12 10 1 7 10 1 100 10 1 7 10 1 12 10 1 1 7 1 12 10 1 100 1 12 10 1 1 1 1 1 1
ciInstanceKlass sun/nio/fs/WindowsPath$WindowsPathWithAttributes 1 1 91 1 7 1 7 1 100 1 1 1 1 1 1 1 12 10 1 7 1 12 10 12 9 1 1 1 12 10 1 7 1 1 1 12 10 1 1 1 100 1 12 10 1 1 1 12 10 1 1 1 12 10 1 12 10 1 12 10 1 1 1 12 10 1 1 1 12 10 1 12 10 1 12 10 1 1 1 12 10 1 1 1 100 1 12 10 1 1 1 1 1
ciInstanceKlass java/lang/StringIndexOutOfBoundsException 0 0 35 1 100 1 100 1 1 5 0 1 1 12 10 1 12 10 1 1 100 10 1 8 1 1 12 10 1 12 10 1 1 12 10 1 1
ciInstanceKlass java/io/UncheckedIOException 0 0 56 1 100 1 100 1 1 5 0 1 1 1 100 1 1 12 10 1 100 1 12 10 1 1 12 10 1 1 1 12 10 1 100 1 1 1 100 1 100 1 1 12 10 1 100 1 8 1 12 10 12 10 1 1 1 1
ciInstanceKlass java/nio/file/ProviderMismatchException 0 0 18 1 100 1 100 1 1 5 0 1 1 12 10 1 12 10 1 1
ciInstanceKlass java/nio/file/ClosedFileSystemException 0 0 15 1 100 1 100 1 1 5 0 1 1 12 10 1 1
ciInstanceKlass java/nio/file/InvalidPathException 0 0 63 1 100 1 100 1 1 5 0 1 1 1 1 1 1 1 12 10 1 100 1 100 1 12 10 10 12 9 12 9 1 12 10 1 1 1 1 12 10 1 1 1 100 10 12 10 1 1 12 10 1 8 1 12 10 1 8 1 12 10 1 1 1
instanceKlass org/eclipse/jdt/internal/compiler/parser/JavadocScanner
ciInstanceKlass org/eclipse/jdt/internal/compiler/parser/Scanner 1 1 1435 7 1 7 1 100 1 1 1 1 1 1 1 1 1 1 1 1 1 1 1 1 1 1 1 1 1 1 1 1 1 1 1 1 3 1 1 1 1 1 1 1 1 1 1 1 1 1 1 1 1 1 1 1 1 1 1 1 1 1 1 1 1 1 1 8 1 1 8 1 1 8 1 1 8 1 1 8 1 1 8 1 1 8 1 1 8 1 1 8 1 1 8 1 1 8 1 1 8 1 1 8 1 1 8 1 1 8 1 1 8 1 1 8 1 1 1 8 1 1 8 1 1 8 1 1 8 1 1 8 1 1 1 1 3 1 3 1 1 1 1 1 1 1 1 1 1 1 1 1 1 1 1 1 1 1 1 1 1 3 1 1 3 1 3 1 3 1 3 1 3 1 3 1 1 1 1 1 1 1 1 1 1 1 10 7 1 12 1 1 9 12 9 7 1 12 1 9 12 8 1 10 7 1 12 1 1 9 12 9 12 8 1 9 12 1 1 1 1 5 0 10 12 1 1 1 1 10 12 9 12 9 12 9 12 9 12 9 12 9 12 9 12 9 12 9 12 9 12 9 12 9 12 9 12 9 12 9 12 9 12 9 12 9 12 9 12 9 12 9 12 9 12 9 12 9 12 9 12 9 12 9 12 9 12 9 12 9 12 9 12 9 12 9 12 9 12 9 12 9 12 9 12 9 12 9 12 9 12 9 12 10 7 1 12 1 1 9 12 3 9 12 9 12 9 12 9 12 9 12 7 10 100 1 12 1 1 10 12 1 1 10 12 1 1 1 1 1 1 1 1 100 100 1 10 12 1 9 12 1 1 1 100 1 9 12 9 12 10 7 1 12 1 1 10 12 1 10 12 1 1 9 12 9 100 1 12 1 10 12 1 1 1 1 1 1 1 1 1 1 1 1 1 1 1 1 1 1 1 1 1 1 1 1 1 9 12 9 12 9 12 10 12 1 1 1 1 1 1 1 1 10 12 1 1 1 9 12 10 100 1 1 1 10 12 1 10 12 1 1 10 12 1 1 100 1 10 12 1 11 100 1 12 1 1 11 12 1 11 12 1 1 100 1 10 10 12 1 1 10 12 1 1 10 12 1 1 1 1 1 1 1 1 1 1 1 1 1 1 1 1 1 1 1 1 10 12 1 10 12 1 1 10 12 1 1 1 1 1 1 1 1 1 1 1 1 1 1 1 1 1 1 1 1 1 1 1 9 12 1 10 12 1 10 12 1 100 1 1 1 1 1 1 1 10 12 1 1 10 12 1 1 5 0 10 12 1 1 10 12 10 12 1 1 1 1 1 1 10 12 1 1 5 0 10 12 10 12 1 1 1 1 1 10 12 1 10 12 1 9 12 1 10 12 1 10 12 1 1 1 1 1 1 1 1 100 1 8 1 10 1 1 1 1 10 12 1 9 100 1 12 1 9 12 1 10 12 1 10 12 10 12 1 10 12 1 10 12 1 10 12 1 10 12 1 1 10 12 1 10 12 1 10 12 1 10 12 1 10 12 10 12 1 1 10 12 10 12 1 10 12 1 10 10 12 1 10 12 9 12 9 12 10 12 1 10 12 1 10 12 1 10 12 8 1 10 12 1 1 1 1 1 1 1 10 12 1 1 10 12 10 12 1 10 12 1 10 12 1 10 12 1 1 1 1 10 12 10 12 1 1 1 1 1 1 1 1 1 1 9 12 100 1 1 1 9 12 1 1 1 1 11 100 1 12 1 9 12 1 9 12 1 10 12 1 1 10 12 1 10 12 1 1 10 12 1 100 1 1 1 1 1 1 1 1 1 1 10 1 1 1 1 1 1 1 10 12 1 1 10 12 1 1 10 12 1 1 1 100 1 10 9 9 100 1 10 12 1 10 12 1 1 1 1 1 5 0 10 12 10 12 1 1 1 1 1 10 12 5 0 10 12 1 10 12 1 10 12 1 10 12 1 10 12 1 7 1 10 9 7 1 12 1 1 10 12 1 1 8 1 10 100 1 12 1 1 11 7 1 12 1 1 11 12 1 1 11 7 1 12 1 1 11 7 1 12 1 10 12 1 1 10 12 11 12 1 1 10 12 1 11 12 1 1 10 12 1 1 1 1 1 10 12 1 1 1 1 1 1 9 100 1 12 1 1 11 100 1 12 1 10 12 9 12 1 1 1 1 1 1 10 12 8 1 10 10 12 10 12 1 8 1 8 1 8 1 10 12 1 8 1 10 12 8 1 8 1 10 12 1 1 8 1 8 1 1 1 1 8 1 10 12 8 1 8 1 8 1 8 1 8 1 8 1 8 1 8 1 8 1 8 1 8 1 8 1 8 1 8 1 8 1 8 1 8 1 8 1 8 1 8 1 8 1 8 1 8 1 8 1 8 1 8 1 8 1 8 1 8 1 8 1 8 1 8 1 8 1 8 1 8 1 8 1 8 1 8 1 8 1 8 1 8 1 8 1 8 1 8 1 8 8 1 8 1 8 1 8 1 8 1 8 1 8 1 8 1 8 1 8 1 8 1 8 1 8 1 8 1 8 1 8 1 8 1 8 1 8 1 8 1 8 1 8 1 8 1 8 1 8 1 8 1 8 1 8 1 8 1 8 1 8 1 8 1 8 1 8 1 8 1 8 1 8 1 8 1 8 1 8 1 8 1 8 1 8 1 8 1 8 1 8 1 8 1 8 1 8 1 8 1 8 1 8 1 8 1 8 1 8 1 8 1 8 1 8 1 8 1 8 1 8 1 8 1 8 1 8 1 8 1 8 1 8 1 1 1 1 1 1 1 1 1 9 12 100 1 10 12 1 9 12 100 1 10 12 1 10 12 1 1 10 10 1 10 12 1 1 1 1 9 12 1 1 1 11 12 1 1 1 1 1 1 1 10 12 1 1 1 10 12 10 12 1 1 10 12 10 12 10 12 1 1 1 18 12 1 9 100 1 12 1 1 10 12 1 1 9 12 1 5 0 10 12 10 12 1 1 11 100 1 12 10 12 9 12 1 10 12 1 1 1 1 1 1 1 1 10 12 10 12 1 10 12 1 1 10 12 9 12 1 9 12 1 10 12 9 12 1 10 12 10 12 9 12 1 10 100 1 12 1 10 12 1 10 12 9 12 1 1 1 100 1 10 10 9 12 1 1 1 1 1 10 10 12 9 12 1 10 12 1 1 1 1 1 1 10 100 1 12 1 1 15 16 10 12 15 1 16 1 100 1 100 1 1 1 1 1 1 1 1 100 1 100 1
staticfield org/eclipse/jdt/internal/compiler/parser/Scanner EMPTY_LINE_ENDS [I 0
staticfield org/eclipse/jdt/internal/compiler/parser/Scanner TAG_PREFIX [C 11
staticfield org/eclipse/jdt/internal/compiler/parser/Scanner TAG_PREFIX_LENGTH I 11
staticfield org/eclipse/jdt/internal/compiler/parser/Scanner IDENTITY_COMPARISON_TAG [C 23
staticfield org/eclipse/jdt/internal/compiler/parser/Scanner $assertionsDisabled Z 1
ciInstanceKlass jdk/internal/jrtfs/JrtFileSystemProvider 1 1 438 10 8 10 100 8 10 10 10 10 10 100 8 10 10 8 10 8 8 10 8 10 8 10 8 10 10 10 8 11 11 7 10 7 10 10 8 7 8 10 100 10 100 100 10 11 10 8 10 10 100 10 11 10 10 10 10 7 10 100 100 100 10 11 10 100 10 100 100 10 10 100 10 8 10 9 100 10 8 10 7 100 10 10 10 10 10 10 10 10 10 10 10 10 100 10 10 10 10 10 10 7 100 10 10 10 100 1 1 1 1 1 1 1 1 1 1 1 1 1 1 1 1 1 1 1 1 1 1 100 1 1 1 1 1 1 1 1 1 1 1 1 1 1 1 1 1 1 1 1 1 1 1 1 1 1 1 100 7 7 100 100 1 1 1 1 1 1 1 1 1 1 1 1 1 1 1 1 1 100 100 100 1 1 1 1 1 1 1 1 1 1 1 1 1 1 1 1 1 1 1 1 1 1 1 1 1 1 1 1 1 1 1 1 1 1 1 1 1 1 1 1 1 1 1 1 1 1 1 1 1 1 100 1 1 1 1 1 1 1 1 1 1 1 1 1 1 1 1 1 1 1 1 1 1 1 1 1 1 12 1 7 12 1 1 12 12 12 12 1 1 12 1 12 1 1 12 1 12 1 12 1 7 12 12 12 1 12 12 1 12 1 12 100 12 1 1 1 12 1 100 12 1 1 12 12 1 1 12 12 12 100 12 12 12 1 12 1 1 1 12 12 12 1 1 1 12 100 12 1 12 1 12 12 1 12 1 1 12 12 12 12 12 12 100 12 12 12 12 12 1 12 12 12 12 12 1 1 12 12 12 1 1 1 1 1 1 1 1 1 1 100 1 1 1 1 1 1 1 1 1 1 1 1 1 1 1 1 1 1 1 1 1 1 1 1 1 1 1 1 1 1 1 1 1 1 1 1 1 1 1 1 1 1 1 1 1 1 1 1 1 1 1 1 1 1 1 1 1 1 1 1 1 1 1 1 1 1
ciInstanceKlass jdk/internal/jrtfs/JrtFileSystem 1 1 588 10 7 8 10 9 9 10 9 9 9 100 10 10 100 10 10 7 10 10 10 10 10 10 10 9 8 10 10 100 8 10 10 10 10 8 10 10 8 8 8 10 10 18 10 10 10 10 10 7 10 10 10 100 10 10 10 11 18 11 11 18 18 11 100 10 8 10 10 100 10 10 9 100 8 10 11 11 11 100 7 8 10 9 11 9 10 10 8 7 10 10 10 10 7 10 100 10 10 100 10 100 10 10 100 100 10 10 10 10 10 10 10 10 10 11 10 10 10 11 10 10 7 7 8 8 10 10 10 7 7 1 1 1 1 1 1 1 1 1 1 1 1 1 1 1 1 1 1 1 1 1 1 1 1 1 1 100 100 1 1 1 1 1 1 100 1 1 1 1 1 1 1 1 1 1 1 1 1 100 1 1 1 1 1 1 1 1 1 1 1 1 1 1 1 1 1 1 1 1 1 1 1 1 1 7 1 1 1 1 1 1 1 7 1 1 1 1 1 1 1 1 1 1 1 1 1 1 100 7 1 1 1 1 1 7 1 1 1 1 1 1 1 1 1 1 1 1 1 1 1 1 1 1 1 1 1 1 1 1 1 1 1 1 1 1 1 1 1 1 1 1 1 1 1 1 1 1 1 1 1 1 1 1 1 1 1 1 1 1 1 1 1 1 1 1 1 1 1 1 100 1 1 1 1 1 1 1 1 1 1 1 1 1 1 1 1 1 1 1 1 1 12 1 1 12 12 12 7 12 12 12 12 1 12 1 12 7 12 1 12 12 12 12 12 12 12 1 12 1 1 12 12 12 12 1 12 100 12 1 1 1 100 12 1 15 16 15 12 12 12 12 12 12 1 12 12 12 1 12 7 12 16 15 16 12 7 12 12 15 16 15 12 12 1 12 1 12 1 7 12 12 1 1 12 7 12 12 1 1 1 100 12 12 12 12 12 12 1 12 12 12 7 12 1 12 1 12 12 1 1 12 12 1 1 12 12 12 12 12 12 12 12 12 12 12 100 12 100 12 1 1 1 1 7 12 12 12 1 1 1 1 1 100 1 100 1 1 1 1 1 1 1 1 1 1 1 1 1 1 1 1 1 1 1 1 1 1 1 1 1 1 1 1 1 1 1 1 10 1 10 1 1 1 1 1 1 1 1 1 1 1 1 10 1 1 1 1 1 1 1 1 10 1 10 1 1 1 1 1 1 1 1 1 1 1 1 1 1 1 1 1 1 1 1 1 1 1 1 1 1 1 1 1 1 1 1 1 1 1 1 1 1 1 1 1 1 1 1 1 1 1 1 1 7 12 12 12 12 12 1 1 100 1 1 100 1 1
staticfield jdk/internal/jrtfs/JrtFileSystem supportedFileAttributeViews Ljava/util/Set; java/util/Collections$UnmodifiableSet
ciInstanceKlass jdk/internal/jrtfs/JrtPath 1 1 692 11 7 10 10 9 10 9 9 10 10 10 10 10 10 7 10 10 10 9 10 10 10 100 7 10 8 10 10 8 10 10 8 8 10 8 100 8 10 10 100 100 10 10 10 8 8 10 10 10 10 10 10 8 10 10 10 8 10 10 11 10 10 7 10 10 10 10 10 10 100 8 10 10 10 10 10 100 8 10 10 10 8 10 10 10 10 10 10 10 8 8 8 100 10 100 10 100 10 10 100 8 10 10 10 9 8 8 10 10 7 10 10 10 100 10 10 10 10 10 10 10 11 100 10 10 10 10 10 9 10 100 10 10 10 100 9 9 10 10 10 10 9 9 100 10 10 100 100 10 11 100 10 10 10 10 10 100 10 11 11 11 11 10 10 10 10 10 10 10 100 10 7 100 1 1 1 1 1 1 1 1 1 1 1 1 1 1 1 1 1 1 1 7 1 1 1 1 1 1 1 1 1 1 1 1 1 1 1 1 1 1 1 1 1 1 1 1 1 1 1 1 1 1 1 1 1 1 1 1 1 1 1 1 1 1 1 1 1 1 1 1 1 1 1 1 1 1 1 1 1 1 1 1 1 1 1 1 1 1 1 1 1 1 1 1 1 1 100 1 1 1 1 1 1 1 1 1 1 1 1 1 1 100 1 1 1 1 1 1 1 1 1 100 1 1 1 1 1 1 1 1 1 1 1 1 1 1 1 1 1 1 1 1 1 1 1 1 1 1 1 1 1 1 1 1 1 100 1 100 1 1 1 1 1 1 1 1 1 1 1 1 100 1 1 1 1 1 1 1 1 1 1 1 1 1 1 1 1 1 1 1 1 1 1 1 1 1 1 1 1 1 1 1 1 100 1 1 1 1 1 1 1 1 1 1 1 1 1 1 1 1 1 1 1 1 1 1 1 1 1 100 100 100 100 100 100 1 1 1 1 1 1 1 1 1 1 1 1 1 1 100 12 1 12 12 12 12 12 12 12 12 12 12 12 12 1 12 12 12 12 12 12 12 1 1 1 12 12 1 12 12 1 1 12 1 1 1 12 12 1 1 12 12 12 1 1 12 12 12 100 12 12 12 1 12 12 7 12 12 12 12 12 1 12 12 12 12 12 12 1 1 12 12 12 12 1 1 12 12 1 12 12 12 12 12 12 1 100 1 12 1 12 12 1 1 12 12 100 12 1 1 12 1 12 12 12 1 100 12 12 12 12 12 12 1 12 12 12 12 12 12 12 1 12 12 1 12 12 12 12 12 12 100 12 12 1 12 12 1 1 12 1 12 12 12 12 12 1 100 12 12 12 12 12 12 12 12 12 12 12 12 1 12 1 1 1 1 100 1 1 1 1 1 1 1 1 1 1 1 1 1 1 1 1 1 1 1 1 1 1 1 1 1 1 1 1 1 1 1 1 1 1 1 1 1 1 1 1 1 1 1 1 1 1 1 1 1 1 1 1 1 1 1 1 1 1 1 1 1 1 1 1 1 1 1 1 1 1 1 1 100 1 1 1 1 1 1 1 1 1 1 1 1 1 1 1 1 1 1 1 1 1 1 1 1 1 1 1 100 1 1
ciInstanceKlass jdk/internal/jrtfs/SystemImage$1 1 1 49 9 10 10 10 10 7 7 1 1 1 1 1 1 1 1 1 1 1 100 1 1 1 1 1 100 1 1 1 1 1 1 1 1 1 12 12 12 7 12 12 12 1 1 1 1 1 1 1
instanceKlass jdk/internal/jimage/ImageReader$Resource
instanceKlass jdk/internal/jimage/ImageReader$LinkNode
instanceKlass jdk/internal/jimage/ImageReader$Directory
ciInstanceKlass jdk/internal/jimage/ImageReader$Node 1 1 134 9 10 10 7 7 9 9 9 7 10 100 100 10 8 10 10 10 10 8 11 11 11 10 10 7 1 1 1 3 1 3 1 3 1 1 1 1 1 1 1 1 1 1 1 1 1 1 1 1 1 1 1 1 1 1 1 1 1 1 1 1 1 1 1 1 1 1 1 1 1 1 1 1 1 1 1 1 1 1 1 1 1 1 1 1 1 1 1 1 1 1 1 1 1 1 1 1 1 1 1 12 12 7 12 1 1 12 12 12 100 1 12 1 1 1 12 12 12 12 1 12 12 12 12 12 1 1 1 1 1 1 1 1
ciInstanceKlass jdk/internal/jimage/ImageReader$Directory 1 1 96 10 7 10 9 7 10 10 10 11 11 11 11 11 7 10 10 1 1 1 1 1 1 1 1 1 1 1 1 1 1 1 1 1 1 1 1 1 1 1 1 1 1 1 1 1 1 1 1 1 1 1 1 1 1 1 100 1 1 1 12 1 12 12 100 1 12 7 12 7 12 100 12 12 12 12 1 12 12 1 1 1 1 1 1 1 1 1 1 1 1 1 1 1 1 1
ciInstanceKlass jdk/internal/jimage/ImageReader$LinkNode 1 1 56 10 10 9 7 10 10 10 7 1 1 1 1 1 1 1 1 1 1 1 1 1 1 1 7 1 1 1 1 1 1 1 1 1 1 1 1 1 1 1 12 12 12 100 1 12 12 12 1 1 1 1 1 1 1 1
ciInstanceKlass jdk/internal/jrtfs/JrtFileAttributes 1 1 154 10 9 10 10 10 10 10 10 10 10 10 10 100 10 100 10 10 8 7 10 10 10 8 10 8 8 8 10 8 10 10 8 8 10 8 10 8 10 8 10 8 10 8 10 10 7 10 10 7 100 1 7 1 1 1 1 1 1 1 1 1 1 1 1 1 1 1 1 1 1 1 1 1 1 1 1 1 1 1 1 1 1 1 1 1 1 12 12 12 12 12 12 12 12 12 12 12 1 12 1 12 1 1 100 12 100 12 12 1 1 1 1 1 12 100 12 1 1 12 1 12 1 12 1 1 1 12 1 12 12 1 1 100 1 1 1 1 1 1 1 1 1 1 1 1 1 1 1 1 1 1 1 1
ciInstanceKlass org/eclipse/jdt/internal/core/index/Index 1 1 331 7 1 7 1 1 1 1 1 1 1 1 3 1 1 1 1 1 1 1 1 3 1 1 1 8 1 10 7 1 12 1 1 9 12 1 1 1 1 10 100 1 12 1 1 10 12 1 10 12 1 1 10 12 1 10 12 1 1 10 100 1 12 1 1 10 12 1 1 10 100 1 12 1 1 10 12 1 10 12 1 10 12 10 12 1 1 1 1 1 1 1 1 1 1 1 100 1 10 12 9 12 9 12 7 1 10 9 12 7 1 10 9 12 7 1 10 12 1 9 12 10 12 1 1 9 1 1 1 1 1 1 100 1 1 1 10 12 1 1 1 1 10 12 1 1 10 12 1 1 100 1 100 1 8 1 10 12 1 10 12 1 1 8 1 10 12 1 1 10 10 12 1 1 1 1 1 1 9 12 1 10 12 100 1 1 1 1 1 5 0 10 12 1 1 10 12 1 1 10 12 1 10 12 1 10 12 1 10 12 1 10 12 1 1 10 12 1 9 100 1 12 1 100 1 9 12 1 1 1 1 1 1 1 1 1 1 1 1 1 1 1 1 100 1 100 100 100 100 1 1 10 12 1 1 10 12 1 9 7 1 9 12 1 1 1 1 100 1 10 12 1 10 10 12 1 1 1 10 12 1 10 12 8 1 1 1 1 1 1 10 100 1 10 9 100 1 12 1 10 100 1 12 1 10 10 12 10 12 1 1 10 12 1 1 10 100 1 12 1 1 10 12 1 1 1 1 1 1 1 1
staticfield org/eclipse/jdt/internal/core/index/Index JAR_SEPARATOR C 124
ciInstanceKlass org/eclipse/jdt/internal/core/search/indexing/ReadWriteMonitor 1 1 66 7 1 7 1 1 1 1 1 1 10 12 9 12 1 1 1 1 1 10 12 1 100 1 1 1 1 10 12 1 1 1 1 1 10 12 10 12 1 1 100 1 10 8 1 10 12 1 1 8 1 8 1 8 1 10 12 1 8 1 10 12 1 1 1 1
ciInstanceKlass org/eclipse/jdt/internal/core/index/MemoryIndex 1 1 150 7 1 7 1 1 1 1 1 1 1 1 1 1 1 1 1 1 10 12 9 12 7 1 10 12 1 9 12 7 1 10 9 12 1 1 1 1 1 1 9 12 1 1 9 12 1 10 100 1 12 1 1 7 1 10 12 1 1 1 1 1 1 1 1 1 1 100 1 1 9 12 10 12 1 1 9 12 10 12 1 7 1 10 10 12 1 1 10 12 1 10 12 1 10 12 1 1 1 1 1 1 1 1 1 10 12 1 1 100 1 10 12 1 10 12 1 1 9 12 1 1 10 100 1 12 1 1 1 1 1 1 1 1 1 1 1 1 1 100 100 1 1 9 12 1 1 1 1 1
ciInstanceKlass org/eclipse/jdt/internal/core/index/DiskIndex 1 1 796 7 1 7 1 1 1 1 1 1 1 1 1 1 1 1 1 1 1 1 1 1 1 1 1 1 1 3 1 1 1 1 1 1 1 1 1 1 1 8 1 1 1 1 1 3 1 3 1 3 1 1 1 8 1 1 1 1 9 12 10 7 1 12 1 1 9 12 9 12 7 1 10 12 1 1 9 12 1 1 10 12 9 12 9 12 9 12 9 12 9 12 9 12 9 12 9 12 9 12 9 12 9 12 9 12 1 1 1 1 100 1 10 100 1 10 9 12 1 1 7 1 1 1 10 12 1 1 7 1 10 10 12 1 1 9 7 1 12 1 1 10 7 1 12 1 1 10 12 1 1 1 1 1 1 1 1 1 1 1 1 1 100 1 1 7 1 10 10 12 1 1 100 1 10 12 1 10 12 1 10 12 1 1 10 12 1 1 10 12 1 1 10 12 1 1 10 12 1 1 10 12 1 1 1 1 1 1 1 1 1 7 100 1 1 10 12 1 1 9 12 1 1 9 12 1 1 9 12 1 10 12 10 12 1 10 7 1 12 1 1 10 12 1 10 100 1 12 1 1 10 12 1 1 10 100 1 12 1 10 100 1 12 1 1 1 1 1 1 1 1 1 1 1 1 1 100 100 10 12 1 1 10 7 1 12 1 1 9 12 9 12 10 12 1 1 9 12 10 12 1 1 10 12 1 10 100 1 12 1 1 10 1 1 1 1 1 1 1 1 9 12 9 10 12 1 9 10 7 1 12 1 1 10 7 1 12 1 1 10 12 1 1 1 1 1 1 1 1 1 1 1 1 1 7 1 9 9 12 7 1 10 12 10 12 1 1 1 1 1 1 1 1 1 1 1 1 1 1 10 12 1 8 1 10 12 10 12 1 1 10 12 9 100 1 12 1 10 12 1 1 10 12 1 1 10 12 1 9 100 1 12 1 1 7 1 8 1 10 10 12 1 1 10 12 1 1 10 100 1 12 1 8 1 10 12 1 7 1 10 12 1 1 10 12 1 10 12 1 1 10 12 1 1 10 12 1 1 10 8 1 8 1 1 1 1 1 1 10 7 1 10 8 1 10 8 1 8 1 9 7 1 10 1 1 1 1 1 9 10 12 1 10 12 1 1 1 1 1 10 12 1 1 10 12 1 1 1 1 1 1 1 1 1 1 1 1 8 1 10 10 12 10 12 10 12 10 12 1 10 12 1 1 10 12 1 10 12 1 10 12 1 10 12 1 7 1 10 10 12 1 10 12 10 12 1 1 10 12 10 12 1 10 12 10 12 1 1 10 12 9 12 10 12 1 10 12 1 10 12 1 1 10 7 1 12 1 1 8 1 10 12 1 7 1 9 7 1 12 1 1 10 12 1 1 5 0 10 100 1 12 1 1 8 1 10 12 1 1 8 1 100 1 100 1 1 1 1 1 1 1 1 1 1 1 1 9 12 1 1 10 12 1 3 8 1 8 1 10 12 1 8 1 10 12 1 1 10 12 1 100 1 100 1 1 1 1 1 1 1 1 1 1 1 10 12 1 10 12 1 8 1 10 100 1 12 1 1 1 1 1 1 1 9 12 10 1 1 1 1 1 1 1 10 12 1 5 0 8 1 10 12 1 1 1 1 1 1 1 100 1 10 1 1 1 1 1 1 1 1 1 1 10 12 1 1 10 12 1 1 9 12 1 1 1 1 1 1 1 1 1 10 12 1 1 10 12 1 1 1 10 12 1 1 9 12 1 7 1 8 1 10 12 1 10 12 1 10 12 1 10 1 10 12 1 1 1 1 1 1 1 1 1 1 1 1
staticfield org/eclipse/jdt/internal/core/index/DiskIndex SIGNATURE_CHARS [C 19
staticfield org/eclipse/jdt/internal/core/index/DiskIndex INTERNED_CATEGORY_NAMES Lorg/eclipse/jdt/internal/compiler/util/SimpleSetOfCharArray; org/eclipse/jdt/internal/compiler/util/SimpleSetOfCharArray
ciInstanceKlass org/eclipse/jdt/internal/compiler/util/HashtableOfObject 1 1 151 7 1 7 1 100 1 1 1 1 3 1 1 1 1 1 1 1 1 1 10 12 1 1 1 1 1 10 12 100 1 100 1 8 1 10 12 1 10 12 1 1 8 1 10 12 1 10 12 1 1 10 9 12 9 12 4 10 12 1 1 7 1 9 12 9 12 1 1 1 1 1 1 1 1 100 1 10 12 10 100 1 12 1 1 1 1 1 1 10 7 1 12 1 1 10 12 1 1 1 1 1 1 1 1 1 1 10 12 1 1 1 1 1 1 10 12 1 1 8 1 3 100 1 8 1 10 1 1 1 8 1 10 100 1 12 1 1 10 12 1 8 1 10 8 1 1 1 1 1 1
instanceKlass org/eclipse/jdt/internal/core/search/JavaSearchDocument
ciInstanceKlass org/eclipse/jdt/core/search/SearchDocument 1 1 83 7 1 7 1 1 1 1 1 1 1 1 1 1 1 1 1 1 1 10 12 1 9 12 9 12 9 12 1 1 1 1 1 1 9 12 10 12 1 1 10 7 1 12 1 1 1 1 1 1 1 1 1 9 12 10 12 1 10 12 1 1 1 1 9 12 1 1 1 10 12 1 1 1 1 1 1 1 1 1 1 1 1
ciInstanceKlass org/eclipse/jdt/internal/core/search/JavaSearchDocument 1 1 139 7 1 7 1 1 1 1 1 1 1 1 1 1 10 12 1 1 1 1 1 1 1 1 1 7 1 10 12 1 10 12 1 1 8 1 10 12 1 10 7 1 12 1 1 10 12 1 10 12 1 1 1 1 1 1 9 12 1 1 10 12 1 1 10 100 1 12 1 1 9 100 1 12 1 1 9 100 1 10 100 1 12 1 1 1 1 1 1 9 12 10 12 1 1 1 11 100 1 12 1 10 100 1 12 1 1 11 100 1 12 1 1 11 100 1 12 1 100 1 1 9 12 100 1 10 12 1 10 12 1 11 12 1 8 1 10 1 1
ciInstanceKlass org/eclipse/jdt/internal/compiler/util/SimpleSet 1 1 110 7 1 7 1 100 1 1 1 1 1 1 1 1 1 10 12 1 1 1 1 1 10 12 9 12 9 12 9 12 1 1 1 1 10 12 1 1 3 10 12 1 1 10 12 1 1 1 1 1 1 1 1 1 100 1 10 1 1 1 1 1 1 1 100 1 10 12 10 100 1 12 1 1 1 1 1 1 100 10 12 1 1 1 8 1 100 1 10 100 1 12 1 1 10 12 1 10 12 10 12 1 1 8 1 10 1 1 1 1
ciInstanceKlass java/time/Instant 1 1 502 1 7 1 1 7 1 100 1 100 1 100 1 100 1 1 100 1 100 1 100 1 1 1 1 1 5 0 1 5 0 1 1 1 5 0 1 1 1 1 1 1 7 1 12 10 1 1 8 1 100 1 1 12 10 1 12 10 1 1 1 1 12 10 1 5 0 1 7 1 1 12 10 1 12 10 1 12 10 1 1 12 10 1 12 10 3 1 1 1 100 1 8 1 100 1 1 12 9 1 100 1 1 12 11 1 12 9 1 1 12 11 12 10 1 100 1 1 12 10 1 8 1 1 12 10 1 12 10 1 8 1 1 12 10 1 100 1 1 12 10 1 12 10 1 12 10 1 1 1 100 1 1 12 9 1 16 12 10 15 16 1 100 1 1 12 10 15 1 1 12 18 1 12 10 12 9 1 8 1 12 10 1 12 10 10 12 9 12 9 1 1 1 12 9 1 12 9 1 100 1 1 12 11 1 1 100 1 100 1 1 12 11 1 1 12 9 1 12 11 1 1 12 11 1 1 12 9 1 1 12 10 1 100 1 8 10 10 1 1 12 11 1 100 1 1 12 10 1 1 1 1 1 1 1 12 11 1 1 1 12 10 1 12 11 1 1 1 12 9 1 1 12 11 1 100 1 12 10 5 0 1 8 1 12 10 5 0 1 8 1 12 10 1 1 1 100 1 12 11 1 1 12 9 10 5 0 5 0 12 10 1 12 10 1 12 10 1 12 10 3 3 1 8 12 11 1 1 12 11 5 0 5 0 12 10 1 1 1 1 1 1 1 100 1 12 10 1 12 10 1 12 10 1 12 10 1 12 10 1 12 10 1 12 10 1 100 12 11 1 12 11 1 1 1 1 12 10 1 12 10 1 12 10 1 12 10 5 0 5 0 5 0 1 1 12 11 12 10 1 1 1 100 1 1 12 10 1 1 1 100 1 12 10 1 1 1 100 1 1 12 10 1 1 12 10 1 1 1 1 1 1 12 10 1 1 1 100 1 12 10 1 1 1 100 1 8 10 1 1 1 100 1 100 1 1 12 11 1 1 12 11 1 1 1 100 1 12 11 1 12 11 1 12 10 1 12 10 12 10 12 10 1 12 10 1 1 12 9 5 0 12 9 1 1 1 1 1 1 1 1 1
staticfield java/time/Instant EPOCH Ljava/time/Instant; java/time/Instant
staticfield java/time/Instant MIN Ljava/time/Instant; java/time/Instant
staticfield java/time/Instant MAX Ljava/time/Instant; java/time/Instant
ciInstanceKlass java/util/zip/ZipError 0 0 15 1 100 1 100 1 1 5 0 1 1 12 10 1 1
ciInstanceKlass org/eclipse/jdt/core/search/SearchEngine 1 1 347 100 1 100 1 1 1 1 1 1 10 12 7 1 10 9 12 1 1 1 1 1 10 12 1 1 1 1 100 1 10 100 1 12 1 1 1 1 1 1 1 10 12 1 1 1 1 1 100 1 10 12 1 1 1 10 12 1 1 1 10 12 1 1 1 1 1 1 1 100 1 10 100 1 12 1 1 10 12 1 1 1 1 1 1 1 100 10 1 10 12 1 1 10 12 1 1 10 12 1 1 10 12 1 1 100 1 9 12 1 1 10 100 1 12 1 1 10 12 1 1 1 1 1 1 1 1 10 100 1 12 1 1 10 12 1 1 1 1 1 1 1 1 1 1 10 12 1 1 1 1 1 10 12 1 1 1 10 12 1 1 1 1 10 12 1 1 10 12 1 1 100 1 10 100 1 10 12 1 11 100 1 12 1 1 10 12 1 10 12 1 100 1 1 1 1 1 1 1 1 1 1 1 10 12 10 12 1 1 10 1 1 1 1 1 1 1 1 100 1 10 12 1 10 12 1 1 1 1 1 1 1 1 1 1 1 1 1 1 1 1 1 100 1 10 12 1 1 1 1 10 12 1 1 1 1 1 1 10 12 1 1 1 1 100 1 10 12 1 10 12 1 1 1 1 1 100 1 10 12 1 1 1 1 1 10 12 1 1 1 1 1 1 100 1 10 12 1 1 1 1 1 10 12 100 1 100 100 1 100 1 100 1 1 1 10 12 1 1 100 1 10 12 1 10 12 1 1 1 10 12 100 1 10 1 10 12 100 1 10 1 1 1 1 1 1 1
ciInstanceKlass org/eclipse/jdt/internal/core/search/indexing/BinaryIndexer 1 1 769 7 1 7 1 100 1 1 1 1 1 1 1 1 1 1 1 1 1 1 1 8 1 10 7 1 12 1 1 9 12 8 1 9 12 8 1 9 12 8 1 9 12 8 1 9 12 8 1 9 12 8 1 9 12 8 1 9 12 8 1 9 12 8 1 9 12 1 1 1 10 12 1 1 1 1 1 1 5 0 5 0 9 7 1 12 1 1 10 12 1 1 10 12 1 5 0 9 12 1 10 12 1 5 0 9 12 1 5 0 9 12 1 5 0 9 12 1 5 0 9 12 1 5 0 9 12 1 5 0 9 12 1 5 0 9 12 1 1 1 1 1 5 0 9 12 1 10 12 1 9 12 1 10 12 1 5 0 9 12 1 5 0 9 12 1 5 0 9 12 1 5 0 9 12 1 5 0 9 12 1 5 0 9 12 1 5 0 9 12 1 5 0 9 12 1 5 0 9 12 1 1 100 9 12 1 9 12 1 5 0 9 12 1 5 0 9 12 1 1 1 11 7 1 12 1 10 7 1 12 1 10 12 1 1 11 12 1 1 11 7 1 12 1 10 12 1 1 11 12 1 1 10 12 1 1 1 1 1 1 1 1 1 1 1 1 1 100 7 1 10 10 12 1 10 12 1 7 1 10 10 12 7 1 1 1 1 1 1 1 1 10 7 1 12 1 1 10 1 1 1 1 10 7 1 12 1 1 1 1 1 1 7 1 1 1 100 1 10 12 10 12 1 1 10 12 1 10 12 1 1 1 1 1 1 1 10 12 1 1 10 12 1 1 1 1 1 1 1 10 12 1 1 1 1 1 1 1 10 7 1 12 1 1 10 12 1 1 1 1 1 1 1 1 1 1 1 1 1 1 10 12 1 1 10 12 1 10 12 10 12 1 10 12 1 1 10 12 10 12 10 12 1 10 12 10 12 1 1 1 1 1 1 1 1 1 1 1 100 100 1 1 9 12 10 7 1 12 1 1 10 12 1 1 10 12 1 10 12 1 1 10 12 1 1 10 9 12 1 10 12 1 1 10 12 1 10 12 1 10 12 1 9 12 1 10 12 1 10 12 1 10 12 1 10 12 1 1 10 12 1 1 10 12 1 10 12 1 1 10 7 1 12 1 10 12 1 10 12 1 1 10 12 1 1 10 12 1 1 10 12 1 1 10 12 1 1 10 12 1 1 10 12 10 7 1 12 1 1 10 12 1 1 7 1 10 7 1 12 1 10 12 1 10 12 10 12 10 12 1 10 10 12 1 10 12 1 10 10 12 1 1 10 12 1 10 12 1 10 12 1 1 10 12 1 10 10 10 12 1 1 10 12 1 1 7 1 10 7 1 10 10 12 10 12 1 1 10 10 10 12 10 12 1 100 1 8 1 100 1 8 1 10 12 1 10 12 1 1 8 1 10 12 1 10 12 1 10 100 1 12 1 1 100 1 1 1 1 1 1 1 1 1 1 1 1 1 1 1 1 1 1 1 1 1 1 1 1 1 1 1 1 1 1 1 1 1 1 1 1 7 1 100 100 1 11 12 10 12 1 11 12 1 1 11 7 1 10 12 1 11 12 1 1 10 12 1 1 11 12 1 11 12 1 10 12 1 11 12 1 1 11 7 1 11 12 1 10 12 1 1 1 1 1 1 1 1 1 1 1 1 100 100 11 7 1 10 12 1 11 12 1 9 12 1 1 1 1 1 1 1 100 10 7 1 12 1 1 1 1 1 1 1 1 1 1 1 1 1
staticfield org/eclipse/jdt/internal/core/search/indexing/BinaryIndexer BYTE [C 4
staticfield org/eclipse/jdt/internal/core/search/indexing/BinaryIndexer CHAR [C 4
staticfield org/eclipse/jdt/internal/core/search/indexing/BinaryIndexer DOUBLE [C 6
staticfield org/eclipse/jdt/internal/core/search/indexing/BinaryIndexer FLOAT [C 5
staticfield org/eclipse/jdt/internal/core/search/indexing/BinaryIndexer INT [C 3
staticfield org/eclipse/jdt/internal/core/search/indexing/BinaryIndexer LONG [C 4
staticfield org/eclipse/jdt/internal/core/search/indexing/BinaryIndexer SHORT [C 5
staticfield org/eclipse/jdt/internal/core/search/indexing/BinaryIndexer BOOLEAN [C 7
staticfield org/eclipse/jdt/internal/core/search/indexing/BinaryIndexer VOID [C 4
staticfield org/eclipse/jdt/internal/core/search/indexing/BinaryIndexer INIT [C 6
ciInstanceKlass org/eclipse/jdt/internal/compiler/env/AutomaticModuleNaming 1 1 133 7 1 100 1 1 1 1 8 1 1 1 1 10 12 1 1 1 1 1 1 7 1 10 12 1 10 12 1 1 10 7 1 12 1 1 10 7 1 12 1 1 10 7 1 12 1 1 10 12 1 10 100 1 12 1 1 10 12 1 1 100 1 1 1 1 1 1 1 1 100 1 1 1 1 1 1 1 10 12 1 1 9 7 1 12 1 1 10 12 1 1 8 1 10 12 1 1 8 1 10 12 1 1 7 1 10 12 1 10 12 1 1 10 10 12 1 1 1 1 1 1 1 1 1 1 1 1 1 1 1 1 1
ciInstanceKlass org/eclipse/jdt/internal/core/search/indexing/ManifestIndexer 1 1 70 7 1 7 1 1 1 1 8 1 1 1 1 10 12 1 1 1 1 1 1 1 1 9 12 10 7 1 12 1 1 7 1 10 7 1 12 1 1 10 12 1 8 1 10 12 1 1 10 12 1 1 10 12 1 1 10 12 1 1 1 1 1 1 1 1 100 100 1 1
ciInstanceKlass org/eclipse/jdt/internal/core/search/indexing/IndexManager$MetaIndexUpdateRequest 1 1 170 7 1 7 1 100 1 1 1 1 1 1 1 1 9 12 10 12 1 1 1 1 1 1 1 1 1 1 9 12 1 1 1 9 100 1 12 1 1 10 100 1 12 1 1 11 100 1 12 1 1 11 12 1 1 100 1 11 12 1 9 12 1 1 10 12 1 1 9 12 1 100 1 8 1 10 12 1 10 12 1 1 10 12 1 1 10 12 1 1 10 100 1 12 1 10 100 1 12 1 10 12 1 1 10 12 1 1 10 100 1 12 1 1 8 1 10 12 1 1 9 100 1 8 1 10 12 1 8 1 10 12 1 11 100 1 12 1 1 1 1 1 1 1 1 1 1 1 1 1 1 1 100 1 1 8 1 1 1 1 1 1 1 10 12 1 1 1 1 1
ciMethod java/lang/Object <init> ()V 1360 0 2207766 0 128
ciMethod java/lang/Object hashCode ()I 512 0 256 0 -1
ciMethod java/lang/Object equals (Ljava/lang/Object;)Z 1956 0 12033 0 -1
ciMethod java/lang/Object notifyAll ()V 512 0 256 0 -1
ciMethod java/lang/Object wait ()V 82 0 545 0 0
ciMethod java/lang/Object wait (J)V 514 0 257 0 -1
ciMethod java/lang/CharSequence toString ()Ljava/lang/String; 0 0 1 0 -1
ciMethod java/lang/String <init> ([C)V 512 0 5377 0 -1
ciMethod java/lang/String encode (Ljava/nio/charset/Charset;B[B)[B 756 0 5527 0 -1
ciMethod java/lang/String encodeWithEncoder (Ljava/nio/charset/Charset;B[BZ)[B 0 0 1 0 -1
ciMethod java/lang/String encodeASCII (B[B)[B 0 0 717 0 -1
ciMethod java/lang/String encode8859_1 (B[B)[B 768 0 528 0 -1
ciMethod java/lang/String encodeUTF8 (B[BZ)[B 186 0 4213 0 -1
ciMethod java/lang/String length ()I 658 0 1855569 0 96
ciMethod java/lang/String isEmpty ()Z 512 0 230346 0 -1
ciMethod java/lang/String charAt (I)C 570 0 3946649 0 160
ciMethod java/lang/String getChars (II[CI)V 768 0 5546 0 -1
ciMethod java/lang/String getBytes (Ljava/nio/charset/Charset;)[B 2674 0 4219 0 -1
ciMethod java/lang/String getBytes ()[B 778 0 579 0 -1
ciMethod java/lang/String equals (Ljava/lang/Object;)Z 658 0 7792 0 416
ciMethod java/lang/String compareToIgnoreCase (Ljava/lang/String;)I 636 0 11037 0 -1
ciMethod java/lang/String startsWith (Ljava/lang/String;I)Z 862 520 6438 0 480
ciMethod java/lang/String startsWith (Ljava/lang/String;)Z 514 0 142467 0 448
ciMethod java/lang/String endsWith (Ljava/lang/String;)Z 1854 0 30799 0 -1
ciMethod java/lang/String hashCode ()I 32772 0 38076 0 -1
ciMethod java/lang/String indexOf (I)I 532 0 565760 0 -1
ciMethod java/lang/String indexOf (Ljava/lang/String;)I 706 0 18837 0 -1
ciMethod java/lang/String lastIndexOf (Ljava/lang/String;)I 512 0 338 0 -1
ciMethod java/lang/String substring (II)Ljava/lang/String; 33102 0 36318 0 -1
ciMethod java/lang/String contains (Ljava/lang/CharSequence;)Z 590 0 52910 0 -1
ciMethod java/lang/String toLowerCase (Ljava/util/Locale;)Ljava/lang/String; 520 0 22798 0 -1
ciMethod java/lang/String toCharArray ()[C 560 0 49819 0 -1
ciMethod java/lang/String valueOf (Ljava/lang/Object;)Ljava/lang/String; 514 0 83467 0 -1
ciMethod java/lang/String valueOf ([C)Ljava/lang/String; 2702 0 50035 0 -1
ciMethod java/lang/String <init> ([CIILjava/lang/Void;)V 628 0 5530 0 -1
ciMethod java/lang/String coder ()B 714 0 2610260 0 64
ciMethod java/lang/String isLatin1 ()Z 542 0 4879253 0 96
ciMethod java/lang/System allowSecurityManager ()Z 260 0 190435 0 0
ciMethod java/lang/System getSecurityManager ()Ljava/lang/SecurityManager; 260 0 190432 0 96
ciMethod java/lang/System currentTimeMillis ()J 512 0 256 0 -1
ciMethod java/lang/System nanoTime ()J 512 0 256 0 -1
ciMethod java/lang/System arraycopy (Ljava/lang/Object;ILjava/lang/Object;II)V 512 0 256 0 -1
ciMethod java/lang/Throwable printStackTrace ()V 0 0 1 0 -1
ciMethod java/lang/Throwable addSuppressed (Ljava/lang/Throwable;)V 0 0 1 0 -1
ciMethod java/lang/SecurityManager checkPermission (Ljava/security/Permission;)V 0 0 1 0 -1
ciMethod java/lang/SecurityManager checkRead (Ljava/lang/String;)V 0 0 1 0 0
ciMethod java/lang/SecurityManager checkWrite (Ljava/lang/String;)V 0 0 1 0 0
ciMethod java/lang/SecurityManager checkDelete (Ljava/lang/String;)V 0 0 1 0 -1
ciMethod java/lang/ref/Reference <init> (Ljava/lang/Object;Ljava/lang/ref/ReferenceQueue;)V 512 0 33862 0 192
ciMethod java/lang/ref/Reference reachabilityFence (Ljava/lang/Object;)V 560 0 836879 0 -1
ciMethod java/lang/ref/PhantomReference <init> (Ljava/lang/Object;Ljava/lang/ref/ReferenceQueue;)V 512 0 6418 0 0
ciMethod java/util/Map isEmpty ()Z 0 0 1 0 -1
ciMethod java/util/Map keySet ()Ljava/util/Set; 0 0 1 0 -1
ciMethod java/lang/StringBuilder <init> ()V 160 0 189132 0 -1
ciMethod java/lang/StringBuilder <init> (I)V 384 0 73861 0 -1
ciMethod java/lang/StringBuilder <init> (Ljava/lang/String;)V 628 0 48156 0 -1
ciMethod java/lang/StringBuilder append (Ljava/lang/Object;)Ljava/lang/StringBuilder; 294 0 66763 0 -1
ciMethod java/lang/StringBuilder append (Ljava/lang/String;)Ljava/lang/StringBuilder; 364 0 751580 0 -1
ciMethod java/lang/StringBuilder append (C)Ljava/lang/StringBuilder; 534 0 459268 0 -1
ciMethod java/lang/StringBuilder append (I)Ljava/lang/StringBuilder; 50 0 11394 0 -1
ciMethod java/lang/StringBuilder append (F)Ljava/lang/StringBuilder; 0 0 5 0 -1
ciMethod java/lang/StringBuilder toString ()Ljava/lang/String; 4096 0 260221 0 -1
ciMethod java/lang/StringBuilder length ()I 766 0 12015 0 -1
ciMethod jdk/internal/misc/Unsafe getLong (Ljava/lang/Object;J)J 1024 0 512 0 -1
ciMethod jdk/internal/misc/Unsafe putLong (Ljava/lang/Object;JJ)V 512 0 256 0 -1
ciMethod jdk/internal/misc/Unsafe getInt (J)I 768 0 79528 0 -1
ciMethod java/io/InputStream close ()V 0 0 1 0 -1
ciMethod java/util/jar/Manifest getMainAttributes ()Ljava/util/jar/Attributes; 256 0 128 0 -1
ciMethod java/util/AbstractMap <init> ()V 768 0 38158 0 0
ciMethod java/util/List add (Ljava/lang/Object;)Z 0 0 1 0 -1
ciMethod java/util/List get (I)Ljava/lang/Object; 0 0 1 0 -1
ciMethod java/util/List listIterator (I)Ljava/util/ListIterator; 0 0 1 0 -1
ciMethod java/util/ArrayList <init> (I)V 516 0 5384 0 -1
ciMethod java/util/ArrayList size ()I 256 0 128 0 -1
ciMethod java/util/ArrayList get (I)Ljava/lang/Object; 2312 0 66052 0 -1
ciMethod java/util/ArrayList add (Ljava/lang/Object;)Z 548 0 108603 0 -1
ciMethod java/util/AbstractCollection <init> ()V 530 0 141410 0 64
ciMethod java/nio/Buffer checkIndex (I)I 692 0 2680 0 0
ciMethod java/nio/Buffer scope ()Ljdk/internal/misc/ScopedMemoryAccess$Scope; 544 0 407030 0 -1
ciMethod java/lang/Float isNaN (F)Z 1962 0 11051 0 128
ciMethod java/lang/Integer valueOf (I)Ljava/lang/Integer; 512 0 41539 0 -1
ciMethod java/lang/Integer intValue ()I 266 0 133 0 -1
ciMethod java/lang/Long toString (J)Ljava/lang/String; 446 0 1976 0 -1
ciMethod java/lang/Long compare (JJ)I 1134 0 7140 0 -1
ciMethod java/util/Iterator hasNext ()Z 0 0 1 0 -1
ciMethod java/util/Iterator next ()Ljava/lang/Object; 0 0 1 0 -1
ciMethod java/lang/NullPointerException <init> ()V 0 0 54 0 -1
ciMethod java/util/Set size ()I 0 0 1 0 -1
ciMethod java/util/Set iterator ()Ljava/util/Iterator; 0 0 1 0 -1
ciMethod java/util/Set add (Ljava/lang/Object;)Z 0 0 1 0 -1
ciMethod java/util/Objects requireNonNull (Ljava/lang/Object;)Ljava/lang/Object; 590 0 352805 0 96
ciMethod java/util/Objects requireNonNull (Ljava/lang/Object;Ljava/lang/String;)Ljava/lang/Object; 692 0 107037 0 96
ciMethod jdk/internal/access/SharedSecrets getJavaIORandomAccessFileAccess ()Ljdk/internal/access/JavaIORandomAccessFileAccess; 0 0 1 0 -1
ciMethod java/security/Permission <init> (Ljava/lang/String;)V 278 0 139 0 -1
ciMethod java/lang/StringLatin1 charAt ([BI)C 642 0 3786720 0 128
ciMethod java/lang/StringLatin1 toChars ([B)[C 558 0 5429 0 -1
ciMethod java/lang/StringLatin1 equals ([B[B)Z 542 438 6818 0 -1
ciMethod java/lang/Math addExact (JJ)J 512 0 6403 0 -1
ciMethod java/lang/Math multiplyExact (JJ)J 516 0 6412 0 -1
ciMethod java/lang/Math abs (J)J 774 0 32954 0 -1
ciMethod java/lang/Math min (II)I 530 0 279313 0 -1
ciMethod java/util/HashMap hash (Ljava/lang/Object;)I 808 0 83916 0 192
ciMethod java/util/HashMap get (Ljava/lang/Object;)Ljava/lang/Object; 1864 0 26568 0 1536
ciMethod java/util/HashMap getNode (Ljava/lang/Object;)Ljava/util/HashMap$Node; 868 22 30773 0 1568
ciMethod java/util/HashMap containsKey (Ljava/lang/Object;)Z 1300 0 18722 0 1120
ciMethod java/util/HashMap put (Ljava/lang/Object;Ljava/lang/Object;)Ljava/lang/Object; 1038 0 23354 0 256
ciMethod java/util/HashMap putVal (ILjava/lang/Object;Ljava/lang/Object;ZZ)Ljava/lang/Object; 558 58 48425 0 1984
ciMethod java/util/HashMap resize ()[Ljava/util/HashMap$Node; 24 402 2898 0 -1
ciMethod java/util/HashMap treeifyBin ([Ljava/util/HashMap$Node;I)V 0 0 2 0 0
ciMethod java/util/HashMap newNode (ILjava/lang/Object;Ljava/lang/Object;Ljava/util/HashMap$Node;)Ljava/util/HashMap$Node; 528 0 8085 0 224
ciMethod java/util/HashMap replacementTreeNode (Ljava/util/HashMap$Node;Ljava/util/HashMap$Node;)Ljava/util/HashMap$TreeNode; 0 0 1 0 -1
ciMethod java/util/HashMap afterNodeAccess (Ljava/util/HashMap$Node;)V 90 0 1069 0 64
ciMethod java/util/HashMap afterNodeInsertion (Z)V 528 0 1607 0 64
ciMethod java/util/AbstractSet <init> ()V 848 0 38058 0 64
ciMethod java/util/HashMap$Node <init> (ILjava/lang/Object;Ljava/lang/Object;Ljava/util/HashMap$Node;)V 780 0 14637 0 128
ciMethod java/util/HashMap$TreeNode getTreeNode (ILjava/lang/Object;)Ljava/util/HashMap$TreeNode; 0 0 1 0 -1
ciMethod java/util/HashMap$TreeNode treeify ([Ljava/util/HashMap$Node;)V 0 0 1 0 -1
ciMethod java/util/HashMap$TreeNode putTreeVal (Ljava/util/HashMap;[Ljava/util/HashMap$Node;ILjava/lang/Object;Ljava/lang/Object;)Ljava/util/HashMap$TreeNode; 0 0 1 0 -1
ciMethod java/util/HashMap$TreeNode split (Ljava/util/HashMap;[Ljava/util/HashMap$Node;II)V 0 0 1 0 -1
ciMethod java/lang/ref/ReferenceQueue <init> ()V 520 0 2104 0 0
ciMethod java/lang/ref/ReferenceQueue$Lock <init> ()V 520 0 2104 0 0
ciMethod jdk/internal/misc/VM initLevel ()I 120 0 52134 0 0
ciMethod jdk/internal/misc/VM isModuleSystemInited ()Z 94 0 47310 0 0
ciMethod java/util/Arrays fill ([II)V 206 22534 1011 0 -1
ciMethod java/io/FileDescriptor <init> ()V 512 0 2460 0 0
ciMethod java/io/FileDescriptor valid ()Z 698 0 2569 0 -1
ciMethod java/io/FileDescriptor registerCleanup (Ljdk/internal/ref/PhantomCleanable;)V 512 0 2411 0 -1
ciMethod java/io/FileDescriptor attach (Ljava/io/Closeable;)V 768 0 2335 0 0
ciMethod java/io/FileDescriptor closeAll (Ljava/io/Closeable;)V 512 0 1937 0 -1
ciMethod jdk/internal/access/JavaIOFileDescriptorAccess get (Ljava/io/FileDescriptor;)I 0 0 1 0 -1
ciMethod jdk/internal/access/JavaIOFileDescriptorAccess getHandle (Ljava/io/FileDescriptor;)J 0 0 1 0 -1
ciMethod java/io/BufferedInputStream <init> (Ljava/io/InputStream;)V 512 0 8140 0 -1
ciMethod java/nio/charset/Charset lookup (Ljava/lang/String;)Ljava/nio/charset/Charset; 776 0 1802 0 -1
ciMethod java/nio/charset/Charset defaultCharset ()Ljava/nio/charset/Charset; 790 0 1172 0 -1
ciMethod sun/security/action/GetPropertyAction privilegedGetProperty (Ljava/lang/String;)Ljava/lang/String; 48 0 86 0 -1
ciMethod jdk/internal/misc/ScopedMemoryAccess getLong (Ljdk/internal/misc/ScopedMemoryAccess$Scope;Ljava/lang/Object;J)J 770 0 5404 0 -1
ciMethod jdk/internal/misc/ScopedMemoryAccess getLongInternal (Ljdk/internal/misc/ScopedMemoryAccess$Scope;Ljava/lang/Object;J)J 770 0 5404 0 -1
ciMethod jdk/internal/misc/ScopedMemoryAccess putLong (Ljdk/internal/misc/ScopedMemoryAccess$Scope;Ljava/lang/Object;JJ)V 792 0 5404 0 -1
ciMethod jdk/internal/misc/ScopedMemoryAccess putLongInternal (Ljdk/internal/misc/ScopedMemoryAccess$Scope;Ljava/lang/Object;JJ)V 792 0 5404 0 -1
ciMethod java/util/Collections newSetFromMap (Ljava/util/Map;)Ljava/util/Set; 512 0 1713 0 0
ciMethod java/lang/IllegalArgumentException <init> (Ljava/lang/String;)V 0 0 25 0 -1
ciMethodData java/lang/String isLatin1 ()Z 2 4879253 orig 80 1 0 0 0 2 0 0 0 0 0 0 0 254 127 0 0 0 0 0 0 0 0 0 0 0 0 0 0 0 0 0 0 0 0 0 0 0 0 0 3 0 0 0 0 0 0 0 0 0 0 0 0 0 0 0 0 0 0 0 0 0 0 0 0 0 0 0 0 0 0 0 0 0 0 0 0 0 0 0 0 data 18 0x30007 0x0 0x58 0x4a7311 0x80000006000a0007 0x26 0x38 0x4a731b 0xe0003 0x4a7347 0x18 0x0 0x0 0x0 0x0 0x9 0x1 0x0 oops 0 methods 0
ciMethod java/io/File isInvalid ()Z 512 0 5377 0 448
ciMethod java/io/File <init> (Ljava/lang/String;)V 768 0 16144 0 1024
ciMethod java/io/File <init> (Ljava/io/File;Ljava/lang/String;)V 520 0 5410 0 -1
ciMethod java/io/File getPath ()Ljava/lang/String; 262 0 131 0 0
ciMethod java/io/File getCanonicalPath ()Ljava/lang/String; 512 0 663 0 -1
ciMethod java/io/File exists ()Z 512 0 4247 0 -1
ciMethod java/io/File delete ()Z 330 0 308 0 -1
ciMethod java/io/File compareTo (Ljava/io/File;)I 506 0 10963 0 -1
ciMethod java/io/File equals (Ljava/lang/Object;)Z 512 0 10041 0 1568
ciMethod java/io/File hashCode ()I 514 0 11855 0 2880
ciMethod java/io/File toPath ()Ljava/nio/file/Path; 512 0 4093 0 0
ciMethod java/io/WinNTFileSystem isLetter (C)Z 514 0 11181 0 0
ciMethod java/io/WinNTFileSystem normalize (Ljava/lang/String;)Ljava/lang/String; 214 3406 2156 0 15424
ciMethod java/io/WinNTFileSystem normalize (Ljava/lang/String;II)Ljava/lang/String; 202 20582 3559 0 -1
ciMethod java/io/WinNTFileSystem prefixLength (Ljava/lang/String;)I 514 0 7962 0 928
ciMethod java/io/WinNTFileSystem isInvalid (Ljava/io/File;)Z 124 0 3203 0 -1
ciMethod java/io/WinNTFileSystem compare (Ljava/io/File;Ljava/io/File;)I 506 0 10963 0 -1
ciMethod java/io/WinNTFileSystem hashCode (Ljava/io/File;)I 514 0 11855 0 -1
ciMethod java/io/FileSystem normalize (Ljava/lang/String;)Ljava/lang/String; 0 0 1 0 -1
ciMethod java/io/FileSystem prefixLength (Ljava/lang/String;)I 0 0 1 0 -1
ciMethod java/io/FileSystem isInvalid (Ljava/io/File;)Z 0 0 1 0 -1
ciMethod java/io/FileSystem compare (Ljava/io/File;Ljava/io/File;)I 0 0 1 0 -1
ciMethod java/io/FileSystem hashCode (Ljava/io/File;)I 0 0 1 0 -1
ciMethodData java/lang/Object <init> ()V 2 2207766 orig 80 1 0 0 0 0 0 0 0 0 0 0 0 254 127 0 0 0 0 0 0 0 0 0 0 0 0 0 0 0 0 0 0 0 0 0 0 0 0 0 0 0 0 0 0 0 0 0 0 0 0 0 0 0 0 0 0 0 0 0 0 0 0 0 0 0 0 0 0 0 0 0 0 0 0 0 0 0 0 0 0 data 4 0x0 0x9 0x1 0x0 oops 0 methods 0
ciMethodData java/lang/String equals (Ljava/lang/Object;)Z 2 7792 orig 80 0 0 0 0 0 0 0 0 0 0 0 0 254 127 0 0 0 0 0 0 0 0 0 0 0 0 0 0 0 0 0 0 0 0 0 0 0 0 0 0 0 0 0 0 0 0 0 0 0 0 0 0 0 0 0 0 0 0 0 0 0 0 0 0 0 0 0 0 0 0 0 0 0 0 0 0 0 0 0 0 data 49 0x20007 0x196a 0x20 0x3bd 0x80104 0x0 0x0 0x18275013130 0x1969 0x0 0x0 0xb0007 0x1 0xe0 0x1969 0xf0004 0x0 0x0 0x18275013130 0x1969 0x0 0x0 0x160007 0x0 0x40 0x1969 0x210007 0x0 0x68 0x1969 0x2c0002 0x1969 0x2f0007 0x186b 0x38 0xfe 0x330003 0xfe 0x18 0x0 0x0 0x0 0x0 0x0 0x0 0x9 0x2 0x0 0x0 oops 2 7 java/lang/String 18 java/lang/String methods 0
ciMethodData java/util/Objects requireNonNull (Ljava/lang/Object;)Ljava/lang/Object; 2 352805 orig 80 0 0 0 0 0 0 0 0 0 0 0 0 254 127 0 0 0 0 0 0 0 0 0 0 0 0 0 0 0 0 0 0 0 0 0 0 0 0 0 0 0 0 0 0 0 0 0 0 0 0 0 0 0 0 0 0 0 0 0 0 0 0 0 0 0 0 0 0 0 0 0 0 0 0 0 0 0 0 0 0 data 15 0x10007 0x56103 0x30 0x0 0x80002 0x0 0x0 0x0 0x0 0x0 0x0 0x0 0x9 0x1 0x0 oops 0 methods 0
ciMethodData java/util/AbstractCollection <init> ()V 2 141410 orig 80 0 0 0 0 0 0 0 0 0 0 0 0 254 127 0 0 0 0 0 0 0 0 0 0 0 0 0 0 0 0 0 0 0 0 0 0 0 0 0 0 0 0 0 0 0 0 0 0 0 0 0 0 0 0 0 0 0 0 0 0 0 0 0 0 0 0 0 0 0 0 0 0 0 0 0 0 0 0 0 0 data 7 0x10002 0x2275b 0x0 0x0 0x9 0x1 0x0 oops 0 methods 0
ciMethodData java/lang/String coder ()B 2 2610261 orig 80 0 0 0 0 0 0 0 0 0 0 0 0 254 127 0 0 0 0 0 0 0 0 0 0 0 0 0 0 0 0 0 0 0 0 0 0 0 0 0 0 0 0 0 0 0 0 0 0 0 0 0 0 0 0 0 0 0 0 0 0 0 0 0 0 0 0 0 0 0 0 0 0 0 0 0 0 0 0 0 0 data 14 0x30007 0x0 0x38 0x27e518 0xa0003 0x27e587 0x18 0x0 0x0 0x0 0x0 0x9 0x1 0x0 oops 0 methods 0
ciMethodData java/lang/String length ()I 2 1855571 orig 80 0 0 0 0 0 0 0 0 0 0 0 0 254 127 0 0 0 0 0 0 0 0 0 0 0 0 0 0 0 0 0 0 0 0 0 0 0 0 0 0 0 0 0 0 0 0 0 0 0 0 0 0 0 0 0 0 0 0 0 0 0 0 0 0 0 0 0 0 0 0 0 0 0 0 0 0 0 0 0 0 data 16 0x60005 0x1c4f23 0x0 0x0 0x0 0x0 0x0 0x0 0x0 0x0 0x0 0x0 0x0 0x9 0x1 0x0 oops 0 methods 0
ciMethodData java/lang/String charAt (I)C 2 3946657 orig 80 1 0 0 0 0 0 0 0 0 0 0 0 254 127 0 0 0 0 0 0 0 0 0 0 0 0 0 0 0 0 0 0 0 0 0 0 0 0 0 0 0 0 0 0 0 0 0 0 0 0 0 0 0 0 0 0 0 0 0 0 0 0 0 0 0 0 0 0 0 0 0 0 0 0 0 0 0 0 0 0 data 25 0x10005 0x3c37ca 0x0 0x0 0x0 0x0 0x0 0x40007 0xe 0x30 0x3c37e3 0xc0002 0x3c3806 0x150002 0xe 0x0 0x0 0x0 0x0 0x0 0x0 0x9 0x2 0x0 0x0 oops 0 methods 0
ciMethodData java/lang/StringLatin1 charAt ([BI)C 2 3786720 orig 80 0 0 0 0 0 0 0 0 0 0 0 0 254 127 0 0 0 0 0 0 0 0 0 0 0 0 0 0 0 0 0 0 0 0 0 0 0 0 0 0 0 0 0 0 0 0 0 0 0 0 0 0 0 0 0 0 0 0 0 0 0 0 0 0 0 0 0 0 0 0 0 0 0 0 0 0 0 0 0 0 data 18 0x10007 0x0 0x40 0x39c6a0 0x70007 0x39c6b2 0x30 0x0 0xf0002 0x0 0x0 0x0 0x0 0x0 0x9 0x2 0x0 0x0 oops 0 methods 0
ciMethod java/util/ArrayDeque <init> ()V 512 0 1898 0 0
ciMethod java/util/WeakHashMap newTable (I)[Ljava/util/WeakHashMap$Entry; 786 0 1904 0 0
ciMethod java/util/WeakHashMap <init> (IF)V 512 2048 1896 0 0
ciMethod java/util/WeakHashMap <init> ()V 512 0 1896 0 0
ciMethod java/util/WeakHashMap expungeStaleEntries ()V 514 0 14594 0 -1
ciMethod java/util/WeakHashMap size ()I 512 0 2769 0 0
ciMethod java/util/WeakHashMap isEmpty ()Z 512 0 2769 0 0
ciMethod java/util/WeakHashMap keySet ()Ljava/util/Set; 512 0 1705 0 0
ciMethod java/util/Collections$SetFromMap <init> (Ljava/util/Map;)V 512 0 1713 0 0
ciMethod java/util/WeakHashMap$KeySet <init> (Ljava/util/WeakHashMap;)V 512 0 1694 0 0
ciMethod java/lang/StringUTF16 getChar ([BI)C 1342 0 10123 0 -1
ciMethod java/lang/StringUTF16 toChars ([B)[C 2 0 156 0 -1
ciMethod java/lang/StringUTF16 charAt ([BI)C 0 0 166 0 0
ciMethod java/lang/StringUTF16 checkIndex (I[B)V 0 0 326 0 -1
ciMethod java/util/function/Function apply (Ljava/lang/Object;)Ljava/lang/Object; 0 0 1 0 -1
ciMethod jdk/internal/ref/CleanerFactory cleaner ()Ljava/lang/ref/Cleaner; 512 0 9871 0 64
ciMethod java/lang/ref/Cleaner register (Ljava/lang/Object;Ljava/lang/Runnable;)Ljava/lang/ref/Cleaner$Cleanable; 512 0 6400 0 1216
ciMethod java/lang/ref/Cleaner$1 apply (Ljava/lang/ref/Cleaner;)Ljdk/internal/ref/CleanerImpl; 514 0 5381 0 0
ciMethod java/lang/ref/Cleaner$1 apply (Ljava/lang/Object;)Ljava/lang/Object; 514 0 5381 0 128
ciMethod jdk/internal/ref/CleanerImpl getCleanerImpl (Ljava/lang/ref/Cleaner;)Ljdk/internal/ref/CleanerImpl; 514 0 12802 0 0
ciMethod jdk/internal/ref/CleanerImpl$PhantomCleanableRef <init> (Ljava/lang/Object;Ljava/lang/ref/Cleaner;Ljava/lang/Runnable;)V 512 0 6398 0 0
ciMethod jdk/internal/ref/PhantomCleanable <init> (Ljava/lang/Object;Ljava/lang/ref/Cleaner;)V 512 0 6400 0 928
ciMethod jdk/internal/ref/PhantomCleanable insert ()V 512 0 5378 0 544
ciMethodData java/lang/StringUTF16 charAt ([BI)C 1 166 orig 80 0 0 0 0 0 0 0 0 0 0 0 0 254 127 0 0 0 0 0 0 0 0 0 0 0 0 0 0 0 0 0 0 0 0 0 0 0 0 0 0 0 0 0 0 0 0 0 0 0 0 0 0 0 0 0 0 0 0 0 0 0 0 0 0 0 0 0 0 0 0 0 0 0 0 0 0 0 0 0 0 data 14 0x20002 0xa6 0x70002 0x99 0x0 0x0 0x0 0x0 0x0 0x0 0x9 0x2 0x0 0x0 oops 0 methods 0
ciMethodData java/lang/System getSecurityManager ()Ljava/lang/SecurityManager; 2 190432 orig 80 0 0 0 0 0 0 0 0 0 0 0 0 254 127 0 0 0 0 0 0 0 0 0 0 0 0 0 0 0 0 0 0 0 0 0 0 0 0 0 0 0 0 0 0 0 0 0 0 0 0 0 0 0 0 0 0 0 0 0 0 0 0 0 0 0 0 0 0 0 0 0 0 0 0 0 0 0 0 0 0 data 14 0x2 0x2e75f 0x30007 0x0 0x20 0x2e761 0x0 0x0 0x0 0x0 0x0 0x0 0x9 0x0 oops 0 methods 0
ciMethodData java/lang/System allowSecurityManager ()Z 2 190435 orig 80 0 0 0 0 0 0 0 0 0 0 0 0 254 127 0 0 0 0 0 0 0 0 0 0 0 0 0 0 0 0 0 0 0 0 0 0 0 0 0 0 0 0 0 0 0 0 0 0 0 0 0 0 0 0 0 0 0 0 0 0 0 0 0 0 0 0 0 0 0 0 0 0 0 0 0 0 0 0 0 0 data 11 0x40007 0x0 0x38 0x2e761 0x80003 0x2e761 0x18 0x0 0x0 0x9 0x0 oops 0 methods 0
ciMethodData java/util/HashMap putVal (ILjava/lang/Object;Ljava/lang/Object;ZZ)Ljava/lang/Object; 2 48425 orig 80 5 0 0 0 1 0 0 0 0 0 0 0 254 127 0 0 0 0 0 0 7 0 0 6 0 0 0 0 0 0 0 0 0 0 0 0 0 0 0 3 0 0 0 0 0 0 0 0 0 0 0 0 0 0 0 0 0 0 0 0 0 0 0 0 0 0 0 0 0 0 0 0 0 0 0 0 0 0 0 0 data 198 0x70007 0x154c 0x40 0xa6c6 0x100007 0xa6c6 0x58 0x0 0x140005 0x154c 0x0 0x0 0x0 0x0 0x0 0x2c0007 0x43d7 0xa8 0x783d 0x8000000700380005 0x9e 0x0 0x18278d4d630 0x6670 0x18279787c60 0x1133 0x3b0004 0x0 0x0 0x1827eab4ed0 0x670c 0x18279787d10 0x1133 0x3c0003 0x7840 0x410 0x450007 0x3365 0xd0 0x1071 0x510007 0xa16 0x98 0x65b 0x550007 0x0 0x90 0x65b 0x5b0005 0x44b 0x0 0x18279787dc0 0x2 0x18275013130 0x20e 0x80000006005e0007 0x4d 0x38 0x60f 0x650003 0x1025 0x2a8 0x6a0004 0xffffffffffffcc4e 0x0 0x1827eab4ed0 0x572 0x18279787d10 0xa 0x6d0007 0x33b2 0xa8 0x0 0x720004 0x0 0x0 0x0 0x0 0x0 0x0 0x7b0005 0x0 0x0 0x0 0x0 0x0 0x0 0x800003 0x0 0x1c8 0x8e0007 0x1301 0xc8 0x2ff6 0x8000000400980005 0x35 0x0 0x18278d4d630 0x2dcc 0x18279787c60 0x1fa 0x8000000600a20007 0x2ffa 0x158 0x2 0xa90005 0x2 0x0 0x0 0x0 0x0 0x0 0xac0003 0x2 0x100 0xb50007 0xf2c 0xd0 0x3d5 0xc10007 0x34f 0xc8 0x86 0xc50007 0x0 0x90 0x86 0x8000000700cb0005 0x5 0x0 0x18275013130 0x69 0x18279787e70 0x1a 0xce0007 0x1a 0x38 0x6e 0xd10003 0x6e 0x30 0xdb0003 0xf46 0xfffffffffffffe68 0xe00007 0x2ffc 0x98 0x13e2 0x8000000600ec0007 0x13e0 0x40 0x3 0xf10007 0x3 0x20 0x0 0x8000000400fd0005 0x0 0x0 0x18278d4d630 0xf73 0x18279787c60 0x473 0x11c0007 0xa5e1 0x58 0x255 0x1200005 0x255 0x0 0x0 0x0 0x0 0x0 0x1270005 0xd3 0x0 0x18278d4d630 0x9436 0x18279787c60 0x132d 0x0 0x0 0x0 0x0 0x0 0x0 0x0 0x0 0x0 0x9 0x6 0x0 0x0 0x0 0x0 0x0 0x0 oops 16 22 java/util/HashMap 24 java/util/LinkedHashMap 29 java/util/HashMap$Node 31 java/util/LinkedHashMap$Entry 51 sun/security/x509/AlgorithmId 53 java/lang/String 65 java/util/HashMap$Node 67 java/util/LinkedHashMap$Entry 97 java/util/HashMap 99 java/util/LinkedHashMap 130 java/lang/String 132 org/eclipse/jdt/internal/core/JarPackageFragment 159 java/util/HashMap 161 java/util/LinkedHashMap 177 java/util/HashMap 179 java/util/LinkedHashMap methods 0
ciMethodData java/util/HashMap resize ()[Ljava/util/HashMap$Node; 2 21901 orig 80 0 0 0 0 0 0 0 0 0 0 0 0 254 127 0 0 0 0 0 0 0 0 0 0 0 0 0 0 0 0 0 0 0 0 0 0 0 0 0 0 0 0 0 0 0 0 0 0 0 0 0 0 0 0 0 0 0 0 0 0 0 0 0 0 0 0 0 0 0 0 0 0 0 0 0 0 0 0 0 0 data 171 0x60007 0x12e 0x38 0xa18 0xa0003 0xa18 0x18 0x190007 0xa18 0x98 0x12e 0x1f0007 0x12e 0x20 0x0 0x330007 0x0 0x90 0x12e 0x390007 0x4 0x70 0x12a 0x410003 0x12a 0x50 0x450007 0x348 0x38 0x6d0 0x4b0003 0x6d0 0x18 0x580007 0x472 0x78 0x6d4 0x690007 0x0 0x58 0x6d4 0x710007 0x0 0x38 0x6d4 0x770003 0x6d4 0x18 0x930007 0xa18 0x378 0x12e 0x9c0007 0x12e 0x358 0x44df 0xa60007 0x1ff0 0x320 0x24ef 0xad0104 0x0 0x0 0x0 0x0 0x0 0x0 0xb30007 0xc15 0x70 0x18da 0xc40004 0x0 0x0 0x1827eab4ed0 0x1897 0x18279787d10 0x43 0xc50003 0x18da 0x270 0xca0004 0xfffffffffffff3eb 0x0 0x1827eab4ed0 0x33e 0x0 0x0 0xcd0007 0xc15 0xa8 0x0 0xd20004 0x0 0x0 0x0 0x0 0x0 0x0 0xdb0005 0x0 0x0 0x0 0x0 0x0 0x0 0xde0003 0x0 0x190 0xfb0007 0xd1b 0x70 0xedf 0x1000007 0x4f1 0x38 0x9ee 0x1070003 0x9ee 0x18 0x1150003 0xedf 0x50 0x11a0007 0x3f5 0x38 0x926 0x1210003 0x926 0x18 0x1340007 0xfe5 0xffffffffffffff58 0xc15 0x1390007 0x227 0x58 0x9ee 0x1480004 0x0 0x0 0x1827eab4ed0 0x9d1 0x18279787d10 0x1d 0x14b0007 0x2ef 0x58 0x926 0x15c0004 0x0 0x0 0x1827eab4ed0 0x911 0x18279787d10 0x15 0x1600003 0x44df 0xfffffffffffffcc0 0x0 0x0 0x0 0x0 0x0 0x0 0x0 0x0 0x0 0x9 0x1 0x0 oops 7 74 java/util/HashMap$Node 76 java/util/LinkedHashMap$Entry 84 java/util/HashMap$Node 141 java/util/HashMap$Node 143 java/util/LinkedHashMap$Entry 152 java/util/HashMap$Node 154 java/util/LinkedHashMap$Entry methods 0
ciMethodData java/util/HashMap newNode (ILjava/lang/Object;Ljava/lang/Object;Ljava/util/HashMap$Node;)Ljava/util/HashMap$Node; 2 8085 orig 80 0 0 0 0 0 0 0 0 0 0 0 0 254 127 0 0 0 0 0 0 0 0 0 0 0 0 0 0 0 0 0 0 0 0 0 0 0 0 0 0 0 0 0 0 0 0 0 0 0 0 0 0 0 0 0 0 0 0 0 0 0 0 0 0 0 0 0 0 0 0 0 0 0 0 0 0 0 0 0 0 data 11 0x90002 0x1e8d 0x0 0x0 0x9 0x5 0x0 0x0 0x0 0x0 0x0 oops 0 methods 0
ciMethodData java/util/HashMap treeifyBin ([Ljava/util/HashMap$Node;I)V 1 2 orig 80 0 0 0 0 0 0 0 0 0 0 0 0 254 127 0 0 0 0 0 0 0 0 0 0 0 0 0 0 0 0 0 0 0 0 0 0 0 0 0 0 0 0 0 0 0 0 0 0 0 0 0 0 0 0 0 0 0 0 0 0 0 0 0 0 0 0 0 0 0 0 0 0 0 0 0 0 0 0 0 0 data 69 0x10007 0x0 0x40 0x2 0xa0007 0x0 0x70 0x2 0xe0005 0x2 0x0 0x0 0x0 0x0 0x0 0x120003 0x2 0x158 0x220007 0x0 0x140 0x0 0x2f0005 0x0 0x0 0x0 0x0 0x0 0x0 0x360007 0x0 0x38 0x0 0x3d0003 0x0 0x18 0x5a0007 0x0 0xffffffffffffff90 0x0 0x630004 0x0 0x0 0x0 0x0 0x0 0x0 0x640007 0x0 0x58 0x0 0x6a0005 0x0 0x0 0x0 0x0 0x0 0x0 0x0 0x0 0x0 0x0 0x0 0x0 0x9 0x3 0xffffffffffffffff 0xffffffffffffffff 0x0 oops 0 methods 0
ciMethodData java/util/HashMap afterNodeAccess (Ljava/util/HashMap$Node;)V 2 1069 orig 80 0 0 0 0 0 0 0 0 0 0 0 0 254 127 0 0 0 0 0 0 0 0 0 0 0 0 0 0 0 0 0 0 0 0 0 0 0 0 0 0 0 0 0 0 0 0 0 0 0 0 0 0 0 0 0 0 0 0 0 0 0 0 0 0 0 0 0 0 0 0 0 0 0 0 0 0 0 0 0 0 data 5 0x0 0x9 0x2 0x0 0x0 oops 0 methods 0
ciMethodData java/util/HashMap afterNodeInsertion (Z)V 2 1607 orig 80 0 0 0 0 0 0 0 0 0 0 0 0 254 127 0 0 0 0 0 0 0 0 0 0 0 0 0 0 0 0 0 0 0 0 0 0 0 0 0 0 0 0 0 0 0 0 0 0 0 0 0 0 0 0 0 0 0 0 0 0 0 0 0 0 0 0 0 0 0 0 0 0 0 0 0 0 0 0 0 0 data 5 0x0 0x9 0x2 0x0 0x0 oops 0 methods 0
ciMethod java/nio/file/Path getFileSystem ()Ljava/nio/file/FileSystem; 0 0 1 0 -1
ciMethod java/nio/file/Path toAbsolutePath ()Ljava/nio/file/Path; 0 0 1 0 -1
ciMethod java/nio/file/Path toString ()Ljava/lang/String; 0 0 1 0 -1
ciMethod java/util/ListIterator hasPrevious ()Z 0 0 1 0 -1
ciMethod java/util/ListIterator previous ()Ljava/lang/Object; 0 0 1 0 -1
ciMethodData java/util/HashMap hash (Ljava/lang/Object;)I 2 83916 orig 80 1 0 0 0 0 0 0 0 0 0 0 0 254 127 0 0 0 0 0 0 0 0 0 0 0 0 0 0 0 0 0 0 0 0 0 0 0 0 0 4 0 0 0 0 0 0 0 0 0 0 0 0 0 0 0 0 0 0 0 0 0 0 0 0 0 0 0 0 0 0 0 0 0 0 0 0 0 0 0 0 data 23 0x8000000600010007 0x1462f 0x38 0xe 0x50003 0xe 0x50 0x90005 0x33ed 0x0 0x18275013130 0x11005 0x1827b7b9df0 0x241 0x0 0x0 0x0 0x0 0x0 0x0 0x9 0x1 0xffffffffffffffff oops 2 10 java/lang/String 12 java/lang/module/ModuleDescriptor methods 0
ciMethodData java/util/HashMap$Node <init> (ILjava/lang/Object;Ljava/lang/Object;Ljava/util/HashMap$Node;)V 2 14637 orig 80 0 0 0 0 0 0 0 0 0 0 0 0 254 127 0 0 0 0 0 0 0 0 0 0 0 0 0 0 0 0 0 0 0 0 0 0 0 0 0 0 0 0 0 0 0 0 0 0 0 0 0 0 0 0 0 0 0 0 0 0 0 0 0 0 0 0 0 0 0 0 0 0 0 0 0 0 0 0 0 0 data 13 0x10002 0x37a7 0x0 0x0 0x0 0x0 0x9 0x5 0xe 0x0 0x0 0x0 0x0 oops 0 methods 0
ciMethodData java/util/HashMap put (Ljava/lang/Object;Ljava/lang/Object;)Ljava/lang/Object; 2 23354 orig 80 5 0 0 0 0 0 0 0 0 0 0 0 254 127 0 0 0 0 0 0 0 0 0 0 0 0 0 0 0 0 0 0 0 0 0 0 0 0 0 0 0 0 0 0 0 0 0 0 0 0 0 0 0 0 0 0 0 0 0 0 0 0 0 0 0 0 0 0 0 0 0 0 0 0 0 0 0 0 0 0 data 20 0x20002 0x5933 0x90005 0x5935 0x0 0x0 0x0 0x0 0x0 0x0 0x0 0x0 0x0 0x0 0x0 0x9 0x3 0xffffffffffffffff 0xffffffffffffffff 0xffffffffffffffff oops 0 methods 0
ciMethodData java/util/HashMap getNode (Ljava/lang/Object;)Ljava/util/HashMap$Node; 2 30773 orig 80 2 0 0 0 0 0 0 0 0 0 0 0 254 127 0 0 0 0 0 0 0 0 0 2 0 0 0 0 0 0 0 0 0 0 0 0 0 0 0 2 0 0 0 0 0 0 0 0 0 0 0 0 0 0 0 0 0 0 0 0 0 0 0 0 0 0 0 0 0 0 0 0 0 0 0 0 0 0 0 0 data 103 0x60007 0x14b 0x2e8 0x7538 0xe0007 0x0 0x2c8 0x7537 0x170002 0x7537 0x210007 0x18b8 0x298 0x5c82 0x2a0007 0x19c6 0xb8 0x42bc 0x350007 0x1cd3 0x98 0x25ea 0x390007 0x0 0x78 0x25ea 0x3f0005 0x91 0x0 0x18275013130 0x2556 0x18278d4c8f0 0x3 0x8000000600420007 0xc 0x20 0x25df 0x4e0007 0x8b3 0x1c0 0x111f 0x520004 0xffffffffffffeee1 0x0 0x1827eab4ed0 0xc 0x0 0x0 0x550007 0x111f 0x90 0x0 0x590004 0x0 0x0 0x0 0x0 0x0 0x0 0x5f0005 0x0 0x0 0x0 0x0 0x0 0x0 0x6a0007 0x390 0xb8 0xf2e 0x760007 0x18f 0x98 0xd9f 0x7a0007 0x0 0x78 0xd9f 0x700800005 0xa 0x0 0x18275013130 0xd8a 0x18275016e10 0xd 0x8000000600830007 0x1 0x20 0xda1 0x910007 0x19f 0xffffffffffffff48 0x1f2 0x0 0x0 0x0 0x0 0x0 0x0 0x9 0x2 0x0 0xffffffffffffffff oops 5 29 java/lang/String 31 java/util/zip/ZipFile$Source$Key 44 java/util/HashMap$Node 81 java/lang/String 83 java/lang/Integer methods 0
ciMethodData java/util/HashMap get (Ljava/lang/Object;)Ljava/lang/Object; 2 26568 orig 80 2 0 0 0 0 0 0 0 0 0 0 0 254 127 0 0 0 0 0 0 0 0 0 0 0 0 0 0 0 0 0 0 0 0 0 0 0 0 0 0 0 0 0 0 0 0 0 0 0 0 0 0 0 0 0 0 0 0 0 0 0 0 0 0 0 0 0 0 0 0 0 0 0 0 0 0 0 0 0 0 data 24 0x20005 0x6424 0x0 0x0 0x0 0x0 0x0 0x70007 0x49f2 0x38 0x1a33 0xb0003 0x1a33 0x18 0x0 0x0 0x0 0x0 0x0 0x0 0x9 0x2 0x0 0xffffffffffffffff oops 0 methods 0
ciMethodData java/util/HashMap containsKey (Ljava/lang/Object;)Z 2 18722 orig 80 0 0 0 0 0 0 0 0 0 0 0 0 254 127 0 0 0 0 0 0 0 0 0 0 0 0 0 0 0 0 0 0 0 0 0 0 0 0 0 0 0 0 0 0 0 0 0 0 0 0 0 0 0 0 0 0 0 0 0 0 0 0 0 0 0 0 0 0 0 0 0 0 0 0 0 0 0 0 0 0 data 24 0x20005 0x4698 0x0 0x0 0x0 0x0 0x0 0x50007 0x3dc3 0x38 0x8d5 0x90003 0x8d5 0x18 0x0 0x0 0x0 0x0 0x0 0x0 0x9 0x2 0x0 0x0 oops 0 methods 0
ciMethodData java/util/AbstractMap <init> ()V 2 38158 orig 80 0 0 0 0 0 0 0 0 0 0 0 0 254 127 0 0 0 0 0 0 0 0 0 0 0 0 0 0 0 0 0 0 0 0 0 0 0 0 0 0 0 0 0 0 0 0 0 0 0 0 0 0 0 0 0 0 0 0 0 0 0 0 0 0 0 0 0 0 0 0 0 0 0 0 0 0 0 0 0 0 data 7 0x10002 0x938f 0x0 0x0 0x9 0x1 0x0 oops 0 methods 0
ciMethodData java/util/AbstractSet <init> ()V 2 38058 orig 80 0 0 0 0 0 0 0 0 0 0 0 0 254 127 0 0 0 0 0 0 0 0 0 0 0 0 0 0 0 0 0 0 0 0 0 0 0 0 0 0 0 0 0 0 0 0 0 0 0 0 0 0 0 0 0 0 0 0 0 0 0 0 0 0 0 0 0 0 0 0 0 0 0 0 0 0 0 0 0 0 data 7 0x10002 0x9301 0x0 0x0 0x9 0x1 0x0 oops 0 methods 0
ciMethod java/util/zip/ZipFile$ZipEntryIterator <init> (Ljava/util/zip/ZipFile;I)V 286 0 143 0 -1
ciMethod java/util/zip/ZipFile$ZipEntryIterator hasMoreElements ()Z 2092 0 10505 0 -1
ciMethod java/util/zip/ZipFile$ZipEntryIterator hasNext ()Z 644 0 21014 0 -1
ciMethod java/util/zip/ZipFile$ZipEntryIterator nextElement ()Ljava/util/zip/ZipEntry; 2090 0 10509 0 -1
ciMethod java/util/zip/ZipFile$ZipEntryIterator next ()Ljava/util/zip/ZipEntry; 2090 0 10509 0 -1
ciMethod java/util/zip/ZipFile$ZipEntryIterator nextElement ()Ljava/lang/Object; 2090 0 10509 0 -1
ciMethodData java/util/zip/ZipFile$ZipEntryIterator hasNext ()Z 2 21014 orig 80 0 0 0 0 0 0 0 0 0 0 0 0 254 127 0 0 0 0 0 0 0 0 0 0 0 0 0 0 0 0 0 0 0 0 0 0 0 0 0 0 0 0 0 0 0 0 0 0 0 0 0 0 0 0 0 0 0 0 0 0 0 0 0 0 0 0 0 0 0 0 0 0 0 0 0 0 0 0 0 0 data 14 0x80007 0xa 0x38 0x50ca 0xc0003 0x50ca 0x18 0x0 0x0 0x0 0x0 0x9 0x1 0x0 oops 0 methods 0
ciMethodData java/util/Objects requireNonNull (Ljava/lang/Object;Ljava/lang/String;)Ljava/lang/Object; 2 107037 orig 80 0 0 0 0 0 0 0 0 0 0 0 0 254 127 0 0 0 0 0 0 0 0 0 0 0 0 0 0 0 0 0 0 0 0 0 0 0 0 0 0 0 0 0 0 0 0 0 0 0 0 0 0 0 0 0 0 0 0 0 0 0 0 0 0 0 0 0 0 0 0 0 0 0 0 0 0 0 0 0 0 data 16 0x10007 0x1a0c3 0x30 0x0 0x90002 0x0 0x0 0x0 0x0 0x0 0x0 0x0 0x9 0x2 0x0 0xffffffffffffffff oops 0 methods 0
ciMethodData java/lang/String startsWith (Ljava/lang/String;I)Z 2 8347 orig 80 0 0 0 0 0 0 0 0 0 0 0 0 254 127 0 0 0 0 0 0 0 0 0 0 0 0 0 0 0 0 0 0 0 0 0 0 0 0 0 0 0 0 0 0 0 0 0 0 0 0 0 0 0 0 0 0 0 0 0 0 0 0 0 0 0 0 0 0 0 0 0 0 0 0 0 0 0 0 0 0 data 83 0x10007 0x20 0xb0 0x1757 0x60005 0x1757 0x0 0x0 0x0 0x0 0x0 0xa0005 0x1757 0x0 0x0 0x0 0x0 0x0 0xe0007 0x168e 0x20 0xc9 0x270005 0x168e 0x0 0x0 0x0 0x0 0x0 0x2f0005 0x168e 0x0 0x0 0x0 0x0 0x0 0x320007 0x0 0xb0 0x168e 0x370007 0x0 0x38 0x168e 0x3b0003 0x168e 0x18 0x470007 0x294 0x40 0x3391 0x590007 0x1f97 0xffffffffffffffe0 0x13fa 0x5e0003 0x294 0x88 0x630007 0x0 0x20 0x0 0x6c0007 0x0 0x50 0x0 0x740002 0x0 0x830007 0x0 0xffffffffffffffd0 0x0 0x0 0x0 0x0 0x0 0x0 0x0 0x9 0x3 0x0 0x0 0x0 oops 0 methods 0
ciMethodData java/util/zip/ZipFile ensureOpen ()V 2 5773 orig 80 0 0 0 0 0 0 0 0 0 0 0 0 254 127 0 0 0 0 0 0 0 0 0 0 0 0 0 0 0 0 0 0 0 0 0 0 0 0 0 0 0 0 0 0 0 0 0 0 0 0 0 0 0 0 0 0 0 0 0 0 0 0 0 0 0 0 0 0 0 0 0 0 0 0 0 0 0 0 0 0 data 21 0x40007 0x1403 0x30 0x0 0xe0002 0x0 0x190007 0x1403 0x30 0x0 0x230002 0x0 0x0 0x0 0x0 0x0 0x0 0x0 0x9 0x1 0x0 oops 0 methods 0
ciMethodData java/util/zip/ZipEntry <init> (Ljava/lang/String;)V 2 11291 orig 80 0 0 0 0 0 0 0 0 0 0 0 0 254 127 0 0 0 0 0 0 0 0 0 0 0 0 0 0 0 0 0 0 0 0 0 0 0 0 0 0 0 0 0 0 0 0 0 0 0 0 0 0 0 0 0 0 0 0 0 0 0 0 0 0 0 0 0 0 0 0 0 0 0 0 0 0 0 0 0 0 data 29 0x10002 0x2800 0x370002 0x2800 0x3c0005 0x2800 0x0 0x0 0x0 0x0 0x0 0x410007 0x2800 0x30 0x0 0x4a0002 0x0 0x0 0x0 0x0 0x0 0x0 0x0 0x0 0x0 0x9 0x2 0x1fe 0x0 oops 0 methods 0
ciMethodData java/util/zip/ZipFile$ZipEntryIterator hasMoreElements ()Z 2 10505 orig 80 0 0 0 0 0 0 0 0 0 0 0 0 254 127 0 0 0 0 0 0 0 0 0 0 0 0 0 0 0 0 0 0 0 0 0 0 0 0 0 0 0 0 0 0 0 0 0 0 0 0 0 0 0 0 0 0 0 0 0 0 0 0 0 0 0 0 0 0 0 0 0 0 0 0 0 0 0 0 0 0 data 16 0x10005 0x0 0x0 0x1827ea17c30 0x24f3 0x0 0x0 0x0 0x0 0x0 0x0 0x0 0x0 0x9 0x1 0x0 oops 1 3 java/util/zip/ZipFile$ZipEntryIterator methods 0
ciMethodData java/util/zip/ZipFile$ZipEntryIterator nextElement ()Ljava/lang/Object; 2 10509 orig 80 0 0 0 0 0 0 0 0 0 0 0 0 254 127 0 0 0 0 0 0 0 0 0 0 0 0 0 0 0 0 0 0 0 0 0 0 0 0 0 0 0 0 0 0 0 0 0 0 0 0 0 0 0 0 0 0 0 0 0 0 0 0 0 0 0 0 0 0 0 0 0 0 0 0 0 0 0 0 0 0 data 16 0x10005 0x0 0x0 0x1827ea17c30 0x24f8 0x0 0x0 0x0 0x0 0x0 0x0 0x0 0x0 0x9 0x1 0x6 oops 1 3 java/util/zip/ZipFile$ZipEntryIterator methods 0
ciMethodData java/util/zip/ZipFile$ZipEntryIterator nextElement ()Ljava/util/zip/ZipEntry; 2 10509 orig 80 0 0 0 0 0 0 0 0 0 0 0 0 254 127 0 0 0 0 0 0 0 0 0 0 0 0 0 0 0 0 0 0 0 0 0 0 0 0 0 0 0 0 0 0 0 0 0 0 0 0 0 0 0 0 0 0 0 0 0 0 0 0 0 0 0 0 0 0 0 0 0 0 0 0 0 0 0 0 0 0 data 16 0x10005 0x0 0x0 0x1827ea17c30 0x24f8 0x0 0x0 0x0 0x0 0x0 0x0 0x0 0x0 0x9 0x1 0x6 oops 1 3 java/util/zip/ZipFile$ZipEntryIterator methods 0
ciMethodData java/util/zip/ZipFile$ZipEntryIterator next ()Ljava/util/zip/ZipEntry; 2 10509 orig 80 0 0 0 0 0 0 0 0 0 0 0 0 254 127 0 0 0 0 0 0 0 0 0 0 0 0 0 0 0 0 0 0 0 0 0 0 0 0 0 0 0 0 0 0 0 0 0 0 0 0 0 0 0 0 0 0 0 0 0 0 0 0 0 0 0 0 0 0 0 0 0 0 0 0 0 0 0 0 0 0 data 43 0xb0005 0x24f8 0x0 0x0 0x0 0x0 0x0 0xf0005 0x0 0x0 0x1827ea17c30 0x24f8 0x0 0x0 0x120007 0x24f8 0x30 0x0 0x190002 0x0 0x390005 0x24f8 0x0 0x0 0x0 0x0 0x0 0x3c0005 0x24f8 0x0 0x0 0x0 0x0 0x0 0x0 0x0 0x0 0x0 0x0 0x0 0x9 0x1 0x0 oops 1 10 java/util/zip/ZipFile$ZipEntryIterator methods 0
ciMethodData java/lang/ref/Reference <init> (Ljava/lang/Object;Ljava/lang/ref/ReferenceQueue;)V 2 33862 orig 80 0 0 0 0 0 0 0 0 0 0 0 0 254 127 0 0 0 0 0 0 0 0 0 0 0 0 0 0 0 0 0 0 0 0 0 0 0 0 0 0 0 0 0 0 0 0 0 0 0 0 0 0 0 0 0 0 0 0 0 0 0 0 0 0 0 0 0 0 0 0 0 0 0 0 0 0 0 0 0 0 data 20 0x10002 0x8346 0xb0007 0x490a 0x38 0x3a3c 0x110003 0x3a3c 0x18 0x0 0x0 0x0 0x0 0x0 0x0 0x9 0x3 0x6 0x0 0x0 oops 0 methods 0
ciMethodData java/lang/String startsWith (Ljava/lang/String;)Z 2 142467 orig 80 0 0 0 0 0 0 0 0 0 0 0 0 254 127 0 0 0 0 0 0 0 0 0 0 0 0 0 0 0 0 0 0 0 0 0 0 0 0 0 0 0 0 0 0 0 0 0 0 0 0 0 0 0 0 0 0 0 0 0 0 0 0 0 0 0 0 0 0 0 0 0 0 0 0 0 0 0 0 0 0 data 17 0x30005 0x22b83 0x0 0x0 0x0 0x0 0x0 0x0 0x0 0x0 0x0 0x0 0x0 0x9 0x2 0x0 0x0 oops 0 methods 0
ciMethodData java/io/File isInvalid ()Z 2 5377 orig 80 0 0 0 0 0 0 0 0 0 0 0 0 254 127 0 0 0 0 0 0 0 0 0 0 0 0 0 0 0 0 0 0 0 0 0 0 0 0 0 0 0 0 0 0 0 0 0 0 0 0 0 0 0 0 0 0 0 0 0 0 0 0 0 0 0 0 0 0 0 0 0 0 0 0 0 0 0 0 0 0 data 34 0x60007 0x7bc 0x90 0xc45 0xd0005 0x0 0x0 0x182797394e0 0xc45 0x0 0x0 0x100007 0xc45 0x38 0x0 0x160003 0x0 0x18 0x260007 0x1401 0x38 0x0 0x2a0003 0x0 0x18 0x0 0x0 0x0 0x0 0x0 0x0 0x9 0x1 0x0 oops 1 7 java/io/WinNTFileSystem methods 0
ciMethodData java/io/WinNTFileSystem isInvalid (Ljava/io/File;)Z 2 3203 orig 80 0 0 0 0 0 0 0 0 0 0 0 0 254 127 0 0 0 0 0 0 0 0 0 0 0 0 0 0 0 0 0 0 0 0 0 0 0 0 0 0 0 0 0 0 0 0 0 0 0 0 0 0 0 0 0 0 0 0 0 0 0 0 0 0 0 0 0 0 0 0 0 0 0 0 0 0 0 0 0 0 data 81 0x10005 0x0 0x0 0x18209d4bbc0 0xc45 0x0 0x0 0x50005 0xc45 0x0 0x0 0x0 0x0 0x0 0x80007 0xc45 0x20 0x0 0x100007 0x0 0x20 0xc45 0x160005 0x0 0x0 0x0 0x0 0x0 0x0 0x1d0005 0x0 0x0 0x0 0x0 0x0 0x0 0x220007 0x0 0xd0 0x0 0x270007 0x0 0xb0 0x0 0x2d0005 0x0 0x0 0x0 0x0 0x0 0x0 0x300005 0x0 0x0 0x0 0x0 0x0 0x0 0x330007 0x0 0x20 0x0 0x3b0002 0x0 0x430005 0x0 0x0 0x0 0x0 0x0 0x0 0x0 0x0 0x0 0x0 0x0 0x0 0x9 0x2 0x0 0x0 oops 1 3 java/io/File methods 0
ciMethodData java/io/WinNTFileSystem isLetter (C)Z 2 11181 orig 80 0 0 0 0 0 0 0 0 0 0 0 0 254 127 0 0 0 0 0 0 0 0 0 0 0 0 0 0 0 0 0 0 0 0 0 0 0 0 0 0 0 0 0 0 0 0 0 0 0 0 0 0 0 0 0 0 0 0 0 0 0 0 0 0 0 0 0 0 0 0 0 0 0 0 0 0 0 0 0 0 data 24 0x30007 0x28f0 0x40 0x1bb 0x90007 0x1bb 0x60 0x0 0xf0007 0x5c 0x58 0x2894 0x150007 0x0 0x38 0x2894 0x190003 0x2a4f 0x18 0x0 0x9 0x2 0x0 0x0 oops 0 methods 0
ciMethodData java/io/WinNTFileSystem prefixLength (Ljava/lang/String;)I 2 7962 orig 80 0 0 0 0 0 0 0 0 0 0 0 0 254 127 0 0 0 0 0 0 0 0 0 0 0 0 0 0 0 0 0 0 0 0 0 0 0 0 0 0 0 0 0 0 0 0 0 0 0 0 0 0 0 0 0 0 0 0 0 0 0 0 0 0 0 0 0 0 0 0 0 0 0 0 0 0 0 0 0 0 data 80 0x60005 0x1e19 0x0 0x0 0x0 0x0 0x0 0xb0007 0x1e19 0x20 0x0 0x120005 0x1e19 0x0 0x0 0x0 0x0 0x0 0x190007 0x4 0x70 0x1e16 0x1e0005 0x1e16 0x0 0x0 0x0 0x0 0x0 0x210003 0x1e16 0x18 0x2a0007 0x1e1a 0x40 0x0 0x300007 0x0 0x20 0x0 0x3a0005 0x1e1a 0x0 0x0 0x0 0x0 0x0 0x3d0007 0x18 0xb8 0x1e01 0x440007 0x114 0x98 0x1ced 0x490007 0x3 0x78 0x1cea 0x4e0005 0x1cea 0x0 0x0 0x0 0x0 0x0 0x520007 0x0 0x20 0x1ceb 0x0 0x0 0x0 0x0 0x0 0x0 0x9 0x2 0x0 0x0 oops 0 methods 0
ciMethodData java/io/WinNTFileSystem normalize (Ljava/lang/String;)Ljava/lang/String; 2 89733 orig 80 1 0 0 0 0 0 0 0 0 0 0 0 254 127 0 0 0 0 0 0 0 0 0 0 0 0 0 0 0 0 0 0 0 0 0 0 0 0 0 0 0 0 0 0 0 0 0 0 0 0 0 0 0 0 0 0 0 0 0 0 0 0 0 0 0 0 0 0 0 0 0 0 0 0 0 0 0 0 0 0 data 94 0x10005 0x801 0x0 0x0 0x0 0x0 0x0 0x190007 0x499 0x210 0x15b46 0x1f0005 0x15b46 0x0 0x0 0x0 0x0 0x0 0x280007 0x15852 0x90 0x2f4 0x310007 0x2f4 0x38 0x0 0x380003 0x0 0x18 0x3d0005 0x2f4 0x0 0x0 0x0 0x0 0x0 0x440007 0x141ca 0x98 0x1688 0x4a0007 0x1688 0x78 0x0 0x500007 0x0 0x58 0x0 0x5a0005 0x0 0x0 0x0 0x0 0x0 0x0 0x620007 0x1549f 0x78 0x3b3 0x680007 0x33f 0x58 0x74 0x6f0005 0x74 0x0 0x0 0x0 0x0 0x0 0x7a0003 0x157de 0xfffffffffffffe08 0x800007 0x463 0x58 0x36 0x890005 0x36 0x0 0x0 0x0 0x0 0x0 0x0 0x0 0x0 0x0 0x0 0x0 0x9 0x2 0xffffffffffffffff 0xffffffffffffffff oops 0 methods 0
ciMethod java/util/zip/ZipFile <init> (Ljava/io/File;I)V 512 0 1692 0 0
ciMethod java/util/zip/ZipFile <init> (Ljava/io/File;)V 512 0 599 0 0
ciMethod java/util/zip/ZipFile <init> (Ljava/io/File;ILjava/nio/charset/Charset;)V 512 0 1692 0 0
ciMethod java/util/zip/ZipFile getInputStream (Ljava/util/zip/ZipEntry;)Ljava/io/InputStream; 512 0 15118 0 -1
ciMethod java/util/zip/ZipFile entries ()Ljava/util/Enumeration; 282 0 141 0 -1
ciMethod java/util/zip/ZipFile getZipEntry (Ljava/lang/String;I)Ljava/util/zip/ZipEntry; 2102 0 10279 0 -1
ciMethod java/util/zip/ZipFile close ()V 512 0 1063 0 -1
ciMethod java/util/zip/ZipFile ensureOpen ()V 1300 0 5773 0 -1
ciMethod java/util/jar/JarFile <init> (Ljava/lang/String;)V 282 0 141 0 -1
ciMethod java/util/jar/JarFile getManifest ()Ljava/util/jar/Manifest; 512 0 2659 0 -1
ciMethod java/util/zip/ZipFile$CleanableResource <init> (Ljava/util/zip/ZipFile;Ljava/util/zip/ZipCoder;Ljava/io/File;I)V 512 0 1692 0 0
ciMethod java/util/zip/ZipFile$CleanableResource clean ()V 512 0 1063 0 -1
ciMethod java/util/zip/ZipCoder get (Ljava/nio/charset/Charset;)Ljava/util/zip/ZipCoder; 512 0 1693 0 0
ciMethod java/util/zip/ZipCoder isUTF8 ()Z 0 0 1 0 -1
ciMethod java/util/zip/ZipCoder <init> (Ljava/nio/charset/Charset;)V 2 0 1 0 -1
ciMethod java/util/zip/ZipCoder$UTF8ZipCoder isUTF8 ()Z 400 0 200 0 0
ciMethod java/util/zip/ZipFile$Source checkAndAddEntry (II)I 1260 0 28621 0 -1
ciMethod java/util/zip/ZipFile$Source getEntryPos (I)I 1794 0 12352 0 -1
ciMethod java/util/zip/ZipFile$Source get (Ljava/io/File;ZLjava/util/zip/ZipCoder;)Ljava/util/zip/ZipFile$Source; 768 0 1692 0 0
ciMethod java/util/zip/ZipFile$Source <init> (Ljava/util/zip/ZipFile$Source$Key;ZLjava/util/zip/ZipCoder;)V 512 0 789 0 0
ciMethod java/util/zip/ZipFile$Source close ()V 252 0 451 0 -1
ciMethod java/util/zip/ZipFile$Source readFullyAt ([BIIJ)I 512 554 6455 0 1056
ciMethod java/util/zip/ZipFile$Source findEND ()Ljava/util/zip/ZipFile$Source$End; 204 0 789 0 -1
ciMethod java/util/zip/ZipFile$Source initCEN (I)V 444 98304 365 0 -1
ciMethod java/util/zip/ZipFile$Source nextEntryPos (III)I 2142 0 63431 0 -1
ciMethod java/util/zip/ZipFile$Source zerror (Ljava/lang/String;)V 0 0 1 0 -1
ciMethod java/util/zip/ZipFile$Source isMetaName ([BII)Z 26984 0 28499 0 -1
ciMethod java/util/zip/ZipFile$Source isManifestName (II)Z 768 0 1521 0 -1
ciMethod java/util/zip/ZipFile$Source isSignatureRelated (II)Z 512 0 1157 0 -1
ciMethod java/util/zip/ZipFile$Source getMetaVersion (II)I 520 0 1157 0 -1
ciMethod java/util/zip/ZipFile$Source countCENHeaders ([BI)I 0 0 1 0 -1
ciMethod java/util/zip/ZipFile$Source$Key <init> (Ljava/io/File;Ljava/nio/file/attribute/BasicFileAttributes;Ljava/util/zip/ZipCoder;)V 768 0 1692 0 0
ciMethod java/util/zip/ZipFile$Source$Key hashCode ()I 770 0 3719 0 0
ciMethod java/util/zip/ZipFile$Source$Key equals (Ljava/lang/Object;)Z 512 0 903 0 0
ciMethod java/nio/file/FileSystems getDefault ()Ljava/nio/file/FileSystem; 676 0 43968 0 128
ciMethod sun/nio/fs/DefaultFileSystemProvider theFileSystem ()Ljava/nio/file/FileSystem; 2 0 1 0 -1
ciMethod sun/nio/fs/WindowsFileSystemProvider getFileAttributeView (Ljava/nio/file/Path;Ljava/lang/Class;[Ljava/nio/file/LinkOption;)Ljava/nio/file/attribute/FileAttributeView; 512 0 5381 0 672
ciMethod sun/nio/fs/WindowsFileSystemProvider readAttributes (Ljava/nio/file/Path;Ljava/lang/Class;[Ljava/nio/file/LinkOption;)Ljava/nio/file/attribute/BasicFileAttributes; 512 0 5382 0 1184
ciMethod java/nio/file/spi/FileSystemProvider readAttributes (Ljava/nio/file/Path;Ljava/lang/Class;[Ljava/nio/file/LinkOption;)Ljava/nio/file/attribute/BasicFileAttributes; 0 0 1 0 -1
ciMethod sun/nio/fs/WindowsFileSystem provider ()Ljava/nio/file/spi/FileSystemProvider; 262 0 131 0 0
ciMethod sun/nio/fs/WindowsFileSystem getPath (Ljava/lang/String;[Ljava/lang/String;)Ljava/nio/file/Path; 648 4 6478 0 960
ciMethod java/nio/file/FileSystem provider ()Ljava/nio/file/spi/FileSystemProvider; 0 0 1 0 -1
ciMethod java/nio/file/FileSystem getPath (Ljava/lang/String;[Ljava/lang/String;)Ljava/nio/file/Path; 0 0 1 0 -1
ciMethod sun/nio/fs/WindowsPathParser parse (Ljava/lang/String;)Lsun/nio/fs/WindowsPathParser$Result; 768 0 6531 0 0
ciMethod sun/nio/fs/WindowsPathParser parse (Ljava/lang/String;Z)Lsun/nio/fs/WindowsPathParser$Result; 514 0 13963 0 -1
ciMethod sun/nio/fs/WindowsPathParser normalize (Ljava/lang/StringBuilder;Ljava/lang/String;I)Ljava/lang/String; 202 26770 1505 0 -1
ciMethod sun/nio/fs/WindowsPathParser isSlash (C)Z 654 0 222863 0 -1
ciMethod sun/nio/fs/WindowsPathParser nextNonSlash (Ljava/lang/String;II)I 514 442 14295 0 -1
ciMethod sun/nio/fs/WindowsPathParser nextSlash (Ljava/lang/String;II)I 0 0 1 0 -1
ciMethod sun/nio/fs/WindowsPathParser isLetter (C)Z 526 0 13959 0 -1
ciMethod sun/nio/fs/WindowsPathParser$Result <init> (Lsun/nio/fs/WindowsPathType;Ljava/lang/String;Ljava/lang/String;)V 534 0 13965 0 -1
ciMethod sun/nio/fs/WindowsPathParser$Result type ()Lsun/nio/fs/WindowsPathType; 256 0 128 0 0
ciMethod sun/nio/fs/WindowsPathParser$Result root ()Ljava/lang/String; 256 0 128 0 0
ciMethod sun/nio/fs/WindowsPathParser$Result path ()Ljava/lang/String; 256 0 128 0 0
ciMethod sun/nio/fs/WindowsPath <init> (Lsun/nio/fs/WindowsFileSystem;Lsun/nio/fs/WindowsPathType;Ljava/lang/String;Ljava/lang/String;)V 2572 0 17956 0 0
ciMethod sun/nio/fs/WindowsPath parse (Lsun/nio/fs/WindowsFileSystem;Ljava/lang/String;)Lsun/nio/fs/WindowsPath; 768 0 6530 0 288
ciMethod sun/nio/fs/WindowsPath getPathForExceptionMessage ()Ljava/lang/String; 260 0 130 0 -1
ciMethod sun/nio/fs/WindowsPath getPathForPermissionCheck ()Ljava/lang/String; 256 0 128 0 -1
ciMethod sun/nio/fs/WindowsPath getPathForWin32Calls ()Ljava/lang/String; 768 0 5509 0 -1
ciMethod sun/nio/fs/WindowsPath toWindowsPath (Ljava/nio/file/Path;)Lsun/nio/fs/WindowsPath; 684 0 12631 0 160
ciMethod sun/nio/fs/WindowsPath openForReadAttributeAccess (Z)J 4102 0 8792 1 -1
ciMethod sun/nio/fs/WindowsPath checkRead ()V 646 0 21075 0 0
ciMethod java/nio/file/attribute/BasicFileAttributes lastModifiedTime ()Ljava/nio/file/attribute/FileTime; 0 0 1 0 -1
ciMethod java/nio/file/attribute/BasicFileAttributes fileKey ()Ljava/lang/Object; 0 0 1 0 -1
ciMethod java/nio/file/Files provider (Ljava/nio/file/Path;)Ljava/nio/file/spi/FileSystemProvider; 4098 0 47706 0 160
ciMethod java/nio/file/Files readAttributes (Ljava/nio/file/Path;Ljava/lang/Class;[Ljava/nio/file/LinkOption;)Ljava/nio/file/attribute/BasicFileAttributes; 4148 0 40775 0 0
ciMethod java/nio/file/attribute/BasicFileAttributeView readAttributes ()Ljava/nio/file/attribute/BasicFileAttributes; 0 0 1 0 -1
ciMethod sun/nio/fs/Util followLinks ([Ljava/nio/file/LinkOption;)Z 514 226 5378 0 192
ciMethod sun/nio/fs/WindowsFileAttributeViews createBasicView (Lsun/nio/fs/WindowsPath;Z)Lsun/nio/fs/WindowsFileAttributeViews$Basic; 378 0 1589 0 0
ciMethod sun/nio/fs/WindowsFileAttributeViews createDosView (Lsun/nio/fs/WindowsPath;Z)Lsun/nio/fs/WindowsFileAttributeViews$Dos; 134 0 3792 0 -1
ciMethod sun/nio/fs/WindowsFileAttributeViews$Basic <init> (Lsun/nio/fs/WindowsPath;Z)V 512 0 5381 0 0
ciMethod sun/nio/fs/WindowsFileAttributeViews$Basic readAttributes ()Lsun/nio/fs/WindowsFileAttributes; 512 0 5382 0 0
ciMethod sun/nio/fs/WindowsFileAttributeViews$Basic readAttributes ()Ljava/nio/file/attribute/BasicFileAttributes; 512 0 5382 0 0
ciMethod sun/nio/fs/AbstractBasicFileAttributeView <init> ()V 512 0 5381 0 0
ciMethod sun/nio/fs/WindowsFileAttributes toFileTime (J)Ljava/nio/file/attribute/FileTime; 516 0 6426 0 320
ciMethod sun/nio/fs/WindowsFileAttributes fromFileAttributeData (JI)Lsun/nio/fs/WindowsFileAttributes; 768 0 5405 0 -1
ciMethod sun/nio/fs/WindowsFileAttributes getBufferForFindData ()Lsun/nio/fs/NativeBuffer; 0 0 2552 0 -1
ciMethod sun/nio/fs/WindowsFileAttributes fromFindData (J)Lsun/nio/fs/WindowsFileAttributes; 4098 0 3662 0 -1
ciMethod sun/nio/fs/WindowsFileAttributes readAttributes (J)Lsun/nio/fs/WindowsFileAttributes; 4120 0 9467 0 -1
ciMethod sun/nio/fs/WindowsFileAttributes get (Lsun/nio/fs/WindowsPath;Z)Lsun/nio/fs/WindowsFileAttributes; 524 0 5406 0 7456
ciMethod sun/nio/fs/WindowsFileAttributes isReparsePoint (I)Z 768 0 14426 0 -1
ciMethod sun/nio/fs/WindowsFileAttributes lastModifiedTime ()Ljava/nio/file/attribute/FileTime; 516 0 8495 0 320
ciMethod sun/nio/fs/WindowsFileAttributes isReparsePoint ()Z 0 0 1 0 -1
ciMethod sun/nio/fs/NativeBuffers getNativeBuffer (I)Lsun/nio/fs/NativeBuffer; 512 0 15369 0 -1
ciMethod sun/nio/fs/NativeBuffer release ()V 772 0 33932 0 -1
ciMethod sun/nio/fs/NativeBuffer address ()J 256 0 128 0 -1
ciMethod sun/nio/fs/WindowsNativeDispatcher CloseHandle (J)V 512 0 256 0 -1
ciMethod sun/nio/fs/WindowsNativeDispatcher FindFirstFile (Ljava/lang/String;J)J 0 0 1 0 -1
ciMethod sun/nio/fs/WindowsNativeDispatcher FindClose (J)V 768 0 384 0 -1
ciMethod sun/nio/fs/WindowsNativeDispatcher GetFileAttributesEx (Ljava/lang/String;J)V 768 0 5406 0 -1
ciMethod java/util/Enumeration hasMoreElements ()Z 0 0 1 0 -1
ciMethod java/util/Enumeration nextElement ()Ljava/lang/Object; 0 0 1 0 -1
ciMethod java/io/RandomAccessFile <init> (Ljava/io/File;Ljava/lang/String;)V 512 0 954 0 0
ciMethod java/io/RandomAccessFile <init> (Ljava/io/File;Ljava/lang/String;Z)V 512 0 954 0 0
ciMethod java/io/RandomAccessFile open0 (Ljava/lang/String;I)V 770 0 385 0 -1
ciMethod java/io/RandomAccessFile open (Ljava/lang/String;I)V 512 0 954 0 0
ciMethod java/io/RandomAccessFile readBytes ([BII)I 512 0 256 0 -1
ciMethod java/io/RandomAccessFile read ([BII)I 514 0 10767 0 0
ciMethod java/io/RandomAccessFile readFully ([BII)V 512 0 5378 0 160
ciMethod java/io/RandomAccessFile seek (J)V 512 0 11985 0 0
ciMethod java/io/RandomAccessFile seek0 (J)V 512 0 256 0 -1
ciMethod java/io/RandomAccessFile close ()V 292 0 640 0 0
ciMethod jdk/internal/access/JavaIORandomAccessFileAccess openAndDelete (Ljava/io/File;Ljava/lang/String;)Ljava/io/RandomAccessFile; 0 0 1 0 -1
ciMethod java/io/FileCleanable register (Ljava/io/FileDescriptor;)V 512 0 2411 0 0
ciMethod java/io/FileCleanable <init> (Ljava/io/FileDescriptor;Ljava/lang/ref/Cleaner;IJ)V 512 0 2411 0 -1
ciMethod java/util/zip/ZipUtils SH ([BI)I 592 0 514957 0 160
ciMethod java/util/zip/ZipUtils LG ([BI)J 568 0 108357 0 224
ciMethod java/util/zip/ZipUtils LOCSIG ([B)J 512 0 5458 0 0
ciMethod java/util/concurrent/TimeUnit toMillis (J)J 770 0 5507 0 224
ciMethod java/nio/file/attribute/FileTime <init> (JLjava/util/concurrent/TimeUnit;Ljava/time/Instant;)V 770 0 5505 0 96
ciMethod java/nio/file/attribute/FileTime from (JLjava/util/concurrent/TimeUnit;)Ljava/nio/file/attribute/FileTime; 520 0 5381 0 224
ciMethod java/nio/file/attribute/FileTime toMillis ()J 770 0 5507 0 224
ciMethod java/nio/file/attribute/FileTime toInstant ()Ljava/time/Instant; 0 0 1 0 -1
ciMethod java/nio/file/attribute/FileTime equals (Ljava/lang/Object;)Z 512 0 903 0 0
ciMethod java/nio/file/attribute/FileTime toDays ()J 0 0 1 0 -1
ciMethod java/nio/file/attribute/FileTime toExcessNanos (J)J 0 0 1 0 -1
ciMethod java/nio/file/attribute/FileTime compareTo (Ljava/nio/file/attribute/FileTime;)I 512 0 903 0 0
ciMethod jdk/internal/perf/PerfCounter get ()J 524 0 5404 0 0
ciMethod jdk/internal/perf/PerfCounter add (J)V 524 0 5404 0 576
ciMethod jdk/internal/perf/PerfCounter increment ()V 404 0 4000 0 0
ciMethod jdk/internal/perf/PerfCounter addElapsedTimeFrom (J)V 512 0 5378 0 512
ciMethod jdk/internal/perf/PerfCounter getZipFileCount ()Ljdk/internal/perf/PerfCounter; 510 0 1692 0 0
ciMethod jdk/internal/perf/PerfCounter getZipFileOpenTime ()Ljdk/internal/perf/PerfCounter; 510 0 1692 0 0
ciMethod java/nio/DirectLongBufferU ix (I)J 512 0 1280 0 64
ciMethod java/nio/DirectLongBufferU get (I)J 524 0 5404 0 0
ciMethod java/nio/DirectLongBufferU put (IJ)Ljava/nio/LongBuffer; 524 0 5404 0 0
ciMethod java/nio/LongBuffer get (I)J 0 0 1 0 -1
ciMethod java/nio/LongBuffer put (IJ)Ljava/nio/LongBuffer; 0 0 1 0 -1
ciMethod java/util/zip/ZipEntry <init> (Ljava/lang/String;)V 2102 0 11291 0 -1
ciMethod java/util/zip/ZipEntry getName ()Ljava/lang/String; 256 0 128 0 -1
ciMethod java/util/zip/ZipEntry getSize ()J 270 0 135 0 -1
ciMethodData java/util/zip/ZipUtils SH ([BI)I 2 514957 orig 80 0 0 0 0 0 0 0 0 0 0 0 0 254 127 0 0 0 0 0 0 0 0 0 0 0 0 0 0 0 0 0 0 0 0 0 0 0 0 0 0 0 0 0 0 0 0 0 0 0 0 0 0 0 0 0 0 0 0 0 0 0 0 0 0 0 0 0 0 0 0 0 0 0 0 0 0 0 0 0 0 data 8 0x0 0x0 0x0 0x0 0x9 0x2 0x0 0x0 oops 0 methods 0
ciMethodData java/util/zip/ZipUtils LG ([BI)J 2 108357 orig 80 0 0 0 0 0 0 0 0 0 0 0 0 254 127 0 0 0 0 0 0 0 0 0 0 0 0 0 0 0 0 0 0 0 0 0 0 0 0 0 0 0 0 0 0 0 0 0 0 0 0 0 0 0 0 0 0 0 0 0 0 0 0 0 0 0 0 0 0 0 0 0 0 0 0 0 0 0 0 0 0 data 14 0x20002 0x1a629 0x90002 0x1a629 0x0 0x0 0x0 0x0 0x0 0x0 0x9 0x2 0x0 0x0 oops 0 methods 0
ciMethod java/util/jar/Attributes getValue (Ljava/lang/String;)Ljava/lang/String; 512 0 495 0 -1
ciMethod java/util/zip/Checksum update ([B)V 514 0 714 0 -1
ciMethod java/util/zip/CRC32 <init> ()V 858 0 697 0 -1
ciMethod java/util/zip/CRC32 getValue ()J 2910 0 1595 0 -1
ciMethod java/io/IOException <init> (Ljava/lang/String;)V 182 0 350 0 -1
ciMethodData java/lang/ref/Reference reachabilityFence (Ljava/lang/Object;)V 2 836879 orig 80 0 0 0 0 0 0 0 0 0 0 0 0 254 127 0 0 0 0 0 0 0 0 0 0 0 0 0 0 0 0 0 0 0 0 0 0 0 0 0 0 0 0 0 0 0 0 0 0 0 0 0 0 0 0 0 0 0 0 0 0 0 0 0 0 0 0 0 0 0 0 0 0 0 0 0 0 0 0 0 0 data 4 0x0 0x9 0x1 0x0 oops 0 methods 0
ciMethodData java/nio/Buffer scope ()Ljdk/internal/misc/ScopedMemoryAccess$Scope; 2 407030 orig 80 0 0 0 0 0 0 0 0 0 0 0 0 254 127 0 0 0 0 0 0 0 0 0 0 0 0 0 0 0 0 0 0 0 0 0 0 0 0 0 0 0 0 0 0 0 0 0 0 0 0 0 0 0 0 0 0 0 0 0 0 0 0 0 0 0 0 0 0 0 0 0 0 0 0 0 0 0 0 0 0 data 20 0x40007 0x634ec 0x58 0x0 0xb0005 0x0 0x0 0x0 0x0 0x0 0x0 0x0 0x0 0x0 0x0 0x0 0x0 0x9 0x1 0x0 oops 0 methods 0
ciMethodData java/nio/Buffer checkIndex (I)I 2 2680 orig 80 0 0 0 0 0 0 0 0 0 0 0 0 254 127 0 0 0 0 0 0 0 0 0 0 0 0 0 0 0 0 0 0 0 0 0 0 0 0 0 0 0 0 0 0 0 0 0 0 0 0 0 0 0 0 0 0 0 0 0 0 0 0 0 0 0 0 0 0 0 0 0 0 0 0 0 0 0 0 0 0 data 18 0x10007 0x0 0x40 0x91e 0x90007 0x91e 0x30 0x0 0x100002 0x0 0x0 0x0 0x0 0x0 0x9 0x2 0x0 0x0 oops 0 methods 0
ciMethod java/util/TreeSet <init> ()V 14 0 49 0 -1
ciMethodData java/lang/String contains (Ljava/lang/CharSequence;)Z 2 52910 orig 80 0 0 0 0 0 0 0 0 0 0 0 0 254 127 0 0 0 0 0 0 0 0 0 0 0 0 0 0 0 0 0 0 0 0 0 0 0 0 0 0 0 0 0 0 0 0 0 0 0 0 0 0 0 0 0 0 0 0 0 0 0 0 0 0 0 0 0 0 0 0 0 0 0 0 0 0 0 0 0 0 data 31 0x20005 0x0 0x0 0x18275013130 0xcd87 0x0 0x0 0x70005 0xcd87 0x0 0x0 0x0 0x0 0x0 0xa0007 0xccd1 0x38 0xb6 0xe0003 0xb6 0x18 0x0 0x0 0x0 0x0 0x0 0x0 0x9 0x2 0x0 0xffffffffffffffff oops 1 3 java/lang/String methods 0
ciMethodData java/lang/String indexOf (Ljava/lang/String;)I 2 18837 orig 80 1 0 0 0 0 0 0 0 0 0 0 0 254 127 0 0 0 0 0 0 0 0 0 0 0 0 0 0 0 0 0 0 0 0 0 0 0 0 0 1 0 0 0 0 0 0 0 0 0 0 0 0 0 0 0 0 0 0 0 0 0 0 0 0 0 0 0 0 0 0 0 0 0 0 0 0 0 0 0 0 data 52 0x10005 0x4834 0x0 0x0 0x0 0x0 0x0 0x70005 0x4835 0x0 0x0 0x0 0x0 0x0 0x80000006000a0007 0x1 0xb0 0x4835 0xe0005 0x4836 0x0 0x0 0x0 0x0 0x0 0x110007 0x0 0x48 0x4834 0x1c0002 0x4834 0x1f0003 0x483a 0x28 0x2a0002 0x0 0x2f0007 0x1 0x20 0x0 0x3c0002 0x1 0x0 0x0 0x0 0x0 0x0 0x0 0x9 0x2 0x0 0x0 oops 0 methods 0
ciMethod java/io/RandomAccessFile$1 <init> (Ljava/io/RandomAccessFile;)V 500 0 614 0 -1
ciMethod sun/nio/fs/WindowsAclFileAttributeView <init> (Lsun/nio/fs/WindowsPath;Z)V 0 0 1 0 -1
ciMethodData jdk/internal/ref/CleanerImpl getCleanerImpl (Ljava/lang/ref/Cleaner;)Ljdk/internal/ref/CleanerImpl; 2 12802 orig 80 0 0 0 0 0 0 0 0 0 0 0 0 254 127 0 0 0 0 0 0 0 0 0 0 0 0 0 0 0 0 0 0 0 0 0 0 0 0 0 0 0 0 0 0 0 0 0 0 0 0 0 0 0 0 0 0 0 0 0 0 0 0 0 0 0 0 0 0 0 0 0 0 0 0 0 0 0 0 0 0 data 23 0x40005 0x0 0x0 0x18279354640 0x3101 0x0 0x0 0x90004 0x0 0x0 0x18279351cf0 0x30ff 0x0 0x0 0x0 0x0 0x0 0x0 0x0 0x0 0x9 0x1 0xffffffffffffffff oops 2 3 java/lang/ref/Cleaner$1 10 jdk/internal/ref/CleanerImpl methods 0
ciMethodData java/lang/ref/Cleaner$1 apply (Ljava/lang/Object;)Ljava/lang/Object; 2 5381 orig 80 0 0 0 0 0 0 0 0 0 0 0 0 254 127 0 0 0 0 0 0 0 0 0 0 0 0 0 0 0 0 0 0 0 0 0 0 0 0 0 0 0 0 0 0 0 0 0 0 0 0 0 0 0 0 0 0 0 0 0 0 0 0 0 0 0 0 0 0 0 0 0 0 0 0 0 0 0 0 0 0 data 24 0x20004 0x0 0x0 0x182757b6df0 0x1404 0x0 0x0 0x50005 0x0 0x0 0x18279354640 0x1404 0x0 0x0 0x0 0x0 0x0 0x0 0x0 0x0 0x9 0x2 0x0 0x0 oops 2 3 java/lang/ref/Cleaner 10 java/lang/ref/Cleaner$1 methods 0
ciMethodData java/lang/ref/Cleaner$1 apply (Ljava/lang/ref/Cleaner;)Ljdk/internal/ref/CleanerImpl; 2 5381 orig 80 0 0 0 0 0 0 0 0 0 0 0 0 254 127 0 0 0 0 0 0 0 0 0 0 0 0 0 0 0 0 0 0 0 0 0 0 0 0 0 0 0 0 0 0 0 0 0 0 0 0 0 0 0 0 0 0 0 0 0 0 0 0 0 0 0 0 0 0 0 0 0 0 0 0 0 0 0 0 0 0 data 6 0x0 0x0 0x9 0x2 0x0 0x0 oops 0 methods 0
ciMethodData java/lang/Float isNaN (F)Z 2 11051 orig 80 0 0 0 0 0 0 0 0 0 0 0 0 254 127 0 0 0 0 0 0 0 0 0 0 0 0 0 0 0 0 0 0 0 0 0 0 0 0 0 0 0 0 0 0 0 0 0 0 0 0 0 0 0 0 0 0 0 0 0 0 0 0 0 0 0 0 0 0 0 0 0 0 0 0 0 0 0 0 0 0 data 11 0x30007 0x2756 0x38 0x0 0x70003 0x0 0x18 0x0 0x9 0x1 0x0 oops 0 methods 0
ciMethod java/io/FilePermission init (I)V 174 0 87 0 -1
ciMethod java/io/FilePermission <init> (Ljava/lang/String;Ljava/lang/String;)V 174 0 87 0 -1
ciMethod java/io/FilePermission getMask (Ljava/lang/String;)I 174 0 87 0 -1
ciMethod java/util/NoSuchElementException <init> ()V 0 0 1 0 -1
ciMethod jdk/internal/misc/ScopedMemoryAccess$Scope checkValidState ()V 0 0 1 0 -1
ciMethodData java/io/RandomAccessFile read ([BII)I 2 10767 orig 80 0 0 0 0 0 0 0 0 0 0 0 0 254 127 0 0 0 0 0 0 0 0 0 0 0 0 0 0 0 0 0 0 0 0 0 0 0 0 0 0 0 0 0 0 0 0 0 0 0 0 0 0 0 0 0 0 0 0 0 0 0 0 0 0 0 0 0 0 0 0 0 0 0 0 0 0 0 0 0 0 data 19 0x40005 0x290e 0x0 0x0 0x0 0x0 0x0 0x0 0x0 0x0 0x0 0x0 0x0 0x9 0x4 0x0 0x0 0x0 0x0 oops 0 methods 0
ciMethodData java/nio/DirectLongBufferU ix (I)J 2 1280 orig 80 0 0 0 0 0 0 0 0 0 0 0 0 254 127 0 0 0 0 0 0 0 0 0 0 0 0 0 0 0 0 0 0 0 0 0 0 0 0 0 0 0 0 0 0 0 0 0 0 0 0 0 0 0 0 0 0 0 0 0 0 0 0 0 0 0 0 0 0 0 0 0 0 0 0 0 0 0 0 0 0 data 7 0x0 0x0 0x0 0x9 0x2 0x0 0x0 oops 0 methods 0
ciMethodData java/io/RandomAccessFile seek (J)V 2 11985 orig 80 0 0 0 0 0 0 0 0 0 0 0 0 254 127 0 0 0 0 0 0 0 0 0 0 0 0 0 0 0 0 0 0 0 0 0 0 0 0 0 0 0 0 0 0 0 0 0 0 0 0 0 0 0 0 0 0 0 0 0 0 0 0 0 0 0 0 0 0 0 0 0 0 0 0 0 0 0 0 0 0 data 24 0x30007 0x2dd1 0x30 0x0 0xc0002 0x0 0x120005 0x2dd0 0x0 0x0 0x0 0x0 0x0 0x0 0x0 0x0 0x0 0x0 0x0 0x9 0x3 0x0 0x0 0x0 oops 0 methods 0
ciMethodData jdk/internal/misc/VM isModuleSystemInited ()Z 2 47310 orig 80 0 0 0 0 0 0 0 0 0 0 0 0 254 127 0 0 0 0 0 0 0 0 0 0 0 0 0 0 0 0 0 0 0 0 0 0 0 0 0 0 0 0 0 0 0 0 0 0 0 0 0 0 0 0 0 0 0 0 0 0 0 0 0 0 0 0 0 0 0 0 0 0 0 0 0 0 0 0 0 0 data 17 0x2 0xb89f 0x40007 0x0 0x38 0xb89f 0x80003 0xb89f 0x18 0x0 0x0 0x0 0x0 0x0 0x0 0x9 0x0 oops 0 methods 0
ciMethodData jdk/internal/misc/VM initLevel ()I 2 52134 orig 80 0 0 0 0 0 0 0 0 0 0 0 0 254 127 0 0 0 0 0 0 0 0 0 0 0 0 0 0 0 0 0 0 0 0 0 0 0 0 0 0 0 0 0 0 0 0 0 0 0 0 0 0 0 0 0 0 0 0 0 0 0 0 0 0 0 0 0 0 0 0 0 0 0 0 0 0 0 0 0 0 data 4 0x0 0x0 0x9 0x0 oops 0 methods 0
ciMethodData jdk/internal/perf/PerfCounter add (J)V 2 5404 orig 80 0 0 0 0 0 0 0 0 0 0 0 0 254 127 0 0 0 0 0 0 0 0 0 0 0 0 0 0 0 0 0 0 0 0 0 0 0 0 0 0 0 0 0 0 0 0 0 0 0 0 0 0 0 0 0 0 0 0 0 0 0 0 0 0 0 0 0 0 0 0 0 0 0 0 0 0 0 0 0 0 data 25 0x10005 0x0 0x0 0x18279331440 0x1416 0x0 0x0 0xd0005 0x0 0x0 0x1827e9f3a20 0x1416 0x0 0x0 0x0 0x0 0x0 0x0 0x0 0x0 0x9 0x3 0x0 0x0 0x0 oops 2 3 jdk/internal/perf/PerfCounter 10 java/nio/DirectLongBufferU methods 0
ciMethodData jdk/internal/perf/PerfCounter get ()J 2 5404 orig 80 0 0 0 0 0 0 0 0 0 0 0 0 254 127 0 0 0 0 0 0 0 0 0 0 0 0 0 0 0 0 0 0 0 0 0 0 0 0 0 0 0 0 0 0 0 0 0 0 0 0 0 0 0 0 0 0 0 0 0 0 0 0 0 0 0 0 0 0 0 0 0 0 0 0 0 0 0 0 0 0 data 16 0x50005 0x0 0x0 0x1827e9f3a20 0x1416 0x0 0x0 0x0 0x0 0x0 0x0 0x0 0x0 0x9 0x1 0x0 oops 1 3 java/nio/DirectLongBufferU methods 0
ciMethodData java/nio/DirectLongBufferU get (I)J 2 5404 orig 80 0 0 0 0 0 0 0 0 0 0 0 0 254 127 0 0 0 0 0 0 0 0 0 0 0 0 0 0 0 0 0 0 0 0 0 0 0 0 0 0 0 0 0 0 0 0 0 0 0 0 0 0 0 0 0 0 0 0 0 0 0 0 0 0 0 0 0 0 0 0 0 0 0 0 0 0 0 0 0 0 data 47 0x40005 0x1416 0x0 0x0 0x0 0x0 0x0 0xb0005 0x1416 0x0 0x0 0x0 0x0 0x0 0xe0005 0x1416 0x0 0x0 0x0 0x0 0x0 0x11000b 0x0 0x0 0x1827e9f5750 0x1416 0x0 0x0 0x4 0x1 0x1 0x2 0x1 0x160002 0x1416 0x1e0002 0x0 0x0 0x0 0x0 0x0 0x0 0x0 0x9 0x2 0x0 0x0 oops 1 24 jdk/internal/misc/ScopedMemoryAccess methods 0
ciMethodData java/nio/DirectLongBufferU put (IJ)Ljava/nio/LongBuffer; 2 5404 orig 80 0 0 0 0 0 0 0 0 0 0 0 0 254 127 0 0 0 0 0 0 0 0 0 0 0 0 0 0 0 0 0 0 0 0 0 0 0 0 0 0 0 0 0 0 0 0 0 0 0 0 0 0 0 0 0 0 0 0 0 0 0 0 0 0 0 0 0 0 0 0 0 0 0 0 0 0 0 0 0 0 data 52 0x40005 0x1416 0x0 0x0 0x0 0x0 0x0 0xb0005 0x1416 0x0 0x0 0x0 0x0 0x0 0xe0005 0x1416 0x0 0x0 0x0 0x0 0x0 0x12000b 0x0 0x0 0x1827e9f5750 0x1416 0x0 0x0 0x4 0x1 0x1 0x2 0x1 0x160002 0x1416 0x190003 0x1416 0x28 0x1f0002 0x0 0x0 0x0 0x0 0x0 0x0 0x0 0x9 0x4 0x0 0x0 0x0 0x0 oops 1 24 jdk/internal/misc/ScopedMemoryAccess methods 0
ciMethodData jdk/internal/misc/ScopedMemoryAccess getLong (Ljdk/internal/misc/ScopedMemoryAccess$Scope;Ljava/lang/Object;J)J 2 5404 orig 80 0 0 0 0 0 0 0 0 0 0 0 0 254 127 0 0 0 0 0 0 0 0 0 0 0 0 0 0 0 0 0 0 0 0 0 0 0 0 0 0 0 0 0 0 0 0 0 0 0 0 0 0 0 0 0 0 0 0 0 0 0 0 0 0 0 0 0 0 0 0 0 0 0 0 0 0 0 0 0 0 data 27 0x4000b 0x139b 0x0 0x0 0x0 0x0 0x0 0x4 0x1 0x1 0x2 0x1 0x100002 0x0 0x0 0x0 0x0 0x0 0x0 0x0 0x9 0x5 0x0 0x0 0x0 0x0 0x0 oops 0 methods 0
ciMethodData jdk/internal/misc/ScopedMemoryAccess getLongInternal (Ljdk/internal/misc/ScopedMemoryAccess$Scope;Ljava/lang/Object;J)J 2 5404 orig 80 0 0 0 0 0 0 0 0 0 0 0 0 254 127 0 0 0 0 0 0 0 0 0 0 0 0 0 0 0 0 0 0 0 0 0 0 0 0 0 0 0 0 0 0 0 0 0 0 0 0 0 0 0 0 0 0 0 0 0 0 0 0 0 0 0 0 0 0 0 0 0 0 0 0 0 0 0 0 0 0 data 38 0x10007 0x139b 0x58 0x0 0x50005 0x0 0x0 0x0 0x0 0x0 0x0 0xf000b 0x3 0x0 0x0 0x0 0x0 0x0 0x2 0x1 0x1 0x150002 0x139b 0x1e0002 0x0 0x0 0x0 0x0 0x0 0x0 0x0 0x9 0x5 0x0 0x0 0x0 0x0 0x0 oops 0 methods 0
ciMethodData jdk/internal/misc/ScopedMemoryAccess putLong (Ljdk/internal/misc/ScopedMemoryAccess$Scope;Ljava/lang/Object;JJ)V 2 5404 orig 80 0 0 0 0 0 0 0 0 0 0 0 0 254 127 0 0 0 0 0 0 0 0 0 0 0 0 0 0 0 0 0 0 0 0 0 0 0 0 0 0 0 0 0 0 0 0 0 0 0 0 0 0 0 0 0 0 0 0 0 0 0 0 0 0 0 0 0 0 0 0 0 0 0 0 0 0 0 0 0 0 data 32 0x6000b 0x1390 0x0 0x0 0x0 0x0 0x0 0x4 0x1 0x1 0x2 0x1 0x90003 0x1390 0x28 0x140002 0x0 0x0 0x0 0x0 0x0 0x0 0x0 0x9 0x7 0x0 0x0 0x0 0x0 0x0 0x0 0x0 oops 0 methods 0
ciMethodData jdk/internal/misc/ScopedMemoryAccess putLongInternal (Ljdk/internal/misc/ScopedMemoryAccess$Scope;Ljava/lang/Object;JJ)V 2 5404 orig 80 0 0 0 0 0 0 0 0 0 0 0 0 254 127 0 0 0 0 0 0 0 0 0 0 0 0 0 0 0 0 0 0 0 0 0 0 0 0 0 0 0 0 0 0 0 0 0 0 0 0 0 0 0 0 0 0 0 0 0 0 0 0 0 0 0 0 0 0 0 0 0 0 0 0 0 0 0 0 0 0 data 43 0x10007 0x1390 0x58 0x0 0x50005 0x0 0x0 0x0 0x0 0x0 0x0 0x11000b 0x0 0x0 0x0 0x0 0x0 0x0 0x2 0x1 0x0 0x150002 0x1390 0x180003 0x1390 0x28 0x1e0002 0x0 0x0 0x0 0x0 0x0 0x0 0x0 0x9 0x7 0x0 0x0 0x0 0x0 0x0 0x0 0x0 oops 0 methods 0
ciMethodData java/lang/ref/PhantomReference <init> (Ljava/lang/Object;Ljava/lang/ref/ReferenceQueue;)V 2 6418 orig 80 0 0 0 0 0 0 0 0 0 0 0 0 254 127 0 0 0 0 0 0 0 0 0 0 0 0 0 0 0 0 0 0 0 0 0 0 0 0 0 0 0 0 0 0 0 0 0 0 0 0 0 0 0 0 0 0 0 0 0 0 0 0 0 0 0 0 0 0 0 0 0 0 0 0 0 0 0 0 0 0 data 9 0x30002 0x1812 0x0 0x0 0x9 0x3 0x6 0x0 0x0 oops 0 methods 0
ciMethodData jdk/internal/ref/PhantomCleanable <init> (Ljava/lang/Object;Ljava/lang/ref/Cleaner;)V 2 6400 orig 80 0 0 0 0 0 0 0 0 0 0 0 0 254 127 0 0 0 0 0 0 0 0 0 0 0 0 0 0 0 0 0 0 0 0 0 0 0 0 0 0 0 0 0 0 0 0 0 0 0 0 0 0 0 0 0 0 0 0 0 0 0 0 0 0 0 0 0 0 0 0 0 0 0 0 0 0 0 0 0 0 data 30 0x20002 0x1800 0x60002 0x1800 0xc0002 0x17ff 0x1b0002 0x1801 0x250005 0x1801 0x0 0x0 0x0 0x0 0x0 0x290002 0x1801 0x2d0002 0x1801 0x0 0x0 0x0 0x0 0x0 0x0 0x9 0x3 0x3e 0x0 0xffffffffffffffff oops 0 methods 0
ciMethodData jdk/internal/ref/PhantomCleanable insert ()V 2 5378 orig 80 0 0 0 0 0 0 0 0 0 0 0 0 254 127 0 0 0 0 0 0 0 0 0 0 0 0 0 0 0 0 0 0 0 0 0 0 0 0 0 0 0 0 0 0 0 0 0 0 0 0 0 0 0 0 0 0 0 0 0 0 0 0 0 0 0 0 0 0 0 0 0 0 0 0 0 0 0 0 0 0 data 13 0x2c0003 0x1402 0x18 0x0 0x0 0x0 0x0 0x0 0x0 0x0 0x9 0x1 0x0 oops 0 methods 0
ciMethodData jdk/internal/ref/CleanerFactory cleaner ()Ljava/lang/ref/Cleaner; 2 9871 orig 80 0 0 0 0 0 0 0 0 0 0 0 0 254 127 0 0 0 0 0 0 0 0 0 0 0 0 0 0 0 0 0 0 0 0 0 0 0 0 0 0 0 0 0 0 0 0 0 0 0 0 0 0 0 0 0 0 0 0 0 0 0 0 0 0 0 0 0 0 0 0 0 0 0 0 0 0 0 0 0 0 data 4 0x0 0x0 0x9 0x0 oops 0 methods 0
ciMethodData java/lang/ref/Cleaner register (Ljava/lang/Object;Ljava/lang/Runnable;)Ljava/lang/ref/Cleaner$Cleanable; 2 6400 orig 80 0 0 0 0 0 0 0 0 0 0 0 0 254 127 0 0 0 0 0 0 0 0 0 0 0 0 0 0 0 0 0 0 0 0 0 0 0 0 0 0 0 0 0 0 0 0 0 0 0 0 0 0 0 0 0 0 0 0 0 0 0 0 0 0 0 0 0 0 0 0 0 0 0 0 0 0 0 0 0 0 data 17 0x30002 0x1800 0xa0002 0x17ff 0x150002 0x17fe 0x0 0x0 0x0 0x0 0x0 0x0 0x9 0x3 0xffffffffffffffff 0x0 0x0 oops 0 methods 0
ciMethodData jdk/internal/ref/CleanerImpl$PhantomCleanableRef <init> (Ljava/lang/Object;Ljava/lang/ref/Cleaner;Ljava/lang/Runnable;)V 2 6398 orig 80 0 0 0 0 0 0 0 0 0 0 0 0 254 127 0 0 0 0 0 0 0 0 0 0 0 0 0 0 0 0 0 0 0 0 0 0 0 0 0 0 0 0 0 0 0 0 0 0 0 0 0 0 0 0 0 0 0 0 0 0 0 0 0 0 0 0 0 0 0 0 0 0 0 0 0 0 0 0 0 0 data 12 0x30002 0x1800 0x0 0x0 0x0 0x0 0x9 0x4 0x3e 0x0 0xffffffffffffffff 0x0 oops 0 methods 0
ciMethodData jdk/internal/perf/PerfCounter addElapsedTimeFrom (J)V 2 5378 orig 80 0 0 0 0 0 0 0 0 0 0 0 0 254 127 0 0 0 0 0 0 0 0 0 0 0 0 0 0 0 0 0 0 0 0 0 0 0 0 0 0 0 0 0 0 0 0 0 0 0 0 0 0 0 0 0 0 0 0 0 0 0 0 0 0 0 0 0 0 0 0 0 0 0 0 0 0 0 0 0 0 data 20 0x10002 0x1402 0x60005 0x0 0x0 0x18279331440 0x1402 0x0 0x0 0x0 0x0 0x0 0x0 0x0 0x0 0x9 0x3 0x0 0x0 0x0 oops 1 5 jdk/internal/perf/PerfCounter methods 0
ciMethodData java/io/RandomAccessFile readFully ([BII)V 2 5378 orig 80 0 0 0 0 0 0 0 0 0 0 0 0 254 127 0 0 0 0 0 0 0 0 0 0 0 0 0 0 0 0 0 0 0 0 0 0 0 0 0 0 0 0 0 0 0 0 0 0 0 0 0 0 0 0 0 0 0 0 0 0 0 0 0 0 0 0 0 0 0 0 0 0 0 0 0 0 0 0 0 0 data 29 0xd0005 0x0 0x0 0x18207a983e0 0x1403 0x0 0x0 0x140007 0x1403 0x30 0x0 0x1b0002 0x0 0x290007 0x0 0xffffffffffffff98 0x1403 0x0 0x0 0x0 0x0 0x0 0x0 0x9 0x4 0x0 0x0 0x0 0x0 oops 1 3 java/io/RandomAccessFile methods 0
ciMethod java/nio/channels/spi/AbstractInterruptibleChannel close ()V 512 0 333 0 -1
ciMethodData java/util/zip/ZipFile$Source readFullyAt ([BIIJ)I 2 7723 orig 80 0 0 0 0 0 0 0 0 0 0 0 0 254 127 0 0 0 0 0 0 0 0 0 0 0 0 0 0 0 0 0 0 0 0 0 0 0 0 0 0 0 0 0 0 0 0 0 0 0 0 0 0 0 0 0 0 0 0 0 0 0 0 0 0 0 0 0 0 0 0 0 0 0 0 0 0 0 0 0 0 data 37 0xe0005 0x0 0x0 0x18207a983e0 0x1836 0x0 0x0 0x160007 0x1837 0x80 0x1d16 0x1e0002 0x1d15 0x2b0005 0x1d16 0x0 0x0 0x0 0x0 0x0 0x3a0003 0x1d16 0xffffffffffffff98 0x0 0x0 0x0 0x0 0x0 0x0 0x9 0x6 0x0 0x0 0x0 0x0 0x0 0x0 oops 1 3 java/io/RandomAccessFile methods 0
ciMethodData java/util/zip/ZipUtils LOCSIG ([B)J 2 5458 orig 80 0 0 0 0 0 0 0 0 0 0 0 0 254 127 0 0 0 0 0 0 0 0 0 0 0 0 0 0 0 0 0 0 0 0 0 0 0 0 0 0 0 0 0 0 0 0 0 0 0 0 0 0 0 0 0 0 0 0 0 0 0 0 0 0 0 0 0 0 0 0 0 0 0 0 0 0 0 0 0 0 data 11 0x20002 0x1452 0x0 0x0 0x0 0x0 0x0 0x0 0x9 0x1 0x0 oops 0 methods 0
ciMethodData java/lang/String toCharArray ()[C 2 49819 orig 80 0 0 0 0 0 0 0 0 0 0 0 0 254 127 0 0 0 0 0 0 0 0 0 0 0 0 0 0 0 0 0 0 0 0 0 0 0 0 0 0 0 0 0 0 0 0 0 0 0 0 0 0 0 0 0 0 0 0 0 0 0 0 0 0 0 0 0 0 0 0 0 0 0 0 0 0 0 0 0 0 data 27 0x10005 0xc183 0x0 0x0 0x0 0x0 0x0 0x40007 0x3 0x48 0xc17f 0xb0002 0xc17f 0xe0003 0xc17f 0x28 0x150002 0x3 0x0 0x0 0x0 0x0 0x0 0x0 0x9 0x1 0x0 oops 0 methods 0
ciMethodData jdk/internal/perf/PerfCounter increment ()V 2 4000 orig 80 0 0 0 0 0 0 0 0 0 0 0 0 254 127 0 0 0 0 0 0 0 0 0 0 0 0 0 0 0 0 0 0 0 0 0 0 0 0 0 0 0 0 0 0 0 0 0 0 0 0 0 0 0 0 0 0 0 0 0 0 0 0 0 0 0 0 0 0 0 0 0 0 0 0 0 0 0 0 0 0 data 16 0x20005 0x0 0x0 0x18279331440 0xed6 0x0 0x0 0x0 0x0 0x0 0x0 0x0 0x0 0x9 0x1 0x0 oops 1 3 jdk/internal/perf/PerfCounter methods 0
ciMethodData java/lang/SecurityManager checkRead (Ljava/lang/String;)V 1 0 orig 80 0 0 0 0 0 0 0 0 0 0 0 0 254 127 0 0 0 0 0 0 0 0 0 0 0 0 0 0 0 0 0 0 0 0 0 0 0 0 0 0 0 0 0 0 0 0 0 0 0 0 0 0 0 0 0 0 0 0 0 0 0 0 0 0 0 0 0 0 0 0 0 0 0 0 0 0 0 0 0 0 data 19 0x80002 0x0 0xb0005 0x0 0x0 0x0 0x0 0x0 0x0 0x0 0x0 0x0 0x0 0x0 0x0 0x9 0x2 0x0 0x0 oops 0 methods 0
ciMethodData java/io/File <init> (Ljava/lang/String;)V 2 16144 orig 80 0 0 0 0 0 0 0 0 0 0 0 0 254 127 0 0 0 0 0 0 0 0 0 0 0 0 0 0 0 0 0 0 0 0 0 0 0 0 0 0 0 0 0 0 0 0 0 0 0 0 0 0 0 0 0 0 0 0 0 0 0 0 0 0 0 0 0 0 0 0 0 0 0 0 0 0 0 0 0 0 data 32 0x10002 0x3d90 0xa0007 0x3d90 0x30 0x0 0x110002 0x0 0x1a0005 0x0 0x0 0x182797394e0 0x3d90 0x0 0x0 0x280005 0x0 0x0 0x182797394e0 0x3d90 0x0 0x0 0x0 0x0 0x0 0x0 0x0 0x0 0x9 0x2 0xe 0xffffffffffffffff oops 2 11 java/io/WinNTFileSystem 18 java/io/WinNTFileSystem methods 0
ciMethodData java/lang/SecurityManager checkPermission (Ljava/security/Permission;)V 1 0 orig 80 0 0 0 0 0 0 0 0 0 0 0 0 254 127 0 0 0 0 0 0 0 0 0 0 0 0 0 0 0 0 0 0 0 0 0 0 0 0 0 0 0 0 0 0 0 0 0 0 0 0 0 0 0 0 0 0 0 0 0 0 0 0 0 0 0 0 0 0 0 0 0 0 0 0 0 0 0 0 0 0 data 12 0x10002 0x0 0x0 0x0 0x0 0x0 0x0 0x0 0x9 0x2 0x0 0xffffffffffffffff oops 0 methods 0
ciMethodData java/lang/String getBytes (Ljava/nio/charset/Charset;)[B 2 4227 orig 80 0 0 0 0 0 0 0 0 0 0 0 0 254 127 0 0 0 0 0 0 0 0 0 0 0 0 0 0 0 0 0 0 0 0 0 0 0 0 0 0 0 0 0 0 0 0 0 0 0 0 0 0 0 0 0 0 0 0 0 0 0 0 0 0 0 0 0 0 0 0 0 0 0 0 0 0 0 0 0 0 data 25 0x10007 0xb4a 0x30 0x0 0x80002 0x0 0xe0005 0xb4a 0x0 0x0 0x0 0x0 0x0 0x150002 0xb4a 0x0 0x0 0x0 0x0 0x0 0x0 0x9 0x2 0x0 0xffffffffffffffff oops 0 methods 0
ciMethodData java/lang/String encode (Ljava/nio/charset/Charset;B[B)[B 2 5527 orig 80 0 0 0 0 0 0 0 0 0 0 0 0 254 127 0 0 0 0 0 0 0 0 0 0 0 0 0 0 0 0 0 0 0 0 0 0 0 0 0 0 0 0 0 0 0 0 0 0 0 0 0 0 0 0 0 0 0 0 0 0 0 0 0 0 0 0 0 0 0 0 0 0 0 0 0 0 0 0 0 0 data 31 0x40007 0x3a8 0x30 0x1075 0xa0002 0x1075 0x120007 0x312 0x30 0x96 0x170002 0x96 0x1f0007 0x0 0x30 0x312 0x240002 0x312 0x2c0002 0x0 0x0 0x0 0x0 0x0 0x0 0x0 0x9 0x3 0xffffffffffffffff 0x0 0xffffffffffffffff oops 0 methods 0
ciMethodData java/lang/String <init> ([C)V 2 5377 orig 80 0 0 0 0 0 0 0 0 0 0 0 0 254 127 0 0 0 0 0 0 0 0 0 0 0 0 0 0 0 0 0 0 0 0 0 0 0 0 0 0 0 0 0 0 0 0 0 0 0 0 0 0 0 0 0 0 0 0 0 0 0 0 0 0 0 0 0 0 0 0 0 0 0 0 0 0 0 0 0 0 data 9 0x60002 0x1401 0x0 0x0 0x0 0x9 0x2 0xc 0x0 oops 0 methods 0
ciMethod org/eclipse/core/runtime/IPath equals (Ljava/lang/Object;)Z 0 0 1 0 -1
ciMethod org/eclipse/core/runtime/IPath getDevice ()Ljava/lang/String; 0 0 1 0 -1
ciMethod org/eclipse/core/runtime/IPath makeRelative ()Lorg/eclipse/core/runtime/IPath; 0 0 1 0 -1
ciMethod org/eclipse/core/runtime/IPath toFile ()Ljava/io/File; 0 0 1 0 -1
ciMethod org/eclipse/core/runtime/IPath toOSString ()Ljava/lang/String; 0 0 1 0 -1
ciMethod org/eclipse/core/runtime/IPath toString ()Ljava/lang/String; 0 0 1 0 -1
ciMethod org/eclipse/core/runtime/Path <init> (Ljava/lang/String;)V 4174 0 67696 0 -1
ciMethod org/eclipse/core/runtime/Path <init> (Ljava/lang/String;Z)V 34 0 20826 0 -1
ciMethod org/eclipse/core/runtime/Path <init> (Ljava/lang/String;[Ljava/lang/String;I)V 600 0 41040 0 -1
ciMethod org/eclipse/core/runtime/Path computeLength ()I 698 6164 3175 0 -1
ciMethod org/eclipse/core/runtime/Path isAbsolute ()Z 516 0 34959 0 -1
ciMethod org/eclipse/core/runtime/Path makeRelative ()Lorg/eclipse/core/runtime/IPath; 18 0 1168 0 0
ciMethod org/eclipse/core/runtime/Path toFile ()Ljava/io/File; 624 0 32335 0 0
ciMethod org/eclipse/core/runtime/Path toOSString ()Ljava/lang/String; 682 5746 6794 0 3744
ciMethod org/eclipse/core/runtime/IProgressMonitor isCanceled ()Z 0 0 1 0 -1
ciMethodData sun/nio/fs/WindowsFileAttributes lastModifiedTime ()Ljava/nio/file/attribute/FileTime; 2 8495 orig 80 0 0 0 0 0 0 0 0 0 0 0 0 254 127 0 0 0 0 0 0 0 0 0 0 0 0 0 0 0 0 0 0 0 0 0 0 0 0 0 0 0 0 0 0 0 0 0 0 0 0 0 0 0 0 0 0 0 0 0 0 0 0 0 0 0 0 0 0 0 0 0 0 0 0 0 0 0 0 0 0 data 11 0x40002 0x202d 0x0 0x0 0x0 0x0 0x0 0x0 0x9 0x1 0x0 oops 0 methods 0
ciMethodData sun/nio/fs/WindowsFileAttributes toFileTime (J)Ljava/nio/file/attribute/FileTime; 2 6426 orig 80 0 0 0 0 0 0 0 0 0 0 0 0 254 127 0 0 0 0 0 0 0 0 0 0 0 0 0 0 0 0 0 0 0 0 0 0 0 0 0 0 0 0 0 0 0 0 0 0 0 0 0 0 0 0 0 0 0 0 0 0 0 0 0 0 0 0 0 0 0 0 0 0 0 0 0 0 0 0 0 0 data 20 0x40002 0x1818 0xc0002 0x1818 0x160002 0x1818 0x230002 0x0 0x2b0002 0x0 0x0 0x0 0x0 0x0 0x0 0x0 0x9 0x2 0x0 0x0 oops 0 methods 0
ciMethodData java/nio/file/attribute/FileTime from (JLjava/util/concurrent/TimeUnit;)Ljava/nio/file/attribute/FileTime; 2 5381 orig 80 0 0 0 0 0 0 0 0 0 0 0 0 254 127 0 0 0 0 0 0 0 0 0 0 0 0 0 0 0 0 0 0 0 0 0 0 0 0 0 0 0 0 0 0 0 0 0 0 0 0 0 0 0 0 0 0 0 0 0 0 0 0 0 0 0 0 0 0 0 0 0 0 0 0 0 0 0 0 0 0 data 15 0x30002 0x1401 0xe0002 0x1402 0x0 0x0 0x0 0x0 0x0 0x0 0x9 0x3 0x0 0x0 0x0 oops 0 methods 0
ciMethodData java/io/File hashCode ()I 2 11855 orig 80 0 0 0 0 0 0 0 0 0 0 0 0 254 127 0 0 0 0 0 0 0 0 0 0 0 0 0 0 0 0 0 0 0 0 0 0 0 0 0 0 0 0 0 0 0 0 0 0 0 0 0 0 0 0 0 0 0 0 0 0 0 0 0 0 0 0 0 0 0 0 0 0 0 0 0 0 0 0 0 0 data 16 0x40005 0x0 0x0 0x182797394e0 0x2d4e 0x0 0x0 0x0 0x0 0x0 0x0 0x0 0x0 0x9 0x1 0x0 oops 1 3 java/io/WinNTFileSystem methods 0
ciMethodData java/io/WinNTFileSystem hashCode (Ljava/io/File;)I 2 11855 orig 80 0 0 0 0 0 0 0 0 0 0 0 0 254 127 0 0 0 0 0 0 0 0 0 0 0 0 0 0 0 0 0 0 0 0 0 0 0 0 0 0 0 0 0 0 0 0 0 0 0 0 0 0 0 0 0 0 0 0 0 0 0 0 0 0 0 0 0 0 0 0 0 0 0 0 0 0 0 0 0 0 data 31 0x10005 0x0 0x0 0x18209d4bbc0 0x2d4e 0x0 0x0 0x70005 0x2d4e 0x0 0x0 0x0 0x0 0x0 0xa0005 0x2d4e 0x0 0x0 0x0 0x0 0x0 0x0 0x0 0x0 0x0 0x0 0x0 0x9 0x2 0x0 0x0 oops 1 3 java/io/File methods 0
ciMethodData java/util/zip/ZipFile$Source initCEN (I)V 2 107520 orig 80 0 0 0 0 0 0 0 0 0 0 0 0 254 127 0 0 0 0 0 0 0 0 0 0 0 0 0 0 0 0 0 0 0 0 0 0 0 0 0 0 0 0 0 0 0 0 0 0 0 0 0 0 0 0 0 0 0 0 0 0 0 0 0 0 0 0 0 0 0 0 0 0 0 0 0 0 0 0 0 0 data 283 0x20007 0x0 0x158 0x8f 0x60005 0x8f 0x0 0x0 0x0 0x0 0x0 0x100007 0x8f 0x20 0x0 0x330007 0x8f 0x30 0x0 0x390002 0x0 0x580007 0x8f 0x30 0x0 0x5e0002 0x0 0x790005 0x8f 0x0 0x0 0x0 0x0 0x0 0x860007 0x8f 0x30 0x0 0x8c0002 0x0 0x970003 0x8f 0x18 0xd10002 0x8f 0xf40007 0x8f 0x350 0xe389 0xfa0007 0xe389 0x68 0x0 0x1010002 0x0 0x1040005 0x0 0x0 0x0 0x0 0x0 0x0 0x10d0005 0xe389 0x0 0x0 0x0 0x0 0x0 0x11a0002 0xe389 0x11d0007 0xe0be 0x230 0x2cb 0x12b0005 0x2cb 0x0 0x0 0x0 0x0 0x0 0x12e0007 0x23d 0x38 0x8e 0x1410003 0x8e 0x1b8 0x1490005 0x23d 0x0 0x0 0x0 0x0 0x0 0x14c0007 0x1fd 0x98 0x40 0x1510007 0x20 0x30 0x20 0x1590002 0x20 0x1620002 0x40 0x1650005 0x0 0x0 0x18275016440 0x40 0x0 0x0 0x1740005 0x23d 0x0 0x0 0x0 0x0 0x0 0x17b0007 0x236 0x98 0x7 0x1800007 0x2 0x30 0x5 0x1870002 0x5 0x1900002 0x7 0x1930005 0x0 0x0 0x18278c2c8c0 0x7 0x0 0x0 0x1a00005 0xe389 0x0 0x0 0x0 0x0 0x0 0x1ac0003 0xe38a 0xfffffffffffffcc8 0x1b90007 0x6f 0x138 0x20 0x1be0005 0x0 0x0 0x18275016440 0x20 0x0 0x0 0x1d20007 0x20 0xe0 0x40 0x1df0005 0x0 0x0 0x18275016440 0x40 0x0 0x0 0x1e20004 0x0 0x0 0x18275016e10 0x40 0x0 0x0 0x1e50005 0x40 0x0 0x0 0x0 0x0 0x0 0x1ec0003 0x40 0xffffffffffffff38 0x1f10007 0x8a 0x1c0 0x5 0x1f70005 0x0 0x0 0x18278c2c8c0 0x5 0x0 0x0 0x2060005 0x0 0x0 0x18278c2c8c0 0x5 0x0 0x0 0x20f0005 0x0 0x0 0x1827b4506c0 0xa 0x0 0x0 0x2140007 0x5 0xe0 0x5 0x2190005 0x0 0x0 0x1827b4506c0 0x5 0x0 0x0 0x21e0004 0x0 0x0 0x18275016e10 0x5 0x0 0x0 0x22e0005 0x5 0x0 0x0 0x0 0x0 0x0 0x2320003 0x5 0xffffffffffffff00 0x2350003 0x5 0x18 0x2460007 0x8f 0x30 0x0 0x24b0002 0x0 0x0 0x0 0x0 0x0 0x0 0x0 0x0 0x0 0x0 0x0 0x0 0x0 0x0 0x0 0x0 0x0 0x0 0x0 0x0 0x0 0x0 0x0 0x0 0x0 0x0 0x0 0x0 0x9 0x2 0x0 0x0 oops 10 111 java/util/ArrayList 137 java/util/TreeSet 158 java/util/ArrayList 169 java/util/ArrayList 176 java/lang/Integer 197 java/util/TreeSet 204 java/util/TreeSet 211 java/util/TreeMap$KeyIterator 222 java/util/TreeMap$KeyIterator 229 java/lang/Integer methods 0
ciMethodData java/nio/file/attribute/FileTime <init> (JLjava/util/concurrent/TimeUnit;Ljava/time/Instant;)V 2 5505 orig 80 0 0 0 0 0 0 0 0 0 0 0 0 254 127 0 0 0 0 0 0 0 0 0 0 0 0 0 0 0 0 0 0 0 0 0 0 0 0 0 0 0 0 0 0 0 0 0 0 0 0 0 0 0 0 0 0 0 0 0 0 0 0 0 0 0 0 0 0 0 0 0 0 0 0 0 0 0 0 0 0 data 13 0x10002 0x1400 0x0 0x0 0x0 0x0 0x9 0x5 0xe 0x0 0x0 0x0 0x0 oops 0 methods 0
ciMethodData java/util/concurrent/TimeUnit toMillis (J)J 2 5507 orig 80 0 0 0 0 0 0 0 0 0 0 0 0 254 127 0 0 0 0 0 0 0 0 0 0 0 0 0 0 0 0 0 0 0 0 0 0 0 0 0 0 0 0 0 0 0 0 0 0 0 0 0 0 0 0 0 0 0 0 0 0 0 0 0 0 0 0 0 0 0 0 0 0 0 0 0 0 0 0 0 0 data 29 0xa0007 0x3 0x58 0x13ff 0x120007 0x13fb 0x38 0x5 0x160003 0x5 0x18 0x2a0007 0x3 0x20 0x0 0x360007 0x3 0x20 0x0 0x0 0x0 0x0 0x0 0x0 0x9 0x3 0x0 0x0 0x0 oops 0 methods 0
ciMethodData java/util/zip/ZipFile$Source$Key hashCode ()I 2 3719 orig 80 0 0 0 0 0 0 0 0 0 0 0 0 254 127 0 0 0 0 0 0 0 0 0 0 0 0 0 0 0 0 0 0 0 0 0 0 0 0 0 0 0 0 0 0 0 0 0 0 0 0 0 0 0 0 0 0 0 0 0 0 0 0 0 0 0 0 0 0 0 0 0 0 0 0 0 0 0 0 0 0 data 37 0x40007 0x0 0x38 0xd06 0x80003 0xd06 0x18 0x140005 0x0 0x0 0x18279ef06b0 0xd06 0x0 0x0 0x190005 0xd06 0x0 0x0 0x0 0x0 0x0 0x290005 0x0 0x0 0x18209d4bbc0 0xd06 0x0 0x0 0x0 0x0 0x0 0x0 0x0 0x0 0x9 0x1 0x0 oops 2 10 sun/nio/fs/WindowsFileAttributes 24 java/io/File methods 0
ciMethodData java/nio/file/attribute/FileTime toMillis ()J 2 5507 orig 80 0 0 0 0 0 0 0 0 0 0 0 0 254 127 0 0 0 0 0 0 0 0 0 0 0 0 0 0 0 0 0 0 0 0 0 0 0 0 0 0 0 0 0 0 0 0 0 0 0 0 0 0 0 0 0 0 0 0 0 0 0 0 0 0 0 0 0 0 0 0 0 0 0 0 0 0 0 0 0 0 data 51 0x40007 0x0 0x58 0x1402 0xf0005 0x1402 0x0 0x0 0x0 0x0 0x0 0x170005 0x0 0x0 0x0 0x0 0x0 0x0 0x1f0005 0x0 0x0 0x0 0x0 0x0 0x0 0x2b0002 0x0 0x3b0007 0x0 0x78 0x0 0x460007 0x0 0x58 0x0 0x4c0007 0x0 0x38 0x0 0x520003 0x0 0x18 0x0 0x0 0x0 0x0 0x0 0x0 0x9 0x1 0x0 oops 0 methods 0
ciMethod org/eclipse/core/resources/ResourcesPlugin getWorkspace ()Lorg/eclipse/core/resources/IWorkspace; 512 0 5376 0 -1
ciMethod org/eclipse/core/resources/IWorkspace getRoot ()Lorg/eclipse/core/resources/IWorkspaceRoot; 0 0 1 0 -1
ciMethod org/eclipse/core/resources/IResource getLocationURI ()Ljava/net/URI; 0 0 1 0 -1
ciMethod org/eclipse/core/resources/IResource getType ()I 0 0 1 0 -1
ciMethod org/eclipse/core/resources/IWorkspaceRoot findMember (Lorg/eclipse/core/runtime/IPath;)Lorg/eclipse/core/resources/IResource; 0 0 1 0 -1
ciMethod org/eclipse/core/internal/resources/Resource getFullPath ()Lorg/eclipse/core/runtime/IPath; 280 0 140 0 0
ciMethod org/eclipse/core/internal/resources/Resource getLocalManager ()Lorg/eclipse/core/internal/localstore/FileSystemResourceManager; 518 0 51322 0 -1
ciMethod org/eclipse/core/internal/resources/Resource getLocationURI ()Ljava/net/URI; 164 0 536 0 0
ciMethod org/eclipse/core/internal/resources/Resource getProject ()Lorg/eclipse/core/resources/IProject; 1046 0 6096 0 -1
ciMethod org/eclipse/core/resources/IFile getFullPath ()Lorg/eclipse/core/runtime/IPath; 0 0 1 0 -1
ciMethod org/eclipse/core/resources/IFile getLocationURI ()Ljava/net/URI; 0 0 1 0 -1
ciMethod org/eclipse/core/resources/IProject exists ()Z 0 0 1 0 -1
ciMethod org/eclipse/core/internal/localstore/FileSystemResourceManager locationURIFor (Lorg/eclipse/core/resources/IResource;Z)Ljava/net/URI; 164 0 536 0 -1
ciMethodData java/lang/Object wait ()V 1 545 orig 80 0 0 0 0 0 0 0 0 0 0 0 0 254 127 0 0 0 0 0 0 0 0 0 0 0 0 0 0 0 0 0 0 0 0 0 0 0 0 0 0 0 0 0 0 0 0 0 0 0 0 0 0 0 0 0 0 0 0 0 0 0 0 0 0 0 0 0 0 0 0 0 0 0 0 0 0 0 0 0 0 data 16 0x20005 0x1f8 0x0 0x0 0x0 0x0 0x0 0x0 0x0 0x0 0x0 0x0 0x0 0x9 0x1 0x0 oops 0 methods 0
ciMethod java/nio/file/FileAlreadyExistsException <init> (Ljava/lang/String;Ljava/lang/String;Ljava/lang/String;)V 2 0 1 0 -1
ciMethod java/nio/file/FileSystemException <init> (Ljava/lang/String;Ljava/lang/String;Ljava/lang/String;)V 2 0 267 0 -1
ciMethod java/nio/file/AccessDeniedException <init> (Ljava/lang/String;Ljava/lang/String;Ljava/lang/String;)V 0 0 1 0 -1
ciMethod java/nio/file/NoSuchFileException <init> (Ljava/lang/String;)V 0 0 1 0 -1
ciMethod java/nio/file/NoSuchFileException <init> (Ljava/lang/String;Ljava/lang/String;Ljava/lang/String;)V 784 0 392 0 -1
ciMethodData java/io/FileDescriptor <init> ()V 2 2460 orig 80 0 0 0 0 0 0 0 0 0 0 0 0 254 127 0 0 0 0 0 0 0 0 0 0 0 0 0 0 0 0 0 0 0 0 0 0 0 0 0 0 0 0 0 0 0 0 0 0 0 0 0 0 0 0 0 0 0 0 0 0 0 0 0 0 0 0 0 0 0 0 0 0 0 0 0 0 0 0 0 0 data 9 0x10002 0x89c 0x0 0x0 0x0 0x0 0x9 0x1 0x0 oops 0 methods 0
ciMethodData sun/nio/fs/WindowsPathParser parse (Ljava/lang/String;Z)Lsun/nio/fs/WindowsPathParser$Result; 2 13963 orig 80 1 0 0 0 0 0 0 0 0 0 0 0 254 127 0 0 0 0 0 0 0 0 0 0 0 0 0 0 0 0 0 0 0 0 0 0 0 0 0 1 0 0 0 0 0 0 0 0 0 0 0 0 0 0 0 0 0 0 0 0 0 0 0 0 0 0 0 0 0 0 0 0 0 0 0 0 0 0 0 0 data 265 0x60005 0x358a 0x0 0x0 0x0 0x0 0x0 0x8000000600110007 0x3 0x600 0x3588 0x160005 0x3588 0x0 0x0 0x0 0x0 0x0 0x1d0005 0x3588 0x0 0x0 0x0 0x0 0x0 0x2a0002 0x3588 0x2d0007 0x3588 0x2d8 0x0 0x320002 0x0 0x350007 0x0 0x2a8 0x0 0x410002 0x0 0x4b0002 0x0 0x540007 0x0 0x30 0x0 0x5e0002 0x0 0x670005 0x0 0x0 0x0 0x0 0x0 0x0 0x710002 0x0 0x7b0002 0x0 0x840007 0x0 0x30 0x0 0x8e0002 0x0 0x960002 0x0 0x9b0005 0x0 0x0 0x0 0x0 0x0 0x0 0xa00005 0x0 0x0 0x0 0x0 0x0 0x0 0xa50005 0x0 0x0 0x0 0x0 0x0 0x0 0xad0005 0x0 0x0 0x0 0x0 0x0 0x0 0xb00005 0x0 0x0 0x0 0x0 0x0 0x0 0xb50005 0x0 0x0 0x0 0x0 0x0 0x0 0xb80005 0x0 0x0 0x0 0x0 0x0 0x0 0xc00003 0x0 0x2a0 0xc50002 0x3588 0xc80007 0x2 0x278 0x3586 0xcf0007 0x2 0x258 0x3584 0xd50007 0x0 0x200 0x3583 0xda0005 0x3583 0x0 0x0 0x0 0x0 0x0 0xe00002 0x3585 0xe30007 0x0 0x198 0x3585 0xea0007 0x1408 0x70 0x217d 0xf00005 0x217d 0x0 0x0 0x0 0x0 0x0 0xf40003 0x217d 0x108 0xfb0002 0x1408 0x1010005 0x1408 0x0 0x0 0x0 0x0 0x0 0x1040005 0x1408 0x0 0x0 0x0 0x0 0x0 0x1090005 0x1408 0x0 0x0 0x0 0x0 0x0 0x10c0005 0x1408 0x0 0x0 0x0 0x0 0x0 0x1170003 0x3585 0x50 0x11d0005 0x0 0x0 0x0 0x0 0x0 0x0 0x12a0007 0x3585 0xc0 0x7 0x12f0007 0x3 0xa0 0x4 0x1340005 0x4 0x0 0x0 0x0 0x0 0x0 0x1370002 0x4 0x13a0007 0x4 0x38 0x0 0x1440003 0x0 0x18 0x14c0007 0xeb9 0xc0 0x26d3 0x1540005 0x26d3 0x0 0x0 0x0 0x0 0x0 0x1570002 0x26d3 0x15f0005 0x26d3 0x0 0x0 0x0 0x0 0x0 0x16e0002 0x26d2 0x1710002 0x26d3 0x17c0002 0xeb9 0x0 0x0 0x0 0x0 0x0 0x0 0x0 0x0 0x0 0x0 0x0 0x0 0x9 0x2 0x0 0x0 oops 0 methods 0
ciMethodData java/nio/file/Files provider (Ljava/nio/file/Path;)Ljava/nio/file/spi/FileSystemProvider; 2 47706 orig 80 0 0 0 0 0 0 0 0 0 0 0 0 254 127 0 0 0 0 0 0 0 0 0 0 0 0 0 0 0 0 0 0 0 0 0 0 0 0 0 0 0 0 0 0 0 0 0 0 0 0 0 0 0 0 0 0 0 0 0 0 0 0 0 0 0 0 0 0 0 0 0 0 0 0 0 0 0 0 0 0 data 23 0x10005 0x7c1f 0x0 0x18279762c50 0x232e 0x1827c1a2a10 0x130c 0x60005 0x0 0x0 0x18276cb0650 0x363a 0x1827c1a2ac0 0x7c1f 0x0 0x0 0x0 0x0 0x0 0x0 0x9 0x1 0xffffffffffffffff oops 4 3 sun/nio/fs/WindowsPath 5 sun/nio/fs/WindowsPath$WindowsPathWithAttributes 10 sun/nio/fs/WindowsFileSystem 12 jdk/internal/jrtfs/JrtFileSystem methods 0
ciMethodData sun/nio/fs/WindowsPath <init> (Lsun/nio/fs/WindowsFileSystem;Lsun/nio/fs/WindowsPathType;Ljava/lang/String;Ljava/lang/String;)V 2 17956 orig 80 0 0 0 0 0 0 0 0 0 0 0 0 254 127 0 0 0 0 0 0 0 0 0 0 0 0 0 0 0 0 0 0 0 0 0 0 0 0 0 0 0 0 0 0 0 0 0 0 0 0 0 0 0 0 0 0 0 0 0 0 0 0 0 0 0 0 0 0 0 0 0 0 0 0 0 0 0 0 0 0 data 13 0x10002 0x411e 0x0 0x0 0x0 0x0 0x9 0x5 0x1c 0x0 0x0 0x0 0x0 oops 0 methods 0
ciMethodData sun/nio/fs/Util followLinks ([Ljava/nio/file/LinkOption;)Z 2 5378 orig 80 0 0 0 0 0 0 0 0 0 0 0 0 254 127 0 0 0 0 0 0 0 0 0 0 0 0 0 0 0 0 0 0 0 0 0 0 0 0 0 0 0 0 0 0 0 0 0 0 0 0 0 0 0 0 0 0 0 0 0 0 0 0 0 0 0 0 0 0 0 0 0 0 0 0 0 0 0 0 0 0 data 31 0xd0007 0x1401 0xb0 0x125c 0x1b0007 0x0 0x38 0x125c 0x200003 0x125c 0x58 0x250007 0x0 0x30 0x0 0x2c0002 0x0 0x360002 0x0 0x3d0003 0x125c 0xffffffffffffff68 0x0 0x0 0x0 0x0 0x0 0x0 0x9 0x1 0x0 oops 0 methods 0
ciMethodData java/io/FileCleanable register (Ljava/io/FileDescriptor;)V 2 2411 orig 80 0 0 0 0 0 0 0 0 0 0 0 0 254 127 0 0 0 0 0 0 0 0 0 0 0 0 0 0 0 0 0 0 0 0 0 0 0 0 0 0 0 0 0 0 0 0 0 0 0 0 0 0 0 0 0 0 0 0 0 0 0 0 0 0 0 0 0 0 0 0 0 0 0 0 0 0 0 0 0 0 data 49 0x10007 0x0 0x140 0x86b 0x50005 0x86b 0x0 0x0 0x0 0x0 0x0 0x80007 0x0 0xe8 0x86b 0xf0005 0x0 0x0 0x1827b44fb40 0x86b 0x0 0x0 0x190005 0x0 0x0 0x1827b44fb40 0x86b 0x0 0x0 0x250002 0x86b 0x2a0002 0x86b 0x2d0005 0x86b 0x0 0x0 0x0 0x0 0x0 0x0 0x0 0x0 0x0 0x0 0x0 0x9 0x1 0xffffffffffffffff oops 2 18 java/io/FileDescriptor$1 25 java/io/FileDescriptor$1 methods 0
ciMethodData java/io/File toPath ()Ljava/nio/file/Path; 2 4093 orig 80 0 0 0 0 0 0 0 0 0 0 0 0 254 127 0 0 0 0 0 0 0 0 0 0 0 0 0 0 0 0 0 0 0 0 0 0 0 0 0 0 0 0 0 0 0 0 0 0 0 0 0 0 0 0 0 0 0 0 0 0 0 0 0 0 0 0 0 0 0 0 0 0 0 0 0 0 0 0 0 0 data 29 0x60007 0x29b 0xa0 0xc62 0x130007 0x0 0x68 0xc62 0x160002 0xc62 0x210005 0x0 0x0 0x18276cb0650 0xc62 0x0 0x0 0x2c0003 0xc62 0x18 0x0 0x0 0x0 0x0 0x0 0x0 0x9 0x1 0x8 oops 1 13 sun/nio/fs/WindowsFileSystem methods 0
ciMethodData java/nio/file/FileSystems getDefault ()Ljava/nio/file/FileSystem; 2 43968 orig 80 0 0 0 0 0 0 0 0 0 0 0 0 254 127 0 0 0 0 0 0 0 0 0 0 0 0 0 0 0 0 0 0 0 0 0 0 0 0 0 0 0 0 0 0 0 0 0 0 0 0 0 0 0 0 0 0 0 0 0 0 0 0 0 0 0 0 0 0 0 0 0 0 0 0 0 0 0 0 0 0 data 16 0x2 0xaa6e 0x30007 0x0 0x20 0xaa6e 0xa0002 0x0 0x0 0x0 0x0 0x0 0x0 0x0 0x9 0x0 oops 0 methods 0
ciMethodData sun/nio/fs/WindowsFileSystem getPath (Ljava/lang/String;[Ljava/lang/String;)Ljava/nio/file/Path; 2 6478 orig 80 0 0 0 0 0 0 0 0 0 0 0 0 254 127 0 0 0 0 0 0 0 0 0 0 0 0 0 0 0 0 0 0 0 0 0 0 0 0 0 0 0 0 0 0 0 0 0 0 0 0 0 0 0 0 0 0 0 0 0 0 0 0 0 0 0 0 0 0 0 0 0 0 0 0 0 0 0 0 0 0 data 81 0x10002 0x180a 0x70007 0x7 0x38 0x1803 0xc0003 0x1803 0x1f0 0x130002 0x7 0x1b0005 0x7 0x0 0x0 0x0 0x0 0x0 0x2e0007 0x7 0x158 0xf 0x3a0005 0xf 0x0 0x0 0x0 0x0 0x0 0x3d0007 0x0 0xe8 0xf 0x420005 0xf 0x0 0x0 0x0 0x0 0x0 0x450007 0x0 0x58 0xf 0x4c0005 0xf 0x0 0x0 0x0 0x0 0x0 0x540005 0xf 0x0 0x0 0x0 0x0 0x0 0x5b0003 0xf 0xfffffffffffffec0 0x600005 0x7 0x0 0x0 0x0 0x0 0x0 0x660002 0x180a 0x0 0x0 0x0 0x0 0x0 0x0 0x9 0x3 0x0 0x0 0x0 oops 0 methods 0
ciMethodData java/util/WeakHashMap isEmpty ()Z 2 2769 orig 80 0 0 0 0 0 0 0 0 0 0 0 0 254 127 0 0 0 0 0 0 0 0 0 0 0 0 0 0 0 0 0 0 0 0 0 0 0 0 0 0 0 0 0 0 0 0 0 0 0 0 0 0 0 0 0 0 0 0 0 0 0 0 0 0 0 0 0 0 0 0 0 0 0 0 0 0 0 0 0 0 data 23 0x10005 0x0 0x0 0x182757b7390 0x9d1 0x0 0x0 0x40007 0x0 0x38 0x9d1 0x80003 0x9d1 0x18 0x0 0x0 0x0 0x0 0x0 0x0 0x9 0x1 0x0 oops 1 3 java/util/WeakHashMap methods 0
ciMethodData java/util/WeakHashMap size ()I 2 2769 orig 80 0 0 0 0 0 0 0 0 0 0 0 0 254 127 0 0 0 0 0 0 0 0 0 0 0 0 0 0 0 0 0 0 0 0 0 0 0 0 0 0 0 0 0 0 0 0 0 0 0 0 0 0 0 0 0 0 0 0 0 0 0 0 0 0 0 0 0 0 0 0 0 0 0 0 0 0 0 0 0 0 data 20 0x40007 0x0 0x20 0x9d1 0xa0005 0x0 0x0 0x0 0x0 0x0 0x0 0x0 0x0 0x0 0x0 0x0 0x0 0x9 0x1 0x0 oops 0 methods 0
ciMethod org/eclipse/core/filesystem/EFS getStore (Ljava/net/URI;)Lorg/eclipse/core/filesystem/IFileStore; 1024 0 14915 0 -1
ciMethod org/eclipse/core/filesystem/IFileStore toLocalFile (ILorg/eclipse/core/runtime/IProgressMonitor;)Ljava/io/File; 0 0 1 0 -1
ciMethod org/eclipse/jdt/internal/core/JavaModelManager getLocalFile (Lorg/eclipse/core/runtime/IPath;)Ljava/io/File; 0 0 160 0 -1
ciMethodData java/nio/file/Files readAttributes (Ljava/nio/file/Path;Ljava/lang/Class;[Ljava/nio/file/LinkOption;)Ljava/nio/file/attribute/BasicFileAttributes; 2 40775 orig 80 0 0 0 0 0 0 0 0 0 0 0 0 254 127 0 0 0 0 0 0 0 0 0 0 0 0 0 0 0 0 0 0 0 0 0 0 0 0 0 0 0 0 0 0 0 0 0 0 0 0 0 0 0 0 0 0 0 0 0 0 0 0 0 0 0 0 0 0 0 0 0 0 0 0 0 0 0 0 0 0 data 20 0x10002 0x972d 0x70005 0x0 0x0 0x1827c1a1b40 0x1b46 0x1827c1a1bf0 0x7be7 0x0 0x0 0x0 0x0 0x0 0x0 0x9 0x3 0xffffffffffffffff 0xffffffffffffffff 0xffffffffffffffff oops 2 5 sun/nio/fs/WindowsFileSystemProvider 7 jdk/internal/jrtfs/JrtFileSystemProvider methods 0
ciMethodData sun/nio/fs/WindowsFileSystemProvider readAttributes (Ljava/nio/file/Path;Ljava/lang/Class;[Ljava/nio/file/LinkOption;)Ljava/nio/file/attribute/BasicFileAttributes; 2 5382 orig 80 0 0 0 0 0 0 0 0 0 0 0 0 254 127 0 0 0 0 0 0 0 0 0 0 0 0 0 0 0 0 0 0 0 0 0 0 0 0 0 0 0 0 0 0 0 0 0 0 0 0 0 0 0 0 0 0 0 0 0 0 0 0 0 0 0 0 0 0 0 0 0 0 0 0 0 0 0 0 0 0 data 55 0x30007 0xe8c 0x38 0x57a 0xa0003 0x57a 0x90 0x100007 0x0 0x38 0xe8c 0x170003 0xe8c 0x58 0x1b0007 0x0 0x30 0x0 0x220002 0x0 0x2a0002 0x0 0x330005 0x0 0x0 0x1827c1a1b40 0x1406 0x0 0x0 0x360004 0x0 0x0 0x1827954c560 0xe8c 0x1827954c610 0x57a 0x390005 0x0 0x0 0x1827954c560 0xe8c 0x1827954c610 0x57a 0x0 0x0 0x0 0x0 0x0 0x0 0x9 0x4 0x0 0x0 0x0 0x0 oops 5 25 sun/nio/fs/WindowsFileSystemProvider 32 sun/nio/fs/WindowsFileAttributeViews$Dos 34 sun/nio/fs/WindowsFileAttributeViews$Basic 39 sun/nio/fs/WindowsFileAttributeViews$Dos 41 sun/nio/fs/WindowsFileAttributeViews$Basic methods 0
ciMethodData sun/nio/fs/WindowsFileSystemProvider getFileAttributeView (Ljava/nio/file/Path;Ljava/lang/Class;[Ljava/nio/file/LinkOption;)Ljava/nio/file/attribute/FileAttributeView; 2 5381 orig 80 0 0 0 0 0 0 0 0 0 0 0 0 254 127 0 0 0 0 0 0 0 0 0 0 0 0 0 0 0 0 0 0 0 0 0 0 0 0 0 0 0 0 0 0 0 0 0 0 0 0 0 0 0 0 0 0 0 0 0 0 0 0 0 0 0 0 0 0 0 0 0 0 0 0 0 0 0 0 0 0 data 61 0x10002 0x1405 0x70007 0x1405 0x30 0x0 0xe0002 0x0 0x130002 0x1405 0x1b0007 0xe8d 0x30 0x578 0x220002 0x578 0x290007 0x0 0x30 0xe8d 0x300002 0xe8d 0x370007 0x0 0x30 0x0 0x420002 0x0 0x490007 0x0 0x40 0x0 0x580002 0x0 0x5b0002 0x0 0x620007 0x0 0x30 0x0 0x6d0002 0x0 0x720004 0x0 0x0 0x0 0x0 0x0 0x0 0x0 0x0 0x0 0x0 0x0 0x0 0x9 0x4 0x0 0x0 0x0 0x0 oops 0 methods 0
ciMethodData sun/nio/fs/WindowsFileAttributeViews$Basic readAttributes ()Ljava/nio/file/attribute/BasicFileAttributes; 2 5382 orig 80 0 0 0 0 0 0 0 0 0 0 0 0 254 127 0 0 0 0 0 0 0 0 0 0 0 0 0 0 0 0 0 0 0 0 0 0 0 0 0 0 0 0 0 0 0 0 0 0 0 0 0 0 0 0 0 0 0 0 0 0 0 0 0 0 0 0 0 0 0 0 0 0 0 0 0 0 0 0 0 0 data 16 0x10005 0x0 0x0 0x1827954c560 0xe8c 0x1827954c610 0x57a 0x0 0x0 0x0 0x0 0x0 0x0 0x9 0x1 0x0 oops 2 3 sun/nio/fs/WindowsFileAttributeViews$Dos 5 sun/nio/fs/WindowsFileAttributeViews$Basic methods 0
ciMethodData sun/nio/fs/WindowsFileAttributeViews$Basic readAttributes ()Lsun/nio/fs/WindowsFileAttributes; 2 5382 orig 80 0 0 0 0 0 0 0 0 0 0 0 0 254 127 0 0 0 0 0 0 0 0 0 0 0 0 0 0 0 0 0 0 0 0 0 0 0 0 0 0 0 0 0 0 0 0 0 0 0 0 0 0 0 0 0 0 0 0 0 0 0 0 0 0 0 0 0 0 0 0 0 0 0 0 0 0 0 0 0 0 data 25 0x40005 0x0 0x0 0x18279762c50 0x1406 0x0 0x0 0xf0002 0x1406 0x190005 0x0 0x0 0x0 0x0 0x0 0x0 0x0 0x0 0x0 0x0 0x0 0x0 0x9 0x1 0x0 oops 1 3 sun/nio/fs/WindowsPath methods 0
ciMethodData sun/nio/fs/WindowsPath checkRead ()V 2 21075 orig 80 0 0 0 0 0 0 0 0 0 0 0 0 254 127 0 0 0 0 0 0 0 0 0 0 0 0 0 0 0 0 0 0 0 0 0 0 0 0 0 0 0 0 0 0 0 0 0 0 0 0 0 0 0 0 0 0 0 0 0 0 0 0 0 0 0 0 0 0 0 0 0 0 0 0 0 0 0 0 0 0 data 29 0x2 0x5110 0x50007 0x5110 0x90 0x0 0xa0005 0x0 0x0 0x0 0x0 0x0 0x0 0xd0005 0x0 0x0 0x0 0x0 0x0 0x0 0x0 0x0 0x0 0x0 0x0 0x0 0x9 0x1 0x0 oops 0 methods 0
ciMethodData sun/nio/fs/WindowsFileAttributes get (Lsun/nio/fs/WindowsPath;Z)Lsun/nio/fs/WindowsFileAttributes; 2 5406 orig 80 0 0 0 0 0 0 0 0 0 0 0 0 254 127 0 0 0 0 0 0 0 0 0 0 0 0 0 0 0 0 0 0 0 0 0 0 0 0 0 0 0 0 0 0 0 0 0 0 0 0 0 0 0 0 0 0 0 0 0 0 0 0 0 0 0 0 0 0 0 0 0 0 0 0 0 0 0 0 0 0 data 185 0x30007 0x0 0x510 0x1418 0xa0002 0x1418 0xf0005 0x0 0x0 0x1827b7c03d0 0x1418 0x0 0x0 0x150005 0x0 0x0 0x18279762c50 0x1402 0x1827c1a2a10 0x16 0x1a0002 0x1417 0x240005 0x1418 0x0 0x0 0x0 0x0 0x0 0x2b0002 0x1418 0x2e0007 0x1 0x68 0x1417 0x340002 0x1417 0x3a0005 0x0 0x0 0x1827b7c03d0 0x1416 0x0 0x0 0x410005 0x0 0x0 0x1827b7c03d0 0x1 0x0 0x0 0x440003 0x1 0xf8 0x4b0005 0x0 0x0 0x0 0x0 0x0 0x0 0x500007 0x0 0x20 0x0 0x5a0005 0x0 0x0 0x0 0x0 0x0 0x0 0x5d0003 0x0 0x50 0x630005 0x0 0x0 0x0 0x0 0x0 0x0 0x6a0007 0x1 0x280 0x0 0x6e0005 0x0 0x0 0x0 0x0 0x0 0x0 0x770005 0x0 0x0 0x0 0x0 0x0 0x0 0x7c0005 0x0 0x0 0x0 0x0 0x0 0x0 0x850007 0x0 0x40 0x0 0x8c0007 0x0 0x20 0x0 0x910002 0x0 0x980005 0x0 0x0 0x0 0x0 0x0 0x0 0x9b0002 0x0 0xa20002 0x0 0xa60005 0x0 0x0 0x0 0x0 0x0 0x0 0xa90002 0x0 0xb00005 0x0 0x0 0x0 0x0 0x0 0x0 0xb30007 0x0 0x20 0x0 0xbd0005 0x0 0x0 0x0 0x0 0x0 0x0 0xca0005 0x0 0x0 0x0 0x0 0x0 0x0 0xd20005 0x0 0x0 0x18279762c50 0x1 0x0 0x0 0xd70002 0x1 0xdd0002 0x1 0xe60002 0x0 0x0 0x0 0x0 0x0 0x0 0x0 0x9 0x2 0x0 0x0 oops 6 9 sun/nio/fs/NativeBuffer 16 sun/nio/fs/WindowsPath 18 sun/nio/fs/WindowsPath$WindowsPathWithAttributes 40 sun/nio/fs/NativeBuffer 47 sun/nio/fs/NativeBuffer 165 sun/nio/fs/WindowsPath methods 0
ciMethodData sun/nio/fs/WindowsPath toWindowsPath (Ljava/nio/file/Path;)Lsun/nio/fs/WindowsPath; 2 12631 orig 80 0 0 0 0 0 0 0 0 0 0 0 0 254 127 0 0 0 0 0 0 0 0 0 0 0 0 0 0 0 0 0 0 0 0 0 0 0 0 0 0 0 0 0 0 0 0 0 0 0 0 0 0 0 0 0 0 0 0 0 0 0 0 0 0 0 0 0 0 0 0 0 0 0 0 0 0 0 0 0 0 data 35 0x10007 0x3001 0x30 0x0 0x80002 0x0 0xd0004 0x0 0x0 0x18279762c50 0x1754 0x1827c1a2a10 0x18ad 0x100007 0x3001 0x30 0x0 0x170002 0x0 0x1c0004 0x0 0x0 0x18279762c50 0x1754 0x1827c1a2a10 0x18ad 0x0 0x0 0x0 0x0 0x0 0x0 0x9 0x1 0x0 oops 4 9 sun/nio/fs/WindowsPath 11 sun/nio/fs/WindowsPath$WindowsPathWithAttributes 22 sun/nio/fs/WindowsPath 24 sun/nio/fs/WindowsPath$WindowsPathWithAttributes methods 0
ciMethodData sun/nio/fs/WindowsFileAttributeViews createBasicView (Lsun/nio/fs/WindowsPath;Z)Lsun/nio/fs/WindowsFileAttributeViews$Basic; 2 1589 orig 80 0 0 0 0 0 0 0 0 0 0 0 0 254 127 0 0 0 0 0 0 0 0 0 0 0 0 0 0 0 0 0 0 0 0 0 0 0 0 0 0 0 0 0 0 0 0 0 0 0 0 0 0 0 0 0 0 0 0 0 0 0 0 0 0 0 0 0 0 0 0 0 0 0 0 0 0 0 0 0 0 data 9 0x60002 0x578 0x0 0x0 0x0 0x9 0x2 0x0 0x0 oops 0 methods 0
ciMethodData sun/nio/fs/WindowsFileAttributeViews$Basic <init> (Lsun/nio/fs/WindowsPath;Z)V 2 5381 orig 80 0 0 0 0 0 0 0 0 0 0 0 0 254 127 0 0 0 0 0 0 0 0 0 0 0 0 0 0 0 0 0 0 0 0 0 0 0 0 0 0 0 0 0 0 0 0 0 0 0 0 0 0 0 0 0 0 0 0 0 0 0 0 0 0 0 0 0 0 0 0 0 0 0 0 0 0 0 0 0 0 data 11 0x10002 0x1405 0x0 0x0 0x0 0x0 0x9 0x3 0x6 0x0 0x0 oops 0 methods 0
ciMethodData sun/nio/fs/AbstractBasicFileAttributeView <init> ()V 2 5381 orig 80 0 0 0 0 0 0 0 0 0 0 0 0 254 127 0 0 0 0 0 0 0 0 0 0 0 0 0 0 0 0 0 0 0 0 0 0 0 0 0 0 0 0 0 0 0 0 0 0 0 0 0 0 0 0 0 0 0 0 0 0 0 0 0 0 0 0 0 0 0 0 0 0 0 0 0 0 0 0 0 0 data 7 0x10002 0x1405 0x0 0x0 0x9 0x1 0x0 oops 0 methods 0
ciMethodData sun/nio/fs/WindowsPathParser parse (Ljava/lang/String;)Lsun/nio/fs/WindowsPathParser$Result; 2 6531 orig 80 0 0 0 0 0 0 0 0 0 0 0 0 254 127 0 0 0 0 0 0 0 0 0 0 0 0 0 0 0 0 0 0 0 0 0 0 0 0 0 0 0 0 0 0 0 0 0 0 0 0 0 0 0 0 0 0 0 0 0 0 0 0 0 0 0 0 0 0 0 0 0 0 0 0 0 0 0 0 0 0 data 11 0x20002 0x1803 0x0 0x0 0x0 0x0 0x0 0x0 0x9 0x1 0x0 oops 0 methods 0
ciMethodData sun/nio/fs/WindowsPath parse (Lsun/nio/fs/WindowsFileSystem;Ljava/lang/String;)Lsun/nio/fs/WindowsPath; 2 6530 orig 80 0 0 0 0 0 0 0 0 0 0 0 0 254 127 0 0 0 0 0 0 0 0 0 0 0 0 0 0 0 0 0 0 0 0 0 0 0 0 0 0 0 0 0 0 0 0 0 0 0 0 0 0 0 0 0 0 0 0 0 0 0 0 0 0 0 0 0 0 0 0 0 0 0 0 0 0 0 0 0 0 data 35 0x10002 0x1802 0xb0005 0x0 0x0 0x18279766890 0x1802 0x0 0x0 0xf0005 0x0 0x0 0x18279766890 0x1802 0x0 0x0 0x130005 0x0 0x0 0x18279766890 0x1802 0x0 0x0 0x160002 0x1802 0x0 0x0 0x0 0x0 0x0 0x0 0x9 0x2 0x0 0x0 oops 3 5 sun/nio/fs/WindowsPathParser$Result 12 sun/nio/fs/WindowsPathParser$Result 19 sun/nio/fs/WindowsPathParser$Result methods 0
ciMethodData java/lang/ref/ReferenceQueue <init> ()V 2 2104 orig 80 0 0 0 0 0 0 0 0 0 0 0 0 254 127 0 0 0 0 0 0 0 0 0 0 0 0 0 0 0 0 0 0 0 0 0 0 0 0 0 0 0 0 0 0 0 0 0 0 0 0 0 0 0 0 0 0 0 0 0 0 0 0 0 0 0 0 0 0 0 0 0 0 0 0 0 0 0 0 0 0 data 11 0x10002 0x734 0x90002 0x734 0x0 0x0 0x0 0x0 0x9 0x1 0xe oops 0 methods 0
ciMethodData java/lang/ref/ReferenceQueue$Lock <init> ()V 2 2104 orig 80 0 0 0 0 0 0 0 0 0 0 0 0 254 127 0 0 0 0 0 0 0 0 0 0 0 0 0 0 0 0 0 0 0 0 0 0 0 0 0 0 0 0 0 0 0 0 0 0 0 0 0 0 0 0 0 0 0 0 0 0 0 0 0 0 0 0 0 0 0 0 0 0 0 0 0 0 0 0 0 0 data 7 0x10002 0x734 0x0 0x0 0x9 0x1 0x0 oops 0 methods 0
ciMethod sun/nio/fs/WindowsException lastError ()I 264 0 132 0 -1
ciMethod sun/nio/fs/WindowsException errorString ()Ljava/lang/String; 0 0 10 0 -1
ciMethod sun/nio/fs/WindowsException translateToIOException (Ljava/lang/String;Ljava/lang/String;)Ljava/io/IOException; 1450 0 1127 0 -1
ciMethod sun/nio/fs/WindowsException rethrowAsIOException (Lsun/nio/fs/WindowsPath;Lsun/nio/fs/WindowsPath;)V 1578 0 1047 259 -1
ciMethod sun/nio/fs/WindowsException rethrowAsIOException (Lsun/nio/fs/WindowsPath;)V 1576 0 1047 260 0
ciMethodData java/lang/String encodeWithEncoder (Ljava/nio/charset/Charset;B[BZ)[B 1 0 orig 80 0 0 0 0 0 0 0 0 0 0 0 0 254 127 0 0 0 0 0 0 0 0 0 0 0 0 0 0 0 0 0 0 0 0 0 0 0 0 0 0 0 0 0 0 0 0 0 0 0 0 0 0 0 0 0 0 0 0 0 0 0 0 0 0 0 0 0 0 0 0 0 0 0 0 0 0 0 0 0 0 data 246 0x10005 0x0 0x0 0x0 0x0 0x0 0x0 0x100005 0x0 0x0 0x0 0x0 0x0 0x0 0x130002 0x0 0x1a0004 0x0 0x0 0x0 0x0 0x0 0x0 0x1d0007 0x0 0x298 0x0 0x220004 0x0 0x0 0x0 0x0 0x0 0x0 0x280007 0x0 0xb8 0x0 0x2d0005 0x0 0x0 0x0 0x0 0x0 0x0 0x320007 0x0 0x60 0x0 0x390002 0x0 0x3c0007 0x0 0x30 0x0 0x420002 0x0 0x4e0007 0x0 0x20 0x0 0x550007 0x0 0x90 0x0 0x5d0005 0x0 0x0 0x0 0x0 0x0 0x0 0x630005 0x0 0x0 0x0 0x0 0x0 0x0 0x680007 0x0 0x70 0x0 0x730005 0x0 0x0 0x0 0x0 0x0 0x0 0x780003 0x0 0x50 0x830005 0x0 0x0 0x0 0x0 0x0 0x0 0x8d0007 0x0 0x30 0x0 0x950002 0x0 0xa10007 0x0 0x20 0x0 0xa80007 0x0 0x90 0x0 0xb00005 0x0 0x0 0x0 0x0 0x0 0x0 0xb60005 0x0 0x0 0x0 0x0 0x0 0x0 0xbb0007 0x0 0x48 0x0 0xbf0002 0x0 0xc20003 0x0 0x28 0xc60002 0x0 0xcd0002 0x0 0xd70002 0x0 0xe30005 0x0 0x0 0x0 0x0 0x0 0x0 0xea0005 0x0 0x0 0x0 0x0 0x0 0x0 0xed0007 0x0 0x58 0x0 0xf20005 0x0 0x0 0x0 0x0 0x0 0x0 0xf90005 0x0 0x0 0x0 0x0 0x0 0x0 0x1000005 0x0 0x0 0x0 0x0 0x0 0x0 0x1030007 0x0 0x58 0x0 0x1080005 0x0 0x0 0x0 0x0 0x0 0x0 0x10b0003 0x0 0x58 0x1110007 0x0 0x30 0x0 0x11a0002 0x0 0x1240002 0x0 0x12c0005 0x0 0x0 0x0 0x0 0x0 0x0 0x1300005 0x0 0x0 0x0 0x0 0x0 0x0 0x1330005 0x0 0x0 0x0 0x0 0x0 0x0 0x1360007 0x0 0x38 0x0 0x13a0003 0x0 0x18 0x13e0002 0x0 0x0 0x0 0x0 0x0 0x0 0x0 0x9 0x4 0x0 0x0 0x0 0x0 oops 0 methods 0
ciMethodData org/eclipse/core/filesystem/EFS getStore (Ljava/net/URI;)Lorg/eclipse/core/filesystem/IFileStore; 2 14997 orig 80 0 0 0 0 0 0 0 0 0 0 0 0 254 127 0 0 0 0 0 0 0 0 0 0 0 0 0 0 0 0 0 0 0 0 0 0 0 0 0 0 0 0 0 0 0 0 0 0 0 0 0 0 0 0 0 0 0 0 0 0 0 0 0 0 0 0 0 0 0 0 0 0 0 0 0 0 0 0 0 0 data 18 0x2 0x3895 0x40005 0x0 0x0 0x18207ab0bc0 0x3895 0x0 0x0 0x0 0x0 0x0 0x0 0x0 0x0 0x9 0x1 0xffffffffffffffff oops 1 5 org/eclipse/core/internal/filesystem/InternalFileSystemCore methods 0
ciMethodData org/eclipse/core/runtime/Path isAbsolute ()Z 2 34959 orig 80 0 0 0 0 0 0 0 0 0 0 0 0 254 127 0 0 0 0 0 0 0 0 0 0 0 0 0 0 0 0 0 0 0 0 0 0 0 0 0 0 0 0 0 0 0 0 0 0 0 0 0 0 0 0 0 0 0 0 0 0 0 0 0 0 0 0 0 0 0 0 0 0 0 0 0 0 0 0 0 0 data 11 0x60007 0x2de 0x20 0x84ae 0x0 0x0 0x0 0x0 0x9 0x1 0x0 oops 0 methods 0
ciMethodData org/eclipse/core/runtime/Path toFile ()Ljava/io/File; 2 32335 orig 80 0 0 0 0 0 0 0 0 0 0 0 0 254 127 0 0 0 0 0 0 0 0 0 0 0 0 0 0 0 0 0 0 0 0 0 0 0 0 0 0 0 0 0 0 0 0 0 0 0 0 0 0 0 0 0 0 0 0 0 0 0 0 0 0 0 0 0 0 0 0 0 0 0 0 0 0 0 0 0 0 data 18 0x50005 0x0 0x0 0x1827ea17970 0x7d17 0x0 0x0 0x80002 0x7d17 0x0 0x0 0x0 0x0 0x0 0x0 0x9 0x1 0xffffffffffffffff oops 1 3 org/eclipse/core/runtime/Path methods 0
ciMethodData org/eclipse/core/runtime/Path toOSString ()Ljava/lang/String; 2 45501 orig 80 1 0 0 0 0 0 0 0 0 0 0 0 254 127 0 0 0 0 0 0 0 0 0 0 0 0 0 0 0 0 0 0 0 0 0 0 0 0 0 1 0 0 0 0 0 0 0 0 0 0 0 0 0 0 0 0 0 0 0 0 0 0 0 0 0 0 0 0 0 0 0 0 0 0 0 0 0 0 0 0 data 96 0x10005 0x1935 0x0 0x0 0x0 0x0 0x0 0x60007 0x1935 0x20 0x0 0x80000006001b0007 0x1 0x90 0x1935 0x220005 0x1935 0x0 0x0 0x0 0x0 0x0 0x310005 0x1935 0x0 0x0 0x0 0x0 0x0 0x410007 0x1 0x20 0x1935 0x520007 0x1936 0x20 0x0 0x680007 0xac 0x138 0x188a 0x6e0003 0x188a 0x88 0x780005 0xa685 0x0 0x0 0x0 0x0 0x0 0x8a0005 0xa685 0x0 0x0 0x0 0x0 0x0 0xa30007 0xa684 0xffffffffffffff90 0x188a 0xad0005 0x188a 0x0 0x0 0x0 0x0 0x0 0xbf0005 0x188a 0x0 0x0 0x0 0x0 0x0 0xcf0007 0x1936 0x20 0x0 0xdf0002 0x1936 0x0 0x0 0x0 0x0 0x0 0x0 0x0 0x0 0x0 0x0 0x0 0x9 0x1 0x0 oops 0 methods 0
ciMethodData org/eclipse/core/runtime/Path <init> (Ljava/lang/String;)V 2 67696 orig 80 1 0 0 0 0 0 0 0 0 0 0 0 254 127 0 0 0 0 0 0 0 0 0 0 0 0 0 0 0 0 0 0 0 0 0 0 0 0 0 0 0 0 0 0 0 0 0 0 0 0 0 0 0 0 0 0 0 0 0 0 0 0 0 0 0 0 0 0 0 0 0 0 0 0 0 0 0 0 0 0 data 9 0x50002 0x10049 0x0 0x0 0x0 0x9 0x2 0xffffffffffffffff 0xffffffffffffffff oops 0 methods 0
ciMethodData org/eclipse/core/runtime/Path makeRelative ()Lorg/eclipse/core/runtime/IPath; 2 1168 orig 80 0 0 0 0 0 0 0 0 0 0 0 0 254 127 0 0 0 0 0 0 0 0 0 0 0 0 0 0 0 0 0 0 0 0 0 0 0 0 0 0 0 0 0 0 0 0 0 0 0 0 0 0 0 0 0 0 0 0 0 0 0 0 0 0 0 0 0 0 0 0 0 0 0 0 0 0 0 0 0 0 data 22 0x10005 0x0 0x0 0x1827ea17970 0x487 0x0 0x0 0x40007 0x2a3 0x20 0x1e4 0x1c0002 0x2a3 0x0 0x0 0x0 0x0 0x0 0x0 0x9 0x1 0x0 oops 1 3 org/eclipse/core/runtime/Path methods 0
ciMethod org/eclipse/jdt/internal/core/search/indexing/IndexManager computeIndexLocation (Lorg/eclipse/core/runtime/IPath;)Lorg/eclipse/jdt/internal/core/index/IndexLocation; 768 0 883 0 0
ciMethod org/eclipse/jdt/internal/core/search/indexing/IndexManager deleteIndexFiles ()V 0 0 1 0 -1
ciMethod org/eclipse/jdt/internal/core/search/indexing/IndexManager getIndex (Lorg/eclipse/jdt/internal/core/index/IndexLocation;)Lorg/eclipse/jdt/internal/core/index/Index; 512 0 574 0 -1
ciMethod org/eclipse/jdt/internal/core/search/indexing/IndexManager getIndex (Lorg/eclipse/core/runtime/IPath;Lorg/eclipse/jdt/internal/core/index/IndexLocation;ZZ)Lorg/eclipse/jdt/internal/core/index/Index; 512 0 276 0 0
ciMethod org/eclipse/jdt/internal/core/search/indexing/IndexManager getIndexForUpdate (Lorg/eclipse/core/runtime/IPath;ZZ)Lorg/eclipse/jdt/internal/core/index/Index; 404 0 276 0 0
ciMethod org/eclipse/jdt/internal/core/search/indexing/IndexManager getIndexStates ()Lorg/eclipse/jdt/internal/compiler/util/SimpleLookupTable; 512 330 1364 0 0
ciMethod org/eclipse/jdt/internal/core/search/indexing/IndexManager getSavedIndexesDirectory ()Ljava/io/File; 266 0 176 0 -1
ciMethod org/eclipse/jdt/internal/core/search/indexing/IndexManager indexDocument (Lorg/eclipse/jdt/core/search/SearchDocument;Lorg/eclipse/jdt/core/search/SearchParticipant;Lorg/eclipse/jdt/internal/core/index/Index;Lorg/eclipse/core/runtime/IPath;)V 824 0 52299 0 -1
ciMethod org/eclipse/jdt/internal/core/search/indexing/IndexManager addIndex (Lorg/eclipse/core/runtime/IPath;Lorg/eclipse/jdt/internal/core/index/IndexLocation;)Z 0 0 1 0 0
ciMethod org/eclipse/jdt/internal/core/search/indexing/IndexManager rebuildIndex (Lorg/eclipse/jdt/internal/core/index/IndexLocation;Lorg/eclipse/core/runtime/IPath;)V 0 0 1 0 -1
ciMethod org/eclipse/jdt/internal/core/search/indexing/IndexManager rebuildIndex (Lorg/eclipse/jdt/internal/core/index/IndexLocation;Lorg/eclipse/core/runtime/IPath;Z)V 0 0 1 0 -1
ciMethod org/eclipse/jdt/internal/core/search/indexing/IndexManager recreateIndex (Lorg/eclipse/core/runtime/IPath;)Lorg/eclipse/jdt/internal/core/index/Index; 0 0 1 0 -1
ciMethod org/eclipse/jdt/internal/core/search/indexing/IndexManager removeIndex (Lorg/eclipse/core/runtime/IPath;)V 320 0 160 0 -1
ciMethod org/eclipse/jdt/internal/core/search/indexing/IndexManager removeFromMetaIndex (Lorg/eclipse/jdt/internal/core/index/Index;Ljava/io/File;Lorg/eclipse/core/runtime/IPath;)V 320 0 160 0 -1
ciMethod org/eclipse/jdt/internal/core/search/indexing/IndexManager resetIndex (Lorg/eclipse/core/runtime/IPath;)Z 202 0 138 0 -1
ciMethod org/eclipse/jdt/internal/core/search/indexing/IndexManager savePreBuiltIndex (Lorg/eclipse/jdt/internal/core/index/Index;)V 0 0 1 0 -1
ciMethod org/eclipse/jdt/internal/core/search/indexing/IndexManager saveIndex (Lorg/eclipse/jdt/internal/core/index/Index;)V 200 22300 137 0 -1
ciMethod org/eclipse/jdt/internal/core/search/indexing/IndexManager readIndexMap ()V 2 0 1 0 -1
ciMethod org/eclipse/jdt/internal/core/search/indexing/IndexManager updateIndexState (Lorg/eclipse/jdt/internal/core/index/IndexLocation;Ljava/lang/Integer;)V 768 0 468 0 -1
ciMethod org/eclipse/jdt/internal/core/search/indexing/IndexManager writeJavaLikeNamesFile ()V 0 0 1 0 -1
ciMethod org/eclipse/jdt/internal/core/search/indexing/IndexManager writeIndexMapFile ()V 0 0 1 0 -1
ciMethod org/eclipse/jdt/internal/core/search/indexing/IndexManager updateMetaIndex (Lorg/eclipse/jdt/internal/core/index/Index;)V 240 0 137 0 -1
ciMethod org/eclipse/jdt/internal/core/search/indexing/BinaryContainer isValidPackageNameForClassOrisModule (Ljava/lang/String;)Z 512 2984 8586 0 -1
ciMethod org/eclipse/jdt/internal/core/search/processing/JobManager awaitingJobsCount ()I 514 0 408 0 -1
ciMethod org/eclipse/jdt/internal/core/search/indexing/BinaryContainer isIdentifier ()Z 512 0 24550 0 -1
ciMethod org/eclipse/jdt/internal/core/search/indexing/AddJarFileToIndex execute (Lorg/eclipse/core/runtime/IProgressMonitor;)Z 202 88064 138 0 -1
ciMethod org/eclipse/jdt/internal/core/search/indexing/AddJarFileToIndex hasPreBuiltIndex ()Z 512 0 298 0 0
ciMethod org/eclipse/jdt/internal/core/index/IndexLocation close ()V 2 0 1 0 -1
ciMethod org/eclipse/jdt/internal/core/index/IndexLocation exists ()Z 0 0 1 0 -1
ciMethod org/eclipse/jdt/internal/core/index/IndexLocation getCanonicalFilePath ()Ljava/lang/String; 0 0 1 0 -1
ciMethod org/eclipse/jdt/internal/core/index/IndexLocation getIndexFile ()Ljava/io/File; 0 0 1 0 -1
ciMethod org/eclipse/jdt/internal/core/index/FileIndexLocation <init> (Ljava/io/File;)V 512 0 452 0 -1
ciMethod org/eclipse/jdt/internal/core/index/FileIndexLocation exists ()Z 512 0 416 0 0
ciMethod org/eclipse/jdt/internal/core/index/FileIndexLocation getCanonicalFilePath ()Ljava/lang/String; 202 0 138 0 -1
ciMethod org/eclipse/jdt/internal/compiler/util/SimpleLookupTable <init> ()V 10 0 5 0 -1
ciMethod org/eclipse/jdt/internal/compiler/util/SimpleLookupTable get (Ljava/lang/Object;)Ljava/lang/Object; 514 466 8185 0 640
ciMethod org/eclipse/jdt/internal/compiler/util/SimpleLookupTable getKey (Ljava/lang/Object;)Ljava/lang/Object; 322 416 172 0 -1
ciMethod org/eclipse/jdt/internal/compiler/util/SimpleLookupTable put (Ljava/lang/Object;Ljava/lang/Object;)Ljava/lang/Object; 1432 814 16224 0 -1
ciMethod org/eclipse/jdt/internal/compiler/util/SimpleLookupTable removeKey (Ljava/lang/Object;)Ljava/lang/Object; 520 336 320 0 -1
ciMethod org/eclipse/jdt/internal/core/search/indexing/IndexNamesRegistry read (Lorg/eclipse/core/runtime/IProgressMonitor;)[[C 2 0 1 0 -1
ciMethod org/eclipse/jdt/core/compiler/CharOperation append ([CC)[C 174 0 118 0 -1
ciMethod org/eclipse/jdt/core/compiler/CharOperation append ([C[C)[C 174 0 118 0 -1
ciMethod org/eclipse/jdt/internal/core/search/BasicSearchEngine getDefaultSearchParticipant ()Lorg/eclipse/jdt/core/search/SearchParticipant; 202 0 138 0 -1
ciMethod org/eclipse/jdt/core/search/SearchParticipant indexDocument (Lorg/eclipse/jdt/core/search/SearchDocument;Lorg/eclipse/core/runtime/IPath;)V 0 0 1 0 -1
ciMethod org/eclipse/jdt/internal/core/search/JavaSearchParticipant indexDocument (Lorg/eclipse/jdt/core/search/SearchDocument;Lorg/eclipse/core/runtime/IPath;)V 824 0 8012 0 -1
ciMethod org/eclipse/jdt/internal/compiler/util/Util readNBytes (Ljava/io/InputStream;I)[B 822 0 8006 0 -1
ciMethod org/eclipse/jdt/internal/compiler/util/Util getZipEntryByteContent (Ljava/util/zip/ZipEntry;Ljava/util/zip/ZipFile;)[B 1028 0 8006 0 -1
ciMethod org/eclipse/jdt/internal/compiler/util/Util isClassFileName (Ljava/lang/String;)Z 480 2880 17068 0 -1
ciMethod org/eclipse/jdt/internal/core/util/Util toLocalFile (Ljava/net/URI;Lorg/eclipse/core/runtime/IProgressMonitor;)Ljava/io/File; 4 0 20 0 0
ciMethod org/eclipse/jdt/internal/core/util/Util verbose (Ljava/lang/String;)V 0 0 1 0 -1
ciMethod org/eclipse/jdt/internal/core/util/Util isJavaLikeFileName (Ljava/lang/String;)Z 516 0 8468 0 -1
ciMethodData java/nio/charset/Charset defaultCharset ()Ljava/nio/charset/Charset; 1 1172 orig 80 0 0 0 0 0 0 0 0 0 0 0 0 254 127 0 0 0 0 0 0 0 0 0 0 0 0 0 0 0 0 0 0 0 0 0 0 0 0 0 0 0 0 0 0 0 0 0 0 0 0 0 0 0 0 0 0 0 0 0 0 0 0 0 0 0 0 0 0 0 0 0 0 0 0 0 0 0 0 0 0 data 26 0x30007 0x309 0x90 0x0 0xd0002 0x0 0x120002 0x0 0x170007 0x0 0x38 0x0 0x1e0003 0x0 0x18 0x290003 0x0 0x18 0x0 0x0 0x0 0x0 0x0 0x0 0x9 0x0 oops 0 methods 0
ciMethodData sun/nio/fs/WindowsException rethrowAsIOException (Lsun/nio/fs/WindowsPath;)V 1 1047 orig 80 0 0 0 0 0 0 0 0 0 0 0 0 254 127 0 0 0 0 0 0 0 0 0 0 0 0 0 0 0 0 0 0 0 0 0 0 0 0 0 0 0 0 0 0 0 0 0 0 0 0 0 0 0 0 0 0 0 0 0 0 0 0 0 0 0 0 0 0 0 0 0 0 0 0 0 0 0 0 0 0 data 17 0x30005 0x0 0x0 0x18279ef1700 0x103 0x0 0x0 0x0 0x0 0x0 0x0 0x0 0x0 0x9 0x2 0x0 0x0 oops 1 3 sun/nio/fs/WindowsException methods 0
ciMethodData sun/nio/fs/WindowsException rethrowAsIOException (Lsun/nio/fs/WindowsPath;Lsun/nio/fs/WindowsPath;)V 1 1047 orig 80 0 0 0 0 0 0 0 0 0 0 0 0 254 127 0 0 0 0 0 0 0 0 0 0 0 0 0 0 0 0 0 0 0 0 0 0 0 0 0 0 0 0 0 0 0 0 0 0 0 0 0 0 0 0 0 0 0 0 0 0 0 0 0 0 0 0 0 0 0 0 0 0 0 0 0 0 0 0 0 0 data 46 0x10007 0x102 0x38 0x0 0x50003 0x0 0x50 0x90005 0x0 0x0 0x1827c1a2a10 0xa 0x18279762c50 0xf8 0xe0007 0x0 0x38 0x102 0x120003 0x102 0x50 0x160005 0x0 0x0 0x0 0x0 0x0 0x0 0x1f0005 0x102 0x0 0x0 0x0 0x0 0x0 0x0 0x0 0x0 0x0 0x0 0x0 0x9 0x3 0x0 0x0 0x0 oops 2 10 sun/nio/fs/WindowsPath$WindowsPathWithAttributes 12 sun/nio/fs/WindowsPath methods 0
ciMethodData sun/nio/fs/WindowsException translateToIOException (Ljava/lang/String;Ljava/lang/String;)Ljava/io/IOException; 1 1127 orig 80 0 0 0 0 0 0 0 0 0 0 0 0 254 127 0 0 0 0 0 0 0 0 0 0 0 0 0 0 0 0 0 0 0 0 0 0 0 0 0 0 0 0 0 0 0 0 0 0 0 0 0 0 0 0 0 0 0 0 0 0 0 0 0 0 0 0 0 0 0 0 0 0 0 0 0 0 0 0 0 0 data 101 0x10005 0x0 0x0 0x18279ef1700 0x192 0x0 0x0 0x40007 0x192 0x68 0x0 0xc0005 0x0 0x0 0x0 0x0 0x0 0x0 0xf0002 0x0 0x140005 0x0 0x0 0x18279ef1700 0x192 0x0 0x0 0x180007 0x186 0x78 0xc 0x1c0005 0x0 0x0 0x18279ef1700 0xc 0x0 0x0 0x200007 0xa 0x30 0x2 0x2a0002 0x188 0x2f0005 0x0 0x0 0x18279ef1700 0xa 0x0 0x0 0x340007 0x0 0x78 0xa 0x380005 0x0 0x0 0x18279ef1700 0xa 0x0 0x0 0x3e0007 0xa 0x30 0x0 0x480002 0x0 0x4d0005 0x0 0x0 0x18279ef1700 0xa 0x0 0x0 0x510007 0xa 0x30 0x0 0x5b0002 0x0 0x660005 0x0 0x0 0x18279ef1700 0xa 0x0 0x0 0x690002 0xa 0x0 0x0 0x0 0x0 0x0 0x0 0x9 0x3 0x0 0x0 0x0 oops 7 3 sun/nio/fs/WindowsException 23 sun/nio/fs/WindowsException 34 sun/nio/fs/WindowsException 47 sun/nio/fs/WindowsException 58 sun/nio/fs/WindowsException 71 sun/nio/fs/WindowsException 84 sun/nio/fs/WindowsException methods 0
ciMethodData sun/nio/fs/WindowsException errorString ()Ljava/lang/String; 1 10 orig 80 0 0 0 0 0 0 0 0 0 0 0 0 254 127 0 0 0 0 0 0 0 0 0 0 0 0 0 0 0 0 0 0 0 0 0 0 0 0 0 0 0 0 0 0 0 0 0 0 0 0 0 0 0 0 0 0 0 0 0 0 0 0 0 0 0 0 0 0 0 0 0 0 0 0 0 0 0 0 0 0 data 44 0x40007 0x0 0x118 0xa 0xc0002 0xa 0x160007 0xa 0xe8 0x0 0x1e0002 0x0 0x230005 0x0 0x0 0x0 0x0 0x0 0x0 0x2a0002 0x0 0x2d0005 0x0 0x0 0x0 0x0 0x0 0x0 0x300005 0x0 0x0 0x0 0x0 0x0 0x0 0x0 0x0 0x0 0x0 0x0 0x0 0x9 0x1 0x20 oops 0 methods 0
ciMethod jdk/internal/access/foreign/MemorySegmentProxy scope ()Ljdk/internal/misc/ScopedMemoryAccess$Scope; 0 0 1 0 -1
ciMethod java/io/UncheckedIOException getCause ()Ljava/io/IOException; 0 0 1 0 -1
ciMethodData java/util/WeakHashMap newTable (I)[Ljava/util/WeakHashMap$Entry; 2 1904 orig 80 0 0 0 0 0 0 0 0 0 0 0 0 254 127 0 0 0 0 0 0 0 0 0 0 0 0 0 0 0 0 0 0 0 0 0 0 0 0 0 0 0 0 0 0 0 0 0 0 0 0 0 0 0 0 0 0 0 0 0 0 0 0 0 0 0 0 0 0 0 0 0 0 0 0 0 0 0 0 0 0 data 6 0x0 0x0 0x9 0x2 0x0 0x0 oops 0 methods 0
ciMethod jdk/internal/jrtfs/JrtFileSystemProvider toJrtPath (Ljava/nio/file/Path;)Ljdk/internal/jrtfs/JrtPath; 4406 0 38928 0 0
ciMethod jdk/internal/jrtfs/JrtFileSystemProvider readAttributes (Ljava/nio/file/Path;Ljava/lang/Class;[Ljava/nio/file/LinkOption;)Ljava/nio/file/attribute/BasicFileAttributes; 4628 0 22976 0 576
ciMethod jdk/internal/jrtfs/JrtFileSystem isOpen ()Z 522 0 261 0 -1
ciMethod jdk/internal/jrtfs/JrtFileSystem provider ()Ljava/nio/file/spi/FileSystemProvider; 454 0 227 0 0
ciMethod jdk/internal/jrtfs/JrtFileSystem getFileAttributes (Ljdk/internal/jrtfs/JrtPath;[Ljava/nio/file/LinkOption;)Ljdk/internal/jrtfs/JrtFileAttributes; 45034 0 22976 0 0
ciMethod jdk/internal/jrtfs/JrtFileSystem followLinks ([Ljava/nio/file/LinkOption;)Z 2542 0 1271 0 0
ciMethod jdk/internal/jrtfs/JrtFileSystem ensureOpen ()V 794 0 32400 0 -1
ciMethod jdk/internal/jrtfs/JrtFileSystem lookup (Ljava/lang/String;)Ljdk/internal/jimage/ImageReader$Node; 4388 0 35355 0 -1
ciMethod jdk/internal/jrtfs/JrtFileSystem lookupSymbolic (Ljava/lang/String;)Ljdk/internal/jimage/ImageReader$Node; 0 0 1 0 -1
ciMethod jdk/internal/jrtfs/JrtFileSystem checkNode (Ljdk/internal/jrtfs/JrtPath;)Ljdk/internal/jimage/ImageReader$Node; 8416 0 36211 0 928
ciMethod jdk/internal/jrtfs/JrtPath getResolvedPath ()Ljava/lang/String; 4434 0 36211 0 -1
ciMethod jdk/internal/jrtfs/JrtPath getAttributes ([Ljava/nio/file/LinkOption;)Ljdk/internal/jrtfs/JrtFileAttributes; 3846 0 22581 0 0
ciMethod java/nio/file/ClosedFileSystemException <init> ()V 0 0 1 0 -1
ciMethodData java/util/WeakHashMap <init> ()V 2 1896 orig 80 0 0 0 0 0 0 0 0 0 0 0 0 254 127 0 0 0 0 0 0 0 0 0 0 0 0 0 0 0 0 0 0 0 0 0 0 0 0 0 0 0 0 0 0 0 0 0 0 0 0 0 0 0 0 0 0 0 0 0 0 0 0 0 0 0 0 0 0 0 0 0 0 0 0 0 0 0 0 0 0 data 8 0x50002 0x668 0x0 0x0 0x0 0x9 0x1 0x0 oops 0 methods 0
ciMethodData java/util/WeakHashMap <init> (IF)V 2 7584 orig 80 0 0 0 0 0 0 0 0 0 0 0 0 254 127 0 0 0 0 0 0 0 0 0 0 0 0 0 0 0 0 0 0 0 0 0 0 0 0 0 0 0 0 0 0 0 0 0 0 0 0 0 0 0 0 0 0 0 0 0 0 0 0 0 0 0 0 0 0 0 0 0 0 0 0 0 0 0 0 0 0 data 97 0x10002 0x668 0x90002 0x668 0x100007 0x668 0xe8 0x0 0x1b0002 0x0 0x200005 0x0 0x0 0x0 0x0 0x0 0x0 0x240005 0x0 0x0 0x0 0x0 0x0 0x0 0x270005 0x0 0x0 0x0 0x0 0x0 0x0 0x2a0002 0x0 0x310007 0x668 0x20 0x0 0x3a0007 0x0 0x50 0x668 0x3e0002 0x668 0x410007 0x668 0xe8 0x0 0x4c0002 0x0 0x510005 0x0 0x0 0x0 0x0 0x0 0x0 0x550005 0x0 0x0 0x0 0x0 0x0 0x0 0x580005 0x0 0x0 0x0 0x0 0x0 0x0 0x5b0002 0x0 0x630007 0x668 0x38 0x19a0 0x6a0003 0x19a0 0xffffffffffffffe0 0x700005 0x668 0x0 0x0 0x0 0x0 0x0 0x0 0x0 0x0 0x0 0x0 0x0 0x9 0x3 0x38 0x0 0x0 oops 0 methods 0
ciMethod jdk/internal/jimage/ImageReader$Node resolveLink (Z)Ljdk/internal/jimage/ImageReader$Node; 4154 0 2083 0 -1
ciMethod jdk/internal/jimage/ImageReader$Node isLink ()Z 302 0 151 0 -1
ciMethod jdk/internal/jrtfs/JrtFileAttributes <init> (Ljdk/internal/jimage/ImageReader$Node;)V 4766 0 2383 0 0
ciMethodData jdk/internal/jrtfs/JrtFileSystem checkNode (Ljdk/internal/jrtfs/JrtPath;)Ljdk/internal/jimage/ImageReader$Node; 2 36211 orig 80 0 0 0 0 0 0 0 0 0 0 0 0 254 127 0 0 0 0 0 0 0 0 0 0 0 0 0 0 0 0 0 0 0 0 0 0 0 0 0 0 0 0 0 0 0 0 0 0 0 0 0 0 0 0 0 0 0 0 0 0 0 0 0 0 0 0 0 0 0 0 0 0 0 0 0 0 0 0 0 0 data 38 0x10005 0x7d03 0x0 0x0 0x0 0x0 0x0 0x50005 0x7d03 0x0 0x0 0x0 0x0 0x0 0xb0002 0x7d03 0x100007 0x7d03 0x60 0x0 0x150002 0x0 0x1a0007 0x0 0x30 0x0 0x220002 0x0 0x0 0x0 0x0 0x0 0x0 0x0 0x9 0x2 0x0 0x0 oops 0 methods 0
ciMethodData jdk/internal/jrtfs/JrtFileSystem ensureOpen ()V 2 32400 orig 80 0 0 0 0 0 0 0 0 0 0 0 0 254 127 0 0 0 0 0 0 0 0 0 0 0 0 0 0 0 0 0 0 0 0 0 0 0 0 0 0 0 0 0 0 0 0 0 0 0 0 0 0 0 0 0 0 0 0 0 0 0 0 0 0 0 0 0 0 0 0 0 0 0 0 0 0 0 0 0 0 data 22 0x10005 0x0 0x0 0x1827c1a2ac0 0x7d03 0x0 0x0 0x40007 0x7d03 0x30 0x0 0xb0002 0x0 0x0 0x0 0x0 0x0 0x0 0x0 0x9 0x1 0x0 oops 1 3 jdk/internal/jrtfs/JrtFileSystem methods 0
ciMethodData jdk/internal/jrtfs/JrtFileSystem lookup (Ljava/lang/String;)Ljdk/internal/jimage/ImageReader$Node; 2 35355 orig 80 0 0 0 0 0 0 0 0 0 0 0 0 254 127 0 0 0 0 0 0 0 0 0 0 0 0 0 0 0 0 0 0 0 0 0 0 0 0 0 0 0 0 0 0 0 0 0 0 0 0 0 0 0 0 0 0 0 0 0 0 0 0 0 0 0 0 0 0 0 0 0 0 0 0 0 0 0 0 0 0 data 26 0x50005 0x0 0x0 0x18207aabc80 0x8189 0x0 0x0 0x100005 0x0 0x0 0x0 0x0 0x0 0x0 0x130002 0x0 0x0 0x0 0x0 0x0 0x0 0x0 0x9 0x2 0xffffffffffffffff 0xffffffffffffffff oops 1 3 jdk/internal/jrtfs/SystemImage$1 methods 0
ciMethodData jdk/internal/jrtfs/JrtPath getResolvedPath ()Ljava/lang/String; 2 36211 orig 80 0 0 0 0 0 0 0 0 0 0 0 0 254 127 0 0 0 0 0 0 0 0 0 0 0 0 0 0 0 0 0 0 0 0 0 0 0 0 0 0 0 0 0 0 0 0 0 0 0 0 0 0 0 0 0 0 0 0 0 0 0 0 0 0 0 0 0 0 0 0 0 0 0 0 0 0 0 0 0 0 data 43 0x60007 0x3085 0x110 0x5445 0xa0005 0x5445 0x0 0x0 0x0 0x0 0x0 0xd0007 0x0 0x48 0x5445 0x110002 0x5445 0x150003 0x5445 0x88 0x190005 0x0 0x0 0x0 0x0 0x0 0x0 0x1c0005 0x0 0x0 0x0 0x0 0x0 0x0 0x0 0x0 0x0 0x0 0x0 0x0 0x9 0x1 0x8 oops 0 methods 0
ciMethodData jdk/internal/jrtfs/JrtFileSystemProvider toJrtPath (Ljava/nio/file/Path;)Ljdk/internal/jrtfs/JrtPath; 2 38928 orig 80 0 0 0 0 0 0 0 0 0 0 0 0 254 127 0 0 0 0 0 0 0 0 0 0 0 0 0 0 0 0 0 0 0 0 0 0 0 0 0 0 0 0 0 0 0 0 0 0 0 0 0 0 0 0 0 0 0 0 0 0 0 0 0 0 0 0 0 0 0 0 0 0 0 0 0 0 0 0 0 0 data 31 0x30002 0x8f75 0x80004 0x0 0x0 0x1827c1a56c0 0x8f75 0x0 0x0 0xb0007 0x8f75 0x30 0x0 0x120002 0x0 0x170004 0x0 0x0 0x1827c1a56c0 0x8f75 0x0 0x0 0x0 0x0 0x0 0x0 0x0 0x0 0x9 0x1 0x0 oops 2 5 jdk/internal/jrtfs/JrtPath 18 jdk/internal/jrtfs/JrtPath methods 0
ciMethodData jdk/internal/jrtfs/JrtFileSystemProvider readAttributes (Ljava/nio/file/Path;Ljava/lang/Class;[Ljava/nio/file/LinkOption;)Ljava/nio/file/attribute/BasicFileAttributes; 2 22976 orig 80 0 0 0 0 0 0 0 0 0 0 0 0 254 127 0 0 0 0 0 0 0 0 0 0 0 0 0 0 0 0 0 0 0 0 0 0 0 0 0 0 0 0 0 0 0 0 0 0 0 0 0 0 0 0 0 0 0 0 0 0 0 0 0 0 0 0 0 0 0 0 0 0 0 0 0 0 0 0 0 0 data 29 0x30007 0x50b6 0x40 0x0 0x90007 0x0 0x68 0x0 0xd0002 0x50b6 0x110005 0x50b6 0x0 0x0 0x0 0x0 0x0 0x0 0x0 0x0 0x0 0x0 0x0 0x9 0x4 0x0 0x0 0x0 0x0 oops 0 methods 0
ciMethodData jdk/internal/jrtfs/JrtPath getAttributes ([Ljava/nio/file/LinkOption;)Ljdk/internal/jrtfs/JrtFileAttributes; 2 22581 orig 80 0 0 0 0 0 0 0 0 0 0 0 0 254 127 0 0 0 0 0 0 0 0 0 0 0 0 0 0 0 0 0 0 0 0 0 0 0 0 0 0 0 0 0 0 0 0 0 0 0 0 0 0 0 0 0 0 0 0 0 0 0 0 0 0 0 0 0 0 0 0 0 0 0 0 0 0 0 0 0 0 data 30 0x60005 0x0 0x0 0x1827c1a2ac0 0x50b2 0x0 0x0 0xb0007 0x50b2 0x68 0x0 0x130005 0x0 0x0 0x0 0x0 0x0 0x0 0x160002 0x0 0x0 0x0 0x0 0x0 0x0 0x0 0x9 0x2 0x0 0x0 oops 1 3 jdk/internal/jrtfs/JrtFileSystem methods 0
ciMethodData jdk/internal/jrtfs/JrtFileSystem getFileAttributes (Ljdk/internal/jrtfs/JrtPath;[Ljava/nio/file/LinkOption;)Ljdk/internal/jrtfs/JrtFileAttributes; 1 22976 orig 80 0 0 0 0 0 0 0 0 0 0 0 0 254 127 0 0 0 0 0 0 0 0 0 0 0 0 0 0 0 0 0 0 0 0 0 0 0 0 0 0 0 0 0 0 0 0 0 0 0 0 0 0 0 0 0 0 0 0 0 0 0 0 0 0 0 0 0 0 0 0 0 0 0 0 0 0 0 0 0 0 data 46 0x20005 0x0 0x0 0x1827c1a2ac0 0x1cb 0x0 0x0 0x70005 0x0 0x0 0x18208ea3090 0xf6 0x18208ea3140 0xd5 0xa0007 0xf6 0x98 0xd5 0xe0002 0xd5 0x110007 0xd5 0x68 0x0 0x1a0005 0x0 0x0 0x0 0x0 0x0 0x0 0x1d0002 0x0 0x260002 0x1cb 0x0 0x0 0x0 0x0 0x0 0x0 0x9 0x3 0x0 0x0 0x0 oops 3 3 jdk/internal/jrtfs/JrtFileSystem 10 jdk/internal/jimage/ImageReader$Directory 12 jdk/internal/jimage/ImageReader$LinkNode methods 0
ciMethodData jdk/internal/jrtfs/JrtFileAttributes <init> (Ljdk/internal/jimage/ImageReader$Node;)V 1 2383 orig 80 0 0 0 0 0 0 0 0 0 0 0 0 254 127 0 0 0 0 0 0 0 0 0 0 0 0 0 0 0 0 0 0 0 0 0 0 0 0 0 0 0 0 0 0 0 0 0 0 0 0 0 0 0 0 0 0 0 0 0 0 0 0 0 0 0 0 0 0 0 0 0 0 0 0 0 0 0 0 0 0 data 10 0x10002 0x0 0x0 0x0 0x0 0x0 0x9 0x2 0x6 0x0 oops 0 methods 0
ciMethodData jdk/internal/jrtfs/JrtFileSystem followLinks ([Ljava/nio/file/LinkOption;)Z 1 1271 orig 80 0 0 0 0 0 0 0 0 0 0 0 0 254 127 0 0 0 0 0 0 0 0 0 0 0 0 0 0 0 0 0 0 0 0 0 0 0 0 0 0 0 0 0 0 0 0 0 0 0 0 0 0 0 0 0 0 0 0 0 0 0 0 0 0 0 0 0 0 0 0 0 0 0 0 0 0 0 0 0 0 data 25 0x10007 0x0 0x80 0x0 0xd0007 0x0 0x60 0x0 0x170002 0x0 0x200007 0x0 0x20 0x0 0x2b0002 0x0 0x0 0x0 0x0 0x0 0x0 0x0 0x9 0x1 0x0 oops 0 methods 0
ciMethod org/eclipse/jdt/internal/compiler/parser/Scanner <init> (ZZZJ[[C[[CZ)V 6 0 9 0 -1
ciMethod org/eclipse/jdt/internal/compiler/parser/Scanner getNextChar ()I 512 0 12657 0 -1
ciMethod org/eclipse/jdt/internal/compiler/parser/Scanner setSource ([C)V 16388 0 10960 0 -1
ciMethodData java/util/ArrayDeque <init> ()V 2 1898 orig 80 0 0 0 0 0 0 0 0 0 0 0 0 254 127 0 0 0 0 0 0 0 0 0 0 0 0 0 0 0 0 0 0 0 0 0 0 0 0 0 0 0 0 0 0 0 0 0 0 0 0 0 0 0 0 0 0 0 0 0 0 0 0 0 0 0 0 0 0 0 0 0 0 0 0 0 0 0 0 0 0 data 9 0x10002 0x66a 0x0 0x0 0x0 0x0 0x9 0x1 0x0 oops 0 methods 0
ciMethodData org/eclipse/jdt/internal/compiler/util/Util isClassFileName (Ljava/lang/String;)Z 2 99782 orig 80 2 0 0 0 0 0 0 0 0 0 0 0 254 127 0 0 0 0 0 0 0 0 0 0 0 0 0 0 0 0 0 0 0 0 0 0 0 0 0 2 0 0 0 0 0 0 0 0 0 0 0 0 0 0 0 0 0 0 0 0 0 0 0 0 0 0 0 0 0 0 0 0 0 0 0 0 0 0 0 0 data 49 0x10007 0x41bc 0x38 0x0 0x50003 0x0 0x50 0x90005 0x41bc 0x0 0x0 0x0 0x0 0x0 0x8000000600140007 0x41b3 0x20 0xa 0x1b0003 0x41b3 0x90 0x240005 0x18026 0x0 0x0 0x0 0x0 0x0 0x380007 0x17df9 0x40 0x22d 0x8000000600430007 0x1 0x20 0x22d 0x4d0007 0x18026 0xffffffffffffff88 0x3f87 0x0 0x0 0x0 0x0 0x0 0x0 0x9 0x1 0x0 oops 0 methods 0
ciMethodData java/io/File equals (Ljava/lang/Object;)Z 2 10041 orig 80 0 0 0 0 0 0 0 0 0 0 0 0 254 127 0 0 0 0 0 0 0 0 0 0 0 0 0 0 0 0 0 0 0 0 0 0 0 0 0 0 0 0 0 0 0 0 0 0 0 0 0 0 0 0 0 0 0 0 0 0 0 0 0 0 0 0 0 0 0 0 0 0 0 0 0 0 0 0 0 0 data 42 0x10004 0x0 0x0 0x18209d4bbc0 0x2639 0x0 0x0 0x40007 0x0 0xc8 0x2639 0x80004 0x0 0x0 0x18209d4bbc0 0x1144 0x0 0x0 0xe0005 0x0 0x0 0x18209d4bbc0 0x2639 0x0 0x0 0x110007 0x1ce5 0x38 0x954 0x150003 0x954 0x18 0x0 0x0 0x0 0x0 0x0 0x0 0x9 0x2 0x0 0x0 oops 3 3 java/io/File 14 java/io/File 21 java/io/File methods 0
ciMethodData java/io/File compareTo (Ljava/io/File;)I 2 10963 orig 80 0 0 0 0 0 0 0 0 0 0 0 0 254 127 0 0 0 0 0 0 0 0 0 0 0 0 0 0 0 0 0 0 0 0 0 0 0 0 0 0 0 0 0 0 0 0 0 0 0 0 0 0 0 0 0 0 0 0 0 0 0 0 0 0 0 0 0 0 0 0 0 0 0 0 0 0 0 0 0 0 data 17 0x50005 0x0 0x0 0x182797394e0 0x29d6 0x0 0x0 0x0 0x0 0x0 0x0 0x0 0x0 0x9 0x2 0x0 0x0 oops 1 3 java/io/WinNTFileSystem methods 0
ciMethodData java/io/WinNTFileSystem compare (Ljava/io/File;Ljava/io/File;)I 2 10963 orig 80 0 0 0 0 0 0 0 0 0 0 0 0 254 127 0 0 0 0 0 0 0 0 0 0 0 0 0 0 0 0 0 0 0 0 0 0 0 0 0 0 0 0 0 0 0 0 0 0 0 0 0 0 0 0 0 0 0 0 0 0 0 0 0 0 0 0 0 0 0 0 0 0 0 0 0 0 0 0 0 0 data 32 0x10005 0x0 0x0 0x18209d4bbc0 0x29d6 0x0 0x0 0x50005 0x0 0x0 0x18209d4bbc0 0x29d6 0x0 0x0 0x80005 0x29d6 0x0 0x0 0x0 0x0 0x0 0x0 0x0 0x0 0x0 0x0 0x0 0x9 0x3 0x0 0x0 0x0 oops 2 3 java/io/File 10 java/io/File methods 0
ciMethod org/eclipse/jdt/internal/core/index/Index <init> (Lorg/eclipse/jdt/internal/core/index/IndexLocation;Ljava/lang/String;Z)V 258 0 139 0 -1
ciMethod org/eclipse/jdt/internal/core/index/Index getIndexFile ()Ljava/io/File; 0 0 1 0 -1
ciMethod org/eclipse/jdt/internal/core/index/Index getIndexLocation ()Lorg/eclipse/jdt/internal/core/index/IndexLocation; 512 0 298 0 -1
ciMethod org/eclipse/jdt/internal/core/index/Index hasChanged ()Z 480 0 274 0 -1
ciMethod org/eclipse/jdt/internal/core/index/Index queryDocumentNames (Ljava/lang/String;)[Ljava/lang/String; 202 0 138 0 -1
ciMethod org/eclipse/jdt/internal/core/index/Index reset ()V 276 0 138 0 -1
ciMethod org/eclipse/jdt/internal/core/index/Index save ()Z 240 0 137 0 -1
ciMethod org/eclipse/jdt/internal/core/search/indexing/ReadWriteMonitor enterWrite ()V 512 0 298 0 0
ciMethod org/eclipse/jdt/internal/core/search/indexing/ReadWriteMonitor exitWrite ()V 512 0 297 0 0
ciMethod org/eclipse/jdt/internal/core/index/MemoryIndex addDocumentNames (Ljava/lang/String;Lorg/eclipse/jdt/internal/compiler/util/SimpleSet;)V 0 0 1 0 -1
ciMethod org/eclipse/jdt/internal/core/index/MemoryIndex hasChanged ()Z 512 0 412 0 -1
ciMethod org/eclipse/jdt/internal/core/index/DiskIndex addDocumentNames (Ljava/lang/String;Lorg/eclipse/jdt/internal/core/index/MemoryIndex;)Lorg/eclipse/jdt/internal/compiler/util/SimpleSet; 276 0 138 0 -1
ciMethodData org/eclipse/jdt/internal/compiler/util/SimpleLookupTable put (Ljava/lang/Object;Ljava/lang/Object;)Ljava/lang/Object; 2 16224 orig 80 1 0 0 0 0 0 0 0 0 0 0 0 254 127 0 0 0 0 0 0 0 0 0 0 0 0 0 0 0 0 0 0 0 0 0 0 0 0 0 1 0 0 0 0 0 0 0 0 0 0 0 0 0 0 0 0 0 0 0 0 0 0 0 0 0 0 0 0 0 0 0 0 0 0 0 0 0 0 0 0 data 72 0x70005 0x153e 0x0 0x18275013130 0x25e3 0x1827ea17970 0x173 0x110003 0x3c94 0xc8 0x170005 0xef 0x0 0x18275013130 0x2d2f 0x1827ea17ad0 0x4a1 0x80000006001a0007 0x29a2 0x58 0x91e 0x250004 0x0 0x0 0x18276fe6220 0x911 0x18275016e10 0xd 0x2d0007 0x298d 0x20 0x15 0x3d0007 0x32bf 0xffffffffffffff50 0x3377 0x470004 0x0 0x0 0x18275013130 0x1cc7 0x1827ea17970 0x173 0x4f0104 0x0 0x0 0x1827ea17ad0 0x173 0x18275016e10 0x153c 0x5f0007 0x3362 0x58 0x15 0x630005 0x15 0x0 0x0 0x0 0x0 0x0 0x0 0x0 0x0 0x0 0x0 0x0 0x9 0x3 0xe 0xffffffffffffffff 0x0 oops 10 3 java/lang/String 5 org/eclipse/core/runtime/Path 13 java/lang/String 15 org/eclipse/jdt/internal/core/index/FileIndexLocation 24 org/eclipse/jdt/internal/compiler/util/HashtableOfObject 26 java/lang/Integer 39 java/lang/String 41 org/eclipse/core/runtime/Path 46 org/eclipse/jdt/internal/core/index/FileIndexLocation 48 java/lang/Integer methods 0
ciMethodData org/eclipse/jdt/internal/compiler/util/SimpleLookupTable get (Ljava/lang/Object;)Ljava/lang/Object; 2 16792 orig 80 0 0 0 0 0 0 0 0 0 0 0 0 254 127 0 0 0 0 0 0 0 0 0 0 0 0 0 0 0 0 0 0 0 0 0 0 0 0 0 0 0 0 0 0 0 0 0 0 0 0 0 0 0 0 0 0 0 0 0 0 0 0 0 0 0 0 0 0 0 0 0 0 0 0 0 0 0 0 0 0 data 39 0x70005 0x1c21 0x0 0x1827ea17970 0xf2 0x1827ea17ad0 0x1e5 0x100003 0x1ef8 0x90 0x160005 0x3dbe 0x0 0x1827ea17970 0x144 0x1827ea17ad0 0x1ad 0x190007 0x2391 0x20 0x1d1e 0x280007 0x238a 0x20 0x7 0x360007 0x40af 0xffffffffffffff88 0x1da 0x0 0x0 0x0 0x0 0x0 0x0 0x9 0x2 0x0 0xffffffffffffffff oops 4 3 org/eclipse/core/runtime/Path 5 org/eclipse/jdt/internal/core/index/FileIndexLocation 13 org/eclipse/core/runtime/Path 15 org/eclipse/jdt/internal/core/index/FileIndexLocation methods 0
ciMethodData org/eclipse/jdt/internal/core/search/indexing/IndexManager getIndexStates ()Lorg/eclipse/jdt/internal/compiler/util/SimpleLookupTable; 2 1364 orig 80 0 0 0 0 0 0 0 0 0 0 0 0 254 127 0 0 0 0 0 0 0 0 0 0 0 0 0 0 0 0 0 0 0 0 0 0 0 0 0 0 0 0 0 0 0 0 0 0 0 0 0 0 0 0 0 0 0 0 0 0 0 0 0 0 0 0 0 0 0 0 0 0 0 0 0 0 0 0 0 0 data 106 0x40007 0x0 0x20 0x454 0x110002 0x0 0x180005 0x0 0x0 0x0 0x0 0x0 0x0 0x210005 0x0 0x0 0x0 0x0 0x0 0x0 0x260007 0x0 0x1a8 0x0 0x2f0003 0x0 0x150 0x3a0007 0x0 0x138 0x0 0x480002 0x0 0x4b0002 0x0 0x4e0002 0x0 0x560007 0x0 0xb0 0x0 0x600002 0x0 0x650005 0x0 0x0 0x0 0x0 0x0 0x0 0x680005 0x0 0x0 0x0 0x0 0x0 0x0 0x6b0002 0x0 0x770005 0x0 0x0 0x0 0x0 0x0 0x0 0x810007 0x0 0xfffffffffffffec8 0x0 0x840003 0x0 0x88 0x880005 0x0 0x0 0x0 0x0 0x0 0x0 0x910005 0x0 0x0 0x0 0x0 0x0 0x0 0x950005 0x0 0x0 0x0 0x0 0x0 0x0 0x0 0x0 0x0 0x0 0x0 0x0 0x0 0x0 0x0 0x9 0x1 0x0 oops 0 methods 0
ciMethodData java/util/Collections newSetFromMap (Ljava/util/Map;)Ljava/util/Set; 2 1713 orig 80 0 0 0 0 0 0 0 0 0 0 0 0 254 127 0 0 0 0 0 0 0 0 0 0 0 0 0 0 0 0 0 0 0 0 0 0 0 0 0 0 0 0 0 0 0 0 0 0 0 0 0 0 0 0 0 0 0 0 0 0 0 0 0 0 0 0 0 0 0 0 0 0 0 0 0 0 0 0 0 0 data 8 0x50002 0x5b1 0x0 0x0 0x0 0x9 0x1 0x0 oops 0 methods 0
ciMethodData java/util/Collections$SetFromMap <init> (Ljava/util/Map;)V 2 1713 orig 80 0 0 0 0 0 0 0 0 0 0 0 0 254 127 0 0 0 0 0 0 0 0 0 0 0 0 0 0 0 0 0 0 0 0 0 0 0 0 0 0 0 0 0 0 0 0 0 0 0 0 0 0 0 0 0 0 0 0 0 0 0 0 0 0 0 0 0 0 0 0 0 0 0 0 0 0 0 0 0 0 data 32 0x10002 0x5b1 0x50005 0x0 0x0 0x1827b83fc30 0xa 0x182757b7390 0x5a7 0xa0007 0x5b1 0x30 0x0 0x130002 0x0 0x1e0005 0x0 0x0 0x1827b83fc30 0xa 0x182757b7390 0x5a7 0x0 0x0 0x0 0x0 0x0 0x0 0x9 0x2 0x6 0xffffffffffffffff oops 4 5 java/util/IdentityHashMap 7 java/util/WeakHashMap 18 java/util/IdentityHashMap 20 java/util/WeakHashMap methods 0
ciMethodData java/io/FileDescriptor attach (Ljava/io/Closeable;)V 2 2335 orig 80 0 0 0 0 0 0 0 0 0 0 0 0 254 127 0 0 0 0 0 0 0 0 0 0 0 0 0 0 0 0 0 0 0 0 0 0 0 0 0 0 0 0 0 0 0 0 0 0 0 0 0 0 0 0 0 0 0 0 0 0 0 0 0 0 0 0 0 0 0 0 0 0 0 0 0 0 0 0 0 0 data 47 0x40007 0x0 0x38 0x79f 0xc0003 0x79f 0x108 0x130007 0x0 0xb8 0x0 0x1b0002 0x0 0x290005 0x0 0x0 0x0 0x0 0x0 0x0 0x340005 0x0 0x0 0x0 0x0 0x0 0x0 0x3a0003 0x0 0x50 0x420005 0x0 0x0 0x0 0x0 0x0 0x0 0x0 0x0 0x0 0x0 0x0 0x0 0x9 0x2 0x18 0xffffffffffffffff oops 0 methods 0
ciMethodData java/util/WeakHashMap keySet ()Ljava/util/Set; 2 1705 orig 80 0 0 0 0 0 0 0 0 0 0 0 0 254 127 0 0 0 0 0 0 0 0 0 0 0 0 0 0 0 0 0 0 0 0 0 0 0 0 0 0 0 0 0 0 0 0 0 0 0 0 0 0 0 0 0 0 0 0 0 0 0 0 0 0 0 0 0 0 0 0 0 0 0 0 0 0 0 0 0 0 data 15 0x60007 0xb 0x30 0x59e 0xe0002 0x59e 0x0 0x0 0x0 0x0 0x0 0x0 0x9 0x1 0x0 oops 0 methods 0
ciMethodData java/util/WeakHashMap$KeySet <init> (Ljava/util/WeakHashMap;)V 2 1694 orig 80 0 0 0 0 0 0 0 0 0 0 0 0 254 127 0 0 0 0 0 0 0 0 0 0 0 0 0 0 0 0 0 0 0 0 0 0 0 0 0 0 0 0 0 0 0 0 0 0 0 0 0 0 0 0 0 0 0 0 0 0 0 0 0 0 0 0 0 0 0 0 0 0 0 0 0 0 0 0 0 0 data 10 0x60002 0x59e 0x0 0x0 0x0 0x0 0x9 0x2 0x6 0x0 oops 0 methods 0
ciMethodData java/util/zip/ZipCoder get (Ljava/nio/charset/Charset;)Ljava/util/zip/ZipCoder; 2 1693 orig 80 0 0 0 0 0 0 0 0 0 0 0 0 254 127 0 0 0 0 0 0 0 0 0 0 0 0 0 0 0 0 0 0 0 0 0 0 0 0 0 0 0 0 0 0 0 0 0 0 0 0 0 0 0 0 0 0 0 0 0 0 0 0 0 0 0 0 0 0 0 0 0 0 0 0 0 0 0 0 0 0 data 15 0x40007 0x0 0x20 0x59d 0x100002 0x0 0x0 0x0 0x0 0x0 0x0 0x0 0x9 0x1 0x0 oops 0 methods 0
ciMethodData java/util/zip/ZipFile <init> (Ljava/io/File;I)V 2 1692 orig 80 0 0 0 0 0 0 0 0 0 0 0 0 254 127 0 0 0 0 0 0 0 0 0 0 0 0 0 0 0 0 0 0 0 0 0 0 0 0 0 0 0 0 0 0 0 0 0 0 0 0 0 0 0 0 0 0 0 0 0 0 0 0 0 0 0 0 0 0 0 0 0 0 0 0 0 0 0 0 0 0 data 10 0x60002 0x59c 0x0 0x0 0x0 0x9 0x3 0xffffffffffffffff 0xffffffffffffffff 0x0 oops 0 methods 0
ciMethodData java/util/zip/ZipFile <init> (Ljava/io/File;ILjava/nio/charset/Charset;)V 2 1692 orig 80 0 0 0 0 0 0 0 0 0 0 0 0 254 127 0 0 0 0 0 0 0 0 0 0 0 0 0 0 0 0 0 0 0 0 0 0 0 0 0 0 0 0 0 0 0 0 0 0 0 0 0 0 0 0 0 0 0 0 0 0 0 0 0 0 0 0 0 0 0 0 0 0 0 0 0 0 0 0 0 0 data 108 0x10002 0x59c 0x70007 0x0 0x40 0x59c 0xe0007 0x59c 0xf8 0x0 0x190002 0x0 0x1e0005 0x0 0x0 0x0 0x0 0x0 0x0 0x220002 0x0 0x250005 0x0 0x0 0x0 0x0 0x0 0x0 0x280005 0x0 0x0 0x0 0x0 0x0 0x0 0x2b0002 0x0 0x300005 0x0 0x0 0x18209d4bbc0 0x59c 0x0 0x0 0x3b0002 0x59c 0x3f0002 0x59c 0x460007 0x59c 0xb0 0x0 0x4d0005 0x0 0x0 0x0 0x0 0x0 0x0 0x530007 0x0 0x58 0x0 0x5a0005 0x0 0x0 0x0 0x0 0x0 0x0 0x600002 0x59c 0x6a0002 0x59c 0x760002 0x59c 0x7b0002 0x59c 0x810002 0x59c 0x860005 0x0 0x0 0x18279331440 0x59c 0x0 0x0 0x890002 0x59c 0x8c0005 0x0 0x0 0x18279331440 0x59c 0x0 0x0 0x0 0x0 0x0 0x0 0x0 0x0 0x9 0x4 0xffffffffffffffff 0xffffffffffffffff 0x0 0x0 oops 3 40 java/io/File 83 jdk/internal/perf/PerfCounter 92 jdk/internal/perf/PerfCounter methods 0
ciMethodData java/util/zip/ZipFile$CleanableResource <init> (Ljava/util/zip/ZipFile;Ljava/util/zip/ZipCoder;Ljava/io/File;I)V 2 1692 orig 80 0 0 0 0 0 0 0 0 0 0 0 0 254 127 0 0 0 0 0 0 0 0 0 0 0 0 0 0 0 0 0 0 0 0 0 0 0 0 0 0 0 0 0 0 0 0 0 0 0 0 0 0 0 0 0 0 0 0 0 0 0 0 0 0 0 0 0 0 0 0 0 0 0 0 0 0 0 0 0 0 data 39 0x10002 0x59c 0x50002 0x59c 0xa0005 0x59c 0x0 0x0 0x0 0x0 0x0 0x150002 0x59c 0x180002 0x59c 0x230002 0x59c 0x2f0007 0x59c 0x38 0x0 0x330003 0x0 0x18 0x380002 0x59c 0x0 0x0 0x0 0x0 0x0 0x0 0x9 0x5 0xe 0x0 0xffffffffffffffff 0xffffffffffffffff 0x0 oops 0 methods 0
ciMethodData jdk/internal/perf/PerfCounter getZipFileOpenTime ()Ljdk/internal/perf/PerfCounter; 2 1692 orig 80 0 0 0 0 0 0 0 0 0 0 0 0 254 127 0 0 0 0 0 0 0 0 0 0 0 0 0 0 0 0 0 0 0 0 0 0 0 0 0 0 0 0 0 0 0 0 0 0 0 0 0 0 0 0 0 0 0 0 0 0 0 0 0 0 0 0 0 0 0 0 0 0 0 0 0 0 0 0 0 0 data 4 0x0 0x0 0x9 0x0 oops 0 methods 0
ciMethodData jdk/internal/perf/PerfCounter getZipFileCount ()Ljdk/internal/perf/PerfCounter; 2 1692 orig 80 0 0 0 0 0 0 0 0 0 0 0 0 254 127 0 0 0 0 0 0 0 0 0 0 0 0 0 0 0 0 0 0 0 0 0 0 0 0 0 0 0 0 0 0 0 0 0 0 0 0 0 0 0 0 0 0 0 0 0 0 0 0 0 0 0 0 0 0 0 0 0 0 0 0 0 0 0 0 0 0 data 4 0x0 0x0 0x9 0x0 oops 0 methods 0
ciMethodData java/io/RandomAccessFile <init> (Ljava/io/File;Ljava/lang/String;)V 1 954 orig 80 0 0 0 0 0 0 0 0 0 0 0 0 254 127 0 0 0 0 0 0 0 0 0 0 0 0 0 0 0 0 0 0 0 0 0 0 0 0 0 0 0 0 0 0 0 0 0 0 0 0 0 0 0 0 0 0 0 0 0 0 0 0 0 0 0 0 0 0 0 0 0 0 0 0 0 0 0 0 0 0 data 9 0x40002 0x2ba 0x0 0x0 0x9 0x3 0x0 0x0 0x0 oops 0 methods 0
ciMethodData java/io/RandomAccessFile <init> (Ljava/io/File;Ljava/lang/String;Z)V 1 954 orig 80 0 0 0 0 0 0 0 0 0 0 0 0 254 127 0 0 0 0 0 0 0 0 0 0 0 0 0 0 0 0 0 0 0 0 0 0 0 0 0 0 0 0 0 0 0 0 0 0 0 0 0 0 0 0 0 0 0 0 0 0 0 0 0 0 0 0 0 0 0 0 0 0 0 0 0 0 0 0 0 0 data 199 0x10002 0x2ba 0x90002 0x2ba 0x100007 0x0 0x70 0x2ba 0x140005 0x0 0x0 0x18209d4bbc0 0x2ba 0x0 0x0 0x170003 0x2ba 0x18 0x230005 0x2ba 0x0 0x0 0x0 0x0 0x0 0x260007 0x99 0x38 0x221 0x2c0003 0x221 0x1a8 0x320005 0x99 0x0 0x0 0x0 0x0 0x0 0x350007 0x0 0x158 0x99 0x410005 0x99 0x0 0x0 0x0 0x0 0x0 0x450007 0x99 0x100 0x0 0x4b0005 0x0 0x0 0x0 0x0 0x0 0x0 0x4e0007 0x0 0x38 0x0 0x570003 0x0 0x88 0x5d0005 0x0 0x0 0x0 0x0 0x0 0x0 0x600007 0x0 0x38 0x0 0x6a0003 0x0 0x18 0x710007 0x2ba 0x20 0x0 0x7d0007 0x2ba 0x120 0x0 0x880002 0x0 0x8d0005 0x0 0x0 0x0 0x0 0x0 0x0 0x910005 0x0 0x0 0x0 0x0 0x0 0x0 0x960005 0x0 0x0 0x0 0x0 0x0 0x0 0x990005 0x0 0x0 0x0 0x0 0x0 0x0 0x9c0002 0x0 0xa00002 0x2ba 0xa70007 0x2ba 0xb0 0x0 0xae0005 0x0 0x0 0x0 0x0 0x0 0x0 0xb50007 0x0 0x58 0x0 0xbc0005 0x0 0x0 0x0 0x0 0x0 0x0 0xc10007 0x2ba 0x30 0x0 0xc80002 0x0 0xcd0005 0x2ba 0x0 0x0 0x0 0x0 0x0 0xd00007 0x2ba 0x30 0x0 0xd90002 0x0 0xe20002 0x2ba 0xed0005 0x2ba 0x0 0x0 0x0 0x0 0x0 0xfb0005 0x2ba 0x0 0x0 0x0 0x0 0x0 0x1020002 0x2ba 0x0 0x0 0x0 0x0 0x0 0x0 0x0 0x0 0x0 0x0 0x9 0x4 0x0 0x0 0x0 0x0 oops 1 11 java/io/File methods 0
ciMethodData java/lang/SecurityManager checkWrite (Ljava/lang/String;)V 1 0 orig 80 0 0 0 0 0 0 0 0 0 0 0 0 254 127 0 0 0 0 0 0 0 0 0 0 0 0 0 0 0 0 0 0 0 0 0 0 0 0 0 0 0 0 0 0 0 0 0 0 0 0 0 0 0 0 0 0 0 0 0 0 0 0 0 0 0 0 0 0 0 0 0 0 0 0 0 0 0 0 0 0 data 19 0x80002 0x0 0xb0005 0x0 0x0 0x0 0x0 0x0 0x0 0x0 0x0 0x0 0x0 0x0 0x0 0x9 0x2 0x0 0x0 oops 0 methods 0
ciMethodData java/io/RandomAccessFile open (Ljava/lang/String;I)V 1 954 orig 80 0 0 0 0 0 0 0 0 0 0 0 0 254 127 0 0 0 0 0 0 0 0 0 0 0 0 0 0 0 0 0 0 0 0 0 0 0 0 0 0 0 0 0 0 0 0 0 0 0 0 0 0 0 0 0 0 0 0 0 0 0 0 0 0 0 0 0 0 0 0 0 0 0 0 0 0 0 0 0 0 data 18 0x30005 0x2ba 0x0 0x0 0x0 0x0 0x0 0x0 0x0 0x0 0x0 0x0 0x0 0x9 0x3 0x0 0x0 0x0 oops 0 methods 0
ciMethodData java/util/zip/ZipFile$Source <init> (Ljava/util/zip/ZipFile$Source$Key;ZLjava/util/zip/ZipCoder;)V 1 789 orig 80 0 0 0 0 0 0 0 0 0 0 0 0 254 127 0 0 0 0 0 0 0 0 0 0 0 0 0 0 0 0 0 0 0 0 0 0 0 0 0 0 0 0 0 0 0 0 0 0 0 0 0 0 0 0 0 0 0 0 0 0 0 0 0 0 0 0 0 0 0 0 0 0 0 0 0 0 0 0 0 0 data 89 0x10002 0x215 0x1e0007 0x215 0x100 0x0 0x240007 0x0 0x80 0x0 0x280002 0x0 0x310005 0x0 0x0 0x0 0x0 0x0 0x0 0x390003 0x0 0x88 0x470002 0x0 0x510005 0x0 0x0 0x0 0x0 0x0 0x0 0x550003 0x0 0x28 0x630002 0x215 0x6b0005 0x215 0x0 0x0 0x0 0x0 0x0 0x790005 0x215 0x0 0x0 0x0 0x0 0x0 0x800002 0x215 0x870007 0x0 0x38 0x215 0x8b0003 0x215 0x18 0x920003 0x215 0x68 0x9b0005 0x0 0x0 0x0 0x0 0x0 0x0 0x9e0003 0x0 0x18 0x0 0x0 0x0 0x0 0x0 0x0 0x0 0x0 0x0 0x0 0x0 0x9 0x4 0x0 0x0 0x0 0x0 oops 0 methods 0
ciMethodData java/io/RandomAccessFile close ()V 1 640 orig 80 0 0 0 0 0 0 0 0 0 0 0 0 254 127 0 0 0 0 0 0 0 0 0 0 0 0 0 0 0 0 0 0 0 0 0 0 0 0 0 0 0 0 0 0 0 0 0 0 0 0 0 0 0 0 0 0 0 0 0 0 0 0 0 0 0 0 0 0 0 0 0 0 0 0 0 0 0 0 0 0 data 40 0x40007 0x1de 0x20 0x10 0x130007 0x1de 0x20 0x0 0x200003 0x1de 0x18 0x2e0007 0x1ce 0x58 0x10 0x320005 0x10 0x0 0x0 0x0 0x0 0x0 0x3e0002 0x1de 0x410005 0x1de 0x0 0x0 0x0 0x0 0x0 0x0 0x0 0x0 0x0 0x0 0x0 0x9 0x1 0x6 oops 0 methods 0
ciMethod java/time/Instant getEpochSecond ()J 4 0 2 0 -1
ciMethod java/time/Instant getNano ()I 2 0 1 0 -1
ciMethodData java/util/zip/ZipFile$Source get (Ljava/io/File;ZLjava/util/zip/ZipCoder;)Ljava/util/zip/ZipFile$Source; 2 1692 orig 80 0 0 0 0 0 0 0 0 0 0 0 0 254 127 0 0 0 0 0 0 0 0 0 0 0 0 0 0 0 0 0 0 0 0 0 0 0 0 0 0 0 0 0 0 0 0 0 0 0 0 0 0 0 0 0 0 0 0 0 0 0 0 0 0 0 0 0 0 0 0 0 0 0 0 0 0 0 0 0 0 data 92 0x60005 0x0 0x0 0x18209d4bbc0 0x51c 0x0 0x0 0xf0002 0x51c 0x130002 0x51c 0x170003 0x51c 0x28 0x220002 0x0 0x310005 0x0 0x0 0x18278d4d630 0x51c 0x0 0x0 0x340104 0x0 0x0 0x1827934db30 0x370 0x0 0x0 0x3b0007 0x1ac 0x20 0x370 0x520003 0x1ac 0x18 0x640002 0x1ac 0x740005 0x0 0x0 0x18278d4d630 0x1ac 0x0 0x0 0x770007 0x1ac 0xc8 0x0 0x7c0005 0x0 0x0 0x0 0x0 0x0 0x0 0x830005 0x0 0x0 0x0 0x0 0x0 0x0 0x860004 0x0 0x0 0x0 0x0 0x0 0x0 0xa20005 0x0 0x0 0x18278d4d630 0x1ac 0x0 0x0 0x0 0x0 0x0 0x0 0x0 0x0 0x0 0x0 0x0 0x9 0x3 0x0 0x0 0x0 oops 5 3 java/io/File 19 java/util/HashMap 26 java/util/zip/ZipFile$Source 42 java/util/HashMap 74 java/util/HashMap methods 0
ciMethodData java/util/zip/ZipFile$Source$Key <init> (Ljava/io/File;Ljava/nio/file/attribute/BasicFileAttributes;Ljava/util/zip/ZipCoder;)V 2 1692 orig 80 0 0 0 0 0 0 0 0 0 0 0 0 254 127 0 0 0 0 0 0 0 0 0 0 0 0 0 0 0 0 0 0 0 0 0 0 0 0 0 0 0 0 0 0 0 0 0 0 0 0 0 0 0 0 0 0 0 0 0 0 0 0 0 0 0 0 0 0 0 0 0 0 0 0 0 0 0 0 0 0 data 21 0x10002 0x51c 0x100005 0x0 0x0 0x182757b5f50 0x51c 0x0 0x0 0x0 0x0 0x0 0x0 0x0 0x0 0x9 0x4 0xe 0x0 0x0 0xffffffffffffffff oops 1 5 java/util/zip/ZipCoder$UTF8ZipCoder methods 0
ciMethodData java/util/zip/ZipFile close ()V 1 1063 orig 80 0 0 0 0 0 0 0 0 0 0 0 0 254 127 0 0 0 0 0 0 0 0 0 0 0 0 0 0 0 0 0 0 0 0 0 0 0 0 0 0 0 0 0 0 0 0 0 0 0 0 0 0 0 0 0 0 0 0 0 0 0 0 0 0 0 0 0 0 0 0 0 0 0 0 0 0 0 0 0 0 data 33 0x40007 0x327 0x20 0x0 0x150005 0x0 0x0 0x18279330e70 0x327 0x0 0x0 0x180003 0x327 0x50 0x1d0005 0x0 0x0 0x0 0x0 0x0 0x0 0x230003 0x327 0x18 0x0 0x0 0x0 0x0 0x0 0x0 0x9 0x1 0xffffffffffffffff oops 1 7 java/util/zip/ZipFile$CleanableResource methods 0
ciMethodData java/util/zip/ZipFile <init> (Ljava/io/File;)V 1 599 orig 80 0 0 0 0 0 0 0 0 0 0 0 0 254 127 0 0 0 0 0 0 0 0 0 0 0 0 0 0 0 0 0 0 0 0 0 0 0 0 0 0 0 0 0 0 0 0 0 0 0 0 0 0 0 0 0 0 0 0 0 0 0 0 0 0 0 0 0 0 0 0 0 0 0 0 0 0 0 0 0 0 data 8 0x30002 0x157 0x0 0x0 0x9 0x2 0xffffffffffffffff 0xffffffffffffffff oops 0 methods 0
ciMethodData java/util/zip/ZipFile$Source$Key equals (Ljava/lang/Object;)Z 1 903 orig 80 0 0 0 0 0 0 0 0 0 0 0 0 254 127 0 0 0 0 0 0 0 0 0 0 0 0 0 0 0 0 0 0 0 0 0 0 0 0 0 0 0 0 0 0 0 0 0 0 0 0 0 0 0 0 0 0 0 0 0 0 0 0 0 0 0 0 0 0 0 0 0 0 0 0 0 0 0 0 0 0 data 89 0x10004 0x0 0x0 0x18278d4c8f0 0x287 0x0 0x0 0x40007 0x0 0x240 0x287 0x80004 0x0 0x0 0x18278d4c8f0 0x287 0x0 0x0 0x140007 0x287 0x20 0x0 0x1d0005 0x0 0x0 0x18279ef06b0 0x287 0x0 0x0 0x260005 0x0 0x0 0x18279ef06b0 0x287 0x0 0x0 0x2b0005 0x287 0x0 0x0 0x0 0x0 0x0 0x2e0007 0x287 0x20 0x0 0x370005 0x0 0x0 0x18279ef06b0 0x287 0x0 0x0 0x3e0007 0x287 0x90 0x0 0x460005 0x0 0x0 0x0 0x0 0x0 0x0 0x4b0005 0x0 0x0 0x0 0x0 0x0 0x0 0x570005 0x0 0x0 0x18209d4bbc0 0x287 0x0 0x0 0x0 0x0 0x0 0x0 0x0 0x0 0x9 0x2 0x0 0x0 oops 6 3 java/util/zip/ZipFile$Source$Key 14 java/util/zip/ZipFile$Source$Key 25 sun/nio/fs/WindowsFileAttributes 32 sun/nio/fs/WindowsFileAttributes 50 sun/nio/fs/WindowsFileAttributes 75 java/io/File methods 0
ciMethodData java/nio/file/attribute/FileTime equals (Ljava/lang/Object;)Z 1 903 orig 80 0 0 0 0 0 0 0 0 0 0 0 0 254 127 0 0 0 0 0 0 0 0 0 0 0 0 0 0 0 0 0 0 0 0 0 0 0 0 0 0 0 0 0 0 0 0 0 0 0 0 0 0 0 0 0 0 0 0 0 0 0 0 0 0 0 0 0 0 0 0 0 0 0 0 0 0 0 0 0 0 data 45 0x10004 0x0 0x0 0x1827b7bb630 0x287 0x0 0x0 0x40007 0x0 0xe0 0x287 0x90004 0x0 0x0 0x0 0x0 0x0 0x0 0xc0005 0x287 0x0 0x0 0x0 0x0 0x0 0xf0007 0x0 0x38 0x287 0x130003 0x287 0x30 0x170003 0x0 0x18 0x0 0x0 0x0 0x0 0x0 0x0 0x9 0x2 0x0 0x0 oops 1 3 java/nio/file/attribute/FileTime methods 0
ciMethodData java/nio/file/attribute/FileTime compareTo (Ljava/nio/file/attribute/FileTime;)I 1 903 orig 80 0 0 0 0 0 0 0 0 0 0 0 0 254 127 0 0 0 0 0 0 0 0 0 0 0 0 0 0 0 0 0 0 0 0 0 0 0 0 0 0 0 0 0 0 0 0 0 0 0 0 0 0 0 0 0 0 0 0 0 0 0 0 0 0 0 0 0 0 0 0 0 0 0 0 0 0 0 0 0 0 data 132 0x40007 0x0 0x50 0x287 0xf0007 0x0 0x30 0x287 0x1a0002 0x287 0x1f0005 0x0 0x0 0x0 0x0 0x0 0x0 0x220005 0x0 0x0 0x0 0x0 0x0 0x0 0x270005 0x0 0x0 0x0 0x0 0x0 0x0 0x2a0005 0x0 0x0 0x0 0x0 0x0 0x0 0x320002 0x0 0x390007 0x0 0x20 0x0 0x400005 0x0 0x0 0x0 0x0 0x0 0x0 0x430005 0x0 0x0 0x0 0x0 0x0 0x0 0x480005 0x0 0x0 0x0 0x0 0x0 0x0 0x4b0005 0x0 0x0 0x0 0x0 0x0 0x0 0x4f0002 0x0 0x560007 0x0 0x20 0x0 0x610007 0x0 0x40 0x0 0x690007 0x0 0x20 0x0 0x6f0005 0x0 0x0 0x0 0x0 0x0 0x0 0x750005 0x0 0x0 0x0 0x0 0x0 0x0 0x7f0007 0x0 0xa0 0x0 0x850005 0x0 0x0 0x0 0x0 0x0 0x0 0x8b0005 0x0 0x0 0x0 0x0 0x0 0x0 0x8e0002 0x0 0x960002 0x0 0x0 0x0 0x0 0x0 0x0 0x0 0x9 0x2 0x0 0x0 oops 0 methods 0
ciMethodData java/nio/file/NoSuchFileException <init> (Ljava/lang/String;Ljava/lang/String;Ljava/lang/String;)V 1 392 orig 80 0 0 0 0 0 0 0 0 0 0 0 0 254 127 0 0 0 0 0 0 0 0 0 0 0 0 0 0 0 0 0 0 0 0 0 0 0 0 0 0 0 0 0 0 0 0 0 0 0 0 0 0 0 0 0 0 0 0 0 0 0 0 0 0 0 0 0 0 0 0 0 0 0 0 0 0 0 0 0 0 data 10 0x40002 0x0 0x0 0x0 0x9 0x4 0xffffffffffffffff 0x0 0x0 0xffffffffffffffff oops 0 methods 0
ciMethodData java/io/RandomAccessFile$1 <init> (Ljava/io/RandomAccessFile;)V 1 614 orig 80 0 0 0 0 0 0 0 0 0 0 0 0 254 127 0 0 0 0 0 0 0 0 0 0 0 0 0 0 0 0 0 0 0 0 0 0 0 0 0 0 0 0 0 0 0 0 0 0 0 0 0 0 0 0 0 0 0 0 0 0 0 0 0 0 0 0 0 0 0 0 0 0 0 0 0 0 0 0 0 0 data 10 0x60002 0x16c 0x0 0x0 0x0 0x0 0x9 0x2 0x6 0x0 oops 0 methods 0
ciMethod org/eclipse/jdt/core/search/SearchDocument getPath ()Ljava/lang/String; 262 0 131 0 -1
ciMethod org/eclipse/jdt/core/search/SearchDocument removeAllIndexEntries ()V 258 0 8012 0 -1
ciMethod org/eclipse/jdt/core/search/SearchDocument setIndex (Lorg/eclipse/jdt/internal/core/index/Index;)V 256 0 128 0 -1
ciMethod org/eclipse/jdt/core/search/SearchDocument shouldIndexResolvedDocument ()Z 0 0 1 0 -1
ciMethod org/eclipse/jdt/internal/core/search/JavaSearchDocument <init> (Ljava/util/zip/ZipEntry;Lorg/eclipse/core/runtime/IPath;[BLorg/eclipse/jdt/core/search/SearchParticipant;)V 518 0 52079 0 -1
ciMethod org/eclipse/jdt/internal/core/search/JavaSearchDocument <init> (Ljava/lang/String;[BLorg/eclipse/jdt/core/search/SearchParticipant;)V 518 0 52079 0 -1
ciMethod org/eclipse/jdt/core/search/SearchEngine getDefaultSearchParticipant ()Lorg/eclipse/jdt/core/search/SearchParticipant; 202 0 138 0 -1
ciMethod org/eclipse/jdt/internal/core/search/indexing/BinaryIndexer <init> (Lorg/eclipse/jdt/core/search/SearchDocument;)V 1030 0 8006 0 -1
ciMethod org/eclipse/jdt/internal/core/search/indexing/BinaryIndexer indexDocument ()V 256 5418 16830 0 -1
ciMethod org/eclipse/jdt/internal/compiler/env/AutomaticModuleNaming determineAutomaticModuleName (Ljava/lang/String;)[C 174 0 118 0 -1
ciMethod org/eclipse/jdt/internal/compiler/env/AutomaticModuleNaming determineAutomaticModuleNameFromFileName (Ljava/lang/String;ZZ)[C 174 5436 87 0 -1
ciMethod org/eclipse/jdt/internal/core/search/indexing/ManifestIndexer <init> (Lorg/eclipse/jdt/core/search/SearchDocument;)V 2 0 6 0 -1
ciMethod org/eclipse/jdt/internal/core/search/indexing/ManifestIndexer indexDocument ()V 2 0 118 0 -1
ciMethodData org/eclipse/jdt/core/search/SearchDocument removeAllIndexEntries ()V 2 8012 orig 80 0 0 0 0 0 0 0 0 0 0 0 0 254 127 0 0 0 0 0 0 0 0 0 0 0 0 0 0 0 0 0 0 0 0 0 0 0 0 0 0 0 0 0 0 0 0 0 0 0 0 0 0 0 0 0 0 0 0 0 0 0 0 0 0 0 0 0 0 0 0 0 0 0 0 0 0 0 0 0 0 data 27 0x40007 0x0 0x90 0x1ecb 0xc0005 0x1ecb 0x0 0x0 0x0 0x0 0x0 0xf0005 0x0 0x0 0x1827ea17a20 0x1ecb 0x0 0x0 0x0 0x0 0x0 0x0 0x0 0x0 0x9 0x1 0xc oops 1 14 org/eclipse/jdt/internal/core/index/Index methods 0
ciMethodData org/eclipse/jdt/internal/core/search/indexing/BinaryContainer isValidPackageNameForClassOrisModule (Ljava/lang/String;)Z 2 43065 orig 80 1 0 0 0 0 0 0 0 0 0 0 0 254 127 0 0 0 0 0 0 0 0 0 0 0 0 0 0 0 0 0 0 0 0 0 0 0 0 0 1 0 0 0 0 0 0 0 0 0 0 0 0 0 0 0 0 0 0 0 0 0 0 0 0 0 0 0 0 0 0 0 0 0 0 0 0 0 0 0 0 data 106 0x30005 0x208a 0x0 0x0 0x0 0x0 0x0 0xb0005 0x208a 0x0 0x0 0x0 0x0 0x0 0x150002 0x208a 0x180005 0x208a 0x0 0x0 0x0 0x0 0x0 0x1b0007 0x2089 0x20 0x1 0x210005 0x2089 0x0 0x0 0x0 0x0 0x0 0x8000000600290007 0x2084 0x30 0x6 0x3a0002 0x6 0x450005 0x208a 0x0 0x0 0x0 0x0 0x0 0x570005 0x208a 0x0 0x0 0x0 0x0 0x0 0x5a0007 0x0 0x128 0x208a 0x5d0003 0x208a 0xe8 0x640005 0xa265 0x0 0x0 0x0 0x0 0x0 0x690007 0x8 0x40 0xa25d 0x7a0007 0xa25d 0x20 0x0 0x800005 0xa25d 0x0 0x0 0x0 0x0 0x0 0x830007 0xa24e 0x20 0xf 0x960007 0xa265 0xffffffffffffff30 0x2073 0x0 0x0 0x0 0x0 0x0 0x0 0x0 0x0 0x0 0x0 0x0 0x9 0x2 0x0 0x0 oops 0 methods 0
ciMethodData org/eclipse/jdt/internal/core/search/JavaSearchDocument <init> (Ljava/util/zip/ZipEntry;Lorg/eclipse/core/runtime/IPath;[BLorg/eclipse/jdt/core/search/SearchParticipant;)V 2 52079 orig 80 0 0 0 0 0 0 0 0 0 0 0 0 254 127 0 0 0 0 0 0 0 0 0 0 0 0 0 0 0 0 0 0 0 0 0 0 0 0 0 0 0 0 0 0 0 0 0 0 0 0 0 0 0 0 0 0 0 0 0 0 0 0 0 0 0 0 0 0 0 0 0 0 0 0 0 0 0 0 0 0 data 52 0x50002 0xca6c 0x90005 0xca6c 0x0 0x0 0x0 0x0 0x0 0xe0005 0xca6c 0x0 0x0 0x0 0x0 0x0 0x120005 0x0 0x0 0x1827ea17ce0 0xca6c 0x0 0x0 0x150005 0xca6c 0x0 0x0 0x0 0x0 0x0 0x180005 0xca6c 0x0 0x0 0x0 0x0 0x0 0x1e0002 0xca6c 0x0 0x0 0x0 0x0 0x0 0x0 0x9 0x5 0x3e 0xffffffffffffffff 0xffffffffffffffff 0x0 0x0 oops 1 19 java/util/zip/ZipEntry methods 0
ciMethodData org/eclipse/jdt/internal/core/search/indexing/IndexManager indexDocument (Lorg/eclipse/jdt/core/search/SearchDocument;Lorg/eclipse/jdt/core/search/SearchParticipant;Lorg/eclipse/jdt/internal/core/index/Index;Lorg/eclipse/core/runtime/IPath;)V 2 52299 orig 80 0 0 0 0 0 0 0 0 0 0 0 0 254 127 0 0 0 0 0 0 0 0 0 0 0 0 0 0 0 0 0 0 0 0 0 0 0 0 0 0 0 0 0 0 0 0 0 0 0 0 0 0 0 0 0 0 0 0 0 0 0 0 0 0 0 0 0 0 0 0 0 0 0 0 0 0 0 0 0 0 data 44 0x20005 0x0 0x0 0x1827ea93e70 0xcaaf 0x0 0x0 0x90005 0x0 0x0 0x1827c38b4e0 0xcaaf 0x0 0x0 0xc0003 0xcaaf 0x50 0x130005 0x0 0x0 0x0 0x0 0x0 0x0 0x1b0005 0x0 0x0 0x1827ea93e70 0xcaaf 0x0 0x0 0x0 0x0 0x0 0x0 0x0 0x0 0x9 0x5 0x0 0x0 0x0 0x0 0x0 oops 3 3 org/eclipse/jdt/internal/core/search/JavaSearchDocument 10 org/eclipse/jdt/internal/core/search/JavaSearchParticipant 27 org/eclipse/jdt/internal/core/search/JavaSearchDocument methods 0
ciMethodData org/eclipse/jdt/internal/core/search/JavaSearchParticipant indexDocument (Lorg/eclipse/jdt/core/search/SearchDocument;Lorg/eclipse/core/runtime/IPath;)V 2 8012 orig 80 0 0 0 0 0 0 0 0 0 0 0 0 254 127 0 0 0 0 0 0 0 0 0 0 0 0 0 0 0 0 0 0 0 0 0 0 0 0 0 0 0 0 0 0 0 0 0 0 0 0 0 0 0 0 0 0 0 0 0 0 0 0 0 0 0 0 0 0 0 0 0 0 0 0 0 0 0 0 0 0 data 92 0x10005 0x0 0x0 0x1827ea93e70 0x1db0 0x0 0x0 0x50005 0x1db0 0x0 0x0 0x0 0x0 0x0 0xa0002 0x1db0 0xd0007 0x1db0 0xd8 0x0 0x150002 0x0 0x1c0005 0x0 0x0 0x0 0x0 0x0 0x0 0x200005 0x0 0x0 0x0 0x0 0x0 0x0 0x230007 0x0 0x168 0x0 0x2c0003 0x0 0x148 0x300002 0x1db0 0x330007 0x5 0x80 0x1dab 0x3b0002 0x1dab 0x3e0005 0x0 0x0 0x18278ee5e20 0x1dab 0x0 0x0 0x410003 0x1dab 0xb8 0x470005 0x5 0x0 0x0 0x0 0x0 0x0 0x4a0007 0x0 0x68 0x5 0x520002 0x5 0x550005 0x0 0x0 0x18278ee5ed0 0x5 0x0 0x0 0x0 0x0 0x0 0x0 0x0 0x0 0x9 0x3 0x0 0x0 0x0 oops 3 3 org/eclipse/jdt/internal/core/search/JavaSearchDocument 54 org/eclipse/jdt/internal/core/search/indexing/BinaryIndexer 77 org/eclipse/jdt/internal/core/search/indexing/ManifestIndexer methods 0
ciMethodData org/eclipse/jdt/internal/compiler/util/Util getZipEntryByteContent (Ljava/util/zip/ZipEntry;Ljava/util/zip/ZipFile;)[B 2 8006 orig 80 0 0 0 0 0 0 0 0 0 0 0 0 254 127 0 0 0 0 0 0 0 0 0 0 0 0 0 0 0 0 0 0 0 0 0 0 0 0 0 0 0 0 0 0 0 0 0 0 0 0 0 0 0 0 0 0 0 0 0 0 0 0 0 0 0 0 0 0 0 0 0 0 0 0 0 0 0 0 0 0 data 85 0x40005 0x0 0x0 0x1827ea17b80 0x1d44 0x0 0x0 0x90007 0x1d44 0xe8 0x0 0x170002 0x0 0x1b0005 0x0 0x0 0x0 0x0 0x0 0x0 0x1e0005 0x0 0x0 0x0 0x0 0x0 0x0 0x210005 0x0 0x0 0x0 0x0 0x0 0x0 0x240002 0x0 0x2d0002 0x1d44 0x330005 0x0 0x0 0x1827ea17ce0 0x1d44 0x0 0x0 0x370002 0x1d44 0x3d0007 0x0 0x70 0x1d44 0x410005 0x0 0x0 0x18207719df0 0x1d44 0x0 0x0 0x440003 0x1d44 0x18 0x4e0007 0x0 0x70 0x0 0x520005 0x0 0x0 0x0 0x0 0x0 0x0 0x550003 0x0 0x18 0x0 0x0 0x0 0x0 0x0 0x0 0x9 0x2 0xffffffffffffffff 0xffffffffffffffff oops 3 3 java/util/zip/ZipFile 41 java/util/zip/ZipEntry 54 java/io/BufferedInputStream methods 0
ciMethodData org/eclipse/jdt/internal/core/search/indexing/ManifestIndexer <init> (Lorg/eclipse/jdt/core/search/SearchDocument;)V 1 6 orig 80 0 0 0 0 0 0 0 0 0 0 0 0 254 127 0 0 0 0 0 0 0 0 0 0 0 0 0 0 0 0 0 0 0 0 0 0 0 0 0 0 0 0 0 0 0 0 0 0 0 0 0 0 0 0 0 0 0 0 0 0 0 0 0 0 0 0 0 0 0 0 0 0 0 0 0 0 0 0 0 0 data 8 0x20002 0x5 0x0 0x0 0x9 0x2 0x6 0x0 oops 0 methods 0
ciMethodData org/eclipse/jdt/internal/core/search/indexing/IndexManager computeIndexLocation (Lorg/eclipse/core/runtime/IPath;)Lorg/eclipse/jdt/internal/core/index/IndexLocation; 1 883 orig 80 0 0 0 0 0 0 0 0 0 0 0 0 254 127 0 0 0 0 0 0 0 0 0 0 0 0 0 0 0 0 0 0 0 0 0 0 0 0 0 0 0 0 0 0 0 0 0 0 0 0 0 0 0 0 0 0 0 0 0 0 0 0 0 0 0 0 0 0 0 0 0 0 0 0 0 0 0 0 0 0 data 153 0x50005 0x1f3 0x0 0x0 0x0 0x0 0x0 0x80104 0x0 0x0 0x1827ea17ad0 0x1e8 0x0 0x0 0xd0007 0x1e8 0x408 0xb 0x110005 0x0 0x0 0x1827ea17970 0xb 0x0 0x0 0x1b0002 0xb 0x230005 0xb 0x0 0x0 0x0 0x0 0x0 0x260005 0x0 0x0 0x18278cf9050 0xb 0x0 0x0 0x2f0005 0x0 0x0 0x18278cf9050 0xb 0x0 0x0 0x320002 0xb 0x350002 0xb 0x380002 0xb 0x3e0005 0xb 0x0 0x0 0x0 0x0 0x0 0x410005 0xb 0x0 0x0 0x0 0x0 0x0 0x490007 0xb 0x120 0x0 0x530002 0x0 0x570005 0x0 0x0 0x0 0x0 0x0 0x0 0x5d0005 0x0 0x0 0x0 0x0 0x0 0x0 0x620005 0x0 0x0 0x0 0x0 0x0 0x0 0x650005 0x0 0x0 0x0 0x0 0x0 0x0 0x680002 0x0 0x6c0005 0x0 0x0 0x1827ea17810 0xb 0x0 0x0 0x780005 0xb 0x0 0x0 0x0 0x0 0x0 0x7d0002 0xb 0x800002 0xb 0x830005 0xb 0x0 0x0 0x0 0x0 0x0 0x860004 0x0 0x0 0x1827ea17ad0 0xb 0x0 0x0 0x900005 0xb 0x0 0x0 0x0 0x0 0x0 0x0 0x0 0x0 0x0 0x0 0x0 0x9 0x2 0xffffffffffffffff 0xffffffffffffffff oops 6 10 org/eclipse/jdt/internal/core/index/FileIndexLocation 21 org/eclipse/core/runtime/Path 37 java/util/zip/CRC32 44 java/util/zip/CRC32 107 org/eclipse/jdt/internal/core/search/indexing/IndexManager 132 org/eclipse/jdt/internal/core/index/FileIndexLocation methods 0
ciMethodData org/eclipse/jdt/internal/core/search/indexing/IndexManager updateIndexState (Lorg/eclipse/jdt/internal/core/index/IndexLocation;Ljava/lang/Integer;)V 1 468 orig 80 0 0 0 0 0 0 0 0 0 0 0 0 254 127 0 0 0 0 0 0 0 0 0 0 0 0 0 0 0 0 0 0 0 0 0 0 0 0 0 0 0 0 0 0 0 0 0 0 0 0 0 0 0 0 0 0 0 0 0 0 0 0 0 0 0 0 0 0 0 0 0 0 0 0 0 0 0 0 0 0 data 177 0x10007 0x54 0x30 0x0 0x80002 0x0 0xd0005 0x0 0x0 0x1827ea17810 0x54 0x0 0x0 0x120007 0x0 0x100 0x54 0x1b0005 0x54 0x0 0x0 0x0 0x0 0x0 0x1e0005 0x54 0x0 0x0 0x0 0x0 0x0 0x210007 0x54 0x20 0x0 0x2b0005 0x54 0x0 0x0 0x0 0x0 0x0 0x2f0003 0x54 0xa8 0x370005 0x0 0x0 0x0 0x0 0x0 0x0 0x3a0007 0x0 0x20 0x0 0x430005 0x0 0x0 0x0 0x0 0x0 0x0 0x480005 0x54 0x0 0x0 0x0 0x0 0x0 0x4e0007 0x54 0x2e8 0x0 0x520007 0x0 0xc8 0x0 0x5c0002 0x0 0x600005 0x0 0x0 0x0 0x0 0x0 0x0 0x630005 0x0 0x0 0x0 0x0 0x0 0x0 0x660002 0x0 0x690003 0x0 0x218 0x740007 0x0 0x38 0x0 0x7b0003 0x0 0xe0 0x820007 0x0 0x38 0x0 0x890003 0x0 0xa8 0x900007 0x0 0x38 0x0 0x970003 0x0 0x70 0x9e0007 0x0 0x38 0x0 0xa50003 0x0 0x38 0xac0007 0x0 0x20 0x0 0xba0002 0x0 0xbe0005 0x0 0x0 0x0 0x0 0x0 0x0 0xc40005 0x0 0x0 0x0 0x0 0x0 0x0 0xc80005 0x0 0x0 0x0 0x0 0x0 0x0 0xcb0005 0x0 0x0 0x0 0x0 0x0 0x0 0xce0002 0x0 0x0 0x0 0x0 0x0 0x0 0x0 0x0 0x0 0x0 0x9 0x3 0x0 0x0 0x0 oops 1 9 org/eclipse/jdt/internal/core/search/indexing/IndexManager methods 0
ciMethodData org/eclipse/jdt/internal/core/index/FileIndexLocation exists ()Z 1 416 orig 80 0 0 0 0 0 0 0 0 0 0 0 0 254 127 0 0 0 0 0 0 0 0 0 0 0 0 0 0 0 0 0 0 0 0 0 0 0 0 0 0 0 0 0 0 0 0 0 0 0 0 0 0 0 0 0 0 0 0 0 0 0 0 0 0 0 0 0 0 0 0 0 0 0 0 0 0 0 0 0 0 data 16 0x40005 0x0 0x0 0x18209d4bbc0 0xa0 0x0 0x0 0x0 0x0 0x0 0x0 0x0 0x0 0x9 0x1 0x0 oops 1 3 java/io/File methods 0
ciMethodData org/eclipse/core/internal/resources/Resource getLocationURI ()Ljava/net/URI; 1 536 orig 80 0 0 0 0 0 0 0 0 0 0 0 0 254 127 0 0 0 0 0 0 0 0 0 0 0 0 0 0 0 0 0 0 0 0 0 0 0 0 0 0 0 0 0 0 0 0 0 0 0 0 0 0 0 0 0 0 0 0 0 0 0 0 0 0 0 0 0 0 0 0 0 0 0 0 0 0 0 0 0 0 data 45 0x10005 0x0 0x0 0x18207ab0240 0x1b4 0x18276cc2f70 0x12 0x60007 0x0 0x78 0x1c6 0xa0005 0x0 0x0 0x18207ab0240 0x1c6 0x0 0x0 0xf0007 0x1c6 0x20 0x0 0x150005 0x0 0x0 0x18207ab0240 0x1b4 0x18276cc2f70 0x12 0x1a0005 0x0 0x0 0x18207baf520 0x1c6 0x0 0x0 0x0 0x0 0x0 0x0 0x0 0x0 0x9 0x1 0xffffffffffffffff oops 6 3 org/eclipse/core/internal/resources/Project 5 org/eclipse/core/internal/resources/File 14 org/eclipse/core/internal/resources/Project 25 org/eclipse/core/internal/resources/Project 27 org/eclipse/core/internal/resources/File 32 org/eclipse/core/internal/localstore/FileSystemResourceManager methods 0
ciMethodData org/eclipse/jdt/internal/core/search/indexing/AddJarFileToIndex hasPreBuiltIndex ()Z 1 298 orig 80 0 0 0 0 0 0 0 0 0 0 0 0 254 127 0 0 0 0 0 0 0 0 0 0 0 0 0 0 0 0 0 0 0 0 0 0 0 0 0 0 0 0 0 0 0 0 0 0 0 0 0 0 0 0 0 0 0 0 0 0 0 0 0 0 0 0 0 0 0 0 0 0 0 0 0 0 0 0 0 0 data 28 0x40007 0x0 0x98 0x2a 0xb0007 0x2a 0x78 0x0 0x120005 0x0 0x0 0x0 0x0 0x0 0x0 0x150007 0x0 0x20 0x0 0x0 0x0 0x0 0x0 0x0 0x0 0x9 0x1 0x0 oops 0 methods 0
ciMethodData org/eclipse/jdt/internal/core/search/indexing/ReadWriteMonitor enterWrite ()V 1 298 orig 80 0 0 0 0 0 0 0 0 0 0 0 0 254 127 0 0 0 0 0 0 0 0 0 0 0 0 0 0 0 0 0 0 0 0 0 0 0 0 0 0 0 0 0 0 0 0 0 0 0 0 0 0 0 0 0 0 0 0 0 0 0 0 0 0 0 0 0 0 0 0 0 0 0 0 0 0 0 0 0 0 data 26 0x3 0x2a 0x68 0x40005 0x0 0x0 0x0 0x0 0x0 0x0 0x70003 0x0 0x18 0xf0007 0x0 0xffffffffffffffb0 0x2a 0x0 0x0 0x0 0x0 0x0 0x0 0x9 0x1 0x0 oops 0 methods 0
ciMethodData org/eclipse/jdt/internal/core/index/Index getIndexLocation ()Lorg/eclipse/jdt/internal/core/index/IndexLocation; 1 298 orig 80 0 0 0 0 0 0 0 0 0 0 0 0 254 127 0 0 0 0 0 0 0 0 0 0 0 0 0 0 0 0 0 0 0 0 0 0 0 0 0 0 0 0 0 0 0 0 0 0 0 0 0 0 0 0 0 0 0 0 0 0 0 0 0 0 0 0 0 0 0 0 0 0 0 0 0 0 0 0 0 0 data 16 0x40007 0x2a 0x38 0x0 0x80003 0x0 0x18 0x0 0x0 0x0 0x0 0x0 0x0 0x9 0x1 0x0 oops 0 methods 0
ciMethodData org/eclipse/jdt/internal/core/search/indexing/ReadWriteMonitor exitWrite ()V 1 297 orig 80 0 0 0 0 0 0 0 0 0 0 0 0 254 127 0 0 0 0 0 0 0 0 0 0 0 0 0 0 0 0 0 0 0 0 0 0 0 0 0 0 0 0 0 0 0 0 0 0 0 0 0 0 0 0 0 0 0 0 0 0 0 0 0 0 0 0 0 0 0 0 0 0 0 0 0 0 0 0 0 0 data 20 0xb0007 0x0 0x58 0x29 0xf0005 0x29 0x0 0x0 0x0 0x0 0x0 0x0 0x0 0x0 0x0 0x0 0x0 0x9 0x1 0xffffffffffffffff oops 0 methods 0
ciMethodData org/eclipse/jdt/internal/core/search/indexing/AddJarFileToIndex execute (Lorg/eclipse/core/runtime/IProgressMonitor;)Z 2 93185 orig 80 0 0 0 0 0 0 0 0 0 0 0 0 254 127 0 0 0 0 0 0 0 0 0 0 0 0 0 0 0 0 0 0 0 0 0 0 0 0 0 0 0 0 0 0 0 0 0 0 0 0 0 0 0 0 0 0 0 0 0 0 0 0 0 0 0 0 0 0 0 0 0 0 0 0 0 0 0 0 0 0 data 1630 0x40007 0x0 0x98 0x25 0x80007 0x25 0x78 0x0 0xc0005 0x0 0x0 0x0 0x0 0x0 0x0 0x110007 0x0 0x20 0x0 0x170005 0x0 0x0 0x1827ea13980 0x25 0x0 0x0 0x1a0007 0x25 0x78 0x0 0x290005 0x0 0x0 0x0 0x0 0x0 0x0 0x2e0007 0x0 0x20 0x0 0x420005 0x0 0x0 0x1827ea17810 0x25 0x0 0x0 0x470007 0x25 0xd0 0x0 0x4d0007 0x0 0xb0 0x0 0x560002 0x0 0x5d0005 0x0 0x0 0x0 0x0 0x0 0x0 0x600005 0x0 0x0 0x0 0x0 0x0 0x0 0x630002 0x0 0x720005 0x0 0x0 0x1827ea17810 0x25 0x0 0x0 0x770007 0x25 0xd0 0x0 0x7d0007 0x0 0xb0 0x0 0x860002 0x0 0x8d0005 0x0 0x0 0x0 0x0 0x0 0x0 0x900005 0x0 0x0 0x0 0x0 0x0 0x0 0x930002 0x0 0x9e0007 0x25 0x108 0x0 0xa40007 0x0 0xe8 0x0 0xad0002 0x0 0xb40005 0x0 0x0 0x0 0x0 0x0 0x0 0xb90005 0x0 0x0 0x0 0x0 0x0 0x0 0xbc0005 0x0 0x0 0x0 0x0 0x0 0x0 0xbf0002 0x0 0xd20005 0x0 0x0 0x1827ea178c0 0x25 0x0 0x0 0xd90007 0x25 0xac0 0x0 0xe00005 0x0 0x0 0x0 0x0 0x0 0x0 0xe90007 0x0 0x208 0x0 0xee0007 0x0 0x1b0 0x0 0xf40007 0x0 0x158 0x0 0x1000002 0x0 0x1030002 0x0 0x1060005 0x0 0x0 0x0 0x0 0x0 0x0 0x10b0005 0x0 0x0 0x0 0x0 0x0 0x0 0x1120005 0x0 0x0 0x0 0x0 0x0 0x0 0x1150005 0x0 0x0 0x0 0x0 0x0 0x0 0x1180005 0x0 0x0 0x0 0x0 0x0 0x0 0x11d0005 0x0 0x0 0x0 0x0 0x0 0x0 0x1210005 0x0 0x0 0x0 0x0 0x0 0x0 0x1290007 0x0 0x190 0x0 0x1350002 0x0 0x1380002 0x0 0x13b0005 0x0 0x0 0x0 0x0 0x0 0x0 0x1400005 0x0 0x0 0x0 0x0 0x0 0x0 0x1450005 0x0 0x0 0x0 0x0 0x0 0x0 0x1480005 0x0 0x0 0x0 0x0 0x0 0x0 0x14b0005 0x0 0x0 0x0 0x0 0x0 0x0 0x14e0005 0x0 0x0 0x0 0x0 0x0 0x0 0x1570002 0x0 0x15c0003 0x0 0x170 0x1640007 0x0 0x158 0x0 0x16d0002 0x0 0x1720005 0x0 0x0 0x0 0x0 0x0 0x0 0x1750005 0x0 0x0 0x0 0x0 0x0 0x0 0x17a0005 0x0 0x0 0x0 0x0 0x0 0x0 0x17d0005 0x0 0x0 0x0 0x0 0x0 0x0 0x1800002 0x0 0x1850005 0x0 0x0 0x0 0x0 0x0 0x0 0x18a0007 0x0 0x328 0x0 0x1900007 0x0 0x120 0x0 0x1990002 0x0 0x19e0005 0x0 0x0 0x0 0x0 0x0 0x0 0x1a10005 0x0 0x0 0x0 0x0 0x0 0x0 0x1a60005 0x0 0x0 0x0 0x0 0x0 0x0 0x1a90005 0x0 0x0 0x0 0x0 0x0 0x0 0x1ac0002 0x0 0x1b10007 0x0 0x1b0 0x0 0x1b70007 0x0 0x158 0x0 0x1c30002 0x0 0x1c60002 0x0 0x1c90005 0x0 0x0 0x0 0x0 0x0 0x0 0x1ce0005 0x0 0x0 0x0 0x0 0x0 0x0 0x1d50005 0x0 0x0 0x0 0x0 0x0 0x0 0x1d80005 0x0 0x0 0x0 0x0 0x0 0x0 0x1db0005 0x0 0x0 0x0 0x0 0x0 0x0 0x1e00005 0x0 0x0 0x0 0x0 0x0 0x0 0x1e40005 0x0 0x0 0x0 0x0 0x0 0x0 0x1ec0007 0x0 0x158 0x0 0x1f80002 0x0 0x1fb0002 0x0 0x1fe0005 0x0 0x0 0x0 0x0 0x0 0x0 0x2030005 0x0 0x0 0x0 0x0 0x0 0x0 0x20a0005 0x0 0x0 0x0 0x0 0x0 0x0 0x20d0005 0x0 0x0 0x0 0x0 0x0 0x0 0x2100005 0x0 0x0 0x0 0x0 0x0 0x0 0x2190002 0x0 0x2220005 0x0 0x0 0x0 0x0 0x0 0x0 0x2270005 0x0 0x0 0x0 0x0 0x0 0x0 0x22c0004 0x0 0x0 0x0 0x0 0x0 0x0 0x2310003 0x0 0x1f0 0x2370007 0x25 0x158 0x0 0x2430002 0x0 0x2460002 0x0 0x2490005 0x0 0x0 0x0 0x0 0x0 0x0 0x24e0005 0x0 0x0 0x0 0x0 0x0 0x0 0x2550005 0x0 0x0 0x0 0x0 0x0 0x0 0x2580005 0x0 0x0 0x0 0x0 0x0 0x0 0x25b0005 0x0 0x0 0x0 0x0 0x0 0x0 0x2660005 0x0 0x0 0x1827ea17970 0x25 0x0 0x0 0x26b0002 0x25 0x2740004 0x0 0x0 0x1827ea17970 0x25 0x0 0x0 0x27d0007 0x25 0x328 0x0 0x2830007 0x0 0x120 0x0 0x28c0002 0x0 0x2910005 0x0 0x0 0x0 0x0 0x0 0x0 0x2940005 0x0 0x0 0x0 0x0 0x0 0x0 0x2990005 0x0 0x0 0x0 0x0 0x0 0x0 0x29c0005 0x0 0x0 0x0 0x0 0x0 0x0 0x29f0002 0x0 0x2a40007 0x0 0x1b0 0x0 0x2aa0007 0x0 0x158 0x0 0x2b60002 0x0 0x2b90002 0x0 0x2bc0005 0x0 0x0 0x0 0x0 0x0 0x0 0x2c10005 0x0 0x0 0x0 0x0 0x0 0x0 0x2c80005 0x0 0x0 0x0 0x0 0x0 0x0 0x2cb0005 0x0 0x0 0x0 0x0 0x0 0x0 0x2ce0005 0x0 0x0 0x0 0x0 0x0 0x0 0x2d30005 0x0 0x0 0x0 0x0 0x0 0x0 0x2d70005 0x0 0x0 0x0 0x0 0x0 0x0 0x2df0007 0x25 0xe8 0x0 0x2e80002 0x0 0x2ed0005 0x0 0x0 0x0 0x0 0x0 0x0 0x2f00005 0x0 0x0 0x0 0x0 0x0 0x0 0x2f30005 0x0 0x0 0x0 0x0 0x0 0x0 0x2f60002 0x0 0x2f90002 0x25 0x3010005 0x0 0x0 0x1827ea17a20 0x25 0x0 0x0 0x3080007 0x25 0x790 0x0 0x31e0007 0x0 0x38 0x0 0x3230003 0x0 0x18 0x32b0002 0x0 0x3330003 0x0 0x50 0x33f0005 0x0 0x0 0x0 0x0 0x0 0x0 0x34a0007 0x0 0xffffffffffffffc8 0x0 0x34f0005 0x0 0x0 0x0 0x0 0x0 0x0 0x3540003 0x0 0x180 0x3590005 0x0 0x0 0x0 0x0 0x0 0x0 0x35e0004 0x0 0x0 0x0 0x0 0x0 0x0 0x3650005 0x0 0x0 0x0 0x0 0x0 0x0 0x36c0002 0x0 0x36f0007 0x0 0xb0 0x0 0x3750005 0x0 0x0 0x0 0x0 0x0 0x0 0x3780007 0x0 0x58 0x0 0x3810005 0x0 0x0 0x0 0x0 0x0 0x0 0x3870005 0x0 0x0 0x0 0x0 0x0 0x0 0x38c0007 0x0 0xfffffffffffffe60 0x0 0x3960007 0x0 0x38 0x0 0x39a0003 0x0 0x18 0x3a20007 0x0 0x470 0x0 0x3b40003 0x0 0x50 0x3be0007 0x0 0x38 0x0 0x3c40003 0x0 0x38 0x3ce0007 0x0 0xffffffffffffffc8 0x0 0x3d30007 0x0 0x3e0 0x0 0x3d90007 0x0 0x1a0 0x0 0x3e30002 0x0 0x3e80005 0x0 0x0 0x0 0x0 0x0 0x0 0x3eb0005 0x0 0x0 0x0 0x0 0x0 0x0 0x3f10005 0x0 0x0 0x0 0x0 0x0 0x0 0x3f40002 0x0 0x3fa0005 0x0 0x0 0x0 0x0 0x0 0x0 0x4000005 0x0 0x0 0x0 0x0 0x0 0x0 0x4030005 0x0 0x0 0x0 0x0 0x0 0x0 0x4060002 0x0 0x40e0005 0x0 0x0 0x0 0x0 0x0 0x0 0x4130007 0x0 0x1b0 0x0 0x4190007 0x0 0x158 0x0 0x4250002 0x0 0x4280002 0x0 0x42b0005 0x0 0x0 0x0 0x0 0x0 0x0 0x4300005 0x0 0x0 0x0 0x0 0x0 0x0 0x4370005 0x0 0x0 0x0 0x0 0x0 0x0 0x43a0005 0x0 0x0 0x0 0x0 0x0 0x0 0x43d0005 0x0 0x0 0x0 0x0 0x0 0x0 0x4420005 0x0 0x0 0x0 0x0 0x0 0x0 0x4460005 0x0 0x0 0x0 0x0 0x0 0x0 0x44b0002 0x25 0x4580005 0x0 0x0 0x1827ea17810 0x25 0x0 0x0 0x45b0007 0x25 0x240 0x0 0x4660005 0x0 0x0 0x0 0x0 0x0 0x0 0x46b0007 0x0 0x1b0 0x0 0x4710007 0x0 0x158 0x0 0x47d0002 0x0 0x4800002 0x0 0x4830005 0x0 0x0 0x0 0x0 0x0 0x0 0x4880005 0x0 0x0 0x0 0x0 0x0 0x0 0x48f0005 0x0 0x0 0x0 0x0 0x0 0x0 0x4920005 0x0 0x0 0x0 0x0 0x0 0x0 0x4950005 0x0 0x0 0x0 0x0 0x0 0x0 0x49a0005 0x0 0x0 0x0 0x0 0x0 0x0 0x49e0005 0x0 0x0 0x0 0x0 0x0 0x0 0x4ae0005 0x0 0x0 0x1827ea17a20 0x25 0x0 0x0 0x4b40007 0x0 0x68 0x25 0x4bd0005 0x0 0x0 0x1827ea17ad0 0x25 0x0 0x0 0x4c00002 0x25 0x4ca0005 0x0 0x0 0x1827ea17b80 0x25 0x0 0x0 0x4cf0003 0x25 0x500 0x4d60007 0xbfdc 0x328 0x0 0x4dc0007 0x0 0x120 0x0 0x4e50002 0x0 0x4ea0005 0x0 0x0 0x0 0x0 0x0 0x0 0x4ed0005 0x0 0x0 0x0 0x0 0x0 0x0 0x4f20005 0x0 0x0 0x0 0x0 0x0 0x0 0x4f50005 0x0 0x0 0x0 0x0 0x0 0x0 0x4f80002 0x0 0x4fd0007 0x0 0x1b0 0x0 0x5030007 0x0 0x158 0x0 0x50f0002 0x0 0x5120002 0x0 0x5150005 0x0 0x0 0x0 0x0 0x0 0x0 0x51a0005 0x0 0x0 0x0 0x0 0x0 0x0 0x5210005 0x0 0x0 0x0 0x0 0x0 0x0 0x5240005 0x0 0x0 0x0 0x0 0x0 0x0 0x5270005 0x0 0x0 0x0 0x0 0x0 0x0 0x52c0005 0x0 0x0 0x0 0x0 0x0 0x0 0x5300005 0x0 0x0 0x0 0x0 0x0 0x0 0x5370005 0x0 0x0 0x1827ea17c30 0xbfdc 0x0 0x0 0x53c0004 0x0 0x0 0x1827ea17ce0 0xbfdc 0x0 0x0 0x5430005 0x0 0x0 0x1827ea17ce0 0xbfdc 0x0 0x0 0x54a0002 0xbfdc 0x54d0007 0xecf 0x108 0xb10d 0x5530005 0x0 0x0 0x1827ea13980 0xb10d 0x0 0x0 0x5560007 0x40c 0xb0 0xad01 0x5600005 0xad01 0x0 0x0 0x0 0x0 0x0 0x56a0002 0xad01 0x57b0002 0xad00 0x58b0005 0x0 0x0 0x1827ea17810 0xad00 0x0 0x0 0x5900005 0x0 0x0 0x1827ea17c30 0xc000 0x0 0x0 0x5950007 0xbfdc 0xfffffffffffffae0 0x24 0x59a0007 0x5 0x2b0 0x1f 0x5a10007 0x0 0x70 0x1f 0x5a80005 0x0 0x0 0x1827ea17970 0x1f 0x0 0x0 0x5ad0003 0x1f 0x108 0x5b40005 0x0 0x0 0x0 0x0 0x0 0x0 0x5b90002 0x0 0x5bc0005 0x0 0x0 0x0 0x0 0x0 0x0 0x5bf0005 0x0 0x0 0x0 0x0 0x0 0x0 0x5c40005 0x0 0x0 0x0 0x0 0x0 0x0 0x5cd0002 0x1f 0x5d50005 0x1f 0x0 0x0 0x0 0x0 0x0 0x5da0002 0x1f 0x5df0002 0x1f 0x5eb0002 0x1f 0x5fe0002 0x1f 0x6010002 0x1f 0x6040005 0x1f 0x0 0x0 0x0 0x0 0x0 0x6090002 0x1f 0x6190005 0x0 0x0 0x1827ea17810 0x1f 0x0 0x0 0x61c0003 0x1f 0x18 0x6240007 0x24 0x70 0x0 0x62c0005 0x0 0x0 0x0 0x0 0x0 0x0 0x62f0003 0x0 0x50 0x6370005 0x0 0x0 0x1827ea17810 0x24 0x0 0x0 0x63d0007 0x24 0x3a0 0x0 0x6470002 0x0 0x64c0005 0x0 0x0 0x0 0x0 0x0 0x0 0x64f0005 0x0 0x0 0x0 0x0 0x0 0x0 0x6550005 0x0 0x0 0x0 0x0 0x0 0x0 0x6580002 0x0 0x65e0005 0x0 0x0 0x0 0x0 0x0 0x0 0x6640005 0x0 0x0 0x0 0x0 0x0 0x0 0x6670005 0x0 0x0 0x0 0x0 0x0 0x0 0x66a0002 0x0 0x66d0003 0x0 0x200 0x6740007 0x0 0x1b0 0x0 0x67a0007 0x0 0x158 0x0 0x6860002 0x0 0x6890002 0x0 0x68c0005 0x0 0x0 0x0 0x0 0x0 0x0 0x6910005 0x0 0x0 0x0 0x0 0x0 0x0 0x6980005 0x0 0x0 0x0 0x0 0x0 0x0 0x69b0005 0x0 0x0 0x0 0x0 0x0 0x0 0x69e0005 0x0 0x0 0x0 0x0 0x0 0x0 0x6a30005 0x0 0x0 0x0 0x0 0x0 0x0 0x6a70005 0x0 0x0 0x0 0x0 0x0 0x0 0x6af0007 0x0 0x1b0 0x24 0x6b50007 0x24 0x158 0x0 0x6c10002 0x0 0x6c40002 0x0 0x6c70005 0x0 0x0 0x0 0x0 0x0 0x0 0x6cc0005 0x0 0x0 0x0 0x0 0x0 0x0 0x6d30005 0x0 0x0 0x0 0x0 0x0 0x0 0x6d60005 0x0 0x0 0x0 0x0 0x0 0x0 0x6d90005 0x0 0x0 0x0 0x0 0x0 0x0 0x6de0005 0x0 0x0 0x1827ea17b80 0x24 0x0 0x0 0x6e20005 0x0 0x0 0x1827ea178c0 0x24 0x0 0x0 0x6e50003 0x24 0x1f0 0x6ea0004 0x0 0x0 0x0 0x0 0x0 0x0 0x6ed0007 0x0 0xd8 0x0 0x6ff0002 0x0 0x7060005 0x0 0x0 0x0 0x0 0x0 0x0 0x7090005 0x0 0x0 0x0 0x0 0x0 0x0 0x70d0002 0x0 0x7120002 0x0 0x7150003 0x0 0xa8 0x7200002 0x0 0x7270005 0x0 0x0 0x0 0x0 0x0 0x0 0x72a0005 0x0 0x0 0x0 0x0 0x0 0x0 0x72d0002 0x0 0x7380005 0x0 0x0 0x0 0x0 0x0 0x0 0x0 0x0 0x0 0x0 0x0 0x0 0x0 0x0 0x0 0x0 0x0 0x0 0x0 0x0 0x0 0x0 0x0 0x0 0x0 0x0 0x0 0x0 0x0 0x0 0x0 0x0 0x0 0x0 0x0 0x0 0x0 0x0 0x0 0x0 0x0 0x0 0x0 0x0 0x0 0x0 0x0 0x0 0x0 0x0 0x0 0x0 0x0 0x0 0x0 0x0 0x0 0x0 0x0 0x0 0x0 0x0 0x0 0x0 0x0 0x0 0x0 0x0 0x0 0x0 0x0 0x0 0x0 0x0 0x0 0x0 0x9 0x2 0x0 0x0 oops 22 22 org/eclipse/jdt/internal/core/search/indexing/AddJarFileToIndex 44 org/eclipse/jdt/internal/core/search/indexing/IndexManager 77 org/eclipse/jdt/internal/core/search/indexing/IndexManager 143 org/eclipse/jdt/internal/core/search/indexing/ReadWriteMonitor 537 org/eclipse/core/runtime/Path 546 org/eclipse/core/runtime/Path 685 org/eclipse/jdt/internal/core/index/Index 936 org/eclipse/jdt/internal/core/search/indexing/IndexManager 1015 org/eclipse/jdt/internal/core/index/Index 1026 org/eclipse/jdt/internal/core/index/FileIndexLocation 1035 java/util/zip/ZipFile 1146 java/util/zip/ZipFile$ZipEntryIterator 1153 java/util/zip/ZipEntry 1160 java/util/zip/ZipEntry 1173 org/eclipse/jdt/internal/core/search/indexing/AddJarFileToIndex 1195 org/eclipse/jdt/internal/core/search/indexing/IndexManager 1202 java/util/zip/ZipFile$ZipEntryIterator 1221 org/eclipse/core/runtime/Path 1289 org/eclipse/jdt/internal/core/search/indexing/IndexManager 1313 org/eclipse/jdt/internal/core/search/indexing/IndexManager 1483 java/util/zip/ZipFile 1490 org/eclipse/jdt/internal/core/search/indexing/ReadWriteMonitor methods 0
ciMethodData org/eclipse/jdt/internal/core/search/indexing/IndexManager addIndex (Lorg/eclipse/core/runtime/IPath;Lorg/eclipse/jdt/internal/core/index/IndexLocation;)Z 1 0 orig 80 0 0 0 0 0 0 0 0 0 0 0 0 254 127 0 0 0 0 0 0 0 0 0 0 0 0 0 0 0 0 0 0 0 0 0 0 0 0 0 0 0 0 0 0 0 0 0 0 0 0 0 0 0 0 0 0 0 0 0 0 0 0 0 0 0 0 0 0 0 0 0 0 0 0 0 0 0 0 0 0 data 64 0x10005 0x0 0x0 0x0 0x0 0x0 0x0 0x80005 0x0 0x0 0x0 0x0 0x0 0x0 0x120005 0x0 0x0 0x0 0x0 0x0 0x0 0x1b0005 0x0 0x0 0x0 0x0 0x0 0x0 0x200007 0x0 0x90 0x0 0x240005 0x0 0x0 0x0 0x0 0x0 0x0 0x2d0005 0x0 0x0 0x0 0x0 0x0 0x0 0x340005 0x0 0x0 0x0 0x0 0x0 0x0 0x0 0x0 0x0 0x0 0x0 0x0 0x9 0x3 0xffffffffffffffff 0xffffffffffffffff 0xffffffffffffffff oops 0 methods 0
ciMethodData org/eclipse/jdt/core/search/SearchEngine getDefaultSearchParticipant ()Lorg/eclipse/jdt/core/search/SearchParticipant; 1 138 orig 80 0 0 0 0 0 0 0 0 0 0 0 0 254 127 0 0 0 0 0 0 0 0 0 0 0 0 0 0 0 0 0 0 0 0 0 0 0 0 0 0 0 0 0 0 0 0 0 0 0 0 0 0 0 0 0 0 0 0 0 0 0 0 0 0 0 0 0 0 0 0 0 0 0 0 0 0 0 0 0 0 data 10 0x2 0x25 0x0 0x0 0x0 0x0 0x0 0x0 0x9 0x0 oops 0 methods 0
ciMethodData org/eclipse/jdt/internal/core/search/indexing/IndexManager getIndexForUpdate (Lorg/eclipse/core/runtime/IPath;ZZ)Lorg/eclipse/jdt/internal/core/index/Index; 1 276 orig 80 0 0 0 0 0 0 0 0 0 0 0 0 254 127 0 0 0 0 0 0 0 0 0 0 0 0 0 0 0 0 0 0 0 0 0 0 0 0 0 0 0 0 0 0 0 0 0 0 0 0 0 0 0 0 0 0 0 0 0 0 0 0 0 0 0 0 0 0 0 0 0 0 0 0 0 0 0 0 0 0 data 44 0x20005 0x0 0x0 0x1827ea17810 0x4a 0x0 0x0 0x80005 0x0 0x0 0x1827ea17810 0x4a 0x0 0x0 0xd0005 0x4a 0x0 0x0 0x0 0x0 0x0 0x130007 0x0 0x58 0x4a 0x1c0005 0x0 0x0 0x1827ea17810 0x4a 0x0 0x0 0x0 0x0 0x0 0x0 0x0 0x0 0x9 0x4 0x0 0x0 0x0 0x0 oops 3 3 org/eclipse/jdt/internal/core/search/indexing/IndexManager 10 org/eclipse/jdt/internal/core/search/indexing/IndexManager 28 org/eclipse/jdt/internal/core/search/indexing/IndexManager methods 0
ciMethodData org/eclipse/jdt/internal/core/util/Util toLocalFile (Ljava/net/URI;Lorg/eclipse/core/runtime/IProgressMonitor;)Ljava/io/File; 1 20 orig 80 0 0 0 0 0 0 0 0 0 0 0 0 254 127 0 0 0 0 0 0 0 0 0 0 0 0 0 0 0 0 0 0 0 0 0 0 0 0 0 0 0 0 0 0 0 0 0 0 0 0 0 0 0 0 0 0 0 0 0 0 0 0 0 0 0 0 0 0 0 0 0 0 0 0 0 0 0 0 0 0 data 30 0x10002 0x12 0x80005 0x0 0x0 0x18207ab0810 0x12 0x0 0x0 0xf0007 0x12 0x58 0x0 0x170005 0x0 0x0 0x0 0x0 0x0 0x0 0x0 0x0 0x0 0x0 0x0 0x0 0x9 0x2 0xffffffffffffffff 0xffffffffffffffff oops 1 5 org/eclipse/jdt/ls/core/internal/filesystem/JLSFile methods 0
ciMethodData org/eclipse/jdt/internal/core/index/Index queryDocumentNames (Ljava/lang/String;)[Ljava/lang/String; 1 138 orig 80 0 0 0 0 0 0 0 0 0 0 0 0 254 127 0 0 0 0 0 0 0 0 0 0 0 0 0 0 0 0 0 0 0 0 0 0 0 0 0 0 0 0 0 0 0 0 0 0 0 0 0 0 0 0 0 0 0 0 0 0 0 0 0 0 0 0 0 0 0 0 0 0 0 0 0 0 0 0 0 0 data 74 0x40005 0x0 0x0 0x1827c3888d0 0x25 0x0 0x0 0x70007 0x25 0xa8 0x0 0x130005 0x0 0x0 0x0 0x0 0x0 0x0 0x1d0005 0x0 0x0 0x0 0x0 0x0 0x0 0x200003 0x0 0x50 0x290005 0x0 0x0 0x1827c388f80 0x25 0x0 0x0 0x310007 0x0 0x20 0x25 0x4f0003 0x0 0xa8 0x570007 0x0 0x90 0x0 0x650004 0x0 0x0 0x0 0x0 0x0 0x0 0x680004 0x0 0x0 0x0 0x0 0x0 0x0 0x700007 0x0 0xffffffffffffff70 0x0 0x0 0x0 0x0 0x0 0x0 0x0 0x9 0x2 0x0 0xffffffffffffffff oops 2 3 org/eclipse/jdt/internal/core/index/MemoryIndex 31 org/eclipse/jdt/internal/core/index/DiskIndex methods 0
ciMethodData org/eclipse/jdt/internal/core/search/indexing/IndexManager saveIndex (Lorg/eclipse/jdt/internal/core/index/Index;)V 1 12944 orig 80 0 0 0 0 0 0 0 0 0 0 0 0 254 127 0 0 0 0 0 0 0 0 0 0 0 0 0 0 0 0 0 0 0 0 0 0 0 0 0 0 0 0 0 0 0 0 0 0 0 0 0 0 0 0 0 0 0 0 0 0 0 0 0 0 0 0 0 0 0 0 0 0 0 0 0 0 0 0 0 0 data 221 0x60007 0x25 0x20 0x0 0xb0005 0x0 0x0 0x1827ea17a20 0x25 0x0 0x0 0xe0007 0x0 0x298 0x25 0x140007 0x25 0xe8 0x0 0x1e0002 0x0 0x220005 0x0 0x0 0x0 0x0 0x0 0x0 0x250005 0x0 0x0 0x0 0x0 0x0 0x0 0x280005 0x0 0x0 0x0 0x0 0x0 0x0 0x2b0002 0x0 0x2f0005 0x0 0x0 0x1827ea17a20 0x25 0x0 0x0 0x320007 0x0 0x70 0x25 0x370005 0x0 0x0 0x1827ea17810 0x25 0x0 0x0 0x3a0003 0x25 0x100 0x400007 0x0 0xe8 0x0 0x4a0002 0x0 0x4e0005 0x0 0x0 0x0 0x0 0x0 0x0 0x510005 0x0 0x0 0x0 0x0 0x0 0x0 0x540005 0x0 0x0 0x0 0x0 0x0 0x0 0x570002 0x0 0x670002 0x25 0x6d0005 0x0 0x0 0x1827ea17810 0x25 0x0 0x0 0x750007 0x0 0x2c8 0x25 0x7e0005 0x0 0x0 0x18276fe5600 0x25 0x0 0x0 0x8a0005 0x0 0x0 0x18276fe5600 0x25 0x0 0x0 0x8f0004 0x0 0x0 0x1827ea13980 0x25 0x0 0x0 0x940003 0x25 0x1a8 0x990005 0x0 0x0 0x18276fe56b0 0x702 0x0 0x0 0x9e0004 0x0 0x0 0x18276fe5760 0x25 0x1827ea13980 0x612 0xa70007 0x6dd 0x38 0x25 0xaa0003 0x25 0x158 0xaf0004 0xffffffffffffffdb 0x0 0x18276fe5760 0x15 0x1827ea13980 0x5ed 0xb20007 0x25 0xb0 0x6b8 0xb70004 0x0 0x0 0x1827ea13980 0x5ed 0x18276fe5810 0xb1 0xbf0005 0x0 0x0 0x1827ea17970 0x6b8 0x0 0x0 0xc40007 0x6b8 0x20 0x0 0xcc0005 0x0 0x0 0x18276fe56b0 0x702 0x0 0x0 0xd10007 0x702 0xfffffffffffffe38 0x0 0xd70005 0x0 0x0 0x1827ea17810 0x25 0x0 0x0 0xe20005 0x0 0x0 0x1827ea17810 0x25 0x0 0x0 0xe70003 0x25 0x18 0x0 0x0 0x0 0x0 0x0 0x0 0x0 0x0 0x9 0x2 0x0 0x0 oops 18 7 org/eclipse/jdt/internal/core/index/Index 47 org/eclipse/jdt/internal/core/index/Index 58 org/eclipse/jdt/internal/core/search/indexing/IndexManager 99 org/eclipse/jdt/internal/core/search/indexing/IndexManager 110 java/util/LinkedList 117 java/util/LinkedList 124 org/eclipse/jdt/internal/core/search/indexing/AddJarFileToIndex 134 java/util/LinkedList$ListItr 141 org/eclipse/jdt/internal/core/search/indexing/IndexManager$MetaIndexUpdateRequest 143 org/eclipse/jdt/internal/core/search/indexing/AddJarFileToIndex 155 org/eclipse/jdt/internal/core/search/indexing/IndexManager$MetaIndexUpdateRequest 157 org/eclipse/jdt/internal/core/search/indexing/AddJarFileToIndex 166 org/eclipse/jdt/internal/core/search/indexing/AddJarFileToIndex 168 org/eclipse/jdt/internal/core/search/indexing/IndexAllProject 173 org/eclipse/core/runtime/Path 184 java/util/LinkedList$ListItr 195 org/eclipse/jdt/internal/core/search/indexing/IndexManager 202 org/eclipse/jdt/internal/core/search/indexing/IndexManager methods 0
ciMethodData org/eclipse/jdt/internal/core/search/indexing/IndexManager resetIndex (Lorg/eclipse/core/runtime/IPath;)Z 1 138 orig 80 0 0 0 0 0 0 0 0 0 0 0 0 254 127 0 0 0 0 0 0 0 0 0 0 0 0 0 0 0 0 0 0 0 0 0 0 0 0 0 0 0 0 0 0 0 0 0 0 0 0 0 0 0 0 0 0 0 0 0 0 0 0 0 0 0 0 0 0 0 0 0 0 0 0 0 0 0 0 0 0 data 139 0x10005 0x0 0x0 0x1827ea17970 0x25 0x0 0x0 0x60007 0x25 0x70 0x0 0xa0005 0x0 0x0 0x0 0x0 0x0 0x0 0xf0003 0x0 0x50 0x130005 0x0 0x0 0x1827ea17970 0x25 0x0 0x0 0x1b0005 0x0 0x0 0x1827ea17810 0x25 0x0 0x0 0x210005 0x0 0x0 0x1827ea17810 0x25 0x0 0x0 0x290007 0x25 0x120 0x0 0x330002 0x0 0x370005 0x0 0x0 0x0 0x0 0x0 0x0 0x3d0005 0x0 0x0 0x0 0x0 0x0 0x0 0x410005 0x0 0x0 0x0 0x0 0x0 0x0 0x440005 0x0 0x0 0x0 0x0 0x0 0x0 0x470002 0x0 0x4c0007 0x25 0x78 0x0 0x510005 0x0 0x0 0x0 0x0 0x0 0x0 0x540007 0x0 0x20 0x0 0x5d0005 0x0 0x0 0x1827ea17a20 0x25 0x0 0x0 0x660007 0x0 0xe8 0x0 0x700002 0x0 0x740005 0x0 0x0 0x0 0x0 0x0 0x0 0x770005 0x0 0x0 0x0 0x0 0x0 0x0 0x7a0002 0x0 0x7e0005 0x0 0x0 0x0 0x0 0x0 0x0 0x0 0x0 0x0 0x0 0x0 0x0 0x9 0x2 0xffffffffffffffff 0xffffffffffffffff oops 5 3 org/eclipse/core/runtime/Path 24 org/eclipse/core/runtime/Path 31 org/eclipse/jdt/internal/core/search/indexing/IndexManager 38 org/eclipse/jdt/internal/core/search/indexing/IndexManager 96 org/eclipse/jdt/internal/core/index/Index methods 0
ciMethodData org/eclipse/jdt/internal/core/search/indexing/IndexManager removeIndex (Lorg/eclipse/core/runtime/IPath;)V 1 160 orig 80 0 0 0 0 0 0 0 0 0 0 0 0 254 127 0 0 0 0 0 0 0 0 0 0 0 0 0 0 0 0 0 0 0 0 0 0 0 0 0 0 0 0 0 0 0 0 0 0 0 0 0 0 0 0 0 0 0 0 0 0 0 0 0 0 0 0 0 0 0 0 0 0 0 0 0 0 0 0 0 0 data 181 0xc0007 0x0 0x40 0x0 0x120007 0x0 0xb0 0x0 0x1c0002 0x0 0x200005 0x0 0x0 0x0 0x0 0x0 0x0 0x230005 0x0 0x0 0x0 0x0 0x0 0x0 0x260002 0x0 0x2b0005 0x0 0x0 0x0 0x0 0x0 0x0 0x330005 0x0 0x0 0x0 0x0 0x0 0x0 0x380007 0x0 0x58 0x0 0x410005 0x0 0x0 0x0 0x0 0x0 0x0 0x460007 0x0 0x58 0x0 0x4b0005 0x0 0x0 0x0 0x0 0x0 0x0 0x550005 0x0 0x0 0x0 0x0 0x0 0x0 0x5b0007 0x0 0xa8 0x0 0x600005 0x0 0x0 0x0 0x0 0x0 0x0 0x690005 0x0 0x0 0x0 0x0 0x0 0x0 0x6d0003 0x0 0x178 0x710007 0x0 0x160 0x0 0x750005 0x0 0x0 0x0 0x0 0x0 0x0 0x780007 0x0 0x108 0x0 0x7e0007 0x0 0xb0 0x0 0x880002 0x0 0x8c0005 0x0 0x0 0x0 0x0 0x0 0x0 0x8f0005 0x0 0x0 0x0 0x0 0x0 0x0 0x920002 0x0 0x960005 0x0 0x0 0x0 0x0 0x0 0x0 0xa00005 0x0 0x0 0x0 0x0 0x0 0x0 0xa70007 0x0 0x58 0x0 0xaf0005 0x0 0x0 0x0 0x0 0x0 0x0 0xb70005 0x0 0x0 0x0 0x0 0x0 0x0 0xbd0003 0x0 0x18 0xc80005 0x0 0x0 0x0 0x0 0x0 0x0 0x0 0x0 0x0 0x0 0x0 0x0 0x0 0x0 0x9 0x2 0x0 0x0 oops 0 methods 0
ciMethodData org/eclipse/jdt/internal/core/index/FileIndexLocation getCanonicalFilePath ()Ljava/lang/String; 1 138 orig 80 0 0 0 0 0 0 0 0 0 0 0 0 254 127 0 0 0 0 0 0 0 0 0 0 0 0 0 0 0 0 0 0 0 0 0 0 0 0 0 0 0 0 0 0 0 0 0 0 0 0 0 0 0 0 0 0 0 0 0 0 0 0 0 0 0 0 0 0 0 0 0 0 0 0 0 0 0 0 0 0 data 16 0x40005 0x0 0x0 0x18209d4bbc0 0x25 0x0 0x0 0x0 0x0 0x0 0x0 0x0 0x0 0x9 0x1 0x0 oops 1 3 java/io/File methods 0
ciMethodData org/eclipse/jdt/internal/core/JavaModelManager getLocalFile (Lorg/eclipse/core/runtime/IPath;)Ljava/io/File; 1 160 orig 80 0 0 0 0 0 0 0 0 0 0 0 0 254 127 0 0 0 0 0 0 0 0 0 0 0 0 0 0 0 0 0 0 0 0 0 0 0 0 0 0 0 0 0 0 0 0 0 0 0 0 0 0 0 0 0 0 0 0 0 0 0 0 0 0 0 0 0 0 0 0 0 0 0 0 0 0 0 0 0 0 data 90 0x20002 0xa0 0x50005 0x0 0x0 0x18279742db0 0xa0 0x0 0x0 0xd0005 0x0 0x0 0x18279742e60 0xa0 0x0 0x0 0x140007 0xa0 0x1d0 0x0 0x180005 0x0 0x0 0x0 0x0 0x0 0x0 0x1e0007 0x0 0x78 0x0 0x220005 0x0 0x0 0x0 0x0 0x0 0x0 0x2a0007 0x0 0x88 0x0 0x3e0005 0x0 0x0 0x0 0x0 0x0 0x0 0x430002 0x0 0x470002 0x0 0x4a0002 0x0 0x510002 0x0 0x560007 0x0 0xc0 0x0 0x6a0005 0x0 0x0 0x0 0x0 0x0 0x0 0x6f0002 0x0 0x730002 0x0 0x760002 0x0 0x7b0005 0x0 0x0 0x1827ea17970 0xa0 0x0 0x0 0x0 0x0 0x0 0x0 0x0 0x0 0x9 0x1 0xffffffffffffffff oops 3 5 org/eclipse/core/internal/resources/Workspace 12 org/eclipse/core/internal/resources/WorkspaceRoot 77 org/eclipse/core/runtime/Path methods 0
ciMethodData org/eclipse/jdt/internal/compiler/env/AutomaticModuleNaming determineAutomaticModuleName (Ljava/lang/String;)[C 1 118 orig 80 0 0 0 0 0 0 0 0 0 0 0 0 254 127 0 0 0 0 0 0 0 0 0 0 0 0 0 0 0 0 0 0 0 0 0 0 0 0 0 0 0 0 0 0 0 0 0 0 0 0 0 0 0 0 0 0 0 0 0 0 0 0 0 0 0 0 0 0 0 0 0 0 0 0 0 0 0 0 0 0 data 103 0x90002 0x1f 0xe0005 0x0 0x0 0x182771c53d0 0x1f 0x0 0x0 0x150007 0x0 0x140 0x1f 0x1a0005 0x0 0x0 0x18275015fa0 0x1f 0x0 0x0 0x1f0005 0x0 0x0 0x182771c7600 0x1f 0x0 0x0 0x260007 0xc 0xb0 0x13 0x2b0005 0x13 0x0 0x0 0x0 0x0 0x0 0x2f0007 0x0 0x58 0x13 0x330005 0x0 0x0 0x182771c53d0 0x13 0x0 0x0 0x380007 0x0 0x158 0xc 0x3c0005 0x0 0x0 0x182771c53d0 0xc 0x0 0x0 0x3f0003 0xc 0x100 0x440007 0x0 0x58 0x0 0x480005 0x0 0x0 0x0 0x0 0x0 0x0 0x4f0007 0x0 0x38 0x0 0x540003 0x0 0x70 0x590007 0x0 0x58 0x0 0x5e0005 0x0 0x0 0x0 0x0 0x0 0x0 0x670002 0xc 0x0 0x0 0x0 0x0 0x0 0x0 0x9 0x1 0xffffffffffffffff oops 5 5 java/util/jar/JarFile 16 java/util/jar/Manifest 23 java/util/jar/Attributes 45 java/util/jar/JarFile 56 java/util/jar/JarFile methods 0
ciMethodData org/eclipse/jdt/core/compiler/CharOperation append ([CC)[C 1 118 orig 80 0 0 0 0 0 0 0 0 0 0 0 0 254 127 0 0 0 0 0 0 0 0 0 0 0 0 0 0 0 0 0 0 0 0 0 0 0 0 0 0 0 0 0 0 0 0 0 0 0 0 0 0 0 0 0 0 0 0 0 0 0 0 0 0 0 0 0 0 0 0 0 0 0 0 0 0 0 0 0 0 data 16 0x10007 0x1f 0x20 0x0 0x1a0002 0x1f 0x0 0x0 0x0 0x0 0x0 0x0 0x9 0x2 0xffffffffffffffff 0x0 oops 0 methods 0
ciMethodData org/eclipse/jdt/core/compiler/CharOperation append ([C[C)[C 1 118 orig 80 0 0 0 0 0 0 0 0 0 0 0 0 254 127 0 0 0 0 0 0 0 0 0 0 0 0 0 0 0 0 0 0 0 0 0 0 0 0 0 0 0 0 0 0 0 0 0 0 0 0 0 0 0 0 0 0 0 0 0 0 0 0 0 0 0 0 0 0 0 0 0 0 0 0 0 0 0 0 0 0 data 26 0x10007 0x0 0x40 0x1f 0x60007 0x1f 0x20 0x0 0x190007 0x0 0x30 0x1f 0x260002 0x1f 0x2e0002 0x1f 0x0 0x0 0x0 0x0 0x0 0x0 0x9 0x2 0xffffffffffffffff 0xffffffffffffffff oops 0 methods 0
ciMethodData org/eclipse/jdt/internal/core/search/indexing/IndexManager savePreBuiltIndex (Lorg/eclipse/jdt/internal/core/index/Index;)V 1 0 orig 80 0 0 0 0 0 0 0 0 0 0 0 0 254 127 0 0 0 0 0 0 0 0 0 0 0 0 0 0 0 0 0 0 0 0 0 0 0 0 0 0 0 0 0 0 0 0 0 0 0 0 0 0 0 0 0 0 0 0 0 0 0 0 0 0 0 0 0 0 0 0 0 0 0 0 0 0 0 0 0 0 data 81 0x10005 0x0 0x0 0x0 0x0 0x0 0x0 0x40007 0x0 0x178 0x0 0xa0007 0x0 0xe8 0x0 0x140002 0x0 0x180005 0x0 0x0 0x0 0x0 0x0 0x0 0x1b0005 0x0 0x0 0x0 0x0 0x0 0x0 0x1e0005 0x0 0x0 0x0 0x0 0x0 0x0 0x210002 0x0 0x250005 0x0 0x0 0x0 0x0 0x0 0x0 0x2b0005 0x0 0x0 0x0 0x0 0x0 0x0 0x340005 0x0 0x0 0x0 0x0 0x0 0x0 0x3a0005 0x0 0x0 0x0 0x0 0x0 0x0 0x3f0003 0x0 0x18 0x0 0x0 0x0 0x0 0x0 0x0 0x9 0x2 0x0 0x0 oops 0 methods 0
ciMethodData org/eclipse/jdt/internal/core/index/Index hasChanged ()Z 1 274 orig 80 0 0 0 0 0 0 0 0 0 0 0 0 254 127 0 0 0 0 0 0 0 0 0 0 0 0 0 0 0 0 0 0 0 0 0 0 0 0 0 0 0 0 0 0 0 0 0 0 0 0 0 0 0 0 0 0 0 0 0 0 0 0 0 0 0 0 0 0 0 0 0 0 0 0 0 0 0 0 0 0 data 16 0x40005 0x0 0x0 0x1827c3888d0 0x22 0x0 0x0 0x0 0x0 0x0 0x0 0x0 0x0 0x9 0x1 0x0 oops 1 3 org/eclipse/jdt/internal/core/index/MemoryIndex methods 0
ciMethodData org/eclipse/jdt/internal/core/search/indexing/IndexManager getIndex (Lorg/eclipse/core/runtime/IPath;Lorg/eclipse/jdt/internal/core/index/IndexLocation;ZZ)Lorg/eclipse/jdt/internal/core/index/Index; 1 276 orig 80 0 0 0 0 0 0 0 0 0 0 0 0 254 127 0 0 0 0 0 0 0 0 0 0 0 0 0 0 0 0 0 0 0 0 0 0 0 0 0 0 0 0 0 0 0 0 0 0 0 0 0 0 0 0 0 0 0 0 0 0 0 0 0 0 0 0 0 0 0 0 0 0 0 0 0 0 0 0 0 0 data 345 0x20005 0x0 0x0 0x1827ea17810 0x14 0x0 0x0 0x90007 0x0 0x9e8 0x14 0xd0005 0x0 0x0 0x1827ea17810 0x14 0x0 0x0 0x110005 0x14 0x0 0x0 0x0 0x0 0x0 0x180007 0x14 0x38 0x0 0x1e0003 0x0 0x50 0x230004 0x0 0x0 0x18275016e10 0x14 0x0 0x0 0x2d0007 0x14 0x58 0x0 0x330005 0x0 0x0 0x0 0x0 0x0 0x0 0x390005 0x0 0x0 0x1827ea17970 0x14 0x0 0x0 0x3e0007 0x14 0x70 0x0 0x420005 0x0 0x0 0x0 0x0 0x0 0x0 0x470003 0x0 0x50 0x4b0005 0x0 0x0 0x1827ea17970 0x14 0x0 0x0 0x530007 0xa 0x508 0xa 0x570005 0x0 0x0 0x1827ea17ad0 0xa 0x0 0x0 0x5a0007 0xa 0x200 0x0 0x650002 0x0 0x710005 0x0 0x0 0x0 0x0 0x0 0x0 0x7e0007 0x0 0x198 0x0 0x860007 0x0 0x178 0x0 0x8c0007 0x0 0x120 0x0 0x960002 0x0 0x9a0005 0x0 0x0 0x0 0x0 0x0 0x0 0xa00005 0x0 0x0 0x0 0x0 0x0 0x0 0xa50005 0x0 0x0 0x0 0x0 0x0 0x0 0xa80005 0x0 0x0 0x0 0x0 0x0 0x0 0xab0002 0x0 0xb10005 0x0 0x0 0x0 0x0 0x0 0x0 0xbb0007 0xa 0x58 0x0 0xc10005 0x0 0x0 0x0 0x0 0x0 0x0 0xcb0007 0xa 0x258 0x0 0xd10007 0x0 0x120 0x0 0xdb0002 0x0 0xdf0005 0x0 0x0 0x0 0x0 0x0 0x0 0xe50005 0x0 0x0 0x0 0x0 0x0 0x0 0xea0005 0x0 0x0 0x0 0x0 0x0 0x0 0xed0005 0x0 0x0 0x0 0x0 0x0 0x0 0xf00002 0x0 0xf60007 0x0 0xe0 0x0 0xff0005 0x0 0x0 0x0 0x0 0x0 0x0 0x1050005 0x0 0x0 0x0 0x0 0x0 0x0 0x10c0005 0x0 0x0 0x0 0x0 0x0 0x0 0x10f0003 0x0 0x50 0x1160005 0x0 0x0 0x0 0x0 0x0 0x0 0x11d0007 0xa 0x2a8 0xa 0x1230007 0xa 0x120 0x0 0x12d0002 0x0 0x1310005 0x0 0x0 0x0 0x0 0x0 0x0 0x1370005 0x0 0x0 0x0 0x0 0x0 0x0 0x13c0005 0x0 0x0 0x0 0x0 0x0 0x0 0x13f0005 0x0 0x0 0x0 0x0 0x0 0x0 0x1420002 0x0 0x14d0002 0xa 0x1590005 0xa 0x0 0x0 0x0 0x0 0x0 0x1640007 0x0 0x120 0x0 0x16e0002 0x0 0x1720005 0x0 0x0 0x0 0x0 0x0 0x0 0x1780005 0x0 0x0 0x0 0x0 0x0 0x0 0x17d0005 0x0 0x0 0x0 0x0 0x0 0x0 0x1800005 0x0 0x0 0x0 0x0 0x0 0x0 0x1830002 0x0 0x0 0x0 0x0 0x0 0x0 0x0 0x0 0x0 0x0 0x0 0x0 0x0 0x0 0x0 0x9 0x5 0x0 0x0 0x0 0x0 0x0 oops 6 3 org/eclipse/jdt/internal/core/search/indexing/IndexManager 14 org/eclipse/jdt/internal/core/search/indexing/IndexManager 35 java/lang/Integer 53 org/eclipse/core/runtime/Path 74 org/eclipse/core/runtime/Path 85 org/eclipse/jdt/internal/core/index/FileIndexLocation methods 0
ciMethodData java/security/Permission <init> (Ljava/lang/String;)V 1 139 orig 80 0 0 0 0 0 0 0 0 0 0 0 0 254 127 0 0 0 0 0 0 0 0 0 0 0 0 0 0 0 0 0 0 0 0 0 0 0 0 0 0 0 0 0 0 0 0 0 0 0 0 0 0 0 0 0 0 0 0 0 0 0 0 0 0 0 0 0 0 0 0 0 0 0 0 0 0 0 0 0 0 data 10 0x10002 0x0 0x0 0x0 0x0 0x0 0x9 0x2 0x6 0x0 oops 0 methods 0
compile org/eclipse/jdt/internal/core/search/indexing/AddJarFileToIndex execute (Lorg/eclipse/core/runtime/IProgressMonitor;)Z -1 4 inline 258 0 -1 org/eclipse/jdt/internal/core/search/indexing/AddJarFileToIndex execute (Lorg/eclipse/core/runtime/IProgressMonitor;)Z 1 23 org/eclipse/jdt/internal/core/search/indexing/AddJarFileToIndex hasPreBuiltIndex ()Z 1 66 org/eclipse/jdt/internal/core/search/indexing/IndexManager getIndexForUpdate (Lorg/eclipse/core/runtime/IPath;ZZ)Lorg/eclipse/jdt/internal/core/index/Index; 1 114 org/eclipse/jdt/internal/core/search/indexing/IndexManager getIndexForUpdate (Lorg/eclipse/core/runtime/IPath;ZZ)Lorg/eclipse/jdt/internal/core/index/Index; 1 210 org/eclipse/jdt/internal/core/search/indexing/ReadWriteMonitor enterWrite ()V 2 4 java/lang/Object wait ()V 1 546 org/eclipse/core/internal/resources/Resource getFullPath ()Lorg/eclipse/core/runtime/IPath; 1 614 org/eclipse/core/runtime/Path toFile ()Ljava/io/File; 2 8 java/io/File <init> (Ljava/lang/String;)V 3 1 java/lang/Object <init> ()V 3 40 java/io/WinNTFileSystem prefixLength (Ljava/lang/String;)I 4 6 java/lang/String length ()I 5 6 java/lang/String coder ()B 4 18 java/lang/String charAt (I)C 5 1 java/lang/String isLatin1 ()Z 5 12 java/lang/StringLatin1 charAt ([BI)C 4 30 java/lang/String charAt (I)C 5 1 java/lang/String isLatin1 ()Z 5 12 java/lang/StringLatin1 charAt ([BI)C 4 58 java/io/WinNTFileSystem isLetter (C)Z 4 78 java/lang/String charAt (I)C 5 1 java/lang/String isLatin1 ()Z 5 12 java/lang/StringLatin1 charAt ([BI)C 1 619 java/util/zip/ZipFile <init> (Ljava/io/File;)V 2 3 java/util/zip/ZipFile <init> (Ljava/io/File;I)V 3 6 java/util/zip/ZipFile <init> (Ljava/io/File;ILjava/nio/charset/Charset;)V 4 1 java/lang/Object <init> ()V 4 48 java/io/File getPath ()Ljava/lang/String; 4 59 java/io/File <init> (Ljava/lang/String;)V 5 1 java/lang/Object <init> ()V 5 40 java/io/WinNTFileSystem prefixLength (Ljava/lang/String;)I 6 6 java/lang/String length ()I 7 6 java/lang/String coder ()B 6 18 java/lang/String charAt (I)C 7 1 java/lang/String isLatin1 ()Z 7 12 java/lang/StringLatin1 charAt ([BI)C 6 30 java/lang/String charAt (I)C 7 1 java/lang/String isLatin1 ()Z 7 12 java/lang/StringLatin1 charAt ([BI)C 6 58 java/io/WinNTFileSystem isLetter (C)Z 6 78 java/lang/String charAt (I)C 7 1 java/lang/String isLatin1 ()Z 7 12 java/lang/StringLatin1 charAt ([BI)C 4 63 java/lang/System getSecurityManager ()Ljava/lang/SecurityManager; 5 0 java/lang/System allowSecurityManager ()Z 4 96 java/util/Objects requireNonNull (Ljava/lang/Object;Ljava/lang/String;)Ljava/lang/Object; 4 118 java/util/zip/ZipCoder get (Ljava/nio/charset/Charset;)Ljava/util/zip/ZipCoder; 4 123 java/util/zip/ZipFile$CleanableResource <init> (Ljava/util/zip/ZipFile;Ljava/util/zip/ZipCoder;Ljava/io/File;I)V 5 1 java/lang/Object <init> ()V 5 5 jdk/internal/ref/CleanerFactory cleaner ()Ljava/lang/ref/Cleaner; 5 10 java/lang/ref/Cleaner register (Ljava/lang/Object;Ljava/lang/Runnable;)Ljava/lang/ref/Cleaner$Cleanable; 6 3 java/util/Objects requireNonNull (Ljava/lang/Object;Ljava/lang/String;)Ljava/lang/Object; 6 10 java/util/Objects requireNonNull (Ljava/lang/Object;Ljava/lang/String;)Ljava/lang/Object; 6 21 jdk/internal/ref/CleanerImpl$PhantomCleanableRef <init> (Ljava/lang/Object;Ljava/lang/ref/Cleaner;Ljava/lang/Runnable;)V 7 3 jdk/internal/ref/PhantomCleanable <init> (Ljava/lang/Object;Ljava/lang/ref/Cleaner;)V 8 2 java/util/Objects requireNonNull (Ljava/lang/Object;)Ljava/lang/Object; 8 6 jdk/internal/ref/CleanerImpl getCleanerImpl (Ljava/lang/ref/Cleaner;)Ljdk/internal/ref/CleanerImpl; 9 4 java/lang/ref/Cleaner$1 apply (Ljava/lang/Object;)Ljava/lang/Object; 10 5 java/lang/ref/Cleaner$1 apply (Ljava/lang/ref/Cleaner;)Ljdk/internal/ref/CleanerImpl; 8 12 java/lang/ref/PhantomReference <init> (Ljava/lang/Object;Ljava/lang/ref/ReferenceQueue;)V 9 3 java/lang/ref/Reference <init> (Ljava/lang/Object;Ljava/lang/ref/ReferenceQueue;)V 10 1 java/lang/Object <init> ()V 8 27 jdk/internal/ref/CleanerImpl getCleanerImpl (Ljava/lang/ref/Cleaner;)Ljdk/internal/ref/CleanerImpl; 9 4 java/lang/ref/Cleaner$1 apply (Ljava/lang/Object;)Ljava/lang/Object; 10 5 java/lang/ref/Cleaner$1 apply (Ljava/lang/ref/Cleaner;)Ljdk/internal/ref/CleanerImpl; 8 37 jdk/internal/ref/PhantomCleanable insert ()V 8 41 java/lang/ref/Reference reachabilityFence (Ljava/lang/Object;)V 8 45 java/lang/ref/Reference reachabilityFence (Ljava/lang/Object;)V 5 21 java/util/WeakHashMap <init> ()V 6 5 java/util/WeakHashMap <init> (IF)V 7 1 java/util/AbstractMap <init> ()V 8 1 java/lang/Object <init> ()V 7 9 java/lang/ref/ReferenceQueue <init> ()V 8 1 java/lang/Object <init> ()V 8 9 java/lang/ref/ReferenceQueue$Lock <init> ()V 9 1 java/lang/Object <init> ()V 7 62 java/lang/Float isNaN (F)Z 7 112 java/util/WeakHashMap newTable (I)[Ljava/util/WeakHashMap$Entry; 5 24 java/util/Collections newSetFromMap (Ljava/util/Map;)Ljava/util/Set; 6 5 java/util/Collections$SetFromMap <init> (Ljava/util/Map;)V 7 1 java/util/AbstractSet <init> ()V 8 1 java/util/AbstractCollection <init> ()V 9 1 java/lang/Object <init> ()V 7 5 java/util/WeakHashMap isEmpty ()Z 8 1 java/util/WeakHashMap size ()I 7 30 java/util/WeakHashMap keySet ()Ljava/util/Set; 8 14 java/util/WeakHashMap$KeySet <init> (Ljava/util/WeakHashMap;)V 9 6 java/util/AbstractSet <init> ()V 10 1 java/util/AbstractCollection <init> ()V 11 1 java/lang/Object <init> ()V 5 35 java/util/ArrayDeque <init> ()V 6 1 java/util/AbstractCollection <init> ()V 7 1 java/lang/Object <init> ()V 5 56 java/util/zip/ZipFile$Source get (Ljava/io/File;ZLjava/util/zip/ZipCoder;)Ljava/util/zip/ZipFile$Source; 6 6 java/io/File toPath ()Ljava/nio/file/Path; 7 22 java/nio/file/FileSystems getDefault ()Ljava/nio/file/FileSystem; 8 0 jdk/internal/misc/VM isModuleSystemInited ()Z 9 0 jdk/internal/misc/VM initLevel ()I 7 33 sun/nio/fs/WindowsFileSystem getPath (Ljava/lang/String;[Ljava/lang/String;)Ljava/nio/file/Path; 8 1 java/util/Objects requireNonNull (Ljava/lang/Object;)Ljava/lang/Object; 8 102 sun/nio/fs/WindowsPath parse (Lsun/nio/fs/WindowsFileSystem;Ljava/lang/String;)Lsun/nio/fs/WindowsPath; 9 1 sun/nio/fs/WindowsPathParser parse (Ljava/lang/String;)Lsun/nio/fs/WindowsPathParser$Result; 9 11 sun/nio/fs/WindowsPathParser$Result type ()Lsun/nio/fs/WindowsPathType; 9 15 sun/nio/fs/WindowsPathParser$Result root ()Ljava/lang/String; 9 19 sun/nio/fs/WindowsPathParser$Result path ()Ljava/lang/String; 9 22 sun/nio/fs/WindowsPath <init> (Lsun/nio/fs/WindowsFileSystem;Lsun/nio/fs/WindowsPathType;Ljava/lang/String;Ljava/lang/String;)V 10 1 java/lang/Object <init> ()V 6 15 java/nio/file/Files readAttributes (Ljava/nio/file/Path;Ljava/lang/Class;[Ljava/nio/file/LinkOption;)Ljava/nio/file/attribute/BasicFileAttributes; 7 1 java/nio/file/Files provider (Ljava/nio/file/Path;)Ljava/nio/file/spi/FileSystemProvider; 8 6 jdk/internal/jrtfs/JrtFileSystem provider ()Ljava/nio/file/spi/FileSystemProvider; 8 6 sun/nio/fs/WindowsFileSystem provider ()Ljava/nio/file/spi/FileSystemProvider; 7 7 jdk/internal/jrtfs/JrtFileSystemProvider readAttributes (Ljava/nio/file/Path;Ljava/lang/Class;[Ljava/nio/file/LinkOption;)Ljava/nio/file/attribute/BasicFileAttributes; 8 13 jdk/internal/jrtfs/JrtFileSystemProvider toJrtPath (Ljava/nio/file/Path;)Ljdk/internal/jrtfs/JrtPath; 9 3 java/util/Objects requireNonNull (Ljava/lang/Object;Ljava/lang/String;)Ljava/lang/Object; 8 17 jdk/internal/jrtfs/JrtPath getAttributes ([Ljava/nio/file/LinkOption;)Ljdk/internal/jrtfs/JrtFileAttributes; 9 6 jdk/internal/jrtfs/JrtFileSystem getFileAttributes (Ljdk/internal/jrtfs/JrtPath;[Ljava/nio/file/LinkOption;)Ljdk/internal/jrtfs/JrtFileAttributes; 10 29 jdk/internal/jrtfs/JrtFileAttributes <init> (Ljdk/internal/jimage/ImageReader$Node;)V 11 1 java/lang/Object <init> ()V 10 38 jdk/internal/jrtfs/JrtFileAttributes <init> (Ljdk/internal/jimage/ImageReader$Node;)V 11 1 java/lang/Object <init> ()V 7 7 sun/nio/fs/WindowsFileSystemProvider readAttributes (Ljava/nio/file/Path;Ljava/lang/Class;[Ljava/nio/file/LinkOption;)Ljava/nio/file/attribute/BasicFileAttributes; 8 51 sun/nio/fs/WindowsFileSystemProvider getFileAttributeView (Ljava/nio/file/Path;Ljava/lang/Class;[Ljava/nio/file/LinkOption;)Ljava/nio/file/attribute/FileAttributeView; 9 1 sun/nio/fs/WindowsPath toWindowsPath (Ljava/nio/file/Path;)Lsun/nio/fs/WindowsPath; 9 19 sun/nio/fs/Util followLinks ([Ljava/nio/file/LinkOption;)Z 9 34 sun/nio/fs/WindowsFileAttributeViews createBasicView (Lsun/nio/fs/WindowsPath;Z)Lsun/nio/fs/WindowsFileAttributeViews$Basic; 10 6 sun/nio/fs/WindowsFileAttributeViews$Basic <init> (Lsun/nio/fs/WindowsPath;Z)V 11 1 sun/nio/fs/AbstractBasicFileAttributeView <init> ()V 12 1 java/lang/Object <init> ()V 8 57 sun/nio/fs/WindowsFileAttributeViews$Basic readAttributes ()Ljava/nio/file/attribute/BasicFileAttributes; 9 1 sun/nio/fs/WindowsFileAttributeViews$Basic readAttributes ()Lsun/nio/fs/WindowsFileAttributes; 10 4 sun/nio/fs/WindowsPath checkRead ()V 11 0 java/lang/System getSecurityManager ()Ljava/lang/SecurityManager; 12 0 java/lang/System allowSecurityManager ()Z 6 19 java/util/zip/ZipFile$Source$Key <init> (Ljava/io/File;Ljava/nio/file/attribute/BasicFileAttributes;Ljava/util/zip/ZipCoder;)V 7 1 java/lang/Object <init> ()V 7 16 java/util/zip/ZipCoder$UTF8ZipCoder isUTF8 ()Z 6 49 java/util/HashMap get (Ljava/lang/Object;)Ljava/lang/Object; 7 2 java/util/HashMap getNode (Ljava/lang/Object;)Ljava/util/HashMap$Node; 8 23 java/util/HashMap hash (Ljava/lang/Object;)I 9 9 java/util/zip/ZipFile$Source$Key hashCode ()I 10 20 sun/nio/fs/WindowsFileAttributes lastModifiedTime ()Ljava/nio/file/attribute/FileTime; 11 4 sun/nio/fs/WindowsFileAttributes toFileTime (J)Ljava/nio/file/attribute/FileTime; 12 22 java/nio/file/attribute/FileTime from (JLjava/util/concurrent/TimeUnit;)Ljava/nio/file/attribute/FileTime; 13 3 java/util/Objects requireNonNull (Ljava/lang/Object;Ljava/lang/String;)Ljava/lang/Object; 13 14 java/nio/file/attribute/FileTime <init> (JLjava/util/concurrent/TimeUnit;Ljava/time/Instant;)V 14 1 java/lang/Object <init> ()V 10 25 java/nio/file/attribute/FileTime toMillis ()J 11 15 java/util/concurrent/TimeUnit toMillis (J)J 8 63 java/util/zip/ZipFile$Source$Key equals (Ljava/lang/Object;)Z 9 43 java/nio/file/attribute/FileTime equals (Ljava/lang/Object;)Z 8 128 java/util/zip/ZipFile$Source$Key equals (Ljava/lang/Object;)Z 9 43 java/nio/file/attribute/FileTime equals (Ljava/lang/Object;)Z 6 100 java/util/zip/ZipFile$Source <init> (Ljava/util/zip/ZipFile$Source$Key;ZLjava/util/zip/ZipCoder;)V 7 1 java/lang/Object <init> ()V 7 99 java/io/RandomAccessFile <init> (Ljava/io/File;Ljava/lang/String;)V 8 4 java/io/RandomAccessFile <init> (Ljava/io/File;Ljava/lang/String;Z)V 9 1 java/lang/Object <init> ()V 9 9 java/lang/Object <init> ()V 9 20 java/io/File getPath ()Ljava/lang/String; 9 50 java/lang/String startsWith (Ljava/lang/String;)Z 10 3 java/lang/String startsWith (Ljava/lang/String;I)Z 11 6 java/lang/String length ()I 12 6 java/lang/String coder ()B 11 10 java/lang/String length ()I 12 6 java/lang/String coder ()B 9 160 java/lang/System getSecurityManager ()Ljava/lang/SecurityManager; 10 0 java/lang/System allowSecurityManager ()Z 9 226 java/io/FileDescriptor <init> ()V 10 1 java/lang/Object <init> ()V 9 251 java/io/RandomAccessFile open (Ljava/lang/String;I)V 7 121 java/util/zip/ZipFile$Source readFullyAt ([BIIJ)I 8 14 java/io/RandomAccessFile seek (J)V 8 43 java/io/RandomAccessFile readFully ([BII)V 9 13 java/io/RandomAccessFile read ([BII)I 7 128 java/util/zip/ZipUtils LOCSIG ([B)J 8 2 java/util/zip/ZipUtils LG ([BI)J 9 2 java/util/zip/ZipUtils SH ([BI)I 9 9 java/util/zip/ZipUtils SH ([BI)I 6 116 java/util/HashMap containsKey (Ljava/lang/Object;)Z 7 2 java/util/HashMap getNode (Ljava/lang/Object;)Ljava/util/HashMap$Node; 8 23 java/util/HashMap hash (Ljava/lang/Object;)I 9 9 java/util/zip/ZipFile$Source$Key hashCode ()I 10 20 sun/nio/fs/WindowsFileAttributes lastModifiedTime ()Ljava/nio/file/attribute/FileTime; 11 4 sun/nio/fs/WindowsFileAttributes toFileTime (J)Ljava/nio/file/attribute/FileTime; 12 22 java/nio/file/attribute/FileTime from (JLjava/util/concurrent/TimeUnit;)Ljava/nio/file/attribute/FileTime; 13 3 java/util/Objects requireNonNull (Ljava/lang/Object;Ljava/lang/String;)Ljava/lang/Object; 13 14 java/nio/file/attribute/FileTime <init> (JLjava/util/concurrent/TimeUnit;Ljava/time/Instant;)V 14 1 java/lang/Object <init> ()V 10 25 java/nio/file/attribute/FileTime toMillis ()J 11 15 java/util/concurrent/TimeUnit toMillis (J)J 8 63 java/util/zip/ZipFile$Source$Key equals (Ljava/lang/Object;)Z 9 43 java/nio/file/attribute/FileTime equals (Ljava/lang/Object;)Z 8 128 java/util/zip/ZipFile$Source$Key equals (Ljava/lang/Object;)Z 9 43 java/nio/file/attribute/FileTime equals (Ljava/lang/Object;)Z 6 162 java/util/HashMap put (Ljava/lang/Object;Ljava/lang/Object;)Ljava/lang/Object; 7 2 java/util/HashMap hash (Ljava/lang/Object;)I 8 9 java/util/zip/ZipFile$Source$Key hashCode ()I 9 20 sun/nio/fs/WindowsFileAttributes lastModifiedTime ()Ljava/nio/file/attribute/FileTime; 10 4 sun/nio/fs/WindowsFileAttributes toFileTime (J)Ljava/nio/file/attribute/FileTime; 11 22 java/nio/file/attribute/FileTime from (JLjava/util/concurrent/TimeUnit;)Ljava/nio/file/attribute/FileTime; 12 3 java/util/Objects requireNonNull (Ljava/lang/Object;Ljava/lang/String;)Ljava/lang/Object; 12 14 java/nio/file/attribute/FileTime <init> (JLjava/util/concurrent/TimeUnit;Ljava/time/Instant;)V 13 1 java/lang/Object <init> ()V 9 25 java/nio/file/attribute/FileTime toMillis ()J 10 15 java/util/concurrent/TimeUnit toMillis (J)J 7 9 java/util/HashMap putVal (ILjava/lang/Object;Ljava/lang/Object;ZZ)Ljava/lang/Object; 8 56 java/util/HashMap newNode (ILjava/lang/Object;Ljava/lang/Object;Ljava/util/HashMap$Node;)Ljava/util/HashMap$Node; 9 9 java/util/HashMap$Node <init> (ILjava/lang/Object;Ljava/lang/Object;Ljava/util/HashMap$Node;)V 10 1 java/lang/Object <init> ()V 8 91 java/util/zip/ZipFile$Source$Key equals (Ljava/lang/Object;)Z 9 43 java/nio/file/attribute/FileTime equals (Ljava/lang/Object;)Z 8 203 java/util/zip/ZipFile$Source$Key equals (Ljava/lang/Object;)Z 9 43 java/nio/file/attribute/FileTime equals (Ljava/lang/Object;)Z 8 152 java/util/HashMap newNode (ILjava/lang/Object;Ljava/lang/Object;Ljava/util/HashMap$Node;)Ljava/util/HashMap$Node; 9 9 java/util/HashMap$Node <init> (ILjava/lang/Object;Ljava/lang/Object;Ljava/util/HashMap$Node;)V 10 1 java/lang/Object <init> ()V 8 253 java/util/HashMap afterNodeAccess (Ljava/util/HashMap$Node;)V 8 295 java/util/HashMap afterNodeInsertion (Z)V 4 129 jdk/internal/perf/PerfCounter getZipFileOpenTime ()Ljdk/internal/perf/PerfCounter; 4 134 jdk/internal/perf/PerfCounter addElapsedTimeFrom (J)V 5 6 jdk/internal/perf/PerfCounter add (J)V 6 1 jdk/internal/perf/PerfCounter get ()J 7 5 java/nio/DirectLongBufferU get (I)J 8 4 java/nio/Buffer scope ()Ljdk/internal/misc/ScopedMemoryAccess$Scope; 8 11 java/nio/Buffer checkIndex (I)I 8 14 java/nio/DirectLongBufferU ix (I)J 8 17 jdk/internal/misc/ScopedMemoryAccess getLong (Ljdk/internal/misc/ScopedMemoryAccess$Scope;Ljava/lang/Object;J)J 9 4 jdk/internal/misc/ScopedMemoryAccess getLongInternal (Ljdk/internal/misc/ScopedMemoryAccess$Scope;Ljava/lang/Object;J)J 10 21 java/lang/ref/Reference reachabilityFence (Ljava/lang/Object;)V 8 22 java/lang/ref/Reference reachabilityFence (Ljava/lang/Object;)V 6 13 java/nio/DirectLongBufferU put (IJ)Ljava/nio/LongBuffer; 7 4 java/nio/Buffer scope ()Ljdk/internal/misc/ScopedMemoryAccess$Scope; 7 11 java/nio/Buffer checkIndex (I)I 7 14 java/nio/DirectLongBufferU ix (I)J 7 18 jdk/internal/misc/ScopedMemoryAccess putLong (Ljdk/internal/misc/ScopedMemoryAccess$Scope;Ljava/lang/Object;JJ)V 8 6 jdk/internal/misc/ScopedMemoryAccess putLongInternal (Ljdk/internal/misc/ScopedMemoryAccess$Scope;Ljava/lang/Object;JJ)V 9 21 java/lang/ref/Reference reachabilityFence (Ljava/lang/Object;)V 7 22 java/lang/ref/Reference reachabilityFence (Ljava/lang/Object;)V 4 137 jdk/internal/perf/PerfCounter getZipFileCount ()Ljdk/internal/perf/PerfCounter; 4 140 jdk/internal/perf/PerfCounter increment ()V 5 2 jdk/internal/perf/PerfCounter add (J)V 6 1 jdk/internal/perf/PerfCounter get ()J 7 5 java/nio/DirectLongBufferU get (I)J 8 4 java/nio/Buffer scope ()Ljdk/internal/misc/ScopedMemoryAccess$Scope; 8 11 java/nio/Buffer checkIndex (I)I 8 14 java/nio/DirectLongBufferU ix (I)J 8 17 jdk/internal/misc/ScopedMemoryAccess getLong (Ljdk/internal/misc/ScopedMemoryAccess$Scope;Ljava/lang/Object;J)J 9 4 jdk/internal/misc/ScopedMemoryAccess getLongInternal (Ljdk/internal/misc/ScopedMemoryAccess$Scope;Ljava/lang/Object;J)J 10 21 java/lang/ref/Reference reachabilityFence (Ljava/lang/Object;)V 8 22 java/lang/ref/Reference reachabilityFence (Ljava/lang/Object;)V 6 13 java/nio/DirectLongBufferU put (IJ)Ljava/nio/LongBuffer; 7 4 java/nio/Buffer scope ()Ljdk/internal/misc/ScopedMemoryAccess$Scope; 7 11 java/nio/Buffer checkIndex (I)I 7 14 java/nio/DirectLongBufferU ix (I)J 7 18 jdk/internal/misc/ScopedMemoryAccess putLong (Ljdk/internal/misc/ScopedMemoryAccess$Scope;Ljava/lang/Object;JJ)V 8 6 jdk/internal/misc/ScopedMemoryAccess putLongInternal (Ljdk/internal/misc/ScopedMemoryAccess$Scope;Ljava/lang/Object;JJ)V 9 21 java/lang/ref/Reference reachabilityFence (Ljava/lang/Object;)V 7 22 java/lang/ref/Reference reachabilityFence (Ljava/lang/Object;)V
