#
# There is insufficient memory for the Java Runtime Environment to continue.
# Native memory allocation (mmap) failed to map 298844160 bytes for Failed to commit area from 0x00000000a7200000 to 0x00000000b8f00000 of length 298844160.
# Possible reasons:
#   The system is out of physical RAM or swap space
#   The process is running with CompressedOops enabled, and the Java Heap may be blocking the growth of the native heap
# Possible solutions:
#   Reduce memory load on the system
#   Increase physical memory or swap space
#   Check if swap backing store is full
#   Decrease Java heap size (-Xmx/-Xms)
#   Decrease number of Java threads
#   Decrease Java thread stack sizes (-Xss)
#   Set larger code cache with -XX:ReservedCodeCacheSize=
#   JVM is running with Unscaled Compressed Oops mode in which the Java heap is
#     placed in the first 4GB address space. The Java Heap base address is the
#     maximum limit for the native heap growth. Please use -XX:HeapBaseMinAddress
#     to set the Java Heap base and to place the Java Heap above 4GB virtual address.
# This output file may be truncated or incomplete.
#
#  Out of Memory Error (./open/src/hotspot/os/windows/os_windows.cpp:3287), pid=16028, tid=19584
#
# JRE version: Java(TM) SE Runtime Environment 18.9 (11.0.16+11) (build 11.0.16+11-LTS-199)
# Java VM: Java HotSpot(TM) 64-Bit Server VM 18.9 (11.0.16+11-LTS-199, mixed mode, tiered, compressed oops, g1 gc, windows-amd64)
# No core dump will be written. Minidumps are not enabled by default on client versions of Windows
#

---------------  S U M M A R Y ------------

Command Line: -XX:MaxMetaspaceSize=512m --add-opens=java.base/java.util=ALL-UNNAMED --add-opens=java.base/java.lang=ALL-UNNAMED --add-opens=java.base/java.lang.invoke=ALL-UNNAMED --add-opens=java.base/java.util=ALL-UNNAMED --add-opens=java.prefs/java.util.prefs=ALL-UNNAMED --add-opens=java.prefs/java.util.prefs=ALL-UNNAMED --add-opens=java.base/java.nio.charset=ALL-UNNAMED --add-opens=java.base/java.net=ALL-UNNAMED --add-opens=java.base/java.util.concurrent.atomic=ALL-UNNAMED -Xmx2048m -Dfile.encoding=windows-1252 -Duser.country=US -Duser.language=en -Duser.variant org.gradle.launcher.daemon.bootstrap.GradleDaemon 7.5.1

Host: Intel(R) Core(TM) i7-7700HQ CPU @ 2.80GHz, 8 cores, 15G,  Windows 10 , 64 bit Build 19041 (10.0.19041.2364)
Time: Fri Feb 10 10:00:32 2023 South Africa Standard Time elapsed time: 36.852445 seconds (0d 0h 0m 36s)

---------------  T H R E A D  ---------------

Current thread (0x0000018a4ec55000):  VMThread "VM Thread" [stack: 0x00000008a9400000,0x00000008a9500000] [id=19584]

Stack: [0x00000008a9400000,0x00000008a9500000]
[error occurred during error reporting (printing stack bounds), id 0xc0000005, EXCEPTION_ACCESS_VIOLATION (0xc0000005) at pc=0x0000018a37af0f2d]

Native frames: (J=compiled Java code, j=interpreted, Vv=VM code, C=native code)
V  [jvm.dll+0x62a3ea]
V  [jvm.dll+0x76418f]
V  [jvm.dll+0x765839]
V  [jvm.dll+0x765e25]
V  [jvm.dll+0x765ddb]
V  [jvm.dll+0x6298d3]
V  [jvm.dll+0x629fe8]
C  [ntdll.dll+0xa241f]
C  [ntdll.dll+0x514a4]
C  [ntdll.dll+0xa0f4e]
C  0x0000018a37af0f2d

VM_Operation (0x00000008b17f95c0): G1CollectForAllocation, mode: safepoint, requested by thread 0x0000018a507e4000


---------------  P R O C E S S  ---------------

Threads class SMR info:
_java_thread_list=0x0000018a5c8836e0, length=138, elements={
0x0000018a2ec61800, 0x0000018a4ec5c000, 0x0000018a4f488800, 0x0000018a4f49b000,
0x0000018a4f49c800, 0x0000018a4f4e6800, 0x0000018a4f4e8000, 0x0000018a4f4eb000,
0x0000018a4f4ee800, 0x0000018a4f666000, 0x0000018a513e3800, 0x0000018a5090d800,
0x0000018a5063a800, 0x0000018a4f858000, 0x0000018a4fe2b800, 0x0000018a51935000,
0x0000018a50037000, 0x0000018a5053a000, 0x0000018a50a8b800, 0x0000018a518f9800,
0x0000018a518fb000, 0x0000018a518fa800, 0x0000018a518f8800, 0x0000018a518fc000,
0x0000018a518fd000, 0x0000018a518fe800, 0x0000018a518fd800, 0x0000018a518ff000,
0x0000018a520cb800, 0x0000018a520ca000, 0x0000018a520cf000, 0x0000018a520cb000,
0x0000018a520d1800, 0x0000018a520cf800, 0x0000018a520d0800, 0x0000018a520cc800,
0x0000018a520d3000, 0x0000018a520cd000, 0x0000018a520d4800, 0x0000018a520d8800,
0x0000018a520d7000, 0x0000018a520d6000, 0x0000018a520d8000, 0x0000018a520d3800,
0x0000018a520d5800, 0x0000018a4feb2000, 0x0000018a4feb5800, 0x0000018a4feb3000,
0x0000018a4feb1000, 0x0000018a4feaf800, 0x0000018a4feb3800, 0x0000018a4feb4800,
0x0000018a4feb0800, 0x0000018a4feba000, 0x0000018a4febb000, 0x0000018a4feb9800,
0x0000018a4febc000, 0x0000018a4feb8800, 0x0000018a4feb6000, 0x0000018a4feb7000,
0x0000018a4febc800, 0x0000018a4febd800, 0x0000018a4feb7800, 0x0000018a4febe000,
0x0000018a552c6800, 0x0000018a552c5000, 0x0000018a552c6000, 0x0000018a552c8800,
0x0000018a552c7800, 0x0000018a552c2800, 0x0000018a552c9000, 0x0000018a552c3800,
0x0000018a552ca000, 0x0000018a552c4000, 0x0000018a552cd000, 0x0000018a552ce000,
0x0000018a552cf800, 0x0000018a552d0800, 0x0000018a552ca800, 0x0000018a552d1000,
0x0000018a552cb800, 0x0000018a552cc800, 0x0000018a548d7000, 0x0000018a548d5000,
0x0000018a548db800, 0x0000018a548da000, 0x0000018a548d6000, 0x0000018a548dd800,
0x0000018a548d8800, 0x0000018a548d7800, 0x0000018a548d9800, 0x0000018a548dc800,
0x0000018a548de000, 0x0000018a548db000, 0x0000018a548df000, 0x0000018a548e3000,
0x0000018a548e0000, 0x0000018a548e0800, 0x0000018a548e4000, 0x0000018a548e1800,
0x0000018a548e2000, 0x0000018a57d80800, 0x0000018a57d7e800, 0x0000018a57d7e000,
0x0000018a57d7f800, 0x0000018a57d81000, 0x0000018a57d82000, 0x0000018a57d7c800,
0x0000018a57d83000, 0x0000018a57d7d000, 0x0000018a57d88800, 0x0000018a57d85800,
0x0000018a57d86000, 0x0000018a57d87000, 0x0000018a57d84800, 0x0000018a57d87800,
0x0000018a57d89800, 0x0000018a57d83800, 0x0000018a57d8a000, 0x0000018a57d8b000,
0x0000018a507e4000, 0x0000018a507e4800, 0x0000018a507e5800, 0x0000018a507e7000,
0x0000018a507e2000, 0x0000018a507e1800, 0x0000018a507e6000, 0x0000018a507e8000,
0x0000018a507e3000, 0x0000018a549c3000, 0x0000018a549c5800, 0x0000018a549c3800,
0x0000018a549c2000, 0x0000018a549c6000, 0x0000018a549c4800, 0x0000018a5228e000,
0x0000018a5228c800, 0x0000018a549c7800
}

Java Threads: ( => current thread )
  0x0000018a2ec61800 JavaThread "main" [_thread_blocked, id=3784, stack(0x00000008a8e00000,0x00000008a8f00000)]
  0x0000018a4ec5c000 JavaThread "Reference Handler" daemon [_thread_blocked, id=16116, stack(0x00000008a9500000,0x00000008a9600000)]
  0x0000018a4f488800 JavaThread "Finalizer" daemon [_thread_blocked, id=4728, stack(0x00000008a9600000,0x00000008a9700000)]
  0x0000018a4f49b000 JavaThread "Signal Dispatcher" daemon [_thread_blocked, id=9968, stack(0x00000008a9700000,0x00000008a9800000)]
  0x0000018a4f49c800 JavaThread "Attach Listener" daemon [_thread_blocked, id=644, stack(0x00000008a9800000,0x00000008a9900000)]
  0x0000018a4f4e6800 JavaThread "Service Thread" daemon [_thread_blocked, id=19468, stack(0x00000008a9900000,0x00000008a9a00000)]
  0x0000018a4f4e8000 JavaThread "C2 CompilerThread0" daemon [_thread_blocked, id=16052, stack(0x00000008a9a00000,0x00000008a9b00000)]
  0x0000018a4f4eb000 JavaThread "C1 CompilerThread0" daemon [_thread_blocked, id=22288, stack(0x00000008a9b00000,0x00000008a9c00000)]
  0x0000018a4f4ee800 JavaThread "Sweeper thread" daemon [_thread_blocked, id=15316, stack(0x00000008a9c00000,0x00000008a9d00000)]
  0x0000018a4f666000 JavaThread "Common-Cleaner" daemon [_thread_blocked, id=3792, stack(0x00000008a9d00000,0x00000008a9e00000)]
  0x0000018a513e3800 JavaThread "Daemon health stats" [_thread_blocked, id=20612, stack(0x00000008aa600000,0x00000008aa700000)]
  0x0000018a5090d800 JavaThread "Incoming local TCP Connector on port 63754" [_thread_in_native, id=17180, stack(0x00000008a9f00000,0x00000008aa000000)]
  0x0000018a5063a800 JavaThread "Daemon periodic checks" [_thread_blocked, id=12360, stack(0x00000008aa000000,0x00000008aa100000)]
  0x0000018a4f858000 JavaThread "Daemon" [_thread_blocked, id=536, stack(0x00000008aa700000,0x00000008aa800000)]
  0x0000018a4fe2b800 JavaThread "Handler for socket connection from /127.0.0.1:63754 to /127.0.0.1:63755" [_thread_in_native, id=19812, stack(0x00000008aa800000,0x00000008aa900000)]
  0x0000018a51935000 JavaThread "Cancel handler" [_thread_blocked, id=10232, stack(0x00000008aa900000,0x00000008aaa00000)]
  0x0000018a50037000 JavaThread "Daemon worker" [_thread_blocked, id=6480, stack(0x00000008aaa00000,0x00000008aab00000)]
  0x0000018a5053a000 JavaThread "Asynchronous log dispatcher for DefaultDaemonConnection: socket connection from /127.0.0.1:63754 to /127.0.0.1:63755" [_thread_blocked, id=10452, stack(0x00000008aab00000,0x00000008aac00000)]
  0x0000018a50a8b800 JavaThread "Stdin handler" [_thread_blocked, id=5420, stack(0x00000008aac00000,0x00000008aad00000)]
  0x0000018a518f9800 JavaThread "Daemon client event forwarder" [_thread_blocked, id=4260, stack(0x00000008aad00000,0x00000008aae00000)]
  0x0000018a518fb000 JavaThread "Cache worker for journal cache (C:\Users\Pieter.at.Innoventix\.gradle\caches\journal-1)" [_thread_blocked, id=9888, stack(0x00000008aae00000,0x00000008aaf00000)]
  0x0000018a518fa800 JavaThread "File lock request listener" [_thread_in_native, id=3432, stack(0x00000008aaf00000,0x00000008ab000000)]
  0x0000018a518f8800 JavaThread "Cache worker for file hash cache (C:\Users\Pieter.at.Innoventix\.gradle\caches\7.5.1\fileHashes)" [_thread_blocked, id=22560, stack(0x00000008ab000000,0x00000008ab100000)]
  0x0000018a518fc000 JavaThread "File watcher server" daemon [_thread_blocked, id=1980, stack(0x00000008ab600000,0x00000008ab700000)]
  0x0000018a518fd000 JavaThread "File watcher consumer" daemon [_thread_blocked, id=23264, stack(0x00000008ab700000,0x00000008ab800000)]
  0x0000018a518fe800 JavaThread "Cache worker for checksums cache (D:\Alkmaar\Indlovu\tricap\frontend\TricApp\android\.gradle\7.5.1\checksums)" [_thread_blocked, id=21904, stack(0x00000008ab800000,0x00000008ab900000)]
  0x0000018a518fd800 JavaThread "Cache worker for cache directory md-rule (C:\Users\Pieter.at.Innoventix\.gradle\caches\7.5.1\md-rule)" [_thread_blocked, id=13008, stack(0x00000008ab900000,0x00000008aba00000)]
  0x0000018a518ff000 JavaThread "Cache worker for file content cache (C:\Users\Pieter.at.Innoventix\.gradle\caches\7.5.1\fileContent)" [_thread_blocked, id=21296, stack(0x00000008aba00000,0x00000008abb00000)]
  0x0000018a520cb800 JavaThread "Cache worker for file hash cache (D:\Alkmaar\Indlovu\tricap\frontend\TricApp\android\.gradle\7.5.1\fileHashes)" [_thread_blocked, id=22176, stack(0x00000008abb00000,0x00000008abc00000)]
  0x0000018a520ca000 JavaThread "Cache worker for cache directory md-supplier (C:\Users\Pieter.at.Innoventix\.gradle\caches\7.5.1\md-supplier)" [_thread_blocked, id=10236, stack(0x00000008abc00000,0x00000008abd00000)]
  0x0000018a520cf000 JavaThread "Cache worker for execution history cache (C:\Users\Pieter.at.Innoventix\.gradle\caches\7.5.1\executionHistory)" [_thread_blocked, id=9024, stack(0x00000008abd00000,0x00000008abe00000)]
  0x0000018a520cb000 JavaThread "jar transforms" [_thread_blocked, id=21636, stack(0x00000008abe00000,0x00000008abf00000)]
  0x0000018a520d1800 JavaThread "jar transforms Thread 2" [_thread_blocked, id=14768, stack(0x00000008abf00000,0x00000008ac000000)]
  0x0000018a520cf800 JavaThread "jar transforms Thread 3" [_thread_blocked, id=7548, stack(0x00000008ac000000,0x00000008ac100000)]
  0x0000018a520d0800 JavaThread "jar transforms Thread 4" [_thread_blocked, id=16064, stack(0x00000008ac100000,0x00000008ac200000)]
  0x0000018a520cc800 JavaThread "Cache worker for kotlin-dsl (C:\Users\Pieter.at.Innoventix\.gradle\caches\7.5.1\kotlin-dsl)" [_thread_blocked, id=1912, stack(0x00000008ac200000,0x00000008ac300000)]
  0x0000018a520d3000 JavaThread "jar transforms Thread 5" [_thread_blocked, id=3024, stack(0x00000008ac300000,0x00000008ac400000)]
  0x0000018a520cd000 JavaThread "jar transforms Thread 6" [_thread_blocked, id=22788, stack(0x00000008ac400000,0x00000008ac500000)]
  0x0000018a520d4800 JavaThread "Cache worker for dependencies-accessors (D:\Alkmaar\Indlovu\tricap\frontend\TricApp\android\.gradle\7.5.1\dependencies-accessors)" [_thread_blocked, id=6440, stack(0x00000008ac500000,0x00000008ac600000)]
  0x0000018a520d8800 JavaThread "Cache worker for Build Output Cleanup Cache (D:\Alkmaar\Indlovu\tricap\frontend\TricApp\node_modules\react-native-gradle-plugin\.gradle\buildOutputCleanup)" [_thread_blocked, id=19016, stack(0x00000008ac600000,0x00000008ac700000)]
  0x0000018a520d7000 JavaThread "jar transforms Thread 7" [_thread_blocked, id=22276, stack(0x00000008ac700000,0x00000008ac800000)]
  0x0000018a520d6000 JavaThread "Unconstrained build operations" [_thread_blocked, id=23620, stack(0x00000008ac800000,0x00000008ac900000)]
  0x0000018a520d8000 JavaThread "Unconstrained build operations Thread 2" [_thread_blocked, id=17712, stack(0x00000008ac900000,0x00000008aca00000)]
  0x0000018a520d3800 JavaThread "Unconstrained build operations Thread 3" [_thread_blocked, id=9404, stack(0x00000008aca00000,0x00000008acb00000)]
  0x0000018a520d5800 JavaThread "Unconstrained build operations Thread 4" [_thread_blocked, id=21088, stack(0x00000008acb00000,0x00000008acc00000)]
  0x0000018a4feb2000 JavaThread "Unconstrained build operations Thread 5" [_thread_blocked, id=23640, stack(0x00000008acc00000,0x00000008acd00000)]
  0x0000018a4feb5800 JavaThread "Unconstrained build operations Thread 6" [_thread_blocked, id=14648, stack(0x00000008acd00000,0x00000008ace00000)]
  0x0000018a4feb3000 JavaThread "Unconstrained build operations Thread 7" [_thread_blocked, id=14876, stack(0x00000008ace00000,0x00000008acf00000)]
  0x0000018a4feb1000 JavaThread "Unconstrained build operations Thread 8" [_thread_blocked, id=24332, stack(0x00000008acf00000,0x00000008ad000000)]
  0x0000018a4feaf800 JavaThread "Unconstrained build operations Thread 9" [_thread_blocked, id=15404, stack(0x00000008ad000000,0x00000008ad100000)]
  0x0000018a4feb3800 JavaThread "Unconstrained build operations Thread 10" [_thread_blocked, id=13884, stack(0x00000008ad100000,0x00000008ad200000)]
  0x0000018a4feb4800 JavaThread "Unconstrained build operations Thread 11" [_thread_blocked, id=19264, stack(0x00000008ad200000,0x00000008ad300000)]
  0x0000018a4feb0800 JavaThread "Unconstrained build operations Thread 12" [_thread_blocked, id=18588, stack(0x00000008ad300000,0x00000008ad400000)]
  0x0000018a4feba000 JavaThread "Unconstrained build operations Thread 13" [_thread_blocked, id=9544, stack(0x00000008ad400000,0x00000008ad500000)]
  0x0000018a4febb000 JavaThread "Unconstrained build operations Thread 14" [_thread_blocked, id=18972, stack(0x00000008ad500000,0x00000008ad600000)]
  0x0000018a4feb9800 JavaThread "Unconstrained build operations Thread 15" [_thread_blocked, id=17168, stack(0x00000008ad600000,0x00000008ad700000)]
  0x0000018a4febc000 JavaThread "Unconstrained build operations Thread 16" [_thread_blocked, id=22940, stack(0x00000008ad700000,0x00000008ad800000)]
  0x0000018a4feb8800 JavaThread "Unconstrained build operations Thread 17" [_thread_blocked, id=4704, stack(0x00000008ad800000,0x00000008ad900000)]
  0x0000018a4feb6000 JavaThread "Unconstrained build operations Thread 18" [_thread_blocked, id=17752, stack(0x00000008ad900000,0x00000008ada00000)]
  0x0000018a4feb7000 JavaThread "Unconstrained build operations Thread 19" [_thread_blocked, id=18120, stack(0x00000008ada00000,0x00000008adb00000)]
  0x0000018a4febc800 JavaThread "Unconstrained build operations Thread 20" [_thread_blocked, id=17152, stack(0x00000008adb00000,0x00000008adc00000)]
  0x0000018a4febd800 JavaThread "Unconstrained build operations Thread 21" [_thread_blocked, id=9204, stack(0x00000008adc00000,0x00000008add00000)]
  0x0000018a4feb7800 JavaThread "Unconstrained build operations Thread 22" [_thread_blocked, id=724, stack(0x00000008add00000,0x00000008ade00000)]
  0x0000018a4febe000 JavaThread "Unconstrained build operations Thread 23" [_thread_blocked, id=23932, stack(0x00000008ade00000,0x00000008adf00000)]
  0x0000018a552c6800 JavaThread "Unconstrained build operations Thread 24" [_thread_blocked, id=12464, stack(0x00000008adf00000,0x00000008ae000000)]
  0x0000018a552c5000 JavaThread "Unconstrained build operations Thread 25" [_thread_blocked, id=9340, stack(0x00000008ae000000,0x00000008ae100000)]
  0x0000018a552c6000 JavaThread "Unconstrained build operations Thread 26" [_thread_blocked, id=3568, stack(0x00000008ae100000,0x00000008ae200000)]
  0x0000018a552c8800 JavaThread "Unconstrained build operations Thread 27" [_thread_blocked, id=15468, stack(0x00000008ae200000,0x00000008ae300000)]
  0x0000018a552c7800 JavaThread "Unconstrained build operations Thread 28" [_thread_blocked, id=23836, stack(0x00000008ae300000,0x00000008ae400000)]
  0x0000018a552c2800 JavaThread "Unconstrained build operations Thread 29" [_thread_blocked, id=1016, stack(0x00000008ae400000,0x00000008ae500000)]
  0x0000018a552c9000 JavaThread "Unconstrained build operations Thread 30" [_thread_blocked, id=22164, stack(0x00000008ae500000,0x00000008ae600000)]
  0x0000018a552c3800 JavaThread "Unconstrained build operations Thread 31" [_thread_blocked, id=23732, stack(0x00000008ae600000,0x00000008ae700000)]
  0x0000018a552ca000 JavaThread "Unconstrained build operations Thread 32" [_thread_blocked, id=22944, stack(0x00000008ae700000,0x00000008ae800000)]
  0x0000018a552c4000 JavaThread "Unconstrained build operations Thread 33" [_thread_blocked, id=20392, stack(0x00000008ae800000,0x00000008ae900000)]
  0x0000018a552cd000 JavaThread "jar transforms Thread 8" [_thread_blocked, id=16272, stack(0x00000008ae900000,0x00000008aea00000)]
  0x0000018a552ce000 JavaThread "build event listener" [_thread_blocked, id=548, stack(0x00000008aea00000,0x00000008aeb00000)]
  0x0000018a552cf800 JavaThread "Memory manager" [_thread_blocked, id=15480, stack(0x00000008aeb00000,0x00000008aec00000)]
  0x0000018a552d0800 JavaThread "Cache worker for Build Output Cleanup Cache (D:\Alkmaar\Indlovu\tricap\frontend\TricApp\android\.gradle\buildOutputCleanup)" [_thread_blocked, id=1084, stack(0x00000008ab500000,0x00000008ab600000)]
  0x0000018a552ca800 JavaThread "included builds" [_thread_blocked, id=13068, stack(0x00000008aed00000,0x00000008aee00000)]
  0x0000018a552d1000 JavaThread "Execution worker" [_thread_blocked, id=7812, stack(0x00000008aee00000,0x00000008aef00000)]
  0x0000018a552cb800 JavaThread "Execution worker Thread 2" [_thread_blocked, id=20176, stack(0x00000008aef00000,0x00000008af000000)]
  0x0000018a552cc800 JavaThread "Execution worker Thread 3" [_thread_blocked, id=15256, stack(0x00000008af000000,0x00000008af100000)]
  0x0000018a548d7000 JavaThread "Execution worker Thread 4" [_thread_blocked, id=3312, stack(0x00000008af100000,0x00000008af200000)]
  0x0000018a548d5000 JavaThread "Execution worker Thread 5" [_thread_blocked, id=22032, stack(0x00000008af200000,0x00000008af300000)]
  0x0000018a548db800 JavaThread "Execution worker Thread 6" [_thread_blocked, id=9612, stack(0x00000008af300000,0x00000008af400000)]
  0x0000018a548da000 JavaThread "Execution worker Thread 7" [_thread_blocked, id=19124, stack(0x00000008af400000,0x00000008af500000)]
  0x0000018a548d6000 JavaThread "Cache worker for execution history cache (D:\Alkmaar\Indlovu\tricap\frontend\TricApp\node_modules\react-native-gradle-plugin\.gradle\7.5.1\executionHistory)" [_thread_blocked, id=10808, stack(0x00000008af500000,0x00000008af600000)]
  0x0000018a548dd800 JavaThread "Unconstrained build operations Thread 34" [_thread_blocked, id=11644, stack(0x00000008af600000,0x00000008af700000)]
  0x0000018a548d8800 JavaThread "Unconstrained build operations Thread 35" [_thread_blocked, id=10060, stack(0x00000008af700000,0x00000008af800000)]
  0x0000018a548d7800 JavaThread "Unconstrained build operations Thread 36" [_thread_blocked, id=9104, stack(0x00000008af800000,0x00000008af900000)]
  0x0000018a548d9800 JavaThread "Unconstrained build operations Thread 37" [_thread_blocked, id=720, stack(0x00000008af900000,0x00000008afa00000)]
  0x0000018a548dc800 JavaThread "Unconstrained build operations Thread 38" [_thread_blocked, id=24352, stack(0x00000008afa00000,0x00000008afb00000)]
  0x0000018a548de000 JavaThread "Unconstrained build operations Thread 39" [_thread_blocked, id=8172, stack(0x00000008afb00000,0x00000008afc00000)]
  0x0000018a548db000 JavaThread "Unconstrained build operations Thread 40" [_thread_blocked, id=8156, stack(0x00000008afc00000,0x00000008afd00000)]
  0x0000018a548df000 JavaThread "Unconstrained build operations Thread 41" [_thread_blocked, id=4900, stack(0x00000008afd00000,0x00000008afe00000)]
  0x0000018a548e3000 JavaThread "Unconstrained build operations Thread 42" [_thread_blocked, id=12296, stack(0x00000008afe00000,0x00000008aff00000)]
  0x0000018a548e0000 JavaThread "Unconstrained build operations Thread 43" [_thread_blocked, id=24028, stack(0x00000008aff00000,0x00000008b0000000)]
  0x0000018a548e0800 JavaThread "Unconstrained build operations Thread 44" [_thread_blocked, id=16180, stack(0x00000008b0000000,0x00000008b0100000)]
  0x0000018a548e4000 JavaThread "Unconstrained build operations Thread 45" [_thread_blocked, id=16444, stack(0x00000008b0100000,0x00000008b0200000)]
  0x0000018a548e1800 JavaThread "Unconstrained build operations Thread 46" [_thread_blocked, id=19004, stack(0x00000008b0200000,0x00000008b0300000)]
  0x0000018a548e2000 JavaThread "Unconstrained build operations Thread 47" [_thread_blocked, id=22584, stack(0x00000008b0300000,0x00000008b0400000)]
  0x0000018a57d80800 JavaThread "Unconstrained build operations Thread 48" [_thread_blocked, id=24432, stack(0x00000008b0400000,0x00000008b0500000)]
  0x0000018a57d7e800 JavaThread "Unconstrained build operations Thread 49" [_thread_blocked, id=22836, stack(0x00000008b0500000,0x00000008b0600000)]
  0x0000018a57d7e000 JavaThread "Unconstrained build operations Thread 50" [_thread_blocked, id=13960, stack(0x00000008b0600000,0x00000008b0700000)]
  0x0000018a57d7f800 JavaThread "Unconstrained build operations Thread 51" [_thread_blocked, id=21264, stack(0x00000008b0700000,0x00000008b0800000)]
  0x0000018a57d81000 JavaThread "Unconstrained build operations Thread 52" [_thread_blocked, id=19640, stack(0x00000008b0800000,0x00000008b0900000)]
  0x0000018a57d82000 JavaThread "Unconstrained build operations Thread 53" [_thread_blocked, id=20240, stack(0x00000008b0900000,0x00000008b0a00000)]
  0x0000018a57d7c800 JavaThread "Unconstrained build operations Thread 54" [_thread_blocked, id=15028, stack(0x00000008b0a00000,0x00000008b0b00000)]
  0x0000018a57d83000 JavaThread "Unconstrained build operations Thread 55" [_thread_blocked, id=12260, stack(0x00000008b0b00000,0x00000008b0c00000)]
  0x0000018a57d7d000 JavaThread "Unconstrained build operations Thread 56" [_thread_blocked, id=21892, stack(0x00000008b0c00000,0x00000008b0d00000)]
  0x0000018a57d88800 JavaThread "Unconstrained build operations Thread 57" [_thread_blocked, id=13564, stack(0x00000008b0d00000,0x00000008b0e00000)]
  0x0000018a57d85800 JavaThread "Unconstrained build operations Thread 58" [_thread_blocked, id=21704, stack(0x00000008b0e00000,0x00000008b0f00000)]
  0x0000018a57d86000 JavaThread "Unconstrained build operations Thread 59" [_thread_blocked, id=15964, stack(0x00000008b0f00000,0x00000008b1000000)]
  0x0000018a57d87000 JavaThread "Unconstrained build operations Thread 60" [_thread_blocked, id=5988, stack(0x00000008b1000000,0x00000008b1100000)]
  0x0000018a57d84800 JavaThread "Unconstrained build operations Thread 61" [_thread_blocked, id=23940, stack(0x00000008b1100000,0x00000008b1200000)]
  0x0000018a57d87800 JavaThread "Unconstrained build operations Thread 62" [_thread_blocked, id=24004, stack(0x00000008b1200000,0x00000008b1300000)]
  0x0000018a57d89800 JavaThread "Unconstrained build operations Thread 63" [_thread_blocked, id=20020, stack(0x00000008b1300000,0x00000008b1400000)]
  0x0000018a57d83800 JavaThread "Unconstrained build operations Thread 64" [_thread_blocked, id=13520, stack(0x00000008b1400000,0x00000008b1500000)]
  0x0000018a57d8a000 JavaThread "Unconstrained build operations Thread 65" [_thread_blocked, id=7248, stack(0x00000008b1500000,0x00000008b1600000)]
  0x0000018a57d8b000 JavaThread "Unconstrained build operations Thread 66" [_thread_blocked, id=8056, stack(0x00000008b1600000,0x00000008b1700000)]
  0x0000018a507e4000 JavaThread "Unconstrained build operations Thread 67" [_thread_blocked, id=15872, stack(0x00000008b1700000,0x00000008b1800000)]
  0x0000018a507e4800 JavaThread "Unconstrained build operations Thread 68" [_thread_blocked, id=7148, stack(0x00000008b1800000,0x00000008b1900000)]
  0x0000018a507e5800 JavaThread "Unconstrained build operations Thread 69" [_thread_blocked, id=18372, stack(0x00000008b1900000,0x00000008b1a00000)]
  0x0000018a507e7000 JavaThread "Unconstrained build operations Thread 70" [_thread_blocked, id=15864, stack(0x00000008b1a00000,0x00000008b1b00000)]
  0x0000018a507e2000 JavaThread "Unconstrained build operations Thread 71" [_thread_blocked, id=13864, stack(0x00000008b1b00000,0x00000008b1c00000)]
  0x0000018a507e1800 JavaThread "Unconstrained build operations Thread 72" [_thread_blocked, id=17808, stack(0x00000008b1c00000,0x00000008b1d00000)]
  0x0000018a507e6000 JavaThread "Unconstrained build operations Thread 73" [_thread_blocked, id=2572, stack(0x00000008b1d00000,0x00000008b1e00000)]
  0x0000018a507e8000 JavaThread "Unconstrained build operations Thread 74" [_thread_blocked, id=1392, stack(0x00000008b1e00000,0x00000008b1f00000)]
  0x0000018a507e3000 JavaThread "Unconstrained build operations Thread 75" [_thread_blocked, id=14076, stack(0x00000008b1f00000,0x00000008b2000000)]
  0x0000018a549c3000 JavaThread "Unconstrained build operations Thread 76" [_thread_blocked, id=4940, stack(0x00000008b2000000,0x00000008b2100000)]
  0x0000018a549c5800 JavaThread "Unconstrained build operations Thread 77" [_thread_blocked, id=23880, stack(0x00000008b2100000,0x00000008b2200000)]
  0x0000018a549c3800 JavaThread "Unconstrained build operations Thread 78" [_thread_blocked, id=11788, stack(0x00000008b2200000,0x00000008b2300000)]
  0x0000018a549c2000 JavaThread "Unconstrained build operations Thread 79" [_thread_blocked, id=12964, stack(0x00000008b2300000,0x00000008b2400000)]
  0x0000018a549c6000 JavaThread "Unconstrained build operations Thread 80" [_thread_blocked, id=13936, stack(0x00000008b2400000,0x00000008b2500000)]
  0x0000018a549c4800 JavaThread "build event listener" [_thread_blocked, id=5732, stack(0x00000008b2700000,0x00000008b2800000)]
  0x0000018a5228e000 JavaThread "C2 CompilerThread1" daemon [_thread_blocked, id=20804, stack(0x00000008ab400000,0x00000008ab500000)]
  0x0000018a5228c800 JavaThread "C2 CompilerThread2" daemon [_thread_in_native, id=10408, stack(0x00000008aec00000,0x00000008aed00000)]
  0x0000018a549c7800 JavaThread "Cache worker for execution history cache (D:\Alkmaar\Indlovu\tricap\frontend\TricApp\android\.gradle\7.5.1\executionHistory)" [_thread_blocked, id=11960, stack(0x00000008b2a00000,0x00000008b2b00000)]

Other Threads:
=>0x0000018a4ec55000 VMThread "VM Thread" [stack: 0x00000008a9400000,0x00000008a9500000] [id=19584]
  0x0000018a4f697000 WatcherThread [stack: 0x00000008a9e00000,0x00000008a9f00000] [id=22900]
  0x0000018a2ec76800 GCTaskThread "GC Thread#0" [stack: 0x00000008a8f00000,0x00000008a9000000] [id=21008]
  0x0000018a505f8800 GCTaskThread "GC Thread#1" [stack: 0x00000008aa100000,0x00000008aa200000] [id=18492]
  0x0000018a505f9800 GCTaskThread "GC Thread#2" [stack: 0x00000008aa200000,0x00000008aa300000] [id=2804]
  0x0000018a5044d000 GCTaskThread "GC Thread#3" [stack: 0x00000008aa300000,0x00000008aa400000] [id=23844]
  0x0000018a5044d800 GCTaskThread "GC Thread#4" [stack: 0x00000008aa400000,0x00000008aa500000] [id=7256]
  0x0000018a503e1800 GCTaskThread "GC Thread#5" [stack: 0x00000008aa500000,0x00000008aa600000] [id=2868]
  0x0000018a51e48000 GCTaskThread "GC Thread#6" [stack: 0x00000008ab100000,0x00000008ab200000] [id=7752]
  0x0000018a50af8000 GCTaskThread "GC Thread#7" [stack: 0x00000008ab200000,0x00000008ab300000] [id=7132]
  0x0000018a2eca8000 ConcurrentGCThread "G1 Main Marker" [stack: 0x00000008a9000000,0x00000008a9100000] [id=16816]
  0x0000018a2eca9000 ConcurrentGCThread "G1 Conc#0" [stack: 0x00000008a9100000,0x00000008a9200000] [id=21080]
  0x0000018a5204b000 ConcurrentGCThread "G1 Conc#1" [stack: 0x00000008ab300000,0x00000008ab400000] [id=18272]
  0x0000018a2ed2e000 ConcurrentGCThread "G1 Refine#0" [stack: 0x00000008a9200000,0x00000008a9300000] [id=13752]
  0x0000018a59dfd000 ConcurrentGCThread "G1 Refine#1" [stack: 0x00000008b2500000,0x00000008b2600000] [id=18956]
  0x0000018a54a77000 ConcurrentGCThread "G1 Refine#2" [stack: 0x00000008b2600000,0x00000008b2700000] [id=18344]
  0x0000018a4eae8800 ConcurrentGCThread "G1 Young RemSet Sampling" [stack: 0x00000008a9300000,0x00000008a9400000] [id=20088]

Threads with active compile tasks:
C2 CompilerThread0    36893 18533       4       com.android.tools.r8.internal.tJ::a (447 bytes)
C1 CompilerThread0    36893 18608       3       com.android.tools.r8.internal.Pl::a (3110 bytes)
C2 CompilerThread1    36893 18475 %     4       com.android.tools.r8.internal.xa::a @ 3091 (4216 bytes)
C2 CompilerThread2    36893 16671       4       com.android.tools.r8.internal.xa::a (6068 bytes)

VM state:at safepoint (normal execution)

VM Mutex/Monitor currently owned by a thread:  ([mutex/lock_event])
[0x0000018a2ec5b3f0] Threads_lock - owner thread: 0x0000018a4ec55000
[0x0000018a2ec5c4d0] Heap_lock - owner thread: 0x0000018a507e4000

Heap address: 0x0000000080000000, size: 2048 MB, Compressed Oops mode: 32-bit
Narrow klass base: 0x0000000000000000, Narrow klass shift: 3
Compressed class space size: 528482304 Address: 0x0000000100000000

Heap:
 garbage-first heap   total 932864K, used 280958K [0x0000000080000000, 0x0000000100000000)
  region size 1024K, 11 young (11264K), 11 survivors (11264K)
 Metaspace       used 126228K, capacity 131455K, committed 131796K, reserved 630784K
  class space    used 16795K, capacity 18771K, committed 18872K, reserved 516096K
Heap Regions: E=young(eden), S=young(survivor), O=old, HS=humongous(starts), HC=humongous(continues), CS=collection set, F=free, A=archive, TAMS=top-at-mark-start (previous, next)
|   0|0x0000000080000000, 0x0000000080100000, 0x0000000080100000|100%| O|  |TAMS 0x0000000080100000, 0x0000000080000000| Untracked 
|   1|0x0000000080100000, 0x0000000080200000, 0x0000000080200000|100%| O|  |TAMS 0x0000000080200000, 0x0000000080100000| Untracked 
|   2|0x0000000080200000, 0x0000000080300000, 0x0000000080300000|100%| O|  |TAMS 0x0000000080300000, 0x0000000080200000| Untracked 
|   3|0x0000000080300000, 0x0000000080400000, 0x0000000080400000|100%|HS|  |TAMS 0x0000000080400000, 0x0000000080300000| Complete 
|   4|0x0000000080400000, 0x0000000080500000, 0x0000000080500000|100%|HC|  |TAMS 0x0000000080500000, 0x0000000080400000| Complete 
|   5|0x0000000080500000, 0x0000000080600000, 0x0000000080600000|100%|HC|  |TAMS 0x0000000080600000, 0x0000000080500000| Complete 
|   6|0x0000000080600000, 0x0000000080700000, 0x0000000080700000|100%| O|  |TAMS 0x0000000080700000, 0x0000000080600000| Untracked 
|   7|0x0000000080700000, 0x0000000080800000, 0x0000000080800000|100%| O|  |TAMS 0x0000000080800000, 0x0000000080700000| Untracked 
|   8|0x0000000080800000, 0x0000000080900000, 0x0000000080900000|100%| O|  |TAMS 0x0000000080900000, 0x0000000080800000| Untracked 
|   9|0x0000000080900000, 0x0000000080a00000, 0x0000000080a00000|100%| O|  |TAMS 0x0000000080a00000, 0x0000000080900000| Untracked 
|  10|0x0000000080a00000, 0x0000000080b00000, 0x0000000080b00000|100%| O|  |TAMS 0x0000000080b00000, 0x0000000080a00000| Untracked 
|  11|0x0000000080b00000, 0x0000000080c00000, 0x0000000080c00000|100%| O|  |TAMS 0x0000000080c00000, 0x0000000080b00000| Untracked 
|  12|0x0000000080c00000, 0x0000000080d00000, 0x0000000080d00000|100%| O|  |TAMS 0x0000000080d00000, 0x0000000080c00000| Untracked 
|  13|0x0000000080d00000, 0x0000000080e00000, 0x0000000080e00000|100%| O|  |TAMS 0x0000000080e00000, 0x0000000080d00000| Untracked 
|  14|0x0000000080e00000, 0x0000000080f00000, 0x0000000080f00000|100%| O|  |TAMS 0x0000000080f00000, 0x0000000080e00000| Untracked 
|  15|0x0000000080f00000, 0x0000000081000000, 0x0000000081000000|100%| O|  |TAMS 0x0000000081000000, 0x0000000080f00000| Untracked 
|  16|0x0000000081000000, 0x0000000081100000, 0x0000000081100000|100%| O|  |TAMS 0x0000000081100000, 0x0000000081000000| Untracked 
|  17|0x0000000081100000, 0x0000000081200000, 0x0000000081200000|100%| O|  |TAMS 0x0000000081200000, 0x0000000081100000| Untracked 
|  18|0x0000000081200000, 0x0000000081300000, 0x0000000081300000|100%|HS|  |TAMS 0x0000000081300000, 0x0000000081200000| Complete 
|  19|0x0000000081300000, 0x0000000081400000, 0x0000000081400000|100%|HS|  |TAMS 0x0000000081400000, 0x0000000081300000| Complete 
|  20|0x0000000081400000, 0x0000000081500000, 0x0000000081500000|100%|HC|  |TAMS 0x0000000081500000, 0x0000000081400000| Complete 
|  21|0x0000000081500000, 0x0000000081600000, 0x0000000081600000|100%|HC|  |TAMS 0x0000000081600000, 0x0000000081500000| Complete 
|  22|0x0000000081600000, 0x0000000081700000, 0x0000000081700000|100%| O|  |TAMS 0x0000000081700000, 0x0000000081600000| Untracked 
|  23|0x0000000081700000, 0x0000000081800000, 0x0000000081800000|100%| O|  |TAMS 0x0000000081800000, 0x0000000081700000| Untracked 
|  24|0x0000000081800000, 0x0000000081900000, 0x0000000081900000|100%| O|  |TAMS 0x0000000081900000, 0x0000000081800000| Untracked 
|  25|0x0000000081900000, 0x0000000081a00000, 0x0000000081a00000|100%| O|  |TAMS 0x0000000081a00000, 0x0000000081900000| Untracked 
|  26|0x0000000081a00000, 0x0000000081b00000, 0x0000000081b00000|100%| O|  |TAMS 0x0000000081b00000, 0x0000000081a00000| Untracked 
|  27|0x0000000081b00000, 0x0000000081c00000, 0x0000000081c00000|100%| O|  |TAMS 0x0000000081c00000, 0x0000000081b00000| Untracked 
|  28|0x0000000081c00000, 0x0000000081d00000, 0x0000000081d00000|100%| O|  |TAMS 0x0000000081d00000, 0x0000000081c00000| Untracked 
|  29|0x0000000081d00000, 0x0000000081e00000, 0x0000000081e00000|100%| O|  |TAMS 0x0000000081e00000, 0x0000000081d00000| Untracked 
|  30|0x0000000081e00000, 0x0000000081f00000, 0x0000000081f00000|100%| O|  |TAMS 0x0000000081f00000, 0x0000000081e00000| Untracked 
|  31|0x0000000081f00000, 0x0000000082000000, 0x0000000082000000|100%| O|  |TAMS 0x0000000082000000, 0x0000000081f00000| Untracked 
|  32|0x0000000082000000, 0x0000000082100000, 0x0000000082100000|100%| O|  |TAMS 0x0000000082100000, 0x0000000082000000| Untracked 
|  33|0x0000000082100000, 0x0000000082200000, 0x0000000082200000|100%|HS|  |TAMS 0x0000000082200000, 0x0000000082100000| Complete 
|  34|0x0000000082200000, 0x0000000082300000, 0x0000000082300000|100%|HS|  |TAMS 0x0000000082300000, 0x0000000082200000| Complete 
|  35|0x0000000082300000, 0x0000000082400000, 0x0000000082400000|100%|HS|  |TAMS 0x0000000082400000, 0x0000000082300000| Complete 
|  36|0x0000000082400000, 0x0000000082500000, 0x0000000082500000|100%|HC|  |TAMS 0x0000000082500000, 0x0000000082400000| Complete 
|  37|0x0000000082500000, 0x0000000082600000, 0x0000000082600000|100%| O|  |TAMS 0x0000000082600000, 0x0000000082500000| Untracked 
|  38|0x0000000082600000, 0x0000000082700000, 0x0000000082700000|100%| O|  |TAMS 0x0000000082700000, 0x0000000082600000| Untracked 
|  39|0x0000000082700000, 0x0000000082800000, 0x0000000082800000|100%| O|  |TAMS 0x0000000082800000, 0x0000000082700000| Untracked 
|  40|0x0000000082800000, 0x0000000082900000, 0x0000000082900000|100%| O|  |TAMS 0x0000000082900000, 0x0000000082800000| Untracked 
|  41|0x0000000082900000, 0x0000000082a00000, 0x0000000082a00000|100%| O|  |TAMS 0x0000000082a00000, 0x0000000082900000| Untracked 
|  42|0x0000000082a00000, 0x0000000082b00000, 0x0000000082b00000|100%| O|  |TAMS 0x0000000082b00000, 0x0000000082a00000| Untracked 
|  43|0x0000000082b00000, 0x0000000082c00000, 0x0000000082c00000|100%| O|  |TAMS 0x0000000082c00000, 0x0000000082b00000| Untracked 
|  44|0x0000000082c00000, 0x0000000082d00000, 0x0000000082d00000|100%| O|  |TAMS 0x0000000082d00000, 0x0000000082c00000| Untracked 
|  45|0x0000000082d00000, 0x0000000082e00000, 0x0000000082e00000|100%| O|  |TAMS 0x0000000082e00000, 0x0000000082d00000| Untracked 
|  46|0x0000000082e00000, 0x0000000082f00000, 0x0000000082f00000|100%| O|  |TAMS 0x0000000082f00000, 0x0000000082e00000| Untracked 
|  47|0x0000000082f00000, 0x0000000083000000, 0x0000000083000000|100%| O|  |TAMS 0x0000000083000000, 0x0000000082f00000| Untracked 
|  48|0x0000000083000000, 0x0000000083100000, 0x0000000083100000|100%| O|  |TAMS 0x0000000083100000, 0x0000000083000000| Untracked 
|  49|0x0000000083100000, 0x0000000083200000, 0x0000000083200000|100%| O|  |TAMS 0x0000000083200000, 0x0000000083100000| Untracked 
|  50|0x0000000083200000, 0x0000000083300000, 0x0000000083300000|100%| O|  |TAMS 0x0000000083300000, 0x0000000083200000| Untracked 
|  51|0x0000000083300000, 0x0000000083400000, 0x0000000083400000|100%| O|  |TAMS 0x0000000083400000, 0x0000000083300000| Untracked 
|  52|0x0000000083400000, 0x0000000083500000, 0x0000000083500000|100%| O|  |TAMS 0x0000000083500000, 0x0000000083400000| Untracked 
|  53|0x0000000083500000, 0x0000000083600000, 0x0000000083600000|100%| O|  |TAMS 0x0000000083600000, 0x0000000083500000| Untracked 
|  54|0x0000000083600000, 0x0000000083700000, 0x0000000083700000|100%| O|  |TAMS 0x0000000083700000, 0x0000000083600000| Untracked 
|  55|0x0000000083700000, 0x0000000083800000, 0x0000000083800000|100%| O|  |TAMS 0x0000000083800000, 0x0000000083700000| Untracked 
|  56|0x0000000083800000, 0x0000000083900000, 0x0000000083900000|100%| O|  |TAMS 0x0000000083900000, 0x0000000083800000| Untracked 
|  57|0x0000000083900000, 0x0000000083a00000, 0x0000000083a00000|100%| O|  |TAMS 0x0000000083a00000, 0x0000000083900000| Untracked 
|  58|0x0000000083a00000, 0x0000000083b00000, 0x0000000083b00000|100%| O|  |TAMS 0x0000000083b00000, 0x0000000083a00000| Untracked 
|  59|0x0000000083b00000, 0x0000000083c00000, 0x0000000083c00000|100%| O|  |TAMS 0x0000000083c00000, 0x0000000083b00000| Untracked 
|  60|0x0000000083c00000, 0x0000000083d00000, 0x0000000083d00000|100%| O|  |TAMS 0x0000000083d00000, 0x0000000083c00000| Untracked 
|  61|0x0000000083d00000, 0x0000000083e00000, 0x0000000083e00000|100%| O|  |TAMS 0x0000000083e00000, 0x0000000083d00000| Untracked 
|  62|0x0000000083e00000, 0x0000000083f00000, 0x0000000083f00000|100%| O|  |TAMS 0x0000000083f00000, 0x0000000083e00000| Untracked 
|  63|0x0000000083f00000, 0x0000000084000000, 0x0000000084000000|100%| O|  |TAMS 0x0000000084000000, 0x0000000083f00000| Untracked 
|  64|0x0000000084000000, 0x0000000084100000, 0x0000000084100000|100%| O|  |TAMS 0x0000000084100000, 0x0000000084000000| Untracked 
|  65|0x0000000084100000, 0x0000000084200000, 0x0000000084200000|100%| O|  |TAMS 0x0000000084200000, 0x0000000084100000| Untracked 
|  66|0x0000000084200000, 0x0000000084300000, 0x0000000084300000|100%| O|  |TAMS 0x0000000084300000, 0x0000000084200000| Untracked 
|  67|0x0000000084300000, 0x0000000084400000, 0x0000000084400000|100%| O|  |TAMS 0x0000000084400000, 0x0000000084300000| Untracked 
|  68|0x0000000084400000, 0x0000000084500000, 0x0000000084500000|100%| O|  |TAMS 0x0000000084500000, 0x0000000084400000| Untracked 
|  69|0x0000000084500000, 0x0000000084600000, 0x0000000084600000|100%| O|  |TAMS 0x0000000084600000, 0x0000000084500000| Untracked 
|  70|0x0000000084600000, 0x0000000084700000, 0x0000000084700000|100%| O|  |TAMS 0x0000000084700000, 0x0000000084600000| Untracked 
|  71|0x0000000084700000, 0x0000000084800000, 0x0000000084800000|100%| O|  |TAMS 0x0000000084800000, 0x0000000084700000| Untracked 
|  72|0x0000000084800000, 0x0000000084900000, 0x0000000084900000|100%| O|  |TAMS 0x0000000084900000, 0x0000000084800000| Untracked 
|  73|0x0000000084900000, 0x0000000084a00000, 0x0000000084a00000|100%| O|  |TAMS 0x0000000084a00000, 0x0000000084900000| Untracked 
|  74|0x0000000084a00000, 0x0000000084b00000, 0x0000000084b00000|100%| O|  |TAMS 0x0000000084b00000, 0x0000000084a00000| Untracked 
|  75|0x0000000084b00000, 0x0000000084c00000, 0x0000000084c00000|100%| O|  |TAMS 0x0000000084c00000, 0x0000000084b00000| Untracked 
|  76|0x0000000084c00000, 0x0000000084d00000, 0x0000000084d00000|100%|HS|  |TAMS 0x0000000084d00000, 0x0000000084c00000| Complete 
|  77|0x0000000084d00000, 0x0000000084e00000, 0x0000000084e00000|100%|HC|  |TAMS 0x0000000084e00000, 0x0000000084d00000| Complete 
|  78|0x0000000084e00000, 0x0000000084f00000, 0x0000000084f00000|100%|HC|  |TAMS 0x0000000084f00000, 0x0000000084e00000| Complete 
|  79|0x0000000084f00000, 0x0000000085000000, 0x0000000085000000|100%|HS|  |TAMS 0x0000000085000000, 0x0000000084f00000| Complete 
|  80|0x0000000085000000, 0x0000000085100000, 0x0000000085100000|100%|HC|  |TAMS 0x0000000085100000, 0x0000000085000000| Complete 
|  81|0x0000000085100000, 0x0000000085200000, 0x0000000085200000|100%| O|  |TAMS 0x0000000085200000, 0x0000000085100000| Untracked 
|  82|0x0000000085200000, 0x0000000085300000, 0x0000000085300000|100%| O|  |TAMS 0x0000000085300000, 0x0000000085200000| Untracked 
|  83|0x0000000085300000, 0x0000000085400000, 0x0000000085400000|100%| O|  |TAMS 0x0000000085400000, 0x0000000085300000| Untracked 
|  84|0x0000000085400000, 0x0000000085500000, 0x0000000085500000|100%| O|  |TAMS 0x0000000085500000, 0x0000000085400000| Untracked 
|  85|0x0000000085500000, 0x0000000085600000, 0x0000000085600000|100%| O|  |TAMS 0x0000000085600000, 0x0000000085500000| Untracked 
|  86|0x0000000085600000, 0x0000000085700000, 0x0000000085700000|100%| O|  |TAMS 0x0000000085700000, 0x0000000085600000| Untracked 
|  87|0x0000000085700000, 0x0000000085800000, 0x0000000085800000|100%| O|  |TAMS 0x0000000085800000, 0x0000000085700000| Untracked 
|  88|0x0000000085800000, 0x0000000085900000, 0x0000000085900000|100%| O|  |TAMS 0x0000000085900000, 0x0000000085800000| Untracked 
|  89|0x0000000085900000, 0x0000000085a00000, 0x0000000085a00000|100%| O|  |TAMS 0x0000000085a00000, 0x0000000085900000| Untracked 
|  90|0x0000000085a00000, 0x0000000085b00000, 0x0000000085b00000|100%| O|  |TAMS 0x0000000085b00000, 0x0000000085a00000| Untracked 
|  91|0x0000000085b00000, 0x0000000085c00000, 0x0000000085c00000|100%| O|  |TAMS 0x0000000085c00000, 0x0000000085b00000| Untracked 
|  92|0x0000000085c00000, 0x0000000085d00000, 0x0000000085d00000|100%| O|  |TAMS 0x0000000085d00000, 0x0000000085c00000| Untracked 
|  93|0x0000000085d00000, 0x0000000085e00000, 0x0000000085e00000|100%| O|  |TAMS 0x0000000085e00000, 0x0000000085d00000| Untracked 
|  94|0x0000000085e00000, 0x0000000085f00000, 0x0000000085f00000|100%| O|  |TAMS 0x0000000085f00000, 0x0000000085e00000| Untracked 
|  95|0x0000000085f00000, 0x0000000086000000, 0x0000000086000000|100%| O|  |TAMS 0x0000000086000000, 0x0000000085f00000| Untracked 
|  96|0x0000000086000000, 0x0000000086100000, 0x0000000086100000|100%|HS|  |TAMS 0x0000000086100000, 0x0000000086000000| Complete 
|  97|0x0000000086100000, 0x0000000086200000, 0x0000000086200000|100%|HS|  |TAMS 0x0000000086200000, 0x0000000086100000| Complete 
|  98|0x0000000086200000, 0x0000000086300000, 0x0000000086300000|100%|HS|  |TAMS 0x0000000086300000, 0x0000000086200000| Complete 
|  99|0x0000000086300000, 0x0000000086400000, 0x0000000086400000|100%|HC|  |TAMS 0x0000000086400000, 0x0000000086300000| Complete 
| 100|0x0000000086400000, 0x0000000086500000, 0x0000000086500000|100%|HC|  |TAMS 0x0000000086500000, 0x0000000086400000| Complete 
| 101|0x0000000086500000, 0x0000000086600000, 0x0000000086600000|100%| O|  |TAMS 0x0000000086600000, 0x0000000086500000| Untracked 
| 102|0x0000000086600000, 0x0000000086700000, 0x0000000086700000|100%| O|  |TAMS 0x0000000086700000, 0x0000000086600000| Untracked 
| 103|0x0000000086700000, 0x0000000086800000, 0x0000000086800000|100%| O|  |TAMS 0x0000000086800000, 0x0000000086700000| Untracked 
| 104|0x0000000086800000, 0x0000000086900000, 0x0000000086900000|100%| O|  |TAMS 0x0000000086900000, 0x0000000086800000| Untracked 
| 105|0x0000000086900000, 0x0000000086a00000, 0x0000000086a00000|100%| O|  |TAMS 0x0000000086a00000, 0x0000000086900000| Untracked 
| 106|0x0000000086a00000, 0x0000000086b00000, 0x0000000086b00000|100%| O|  |TAMS 0x0000000086b00000, 0x0000000086a00000| Untracked 
| 107|0x0000000086b00000, 0x0000000086c00000, 0x0000000086c00000|100%| O|  |TAMS 0x0000000086c00000, 0x0000000086b00000| Untracked 
| 108|0x0000000086c00000, 0x0000000086d00000, 0x0000000086d00000|100%| O|  |TAMS 0x0000000086d00000, 0x0000000086c00000| Untracked 
| 109|0x0000000086d00000, 0x0000000086e00000, 0x0000000086e00000|100%| O|  |TAMS 0x0000000086e00000, 0x0000000086d00000| Untracked 
| 110|0x0000000086e00000, 0x0000000086f00000, 0x0000000086f00000|100%| O|  |TAMS 0x0000000086f00000, 0x0000000086e00000| Untracked 
| 111|0x0000000086f00000, 0x0000000087000000, 0x0000000087000000|100%| O|  |TAMS 0x0000000087000000, 0x0000000086f00000| Untracked 
| 112|0x0000000087000000, 0x0000000087100000, 0x0000000087100000|100%| O|  |TAMS 0x0000000087100000, 0x0000000087000000| Untracked 
| 113|0x0000000087100000, 0x0000000087200000, 0x0000000087200000|100%| O|  |TAMS 0x0000000087200000, 0x0000000087100000| Untracked 
| 114|0x0000000087200000, 0x0000000087300000, 0x0000000087300000|100%| O|  |TAMS 0x0000000087300000, 0x0000000087200000| Untracked 
| 115|0x0000000087300000, 0x0000000087400000, 0x0000000087400000|100%| O|  |TAMS 0x0000000087400000, 0x0000000087300000| Untracked 
| 116|0x0000000087400000, 0x0000000087500000, 0x0000000087500000|100%| O|  |TAMS 0x0000000087500000, 0x0000000087400000| Untracked 
| 117|0x0000000087500000, 0x0000000087600000, 0x0000000087600000|100%| O|  |TAMS 0x0000000087600000, 0x0000000087500000| Untracked 
| 118|0x0000000087600000, 0x0000000087700000, 0x0000000087700000|100%| O|  |TAMS 0x0000000087700000, 0x0000000087600000| Untracked 
| 119|0x0000000087700000, 0x0000000087800000, 0x0000000087800000|100%| O|  |TAMS 0x0000000087800000, 0x0000000087700000| Untracked 
| 120|0x0000000087800000, 0x0000000087900000, 0x0000000087900000|100%| O|  |TAMS 0x0000000087900000, 0x0000000087800000| Untracked 
| 121|0x0000000087900000, 0x0000000087a00000, 0x0000000087a00000|100%| O|  |TAMS 0x0000000087a00000, 0x0000000087900000| Untracked 
| 122|0x0000000087a00000, 0x0000000087b00000, 0x0000000087b00000|100%| O|  |TAMS 0x0000000087b00000, 0x0000000087a00000| Untracked 
| 123|0x0000000087b00000, 0x0000000087c00000, 0x0000000087c00000|100%| O|  |TAMS 0x0000000087c00000, 0x0000000087b00000| Untracked 
| 124|0x0000000087c00000, 0x0000000087d00000, 0x0000000087d00000|100%| O|  |TAMS 0x0000000087d00000, 0x0000000087c00000| Untracked 
| 125|0x0000000087d00000, 0x0000000087e00000, 0x0000000087e00000|100%| O|  |TAMS 0x0000000087e00000, 0x0000000087d00000| Untracked 
| 126|0x0000000087e00000, 0x0000000087f00000, 0x0000000087f00000|100%| O|  |TAMS 0x0000000087f00000, 0x0000000087e00000| Untracked 
| 127|0x0000000087f00000, 0x0000000088000000, 0x0000000088000000|100%| O|  |TAMS 0x0000000088000000, 0x0000000087f00000| Untracked 
| 128|0x0000000088000000, 0x0000000088100000, 0x0000000088100000|100%| O|  |TAMS 0x0000000088100000, 0x0000000088000000| Untracked 
| 129|0x0000000088100000, 0x0000000088200000, 0x0000000088200000|100%| O|  |TAMS 0x0000000088200000, 0x0000000088100000| Untracked 
| 130|0x0000000088200000, 0x0000000088300000, 0x0000000088300000|100%| O|  |TAMS 0x0000000088300000, 0x0000000088200000| Untracked 
| 131|0x0000000088300000, 0x0000000088400000, 0x0000000088400000|100%| O|  |TAMS 0x0000000088400000, 0x0000000088300000| Untracked 
| 132|0x0000000088400000, 0x0000000088500000, 0x0000000088500000|100%| O|  |TAMS 0x0000000088500000, 0x0000000088400000| Untracked 
| 133|0x0000000088500000, 0x0000000088600000, 0x0000000088600000|100%| O|  |TAMS 0x0000000088600000, 0x0000000088500000| Untracked 
| 134|0x0000000088600000, 0x0000000088700000, 0x0000000088700000|100%| O|  |TAMS 0x0000000088700000, 0x0000000088600000| Untracked 
| 135|0x0000000088700000, 0x0000000088800000, 0x0000000088800000|100%| O|  |TAMS 0x0000000088800000, 0x0000000088700000| Untracked 
| 136|0x0000000088800000, 0x0000000088900000, 0x0000000088900000|100%| O|  |TAMS 0x0000000088900000, 0x0000000088800000| Untracked 
| 137|0x0000000088900000, 0x0000000088a00000, 0x0000000088a00000|100%| O|  |TAMS 0x0000000088a00000, 0x0000000088900000| Untracked 
| 138|0x0000000088a00000, 0x0000000088b00000, 0x0000000088b00000|100%| O|  |TAMS 0x0000000088b00000, 0x0000000088a00000| Untracked 
| 139|0x0000000088b00000, 0x0000000088c00000, 0x0000000088c00000|100%| O|  |TAMS 0x0000000088c00000, 0x0000000088b00000| Untracked 
| 140|0x0000000088c00000, 0x0000000088d00000, 0x0000000088d00000|100%| O|  |TAMS 0x0000000088d00000, 0x0000000088c00000| Untracked 
| 141|0x0000000088d00000, 0x0000000088e00000, 0x0000000088e00000|100%| O|  |TAMS 0x0000000088e00000, 0x0000000088d00000| Untracked 
| 142|0x0000000088e00000, 0x0000000088f00000, 0x0000000088f00000|100%| O|  |TAMS 0x0000000088f00000, 0x0000000088e00000| Untracked 
| 143|0x0000000088f00000, 0x0000000089000000, 0x0000000089000000|100%| O|  |TAMS 0x0000000089000000, 0x0000000088f00000| Untracked 
| 144|0x0000000089000000, 0x0000000089100000, 0x0000000089100000|100%| O|  |TAMS 0x0000000089100000, 0x0000000089000000| Untracked 
| 145|0x0000000089100000, 0x0000000089200000, 0x0000000089200000|100%| O|  |TAMS 0x0000000089200000, 0x0000000089100000| Untracked 
| 146|0x0000000089200000, 0x0000000089300000, 0x0000000089300000|100%| O|  |TAMS 0x0000000089300000, 0x0000000089200000| Untracked 
| 147|0x0000000089300000, 0x0000000089400000, 0x0000000089400000|100%| O|  |TAMS 0x0000000089400000, 0x0000000089300000| Untracked 
| 148|0x0000000089400000, 0x0000000089500000, 0x0000000089500000|100%| O|  |TAMS 0x0000000089500000, 0x0000000089400000| Untracked 
| 149|0x0000000089500000, 0x0000000089600000, 0x0000000089600000|100%| O|  |TAMS 0x0000000089600000, 0x0000000089500000| Untracked 
| 150|0x0000000089600000, 0x0000000089700000, 0x0000000089700000|100%| O|  |TAMS 0x0000000089700000, 0x0000000089600000| Untracked 
| 151|0x0000000089700000, 0x0000000089800000, 0x0000000089800000|100%| O|  |TAMS 0x0000000089800000, 0x0000000089700000| Untracked 
| 152|0x0000000089800000, 0x0000000089900000, 0x0000000089900000|100%| O|  |TAMS 0x0000000089900000, 0x0000000089800000| Untracked 
| 153|0x0000000089900000, 0x0000000089a00000, 0x0000000089a00000|100%| O|  |TAMS 0x0000000089a00000, 0x0000000089900000| Untracked 
| 154|0x0000000089a00000, 0x0000000089b00000, 0x0000000089b00000|100%| O|  |TAMS 0x0000000089b00000, 0x0000000089a00000| Untracked 
| 155|0x0000000089b00000, 0x0000000089c00000, 0x0000000089c00000|100%| O|  |TAMS 0x0000000089c00000, 0x0000000089b00000| Untracked 
| 156|0x0000000089c00000, 0x0000000089d00000, 0x0000000089d00000|100%| O|  |TAMS 0x0000000089d00000, 0x0000000089c00000| Untracked 
| 157|0x0000000089d00000, 0x0000000089e00000, 0x0000000089e00000|100%| O|  |TAMS 0x0000000089e00000, 0x0000000089d00000| Untracked 
| 158|0x0000000089e00000, 0x0000000089f00000, 0x0000000089f00000|100%| O|  |TAMS 0x0000000089f00000, 0x0000000089e00000| Untracked 
| 159|0x0000000089f00000, 0x000000008a000000, 0x000000008a000000|100%| O|  |TAMS 0x000000008a000000, 0x0000000089f00000| Untracked 
| 160|0x000000008a000000, 0x000000008a100000, 0x000000008a100000|100%| O|  |TAMS 0x000000008a100000, 0x000000008a000000| Untracked 
| 161|0x000000008a100000, 0x000000008a200000, 0x000000008a200000|100%| O|  |TAMS 0x000000008a200000, 0x000000008a100000| Untracked 
| 162|0x000000008a200000, 0x000000008a300000, 0x000000008a300000|100%| O|  |TAMS 0x000000008a300000, 0x000000008a200000| Untracked 
| 163|0x000000008a300000, 0x000000008a400000, 0x000000008a400000|100%| O|  |TAMS 0x000000008a400000, 0x000000008a300000| Untracked 
| 164|0x000000008a400000, 0x000000008a500000, 0x000000008a500000|100%| O|  |TAMS 0x000000008a500000, 0x000000008a400000| Untracked 
| 165|0x000000008a500000, 0x000000008a600000, 0x000000008a600000|100%| O|  |TAMS 0x000000008a600000, 0x000000008a500000| Untracked 
| 166|0x000000008a600000, 0x000000008a700000, 0x000000008a700000|100%|HS|  |TAMS 0x000000008a700000, 0x000000008a600000| Complete 
| 167|0x000000008a700000, 0x000000008a800000, 0x000000008a800000|100%|HC|  |TAMS 0x000000008a800000, 0x000000008a700000| Complete 
| 168|0x000000008a800000, 0x000000008a900000, 0x000000008a900000|100%| O|  |TAMS 0x000000008a900000, 0x000000008a800000| Untracked 
| 169|0x000000008a900000, 0x000000008aa00000, 0x000000008aa00000|100%| O|  |TAMS 0x000000008aa00000, 0x000000008a900000| Untracked 
| 170|0x000000008aa00000, 0x000000008ab00000, 0x000000008ab00000|100%| O|  |TAMS 0x000000008ab00000, 0x000000008aa00000| Untracked 
| 171|0x000000008ab00000, 0x000000008ac00000, 0x000000008ac00000|100%| O|  |TAMS 0x000000008ac00000, 0x000000008ab00000| Untracked 
| 172|0x000000008ac00000, 0x000000008ad00000, 0x000000008ad00000|100%| O|  |TAMS 0x000000008ad00000, 0x000000008ac00000| Untracked 
| 173|0x000000008ad00000, 0x000000008ae00000, 0x000000008ae00000|100%| O|  |TAMS 0x000000008ae00000, 0x000000008ad00000| Untracked 
| 174|0x000000008ae00000, 0x000000008af00000, 0x000000008af00000|100%| O|  |TAMS 0x000000008af00000, 0x000000008ae00000| Untracked 
| 175|0x000000008af00000, 0x000000008b000000, 0x000000008b000000|100%| O|  |TAMS 0x000000008b000000, 0x000000008af00000| Untracked 
| 176|0x000000008b000000, 0x000000008b100000, 0x000000008b100000|100%| O|  |TAMS 0x000000008b100000, 0x000000008b000000| Untracked 
| 177|0x000000008b100000, 0x000000008b200000, 0x000000008b200000|100%| O|  |TAMS 0x000000008b200000, 0x000000008b100000| Untracked 
| 178|0x000000008b200000, 0x000000008b300000, 0x000000008b300000|100%| O|  |TAMS 0x000000008b300000, 0x000000008b200000| Untracked 
| 179|0x000000008b300000, 0x000000008b400000, 0x000000008b400000|100%| O|  |TAMS 0x000000008b400000, 0x000000008b300000| Untracked 
| 180|0x000000008b400000, 0x000000008b500000, 0x000000008b500000|100%| O|  |TAMS 0x000000008b500000, 0x000000008b400000| Untracked 
| 181|0x000000008b500000, 0x000000008b600000, 0x000000008b600000|100%| O|  |TAMS 0x000000008b600000, 0x000000008b500000| Untracked 
| 182|0x000000008b600000, 0x000000008b700000, 0x000000008b700000|100%| O|  |TAMS 0x000000008b700000, 0x000000008b600000| Untracked 
| 183|0x000000008b700000, 0x000000008b800000, 0x000000008b800000|100%| O|  |TAMS 0x000000008b800000, 0x000000008b700000| Untracked 
| 184|0x000000008b800000, 0x000000008b900000, 0x000000008b900000|100%|HS|  |TAMS 0x000000008b900000, 0x000000008b800000| Complete 
| 185|0x000000008b900000, 0x000000008ba00000, 0x000000008ba00000|100%| O|  |TAMS 0x000000008ba00000, 0x000000008b900000| Untracked 
| 186|0x000000008ba00000, 0x000000008bb00000, 0x000000008bb00000|100%| O|  |TAMS 0x000000008bb00000, 0x000000008ba00000| Untracked 
| 187|0x000000008bb00000, 0x000000008bc00000, 0x000000008bc00000|100%| O|  |TAMS 0x000000008bc00000, 0x000000008bb00000| Untracked 
| 188|0x000000008bc00000, 0x000000008bd00000, 0x000000008bd00000|100%| O|  |TAMS 0x000000008bd00000, 0x000000008bc00000| Untracked 
| 189|0x000000008bd00000, 0x000000008be00000, 0x000000008be00000|100%| O|  |TAMS 0x000000008be00000, 0x000000008bd00000| Untracked 
| 190|0x000000008be00000, 0x000000008bf00000, 0x000000008bf00000|100%| O|  |TAMS 0x000000008bf00000, 0x000000008be00000| Untracked 
| 191|0x000000008bf00000, 0x000000008c000000, 0x000000008c000000|100%| O|  |TAMS 0x000000008c000000, 0x000000008bf00000| Untracked 
| 192|0x000000008c000000, 0x000000008c100000, 0x000000008c100000|100%| O|  |TAMS 0x000000008c100000, 0x000000008c000000| Untracked 
| 193|0x000000008c100000, 0x000000008c200000, 0x000000008c200000|100%| O|  |TAMS 0x000000008c200000, 0x000000008c100000| Untracked 
| 194|0x000000008c200000, 0x000000008c300000, 0x000000008c300000|100%| O|  |TAMS 0x000000008c300000, 0x000000008c200000| Untracked 
| 195|0x000000008c300000, 0x000000008c400000, 0x000000008c400000|100%| O|  |TAMS 0x000000008c400000, 0x000000008c300000| Untracked 
| 196|0x000000008c400000, 0x000000008c500000, 0x000000008c500000|100%| O|  |TAMS 0x000000008c500000, 0x000000008c400000| Untracked 
| 197|0x000000008c500000, 0x000000008c600000, 0x000000008c600000|100%| O|  |TAMS 0x000000008c600000, 0x000000008c500000| Untracked 
| 198|0x000000008c600000, 0x000000008c700000, 0x000000008c700000|100%| O|  |TAMS 0x000000008c700000, 0x000000008c600000| Untracked 
| 199|0x000000008c700000, 0x000000008c800000, 0x000000008c800000|100%| O|  |TAMS 0x000000008c800000, 0x000000008c700000| Untracked 
| 200|0x000000008c800000, 0x000000008c900000, 0x000000008c900000|100%| O|  |TAMS 0x000000008c900000, 0x000000008c800000| Untracked 
| 201|0x000000008c900000, 0x000000008ca00000, 0x000000008ca00000|100%| O|  |TAMS 0x000000008ca00000, 0x000000008c900000| Untracked 
| 202|0x000000008ca00000, 0x000000008cb00000, 0x000000008cb00000|100%| O|  |TAMS 0x000000008cb00000, 0x000000008ca00000| Untracked 
| 203|0x000000008cb00000, 0x000000008cc00000, 0x000000008cc00000|100%| O|  |TAMS 0x000000008cc00000, 0x000000008cb00000| Untracked 
| 204|0x000000008cc00000, 0x000000008cd00000, 0x000000008cd00000|100%| O|  |TAMS 0x000000008cd00000, 0x000000008cc00000| Untracked 
| 205|0x000000008cd00000, 0x000000008ce00000, 0x000000008ce00000|100%| O|  |TAMS 0x000000008ce00000, 0x000000008cd00000| Untracked 
| 206|0x000000008ce00000, 0x000000008cf00000, 0x000000008cf00000|100%| O|  |TAMS 0x000000008cf00000, 0x000000008ce00000| Untracked 
| 207|0x000000008cf00000, 0x000000008d000000, 0x000000008d000000|100%| O|  |TAMS 0x000000008d000000, 0x000000008cf00000| Untracked 
| 208|0x000000008d000000, 0x000000008d100000, 0x000000008d100000|100%| O|  |TAMS 0x000000008d100000, 0x000000008d000000| Untracked 
| 209|0x000000008d100000, 0x000000008d200000, 0x000000008d200000|100%| O|  |TAMS 0x000000008d200000, 0x000000008d100000| Untracked 
| 210|0x000000008d200000, 0x000000008d300000, 0x000000008d300000|100%| O|  |TAMS 0x000000008d300000, 0x000000008d200000| Untracked 
| 211|0x000000008d300000, 0x000000008d400000, 0x000000008d400000|100%| O|  |TAMS 0x000000008d400000, 0x000000008d300000| Untracked 
| 212|0x000000008d400000, 0x000000008d500000, 0x000000008d500000|100%| O|  |TAMS 0x000000008d500000, 0x000000008d400000| Untracked 
| 213|0x000000008d500000, 0x000000008d600000, 0x000000008d600000|100%| O|  |TAMS 0x000000008d600000, 0x000000008d500000| Untracked 
| 214|0x000000008d600000, 0x000000008d700000, 0x000000008d700000|100%| O|  |TAMS 0x000000008d700000, 0x000000008d600000| Untracked 
| 215|0x000000008d700000, 0x000000008d800000, 0x000000008d800000|100%| O|  |TAMS 0x000000008d800000, 0x000000008d700000| Untracked 
| 216|0x000000008d800000, 0x000000008d900000, 0x000000008d900000|100%| O|  |TAMS 0x000000008d900000, 0x000000008d800000| Untracked 
| 217|0x000000008d900000, 0x000000008da00000, 0x000000008da00000|100%| O|  |TAMS 0x000000008da00000, 0x000000008d900000| Untracked 
| 218|0x000000008da00000, 0x000000008db00000, 0x000000008db00000|100%| O|  |TAMS 0x000000008db00000, 0x000000008da00000| Untracked 
| 219|0x000000008db00000, 0x000000008dc00000, 0x000000008dc00000|100%| O|  |TAMS 0x000000008dc00000, 0x000000008db00000| Untracked 
| 220|0x000000008dc00000, 0x000000008dd00000, 0x000000008dd00000|100%| O|  |TAMS 0x000000008dd00000, 0x000000008dc00000| Untracked 
| 221|0x000000008dd00000, 0x000000008de00000, 0x000000008de00000|100%| O|  |TAMS 0x000000008de00000, 0x000000008dd00000| Untracked 
| 222|0x000000008de00000, 0x000000008df00000, 0x000000008df00000|100%| O|  |TAMS 0x000000008df00000, 0x000000008de00000| Untracked 
| 223|0x000000008df00000, 0x000000008e000000, 0x000000008e000000|100%| O|  |TAMS 0x000000008e000000, 0x000000008df00000| Untracked 
| 224|0x000000008e000000, 0x000000008e100000, 0x000000008e100000|100%| O|  |TAMS 0x000000008e100000, 0x000000008e000000| Untracked 
| 225|0x000000008e100000, 0x000000008e200000, 0x000000008e200000|100%| O|  |TAMS 0x000000008e200000, 0x000000008e100000| Untracked 
| 226|0x000000008e200000, 0x000000008e300000, 0x000000008e300000|100%| O|  |TAMS 0x000000008e300000, 0x000000008e200000| Untracked 
| 227|0x000000008e300000, 0x000000008e400000, 0x000000008e400000|100%| O|  |TAMS 0x000000008e400000, 0x000000008e300000| Untracked 
| 228|0x000000008e400000, 0x000000008e500000, 0x000000008e500000|100%| O|  |TAMS 0x000000008e500000, 0x000000008e400000| Untracked 
| 229|0x000000008e500000, 0x000000008e600000, 0x000000008e600000|100%| O|  |TAMS 0x000000008e600000, 0x000000008e500000| Untracked 
| 230|0x000000008e600000, 0x000000008e700000, 0x000000008e700000|100%| O|  |TAMS 0x000000008e700000, 0x000000008e600000| Untracked 
| 231|0x000000008e700000, 0x000000008e800000, 0x000000008e800000|100%| O|  |TAMS 0x000000008e800000, 0x000000008e700000| Untracked 
| 232|0x000000008e800000, 0x000000008e900000, 0x000000008e900000|100%| O|  |TAMS 0x000000008e840600, 0x000000008e800000| Untracked 
| 233|0x000000008e900000, 0x000000008ea00000, 0x000000008ea00000|100%| O|  |TAMS 0x000000008e900000, 0x000000008e900000| Untracked 
| 234|0x000000008ea00000, 0x000000008eb00000, 0x000000008eb00000|100%| O|  |TAMS 0x000000008ea00000, 0x000000008ea00000| Untracked 
| 235|0x000000008eb00000, 0x000000008ec00000, 0x000000008ec00000|100%| O|  |TAMS 0x000000008eb00000, 0x000000008eb00000| Untracked 
| 236|0x000000008ec00000, 0x000000008ed00000, 0x000000008ed00000|100%| O|  |TAMS 0x000000008ec00000, 0x000000008ec00000| Untracked 
| 237|0x000000008ed00000, 0x000000008ee00000, 0x000000008ee00000|100%| O|  |TAMS 0x000000008ed00000, 0x000000008ed00000| Untracked 
| 238|0x000000008ee00000, 0x000000008ef00000, 0x000000008ef00000|100%| O|  |TAMS 0x000000008ee00000, 0x000000008ee00000| Untracked 
| 239|0x000000008ef00000, 0x000000008f000000, 0x000000008f000000|100%| O|  |TAMS 0x000000008ef00000, 0x000000008ef00000| Untracked 
| 240|0x000000008f000000, 0x000000008f100000, 0x000000008f100000|100%| O|  |TAMS 0x000000008f000000, 0x000000008f000000| Untracked 
| 241|0x000000008f100000, 0x000000008f200000, 0x000000008f200000|100%| O|  |TAMS 0x000000008f100000, 0x000000008f100000| Untracked 
| 242|0x000000008f200000, 0x000000008f300000, 0x000000008f300000|100%| O|  |TAMS 0x000000008f200000, 0x000000008f200000| Untracked 
| 243|0x000000008f300000, 0x000000008f400000, 0x000000008f400000|100%| O|  |TAMS 0x000000008f300000, 0x000000008f300000| Untracked 
| 244|0x000000008f400000, 0x000000008f500000, 0x000000008f500000|100%| O|  |TAMS 0x000000008f400000, 0x000000008f400000| Untracked 
| 245|0x000000008f500000, 0x000000008f600000, 0x000000008f600000|100%| O|  |TAMS 0x000000008f500000, 0x000000008f500000| Untracked 
| 246|0x000000008f600000, 0x000000008f700000, 0x000000008f700000|100%| O|  |TAMS 0x000000008f600000, 0x000000008f600000| Untracked 
| 247|0x000000008f700000, 0x000000008f800000, 0x000000008f800000|100%| O|  |TAMS 0x000000008f700000, 0x000000008f700000| Untracked 
| 248|0x000000008f800000, 0x000000008f900000, 0x000000008f900000|100%| O|  |TAMS 0x000000008f800000, 0x000000008f800000| Untracked 
| 249|0x000000008f900000, 0x000000008fa00000, 0x000000008fa00000|100%| O|  |TAMS 0x000000008f900000, 0x000000008f900000| Untracked 
| 250|0x000000008fa00000, 0x000000008fb00000, 0x000000008fb00000|100%| O|  |TAMS 0x000000008fa00000, 0x000000008fa00000| Untracked 
| 251|0x000000008fb00000, 0x000000008fc00000, 0x000000008fc00000|100%| O|  |TAMS 0x000000008fb00000, 0x000000008fb00000| Untracked 
| 252|0x000000008fc00000, 0x000000008fd00000, 0x000000008fd00000|100%| O|  |TAMS 0x000000008fc00000, 0x000000008fc00000| Untracked 
| 253|0x000000008fd00000, 0x000000008fe00000, 0x000000008fe00000|100%| O|  |TAMS 0x000000008fd00000, 0x000000008fd00000| Untracked 
| 254|0x000000008fe00000, 0x000000008ff00000, 0x000000008ff00000|100%| O|  |TAMS 0x000000008fe00000, 0x000000008fe00000| Untracked 
| 255|0x000000008ff00000, 0x0000000090000000, 0x0000000090000000|100%| O|  |TAMS 0x000000008ff00000, 0x000000008ff00000| Untracked 
| 256|0x0000000090000000, 0x0000000090100000, 0x0000000090100000|100%| O|  |TAMS 0x0000000090000000, 0x0000000090000000| Untracked 
| 257|0x0000000090100000, 0x0000000090200000, 0x0000000090200000|100%| O|  |TAMS 0x0000000090100000, 0x0000000090100000| Untracked 
| 258|0x0000000090200000, 0x0000000090300000, 0x0000000090300000|100%| O|  |TAMS 0x0000000090200000, 0x0000000090200000| Untracked 
| 259|0x0000000090300000, 0x0000000090400000, 0x0000000090400000|100%| O|  |TAMS 0x0000000090300000, 0x0000000090300000| Untracked 
| 260|0x0000000090400000, 0x0000000090500000, 0x0000000090500000|100%| O|  |TAMS 0x0000000090400000, 0x0000000090400000| Untracked 
| 261|0x0000000090500000, 0x0000000090600000, 0x0000000090600000|100%| O|  |TAMS 0x0000000090500000, 0x0000000090500000| Untracked 
| 262|0x0000000090600000, 0x0000000090700000, 0x0000000090700000|100%| O|  |TAMS 0x0000000090600000, 0x0000000090600000| Untracked 
| 263|0x0000000090700000, 0x00000000907f4400, 0x0000000090800000| 95%| O|  |TAMS 0x0000000090700000, 0x0000000090700000| Untracked 
| 264|0x0000000090800000, 0x0000000090800000, 0x0000000090900000|  0%| F|  |TAMS 0x0000000090800000, 0x0000000090800000| Untracked 
| 265|0x0000000090900000, 0x0000000090900000, 0x0000000090a00000|  0%| F|  |TAMS 0x0000000090900000, 0x0000000090900000| Untracked 
| 266|0x0000000090a00000, 0x0000000090a00000, 0x0000000090b00000|  0%| F|  |TAMS 0x0000000090a00000, 0x0000000090a00000| Untracked 
| 267|0x0000000090b00000, 0x0000000090b00000, 0x0000000090c00000|  0%| F|  |TAMS 0x0000000090b00000, 0x0000000090b00000| Untracked 
| 268|0x0000000090c00000, 0x0000000090c00000, 0x0000000090d00000|  0%| F|  |TAMS 0x0000000090c00000, 0x0000000090c00000| Untracked 
| 269|0x0000000090d00000, 0x0000000090d00000, 0x0000000090e00000|  0%| F|  |TAMS 0x0000000090d00000, 0x0000000090d00000| Untracked 
| 270|0x0000000090e00000, 0x0000000090e00000, 0x0000000090f00000|  0%| F|  |TAMS 0x0000000090e00000, 0x0000000090e00000| Untracked 
| 271|0x0000000090f00000, 0x0000000090f00000, 0x0000000091000000|  0%| F|  |TAMS 0x0000000090f00000, 0x0000000090f00000| Untracked 
| 272|0x0000000091000000, 0x0000000091000000, 0x0000000091100000|  0%| F|  |TAMS 0x0000000091000000, 0x0000000091000000| Untracked 
| 273|0x0000000091100000, 0x0000000091100000, 0x0000000091200000|  0%| F|  |TAMS 0x0000000091100000, 0x0000000091100000| Untracked 
| 274|0x0000000091200000, 0x0000000091200000, 0x0000000091300000|  0%| F|  |TAMS 0x0000000091200000, 0x0000000091200000| Untracked 
| 275|0x0000000091300000, 0x0000000091300000, 0x0000000091400000|  0%| F|  |TAMS 0x0000000091300000, 0x0000000091300000| Untracked 
| 276|0x0000000091400000, 0x0000000091400000, 0x0000000091500000|  0%| F|  |TAMS 0x0000000091400000, 0x0000000091400000| Untracked 
| 277|0x0000000091500000, 0x0000000091500000, 0x0000000091600000|  0%| F|  |TAMS 0x0000000091500000, 0x0000000091500000| Untracked 
| 278|0x0000000091600000, 0x0000000091600000, 0x0000000091700000|  0%| F|  |TAMS 0x0000000091600000, 0x0000000091600000| Untracked 
| 279|0x0000000091700000, 0x0000000091700000, 0x0000000091800000|  0%| F|  |TAMS 0x0000000091700000, 0x0000000091700000| Untracked 
| 280|0x0000000091800000, 0x0000000091800000, 0x0000000091900000|  0%| F|  |TAMS 0x0000000091800000, 0x0000000091800000| Untracked 
| 281|0x0000000091900000, 0x0000000091900000, 0x0000000091a00000|  0%| F|  |TAMS 0x0000000091900000, 0x0000000091900000| Untracked 
| 282|0x0000000091a00000, 0x0000000091a00000, 0x0000000091b00000|  0%| F|  |TAMS 0x0000000091a00000, 0x0000000091a00000| Untracked 
| 283|0x0000000091b00000, 0x0000000091b00000, 0x0000000091c00000|  0%| F|  |TAMS 0x0000000091b00000, 0x0000000091b00000| Untracked 
| 284|0x0000000091c00000, 0x0000000091c00000, 0x0000000091d00000|  0%| F|  |TAMS 0x0000000091c00000, 0x0000000091c00000| Untracked 
| 285|0x0000000091d00000, 0x0000000091d00000, 0x0000000091e00000|  0%| F|  |TAMS 0x0000000091d00000, 0x0000000091d00000| Untracked 
| 286|0x0000000091e00000, 0x0000000091e00000, 0x0000000091f00000|  0%| F|  |TAMS 0x0000000091e00000, 0x0000000091e00000| Untracked 
| 287|0x0000000091f00000, 0x0000000091f00000, 0x0000000092000000|  0%| F|  |TAMS 0x0000000091f00000, 0x0000000091f00000| Untracked 
| 288|0x0000000092000000, 0x0000000092000000, 0x0000000092100000|  0%| F|  |TAMS 0x0000000092000000, 0x0000000092000000| Untracked 
| 289|0x0000000092100000, 0x0000000092100000, 0x0000000092200000|  0%| F|  |TAMS 0x0000000092100000, 0x0000000092100000| Untracked 
| 290|0x0000000092200000, 0x0000000092200000, 0x0000000092300000|  0%| F|  |TAMS 0x0000000092200000, 0x0000000092200000| Untracked 
| 291|0x0000000092300000, 0x0000000092300000, 0x0000000092400000|  0%| F|  |TAMS 0x0000000092300000, 0x0000000092300000| Untracked 
| 292|0x0000000092400000, 0x0000000092400000, 0x0000000092500000|  0%| F|  |TAMS 0x0000000092400000, 0x0000000092400000| Untracked 
| 293|0x0000000092500000, 0x0000000092500000, 0x0000000092600000|  0%| F|  |TAMS 0x0000000092500000, 0x0000000092500000| Untracked 
| 294|0x0000000092600000, 0x0000000092600000, 0x0000000092700000|  0%| F|  |TAMS 0x0000000092600000, 0x0000000092600000| Untracked 
| 295|0x0000000092700000, 0x0000000092700000, 0x0000000092800000|  0%| F|  |TAMS 0x0000000092700000, 0x0000000092700000| Untracked 
| 296|0x0000000092800000, 0x0000000092800000, 0x0000000092900000|  0%| F|  |TAMS 0x0000000092800000, 0x0000000092800000| Untracked 
| 297|0x0000000092900000, 0x0000000092900000, 0x0000000092a00000|  0%| F|  |TAMS 0x0000000092900000, 0x0000000092900000| Untracked 
| 298|0x0000000092a00000, 0x0000000092a00000, 0x0000000092b00000|  0%| F|  |TAMS 0x0000000092a00000, 0x0000000092a00000| Untracked 
| 299|0x0000000092b00000, 0x0000000092b00000, 0x0000000092c00000|  0%| F|  |TAMS 0x0000000092b00000, 0x0000000092b00000| Untracked 
| 300|0x0000000092c00000, 0x0000000092c00000, 0x0000000092d00000|  0%| F|  |TAMS 0x0000000092c00000, 0x0000000092c00000| Untracked 
| 301|0x0000000092d00000, 0x0000000092d00000, 0x0000000092e00000|  0%| F|  |TAMS 0x0000000092d00000, 0x0000000092d00000| Untracked 
| 302|0x0000000092e00000, 0x0000000092e00000, 0x0000000092f00000|  0%| F|  |TAMS 0x0000000092e00000, 0x0000000092e00000| Untracked 
| 303|0x0000000092f00000, 0x0000000092f00000, 0x0000000093000000|  0%| F|  |TAMS 0x0000000092f00000, 0x0000000092f00000| Untracked 
| 304|0x0000000093000000, 0x0000000093000000, 0x0000000093100000|  0%| F|  |TAMS 0x0000000093000000, 0x0000000093000000| Untracked 
| 305|0x0000000093100000, 0x0000000093100000, 0x0000000093200000|  0%| F|  |TAMS 0x0000000093100000, 0x0000000093100000| Untracked 
| 306|0x0000000093200000, 0x0000000093200000, 0x0000000093300000|  0%| F|  |TAMS 0x0000000093200000, 0x0000000093200000| Untracked 
| 307|0x0000000093300000, 0x0000000093300000, 0x0000000093400000|  0%| F|  |TAMS 0x0000000093300000, 0x0000000093300000| Untracked 
| 308|0x0000000093400000, 0x0000000093400000, 0x0000000093500000|  0%| F|  |TAMS 0x0000000093400000, 0x0000000093400000| Untracked 
| 309|0x0000000093500000, 0x0000000093500000, 0x0000000093600000|  0%| F|  |TAMS 0x0000000093500000, 0x0000000093500000| Untracked 
| 310|0x0000000093600000, 0x0000000093600000, 0x0000000093700000|  0%| F|  |TAMS 0x0000000093600000, 0x0000000093600000| Untracked 
| 311|0x0000000093700000, 0x0000000093700000, 0x0000000093800000|  0%| F|  |TAMS 0x0000000093700000, 0x0000000093700000| Untracked 
| 312|0x0000000093800000, 0x0000000093800000, 0x0000000093900000|  0%| F|  |TAMS 0x0000000093800000, 0x0000000093800000| Untracked 
| 313|0x0000000093900000, 0x0000000093900000, 0x0000000093a00000|  0%| F|  |TAMS 0x0000000093900000, 0x0000000093900000| Untracked 
| 314|0x0000000093a00000, 0x0000000093a00000, 0x0000000093b00000|  0%| F|  |TAMS 0x0000000093a00000, 0x0000000093a00000| Untracked 
| 315|0x0000000093b00000, 0x0000000093b00000, 0x0000000093c00000|  0%| F|  |TAMS 0x0000000093b00000, 0x0000000093b00000| Untracked 
| 316|0x0000000093c00000, 0x0000000093c00000, 0x0000000093d00000|  0%| F|  |TAMS 0x0000000093c00000, 0x0000000093c00000| Untracked 
| 317|0x0000000093d00000, 0x0000000093d00000, 0x0000000093e00000|  0%| F|  |TAMS 0x0000000093d00000, 0x0000000093d00000| Untracked 
| 318|0x0000000093e00000, 0x0000000093e00000, 0x0000000093f00000|  0%| F|  |TAMS 0x0000000093e00000, 0x0000000093e00000| Untracked 
| 319|0x0000000093f00000, 0x0000000093f00000, 0x0000000094000000|  0%| F|  |TAMS 0x0000000093f00000, 0x0000000093f00000| Untracked 
| 320|0x0000000094000000, 0x0000000094000000, 0x0000000094100000|  0%| F|  |TAMS 0x0000000094000000, 0x0000000094000000| Untracked 
| 321|0x0000000094100000, 0x0000000094100000, 0x0000000094200000|  0%| F|  |TAMS 0x0000000094100000, 0x0000000094100000| Untracked 
| 322|0x0000000094200000, 0x0000000094200000, 0x0000000094300000|  0%| F|  |TAMS 0x0000000094200000, 0x0000000094200000| Untracked 
| 323|0x0000000094300000, 0x0000000094300000, 0x0000000094400000|  0%| F|  |TAMS 0x0000000094300000, 0x0000000094300000| Untracked 
| 324|0x0000000094400000, 0x0000000094400000, 0x0000000094500000|  0%| F|  |TAMS 0x0000000094400000, 0x0000000094400000| Untracked 
| 325|0x0000000094500000, 0x0000000094500000, 0x0000000094600000|  0%| F|  |TAMS 0x0000000094500000, 0x0000000094500000| Untracked 
| 326|0x0000000094600000, 0x0000000094600000, 0x0000000094700000|  0%| F|  |TAMS 0x0000000094600000, 0x0000000094600000| Untracked 
| 327|0x0000000094700000, 0x0000000094700000, 0x0000000094800000|  0%| F|  |TAMS 0x0000000094700000, 0x0000000094700000| Untracked 
| 328|0x0000000094800000, 0x0000000094800000, 0x0000000094900000|  0%| F|  |TAMS 0x0000000094800000, 0x0000000094800000| Untracked 
| 329|0x0000000094900000, 0x0000000094900000, 0x0000000094a00000|  0%| F|  |TAMS 0x0000000094900000, 0x0000000094900000| Untracked 
| 330|0x0000000094a00000, 0x0000000094a00000, 0x0000000094b00000|  0%| F|  |TAMS 0x0000000094a00000, 0x0000000094a00000| Untracked 
| 331|0x0000000094b00000, 0x0000000094b00000, 0x0000000094c00000|  0%| F|  |TAMS 0x0000000094b00000, 0x0000000094b00000| Untracked 
| 332|0x0000000094c00000, 0x0000000094c00000, 0x0000000094d00000|  0%| F|  |TAMS 0x0000000094c00000, 0x0000000094c00000| Untracked 
| 333|0x0000000094d00000, 0x0000000094d00000, 0x0000000094e00000|  0%| F|  |TAMS 0x0000000094d00000, 0x0000000094d00000| Untracked 
| 334|0x0000000094e00000, 0x0000000094e00000, 0x0000000094f00000|  0%| F|  |TAMS 0x0000000094e00000, 0x0000000094e00000| Untracked 
| 335|0x0000000094f00000, 0x0000000094f00000, 0x0000000095000000|  0%| F|  |TAMS 0x0000000094f00000, 0x0000000094f00000| Untracked 
| 336|0x0000000095000000, 0x0000000095000000, 0x0000000095100000|  0%| F|  |TAMS 0x0000000095000000, 0x0000000095000000| Untracked 
| 337|0x0000000095100000, 0x0000000095100000, 0x0000000095200000|  0%| F|  |TAMS 0x0000000095100000, 0x0000000095100000| Untracked 
| 338|0x0000000095200000, 0x0000000095200000, 0x0000000095300000|  0%| F|  |TAMS 0x0000000095200000, 0x0000000095200000| Untracked 
| 339|0x0000000095300000, 0x0000000095300000, 0x0000000095400000|  0%| F|  |TAMS 0x0000000095300000, 0x0000000095300000| Untracked 
| 340|0x0000000095400000, 0x0000000095400000, 0x0000000095500000|  0%| F|  |TAMS 0x0000000095400000, 0x0000000095400000| Untracked 
| 341|0x0000000095500000, 0x0000000095500000, 0x0000000095600000|  0%| F|  |TAMS 0x0000000095500000, 0x0000000095500000| Untracked 
| 342|0x0000000095600000, 0x0000000095600000, 0x0000000095700000|  0%| F|  |TAMS 0x0000000095600000, 0x0000000095600000| Untracked 
| 343|0x0000000095700000, 0x0000000095700000, 0x0000000095800000|  0%| F|  |TAMS 0x0000000095700000, 0x0000000095700000| Untracked 
| 344|0x0000000095800000, 0x0000000095800000, 0x0000000095900000|  0%| F|  |TAMS 0x0000000095800000, 0x0000000095800000| Untracked 
| 345|0x0000000095900000, 0x0000000095900000, 0x0000000095a00000|  0%| F|  |TAMS 0x0000000095900000, 0x0000000095900000| Untracked 
| 346|0x0000000095a00000, 0x0000000095a00000, 0x0000000095b00000|  0%| F|  |TAMS 0x0000000095a00000, 0x0000000095a00000| Untracked 
| 347|0x0000000095b00000, 0x0000000095b00000, 0x0000000095c00000|  0%| F|  |TAMS 0x0000000095b00000, 0x0000000095b00000| Untracked 
| 348|0x0000000095c00000, 0x0000000095c00000, 0x0000000095d00000|  0%| F|  |TAMS 0x0000000095c00000, 0x0000000095c00000| Untracked 
| 349|0x0000000095d00000, 0x0000000095d00000, 0x0000000095e00000|  0%| F|  |TAMS 0x0000000095d00000, 0x0000000095d00000| Untracked 
| 350|0x0000000095e00000, 0x0000000095e00000, 0x0000000095f00000|  0%| F|  |TAMS 0x0000000095e00000, 0x0000000095e00000| Untracked 
| 351|0x0000000095f00000, 0x0000000095f00000, 0x0000000096000000|  0%| F|  |TAMS 0x0000000095f00000, 0x0000000095f00000| Untracked 
| 352|0x0000000096000000, 0x0000000096000000, 0x0000000096100000|  0%| F|  |TAMS 0x0000000096000000, 0x0000000096000000| Untracked 
| 353|0x0000000096100000, 0x0000000096100000, 0x0000000096200000|  0%| F|  |TAMS 0x0000000096100000, 0x0000000096100000| Untracked 
| 354|0x0000000096200000, 0x0000000096200000, 0x0000000096300000|  0%| F|  |TAMS 0x0000000096200000, 0x0000000096200000| Untracked 
| 355|0x0000000096300000, 0x0000000096300000, 0x0000000096400000|  0%| F|  |TAMS 0x0000000096300000, 0x0000000096300000| Untracked 
| 356|0x0000000096400000, 0x0000000096400000, 0x0000000096500000|  0%| F|  |TAMS 0x0000000096400000, 0x0000000096400000| Untracked 
| 357|0x0000000096500000, 0x0000000096500000, 0x0000000096600000|  0%| F|  |TAMS 0x0000000096500000, 0x0000000096500000| Untracked 
| 358|0x0000000096600000, 0x0000000096600000, 0x0000000096700000|  0%| F|  |TAMS 0x0000000096600000, 0x0000000096600000| Untracked 
| 359|0x0000000096700000, 0x0000000096700000, 0x0000000096800000|  0%| F|  |TAMS 0x0000000096700000, 0x0000000096700000| Untracked 
| 360|0x0000000096800000, 0x0000000096800000, 0x0000000096900000|  0%| F|  |TAMS 0x0000000096800000, 0x0000000096800000| Untracked 
| 361|0x0000000096900000, 0x0000000096900000, 0x0000000096a00000|  0%| F|  |TAMS 0x0000000096900000, 0x0000000096900000| Untracked 
| 362|0x0000000096a00000, 0x0000000096a00000, 0x0000000096b00000|  0%| F|  |TAMS 0x0000000096a00000, 0x0000000096a00000| Untracked 
| 363|0x0000000096b00000, 0x0000000096b00000, 0x0000000096c00000|  0%| F|  |TAMS 0x0000000096b00000, 0x0000000096b00000| Untracked 
| 364|0x0000000096c00000, 0x0000000096c00000, 0x0000000096d00000|  0%| F|  |TAMS 0x0000000096c00000, 0x0000000096c00000| Untracked 
| 365|0x0000000096d00000, 0x0000000096d00000, 0x0000000096e00000|  0%| F|  |TAMS 0x0000000096d00000, 0x0000000096d00000| Untracked 
| 366|0x0000000096e00000, 0x0000000096e00000, 0x0000000096f00000|  0%| F|  |TAMS 0x0000000096e00000, 0x0000000096e00000| Untracked 
| 367|0x0000000096f00000, 0x0000000096f00000, 0x0000000097000000|  0%| F|  |TAMS 0x0000000096f00000, 0x0000000096f00000| Untracked 
| 368|0x0000000097000000, 0x0000000097000000, 0x0000000097100000|  0%| F|  |TAMS 0x0000000097000000, 0x0000000097000000| Untracked 
| 369|0x0000000097100000, 0x0000000097100000, 0x0000000097200000|  0%| F|  |TAMS 0x0000000097100000, 0x0000000097100000| Untracked 
| 370|0x0000000097200000, 0x0000000097200000, 0x0000000097300000|  0%| F|  |TAMS 0x0000000097200000, 0x0000000097200000| Untracked 
| 371|0x0000000097300000, 0x0000000097300000, 0x0000000097400000|  0%| F|  |TAMS 0x0000000097300000, 0x0000000097300000| Untracked 
| 372|0x0000000097400000, 0x0000000097400000, 0x0000000097500000|  0%| F|  |TAMS 0x0000000097400000, 0x0000000097400000| Untracked 
| 373|0x0000000097500000, 0x0000000097500000, 0x0000000097600000|  0%| F|  |TAMS 0x0000000097500000, 0x0000000097500000| Untracked 
| 374|0x0000000097600000, 0x0000000097600000, 0x0000000097700000|  0%| F|  |TAMS 0x0000000097600000, 0x0000000097600000| Untracked 
| 375|0x0000000097700000, 0x0000000097700000, 0x0000000097800000|  0%| F|  |TAMS 0x0000000097700000, 0x0000000097700000| Untracked 
| 376|0x0000000097800000, 0x0000000097800000, 0x0000000097900000|  0%| F|  |TAMS 0x0000000097800000, 0x0000000097800000| Untracked 
| 377|0x0000000097900000, 0x0000000097900000, 0x0000000097a00000|  0%| F|  |TAMS 0x0000000097900000, 0x0000000097900000| Untracked 
| 378|0x0000000097a00000, 0x0000000097a00000, 0x0000000097b00000|  0%| F|  |TAMS 0x0000000097a00000, 0x0000000097a00000| Untracked 
| 379|0x0000000097b00000, 0x0000000097b00000, 0x0000000097c00000|  0%| F|  |TAMS 0x0000000097b00000, 0x0000000097b00000| Untracked 
| 380|0x0000000097c00000, 0x0000000097c00000, 0x0000000097d00000|  0%| F|  |TAMS 0x0000000097c00000, 0x0000000097c00000| Untracked 
| 381|0x0000000097d00000, 0x0000000097d00000, 0x0000000097e00000|  0%| F|  |TAMS 0x0000000097d00000, 0x0000000097d00000| Untracked 
| 382|0x0000000097e00000, 0x0000000097e00000, 0x0000000097f00000|  0%| F|  |TAMS 0x0000000097e00000, 0x0000000097e00000| Untracked 
| 383|0x0000000097f00000, 0x0000000097f00000, 0x0000000098000000|  0%| F|  |TAMS 0x0000000097f00000, 0x0000000097f00000| Untracked 
| 384|0x0000000098000000, 0x0000000098000000, 0x0000000098100000|  0%| F|  |TAMS 0x0000000098000000, 0x0000000098000000| Untracked 
| 385|0x0000000098100000, 0x0000000098100000, 0x0000000098200000|  0%| F|  |TAMS 0x0000000098100000, 0x0000000098100000| Untracked 
| 386|0x0000000098200000, 0x0000000098200000, 0x0000000098300000|  0%| F|  |TAMS 0x0000000098200000, 0x0000000098200000| Untracked 
| 387|0x0000000098300000, 0x0000000098300000, 0x0000000098400000|  0%| F|  |TAMS 0x0000000098300000, 0x0000000098300000| Untracked 
| 388|0x0000000098400000, 0x0000000098400000, 0x0000000098500000|  0%| F|  |TAMS 0x0000000098400000, 0x0000000098400000| Untracked 
| 389|0x0000000098500000, 0x0000000098500000, 0x0000000098600000|  0%| F|  |TAMS 0x0000000098500000, 0x0000000098500000| Untracked 
| 390|0x0000000098600000, 0x0000000098600000, 0x0000000098700000|  0%| F|  |TAMS 0x0000000098600000, 0x0000000098600000| Untracked 
| 391|0x0000000098700000, 0x0000000098700000, 0x0000000098800000|  0%| F|  |TAMS 0x0000000098700000, 0x0000000098700000| Untracked 
| 392|0x0000000098800000, 0x0000000098800000, 0x0000000098900000|  0%| F|  |TAMS 0x0000000098800000, 0x0000000098800000| Untracked 
| 393|0x0000000098900000, 0x0000000098900000, 0x0000000098a00000|  0%| F|  |TAMS 0x0000000098900000, 0x0000000098900000| Untracked 
| 394|0x0000000098a00000, 0x0000000098a00000, 0x0000000098b00000|  0%| F|  |TAMS 0x0000000098a00000, 0x0000000098a00000| Untracked 
| 395|0x0000000098b00000, 0x0000000098b00000, 0x0000000098c00000|  0%| F|  |TAMS 0x0000000098b00000, 0x0000000098b00000| Untracked 
| 396|0x0000000098c00000, 0x0000000098c00000, 0x0000000098d00000|  0%| F|  |TAMS 0x0000000098c00000, 0x0000000098c00000| Untracked 
| 397|0x0000000098d00000, 0x0000000098d00000, 0x0000000098e00000|  0%| F|  |TAMS 0x0000000098d00000, 0x0000000098d00000| Untracked 
| 398|0x0000000098e00000, 0x0000000098e00000, 0x0000000098f00000|  0%| F|  |TAMS 0x0000000098e00000, 0x0000000098e00000| Untracked 
| 399|0x0000000098f00000, 0x0000000098f00000, 0x0000000099000000|  0%| F|  |TAMS 0x0000000098f00000, 0x0000000098f00000| Untracked 
| 400|0x0000000099000000, 0x0000000099000000, 0x0000000099100000|  0%| F|  |TAMS 0x0000000099000000, 0x0000000099000000| Untracked 
| 401|0x0000000099100000, 0x0000000099100000, 0x0000000099200000|  0%| F|  |TAMS 0x0000000099100000, 0x0000000099100000| Untracked 
| 402|0x0000000099200000, 0x0000000099200000, 0x0000000099300000|  0%| F|  |TAMS 0x0000000099200000, 0x0000000099200000| Untracked 
| 403|0x0000000099300000, 0x0000000099300000, 0x0000000099400000|  0%| F|  |TAMS 0x0000000099300000, 0x0000000099300000| Untracked 
| 404|0x0000000099400000, 0x0000000099400000, 0x0000000099500000|  0%| F|  |TAMS 0x0000000099400000, 0x0000000099400000| Untracked 
| 405|0x0000000099500000, 0x0000000099500000, 0x0000000099600000|  0%| F|  |TAMS 0x0000000099500000, 0x0000000099500000| Untracked 
| 406|0x0000000099600000, 0x0000000099600000, 0x0000000099700000|  0%| F|  |TAMS 0x0000000099600000, 0x0000000099600000| Untracked 
| 407|0x0000000099700000, 0x0000000099700000, 0x0000000099800000|  0%| F|  |TAMS 0x0000000099700000, 0x0000000099700000| Untracked 
| 408|0x0000000099800000, 0x0000000099800000, 0x0000000099900000|  0%| F|  |TAMS 0x0000000099800000, 0x0000000099800000| Untracked 
| 409|0x0000000099900000, 0x0000000099900000, 0x0000000099a00000|  0%| F|  |TAMS 0x0000000099900000, 0x0000000099900000| Untracked 
| 410|0x0000000099a00000, 0x0000000099a00000, 0x0000000099b00000|  0%| F|  |TAMS 0x0000000099a00000, 0x0000000099a00000| Untracked 
| 411|0x0000000099b00000, 0x0000000099b00000, 0x0000000099c00000|  0%| F|  |TAMS 0x0000000099b00000, 0x0000000099b00000| Untracked 
| 412|0x0000000099c00000, 0x0000000099c00000, 0x0000000099d00000|  0%| F|  |TAMS 0x0000000099c00000, 0x0000000099c00000| Untracked 
| 413|0x0000000099d00000, 0x0000000099d00000, 0x0000000099e00000|  0%| F|  |TAMS 0x0000000099d00000, 0x0000000099d00000| Untracked 
| 414|0x0000000099e00000, 0x0000000099e00000, 0x0000000099f00000|  0%| F|  |TAMS 0x0000000099e00000, 0x0000000099e00000| Untracked 
| 415|0x0000000099f00000, 0x0000000099f00000, 0x000000009a000000|  0%| F|  |TAMS 0x0000000099f00000, 0x0000000099f00000| Untracked 
| 416|0x000000009a000000, 0x000000009a000000, 0x000000009a100000|  0%| F|  |TAMS 0x000000009a000000, 0x000000009a000000| Untracked 
| 417|0x000000009a100000, 0x000000009a100000, 0x000000009a200000|  0%| F|  |TAMS 0x000000009a100000, 0x000000009a100000| Untracked 
| 418|0x000000009a200000, 0x000000009a200000, 0x000000009a300000|  0%| F|  |TAMS 0x000000009a200000, 0x000000009a200000| Untracked 
| 419|0x000000009a300000, 0x000000009a300000, 0x000000009a400000|  0%| F|  |TAMS 0x000000009a300000, 0x000000009a300000| Untracked 
| 420|0x000000009a400000, 0x000000009a400000, 0x000000009a500000|  0%| F|  |TAMS 0x000000009a400000, 0x000000009a400000| Untracked 
| 421|0x000000009a500000, 0x000000009a500000, 0x000000009a600000|  0%| F|  |TAMS 0x000000009a500000, 0x000000009a500000| Untracked 
| 422|0x000000009a600000, 0x000000009a600000, 0x000000009a700000|  0%| F|  |TAMS 0x000000009a600000, 0x000000009a600000| Untracked 
| 423|0x000000009a700000, 0x000000009a700000, 0x000000009a800000|  0%| F|  |TAMS 0x000000009a700000, 0x000000009a700000| Untracked 
| 424|0x000000009a800000, 0x000000009a800000, 0x000000009a900000|  0%| F|  |TAMS 0x000000009a800000, 0x000000009a800000| Untracked 
| 425|0x000000009a900000, 0x000000009a900000, 0x000000009aa00000|  0%| F|  |TAMS 0x000000009a900000, 0x000000009a900000| Untracked 
| 426|0x000000009aa00000, 0x000000009aa00000, 0x000000009ab00000|  0%| F|  |TAMS 0x000000009aa00000, 0x000000009aa00000| Untracked 
| 427|0x000000009ab00000, 0x000000009ab00000, 0x000000009ac00000|  0%| F|  |TAMS 0x000000009ab00000, 0x000000009ab00000| Untracked 
| 428|0x000000009ac00000, 0x000000009ac00000, 0x000000009ad00000|  0%| F|  |TAMS 0x000000009ac00000, 0x000000009ac00000| Untracked 
| 429|0x000000009ad00000, 0x000000009ad00000, 0x000000009ae00000|  0%| F|  |TAMS 0x000000009ad00000, 0x000000009ad00000| Untracked 
| 430|0x000000009ae00000, 0x000000009ae00000, 0x000000009af00000|  0%| F|  |TAMS 0x000000009ae00000, 0x000000009ae00000| Untracked 
| 431|0x000000009af00000, 0x000000009af00000, 0x000000009b000000|  0%| F|  |TAMS 0x000000009af00000, 0x000000009af00000| Untracked 
| 432|0x000000009b000000, 0x000000009b000000, 0x000000009b100000|  0%| F|  |TAMS 0x000000009b000000, 0x000000009b000000| Untracked 
| 433|0x000000009b100000, 0x000000009b100000, 0x000000009b200000|  0%| F|  |TAMS 0x000000009b100000, 0x000000009b100000| Untracked 
| 434|0x000000009b200000, 0x000000009b200000, 0x000000009b300000|  0%| F|  |TAMS 0x000000009b200000, 0x000000009b200000| Untracked 
| 435|0x000000009b300000, 0x000000009b300000, 0x000000009b400000|  0%| F|  |TAMS 0x000000009b300000, 0x000000009b300000| Untracked 
| 436|0x000000009b400000, 0x000000009b400000, 0x000000009b500000|  0%| F|  |TAMS 0x000000009b400000, 0x000000009b400000| Untracked 
| 437|0x000000009b500000, 0x000000009b500000, 0x000000009b600000|  0%| F|  |TAMS 0x000000009b500000, 0x000000009b500000| Untracked 
| 438|0x000000009b600000, 0x000000009b600000, 0x000000009b700000|  0%| F|  |TAMS 0x000000009b600000, 0x000000009b600000| Untracked 
| 439|0x000000009b700000, 0x000000009b700000, 0x000000009b800000|  0%| F|  |TAMS 0x000000009b700000, 0x000000009b700000| Untracked 
| 440|0x000000009b800000, 0x000000009b800000, 0x000000009b900000|  0%| F|  |TAMS 0x000000009b800000, 0x000000009b800000| Untracked 
| 441|0x000000009b900000, 0x000000009b900000, 0x000000009ba00000|  0%| F|  |TAMS 0x000000009b900000, 0x000000009b900000| Untracked 
| 442|0x000000009ba00000, 0x000000009ba00000, 0x000000009bb00000|  0%| F|  |TAMS 0x000000009ba00000, 0x000000009ba00000| Untracked 
| 443|0x000000009bb00000, 0x000000009bb00000, 0x000000009bc00000|  0%| F|  |TAMS 0x000000009bb00000, 0x000000009bb00000| Untracked 
| 444|0x000000009bc00000, 0x000000009bc00000, 0x000000009bd00000|  0%| F|  |TAMS 0x000000009bc00000, 0x000000009bc00000| Untracked 
| 445|0x000000009bd00000, 0x000000009bd00000, 0x000000009be00000|  0%| F|  |TAMS 0x000000009bd00000, 0x000000009bd00000| Untracked 
| 446|0x000000009be00000, 0x000000009be00000, 0x000000009bf00000|  0%| F|  |TAMS 0x000000009be00000, 0x000000009be00000| Untracked 
| 447|0x000000009bf00000, 0x000000009bf00000, 0x000000009c000000|  0%| F|  |TAMS 0x000000009bf00000, 0x000000009bf00000| Untracked 
| 448|0x000000009c000000, 0x000000009c000000, 0x000000009c100000|  0%| F|  |TAMS 0x000000009c000000, 0x000000009c000000| Untracked 
| 449|0x000000009c100000, 0x000000009c16b628, 0x000000009c200000| 41%| S|CS|TAMS 0x000000009c100000, 0x000000009c100000| Complete 
| 450|0x000000009c200000, 0x000000009c300000, 0x000000009c300000|100%| S|CS|TAMS 0x000000009c200000, 0x000000009c200000| Complete 
| 451|0x000000009c300000, 0x000000009c400000, 0x000000009c400000|100%| S|CS|TAMS 0x000000009c300000, 0x000000009c300000| Complete 
| 452|0x000000009c400000, 0x000000009c500000, 0x000000009c500000|100%| S|CS|TAMS 0x000000009c400000, 0x000000009c400000| Complete 
| 453|0x000000009c500000, 0x000000009c600000, 0x000000009c600000|100%| S|CS|TAMS 0x000000009c500000, 0x000000009c500000| Complete 
| 454|0x000000009c600000, 0x000000009c700000, 0x000000009c700000|100%| S|CS|TAMS 0x000000009c600000, 0x000000009c600000| Complete 
| 455|0x000000009c700000, 0x000000009c800000, 0x000000009c800000|100%| S|CS|TAMS 0x000000009c700000, 0x000000009c700000| Complete 
| 456|0x000000009c800000, 0x000000009c900000, 0x000000009c900000|100%| S|CS|TAMS 0x000000009c800000, 0x000000009c800000| Complete 
| 457|0x000000009c900000, 0x000000009ca00000, 0x000000009ca00000|100%| S|CS|TAMS 0x000000009c900000, 0x000000009c900000| Complete 
| 458|0x000000009ca00000, 0x000000009cb00000, 0x000000009cb00000|100%| S|CS|TAMS 0x000000009ca00000, 0x000000009ca00000| Complete 
| 459|0x000000009cb00000, 0x000000009cc00000, 0x000000009cc00000|100%| S|CS|TAMS 0x000000009cb00000, 0x000000009cb00000| Complete 
| 460|0x000000009cc00000, 0x000000009cc00000, 0x000000009cd00000|  0%| F|  |TAMS 0x000000009cc00000, 0x000000009cc00000| Untracked 
| 461|0x000000009cd00000, 0x000000009cd00000, 0x000000009ce00000|  0%| F|  |TAMS 0x000000009cd00000, 0x000000009cd00000| Untracked 
| 462|0x000000009ce00000, 0x000000009ce00000, 0x000000009cf00000|  0%| F|  |TAMS 0x000000009ce00000, 0x000000009ce00000| Untracked 
| 463|0x000000009cf00000, 0x000000009cf00000, 0x000000009d000000|  0%| F|  |TAMS 0x000000009cf00000, 0x000000009cf00000| Untracked 
| 464|0x000000009d000000, 0x000000009d000000, 0x000000009d100000|  0%| F|  |TAMS 0x000000009d000000, 0x000000009d000000| Untracked 
| 465|0x000000009d100000, 0x000000009d100000, 0x000000009d200000|  0%| F|  |TAMS 0x000000009d100000, 0x000000009d100000| Untracked 
| 466|0x000000009d200000, 0x000000009d200000, 0x000000009d300000|  0%| F|  |TAMS 0x000000009d200000, 0x000000009d200000| Untracked 
| 467|0x000000009d300000, 0x000000009d300000, 0x000000009d400000|  0%| F|  |TAMS 0x000000009d300000, 0x000000009d300000| Untracked 
| 468|0x000000009d400000, 0x000000009d400000, 0x000000009d500000|  0%| F|  |TAMS 0x000000009d400000, 0x000000009d400000| Untracked 
| 469|0x000000009d500000, 0x000000009d500000, 0x000000009d600000|  0%| F|  |TAMS 0x000000009d500000, 0x000000009d500000| Untracked 
| 470|0x000000009d600000, 0x000000009d600000, 0x000000009d700000|  0%| F|  |TAMS 0x000000009d600000, 0x000000009d600000| Untracked 
| 471|0x000000009d700000, 0x000000009d700000, 0x000000009d800000|  0%| F|  |TAMS 0x000000009d700000, 0x000000009d700000| Untracked 
| 472|0x000000009d800000, 0x000000009d800000, 0x000000009d900000|  0%| F|  |TAMS 0x000000009d800000, 0x000000009d800000| Untracked 
| 473|0x000000009d900000, 0x000000009d900000, 0x000000009da00000|  0%| F|  |TAMS 0x000000009d900000, 0x000000009d900000| Untracked 
| 474|0x000000009da00000, 0x000000009da00000, 0x000000009db00000|  0%| F|  |TAMS 0x000000009da00000, 0x000000009da00000| Untracked 
| 475|0x000000009db00000, 0x000000009db00000, 0x000000009dc00000|  0%| F|  |TAMS 0x000000009db00000, 0x000000009db00000| Untracked 
| 476|0x000000009dc00000, 0x000000009dc00000, 0x000000009dd00000|  0%| F|  |TAMS 0x000000009dc00000, 0x000000009dc00000| Untracked 
| 477|0x000000009dd00000, 0x000000009dd00000, 0x000000009de00000|  0%| F|  |TAMS 0x000000009dd00000, 0x000000009dd00000| Untracked 
| 478|0x000000009de00000, 0x000000009de00000, 0x000000009df00000|  0%| F|  |TAMS 0x000000009de00000, 0x000000009de00000| Untracked 
| 479|0x000000009df00000, 0x000000009df00000, 0x000000009e000000|  0%| F|  |TAMS 0x000000009df00000, 0x000000009df00000| Untracked 
| 480|0x000000009e000000, 0x000000009e000000, 0x000000009e100000|  0%| F|  |TAMS 0x000000009e000000, 0x000000009e000000| Untracked 
| 481|0x000000009e100000, 0x000000009e100000, 0x000000009e200000|  0%| F|  |TAMS 0x000000009e100000, 0x000000009e100000| Untracked 
| 482|0x000000009e200000, 0x000000009e200000, 0x000000009e300000|  0%| F|  |TAMS 0x000000009e200000, 0x000000009e200000| Untracked 
| 483|0x000000009e300000, 0x000000009e300000, 0x000000009e400000|  0%| F|  |TAMS 0x000000009e300000, 0x000000009e300000| Untracked 
| 484|0x000000009e400000, 0x000000009e400000, 0x000000009e500000|  0%| F|  |TAMS 0x000000009e400000, 0x000000009e400000| Untracked 
| 485|0x000000009e500000, 0x000000009e500000, 0x000000009e600000|  0%| F|  |TAMS 0x000000009e500000, 0x000000009e500000| Untracked 
| 486|0x000000009e600000, 0x000000009e600000, 0x000000009e700000|  0%| F|  |TAMS 0x000000009e600000, 0x000000009e600000| Untracked 
| 487|0x000000009e700000, 0x000000009e700000, 0x000000009e800000|  0%| F|  |TAMS 0x000000009e700000, 0x000000009e700000| Untracked 
| 488|0x000000009e800000, 0x000000009e800000, 0x000000009e900000|  0%| F|  |TAMS 0x000000009e800000, 0x000000009e800000| Untracked 
| 489|0x000000009e900000, 0x000000009e900000, 0x000000009ea00000|  0%| F|  |TAMS 0x000000009e900000, 0x000000009e900000| Untracked 
| 490|0x000000009ea00000, 0x000000009ea00000, 0x000000009eb00000|  0%| F|  |TAMS 0x000000009ea00000, 0x000000009ea00000| Untracked 
| 491|0x000000009eb00000, 0x000000009eb00000, 0x000000009ec00000|  0%| F|  |TAMS 0x000000009eb00000, 0x000000009eb00000| Untracked 
| 492|0x000000009ec00000, 0x000000009ec00000, 0x000000009ed00000|  0%| F|  |TAMS 0x000000009ec00000, 0x000000009ec00000| Untracked 
| 493|0x000000009ed00000, 0x000000009ed00000, 0x000000009ee00000|  0%| F|  |TAMS 0x000000009ed00000, 0x000000009ed00000| Untracked 
| 494|0x000000009ee00000, 0x000000009ee00000, 0x000000009ef00000|  0%| F|  |TAMS 0x000000009ee00000, 0x000000009ee00000| Untracked 
| 495|0x000000009ef00000, 0x000000009ef00000, 0x000000009f000000|  0%| F|  |TAMS 0x000000009ef00000, 0x000000009ef00000| Untracked 
| 496|0x000000009f000000, 0x000000009f000000, 0x000000009f100000|  0%| F|  |TAMS 0x000000009f000000, 0x000000009f000000| Untracked 
| 497|0x000000009f100000, 0x000000009f100000, 0x000000009f200000|  0%| F|  |TAMS 0x000000009f100000, 0x000000009f100000| Untracked 
| 498|0x000000009f200000, 0x000000009f200000, 0x000000009f300000|  0%| F|  |TAMS 0x000000009f200000, 0x000000009f200000| Untracked 
| 499|0x000000009f300000, 0x000000009f300000, 0x000000009f400000|  0%| F|  |TAMS 0x000000009f300000, 0x000000009f300000| Untracked 
| 500|0x000000009f400000, 0x000000009f400000, 0x000000009f500000|  0%| F|  |TAMS 0x000000009f400000, 0x000000009f400000| Untracked 
| 501|0x000000009f500000, 0x000000009f500000, 0x000000009f600000|  0%| F|  |TAMS 0x000000009f500000, 0x000000009f500000| Untracked 
| 502|0x000000009f600000, 0x000000009f600000, 0x000000009f700000|  0%| F|  |TAMS 0x000000009f600000, 0x000000009f600000| Untracked 
| 503|0x000000009f700000, 0x000000009f700000, 0x000000009f800000|  0%| F|  |TAMS 0x000000009f700000, 0x000000009f700000| Untracked 
| 504|0x000000009f800000, 0x000000009f800000, 0x000000009f900000|  0%| F|  |TAMS 0x000000009f800000, 0x000000009f800000| Untracked 
| 505|0x000000009f900000, 0x000000009f900000, 0x000000009fa00000|  0%| F|  |TAMS 0x000000009f900000, 0x000000009f900000| Untracked 
| 506|0x000000009fa00000, 0x000000009fa00000, 0x000000009fb00000|  0%| F|  |TAMS 0x000000009fa00000, 0x000000009fa00000| Untracked 
| 507|0x000000009fb00000, 0x000000009fb00000, 0x000000009fc00000|  0%| F|  |TAMS 0x000000009fb00000, 0x000000009fb00000| Untracked 
| 508|0x000000009fc00000, 0x000000009fc00000, 0x000000009fd00000|  0%| F|  |TAMS 0x000000009fc00000, 0x000000009fc00000| Untracked 
| 509|0x000000009fd00000, 0x000000009fd00000, 0x000000009fe00000|  0%| F|  |TAMS 0x000000009fd00000, 0x000000009fd00000| Untracked 
| 510|0x000000009fe00000, 0x000000009fe00000, 0x000000009ff00000|  0%| F|  |TAMS 0x000000009fe00000, 0x000000009fe00000| Untracked 
| 511|0x000000009ff00000, 0x000000009ff00000, 0x00000000a0000000|  0%| F|  |TAMS 0x000000009ff00000, 0x000000009ff00000| Untracked 
| 512|0x00000000a0000000, 0x00000000a0000000, 0x00000000a0100000|  0%| F|  |TAMS 0x00000000a0000000, 0x00000000a0000000| Untracked 
| 513|0x00000000a0100000, 0x00000000a0100000, 0x00000000a0200000|  0%| F|  |TAMS 0x00000000a0100000, 0x00000000a0100000| Untracked 
| 514|0x00000000a0200000, 0x00000000a0200000, 0x00000000a0300000|  0%| F|  |TAMS 0x00000000a0200000, 0x00000000a0200000| Untracked 
| 515|0x00000000a0300000, 0x00000000a0300000, 0x00000000a0400000|  0%| F|  |TAMS 0x00000000a0300000, 0x00000000a0300000| Untracked 
| 516|0x00000000a0400000, 0x00000000a0400000, 0x00000000a0500000|  0%| F|  |TAMS 0x00000000a0400000, 0x00000000a0400000| Untracked 
| 517|0x00000000a0500000, 0x00000000a0500000, 0x00000000a0600000|  0%| F|  |TAMS 0x00000000a0500000, 0x00000000a0500000| Untracked 
| 518|0x00000000a0600000, 0x00000000a0600000, 0x00000000a0700000|  0%| F|  |TAMS 0x00000000a0600000, 0x00000000a0600000| Untracked 
| 519|0x00000000a0700000, 0x00000000a0700000, 0x00000000a0800000|  0%| F|  |TAMS 0x00000000a0700000, 0x00000000a0700000| Untracked 
| 520|0x00000000a0800000, 0x00000000a0800000, 0x00000000a0900000|  0%| F|  |TAMS 0x00000000a0800000, 0x00000000a0800000| Untracked 
| 521|0x00000000a0900000, 0x00000000a0900000, 0x00000000a0a00000|  0%| F|  |TAMS 0x00000000a0900000, 0x00000000a0900000| Untracked 
| 522|0x00000000a0a00000, 0x00000000a0a00000, 0x00000000a0b00000|  0%| F|  |TAMS 0x00000000a0a00000, 0x00000000a0a00000| Untracked 
| 523|0x00000000a0b00000, 0x00000000a0b00000, 0x00000000a0c00000|  0%| F|  |TAMS 0x00000000a0b00000, 0x00000000a0b00000| Untracked 
| 524|0x00000000a0c00000, 0x00000000a0c00000, 0x00000000a0d00000|  0%| F|  |TAMS 0x00000000a0c00000, 0x00000000a0c00000| Untracked 
| 525|0x00000000a0d00000, 0x00000000a0d00000, 0x00000000a0e00000|  0%| F|  |TAMS 0x00000000a0d00000, 0x00000000a0d00000| Untracked 
| 526|0x00000000a0e00000, 0x00000000a0e00000, 0x00000000a0f00000|  0%| F|  |TAMS 0x00000000a0e00000, 0x00000000a0e00000| Untracked 
| 527|0x00000000a0f00000, 0x00000000a0f00000, 0x00000000a1000000|  0%| F|  |TAMS 0x00000000a0f00000, 0x00000000a0f00000| Untracked 
| 528|0x00000000a1000000, 0x00000000a1000000, 0x00000000a1100000|  0%| F|  |TAMS 0x00000000a1000000, 0x00000000a1000000| Untracked 
| 529|0x00000000a1100000, 0x00000000a1100000, 0x00000000a1200000|  0%| F|  |TAMS 0x00000000a1100000, 0x00000000a1100000| Untracked 
| 530|0x00000000a1200000, 0x00000000a1200000, 0x00000000a1300000|  0%| F|  |TAMS 0x00000000a1200000, 0x00000000a1200000| Untracked 
| 531|0x00000000a1300000, 0x00000000a1300000, 0x00000000a1400000|  0%| F|  |TAMS 0x00000000a1300000, 0x00000000a1300000| Untracked 
| 532|0x00000000a1400000, 0x00000000a1400000, 0x00000000a1500000|  0%| F|  |TAMS 0x00000000a1400000, 0x00000000a1400000| Untracked 
| 533|0x00000000a1500000, 0x00000000a1500000, 0x00000000a1600000|  0%| F|  |TAMS 0x00000000a1500000, 0x00000000a1500000| Untracked 
| 534|0x00000000a1600000, 0x00000000a1600000, 0x00000000a1700000|  0%| F|  |TAMS 0x00000000a1600000, 0x00000000a1600000| Untracked 
| 535|0x00000000a1700000, 0x00000000a1700000, 0x00000000a1800000|  0%| F|  |TAMS 0x00000000a1700000, 0x00000000a1700000| Untracked 
| 536|0x00000000a1800000, 0x00000000a1800000, 0x00000000a1900000|  0%| F|  |TAMS 0x00000000a1800000, 0x00000000a1800000| Untracked 
| 537|0x00000000a1900000, 0x00000000a1900000, 0x00000000a1a00000|  0%| F|  |TAMS 0x00000000a1900000, 0x00000000a1900000| Untracked 
| 538|0x00000000a1a00000, 0x00000000a1a00000, 0x00000000a1b00000|  0%| F|  |TAMS 0x00000000a1a00000, 0x00000000a1a00000| Untracked 
| 539|0x00000000a1b00000, 0x00000000a1b00000, 0x00000000a1c00000|  0%| F|  |TAMS 0x00000000a1b00000, 0x00000000a1b00000| Untracked 
| 540|0x00000000a1c00000, 0x00000000a1c00000, 0x00000000a1d00000|  0%| F|  |TAMS 0x00000000a1c00000, 0x00000000a1c00000| Untracked 
| 541|0x00000000a1d00000, 0x00000000a1d00000, 0x00000000a1e00000|  0%| F|  |TAMS 0x00000000a1d00000, 0x00000000a1d00000| Untracked 
| 542|0x00000000a1e00000, 0x00000000a1e00000, 0x00000000a1f00000|  0%| F|  |TAMS 0x00000000a1e00000, 0x00000000a1e00000| Untracked 
| 543|0x00000000a1f00000, 0x00000000a1f00000, 0x00000000a2000000|  0%| F|  |TAMS 0x00000000a1f00000, 0x00000000a1f00000| Untracked 
| 544|0x00000000a2000000, 0x00000000a2000000, 0x00000000a2100000|  0%| F|  |TAMS 0x00000000a2000000, 0x00000000a2000000| Untracked 
| 545|0x00000000a2100000, 0x00000000a2100000, 0x00000000a2200000|  0%| F|  |TAMS 0x00000000a2100000, 0x00000000a2100000| Untracked 
| 546|0x00000000a2200000, 0x00000000a2200000, 0x00000000a2300000|  0%| F|  |TAMS 0x00000000a2200000, 0x00000000a2200000| Untracked 
| 547|0x00000000a2300000, 0x00000000a2300000, 0x00000000a2400000|  0%| F|  |TAMS 0x00000000a2300000, 0x00000000a2300000| Untracked 
| 548|0x00000000a2400000, 0x00000000a2400000, 0x00000000a2500000|  0%| F|  |TAMS 0x00000000a2400000, 0x00000000a2400000| Untracked 
| 549|0x00000000a2500000, 0x00000000a2500000, 0x00000000a2600000|  0%| F|  |TAMS 0x00000000a2500000, 0x00000000a2500000| Untracked 
| 550|0x00000000a2600000, 0x00000000a2600000, 0x00000000a2700000|  0%| F|  |TAMS 0x00000000a2600000, 0x00000000a2600000| Untracked 
| 551|0x00000000a2700000, 0x00000000a2700000, 0x00000000a2800000|  0%| F|  |TAMS 0x00000000a2700000, 0x00000000a2700000| Untracked 
| 552|0x00000000a2800000, 0x00000000a2800000, 0x00000000a2900000|  0%| F|  |TAMS 0x00000000a2800000, 0x00000000a2800000| Untracked 
| 553|0x00000000a2900000, 0x00000000a2900000, 0x00000000a2a00000|  0%| F|  |TAMS 0x00000000a2900000, 0x00000000a2900000| Untracked 
| 554|0x00000000a2a00000, 0x00000000a2a00000, 0x00000000a2b00000|  0%| F|  |TAMS 0x00000000a2a00000, 0x00000000a2a00000| Untracked 
| 555|0x00000000a2b00000, 0x00000000a2b00000, 0x00000000a2c00000|  0%| F|  |TAMS 0x00000000a2b00000, 0x00000000a2b00000| Untracked 
| 556|0x00000000a2c00000, 0x00000000a2c00000, 0x00000000a2d00000|  0%| F|  |TAMS 0x00000000a2c00000, 0x00000000a2c00000| Untracked 
| 557|0x00000000a2d00000, 0x00000000a2d00000, 0x00000000a2e00000|  0%| F|  |TAMS 0x00000000a2d00000, 0x00000000a2d00000| Untracked 
| 558|0x00000000a2e00000, 0x00000000a2e00000, 0x00000000a2f00000|  0%| F|  |TAMS 0x00000000a2e00000, 0x00000000a2e00000| Untracked 
| 559|0x00000000a2f00000, 0x00000000a2f00000, 0x00000000a3000000|  0%| F|  |TAMS 0x00000000a2f00000, 0x00000000a2f00000| Untracked 
| 560|0x00000000a3000000, 0x00000000a3000000, 0x00000000a3100000|  0%| F|  |TAMS 0x00000000a3000000, 0x00000000a3000000| Untracked 
| 561|0x00000000a3100000, 0x00000000a3100000, 0x00000000a3200000|  0%| F|  |TAMS 0x00000000a3100000, 0x00000000a3100000| Untracked 
| 562|0x00000000a3200000, 0x00000000a3200000, 0x00000000a3300000|  0%| F|  |TAMS 0x00000000a3200000, 0x00000000a3200000| Untracked 
| 563|0x00000000a3300000, 0x00000000a3300000, 0x00000000a3400000|  0%| F|  |TAMS 0x00000000a3300000, 0x00000000a3300000| Untracked 
| 564|0x00000000a3400000, 0x00000000a3400000, 0x00000000a3500000|  0%| F|  |TAMS 0x00000000a3400000, 0x00000000a3400000| Untracked 
| 565|0x00000000a3500000, 0x00000000a3500000, 0x00000000a3600000|  0%| F|  |TAMS 0x00000000a3500000, 0x00000000a3500000| Untracked 
| 566|0x00000000a3600000, 0x00000000a3600000, 0x00000000a3700000|  0%| F|  |TAMS 0x00000000a3600000, 0x00000000a3600000| Untracked 
| 567|0x00000000a3700000, 0x00000000a3700000, 0x00000000a3800000|  0%| F|  |TAMS 0x00000000a3700000, 0x00000000a3700000| Untracked 
| 568|0x00000000a3800000, 0x00000000a3800000, 0x00000000a3900000|  0%| F|  |TAMS 0x00000000a3800000, 0x00000000a3800000| Untracked 
| 569|0x00000000a3900000, 0x00000000a3900000, 0x00000000a3a00000|  0%| F|  |TAMS 0x00000000a3900000, 0x00000000a3900000| Untracked 
| 570|0x00000000a3a00000, 0x00000000a3a00000, 0x00000000a3b00000|  0%| F|  |TAMS 0x00000000a3a00000, 0x00000000a3a00000| Untracked 
| 571|0x00000000a3b00000, 0x00000000a3b00000, 0x00000000a3c00000|  0%| F|  |TAMS 0x00000000a3b00000, 0x00000000a3b00000| Untracked 
| 572|0x00000000a3c00000, 0x00000000a3c00000, 0x00000000a3d00000|  0%| F|  |TAMS 0x00000000a3c00000, 0x00000000a3c00000| Untracked 
| 573|0x00000000a3d00000, 0x00000000a3d00000, 0x00000000a3e00000|  0%| F|  |TAMS 0x00000000a3d00000, 0x00000000a3d00000| Untracked 
| 574|0x00000000a3e00000, 0x00000000a3e00000, 0x00000000a3f00000|  0%| F|  |TAMS 0x00000000a3e00000, 0x00000000a3e00000| Untracked 
| 575|0x00000000a3f00000, 0x00000000a3f00000, 0x00000000a4000000|  0%| F|  |TAMS 0x00000000a3f00000, 0x00000000a3f00000| Untracked 
| 576|0x00000000a4000000, 0x00000000a4000000, 0x00000000a4100000|  0%| F|  |TAMS 0x00000000a4000000, 0x00000000a4000000| Untracked 
| 577|0x00000000a4100000, 0x00000000a4100000, 0x00000000a4200000|  0%| F|  |TAMS 0x00000000a4100000, 0x00000000a4100000| Untracked 
| 578|0x00000000a4200000, 0x00000000a4200000, 0x00000000a4300000|  0%| F|  |TAMS 0x00000000a4200000, 0x00000000a4200000| Untracked 
| 579|0x00000000a4300000, 0x00000000a4300000, 0x00000000a4400000|  0%| F|  |TAMS 0x00000000a4300000, 0x00000000a4300000| Untracked 
| 580|0x00000000a4400000, 0x00000000a4400000, 0x00000000a4500000|  0%| F|  |TAMS 0x00000000a4400000, 0x00000000a4400000| Untracked 
| 581|0x00000000a4500000, 0x00000000a4500000, 0x00000000a4600000|  0%| F|  |TAMS 0x00000000a4500000, 0x00000000a4500000| Untracked 
| 582|0x00000000a4600000, 0x00000000a4600000, 0x00000000a4700000|  0%| F|  |TAMS 0x00000000a4600000, 0x00000000a4600000| Untracked 
| 583|0x00000000a4700000, 0x00000000a4700000, 0x00000000a4800000|  0%| F|  |TAMS 0x00000000a4700000, 0x00000000a4700000| Untracked 
| 584|0x00000000a4800000, 0x00000000a4800000, 0x00000000a4900000|  0%| F|  |TAMS 0x00000000a4800000, 0x00000000a4800000| Untracked 
| 585|0x00000000a4900000, 0x00000000a4900000, 0x00000000a4a00000|  0%| F|  |TAMS 0x00000000a4900000, 0x00000000a4900000| Untracked 
| 586|0x00000000a4a00000, 0x00000000a4a00000, 0x00000000a4b00000|  0%| F|  |TAMS 0x00000000a4a00000, 0x00000000a4a00000| Untracked 
| 587|0x00000000a4b00000, 0x00000000a4b00000, 0x00000000a4c00000|  0%| F|  |TAMS 0x00000000a4b00000, 0x00000000a4b00000| Untracked 
| 588|0x00000000a4c00000, 0x00000000a4c00000, 0x00000000a4d00000|  0%| F|  |TAMS 0x00000000a4c00000, 0x00000000a4c00000| Untracked 
| 589|0x00000000a4d00000, 0x00000000a4d00000, 0x00000000a4e00000|  0%| F|  |TAMS 0x00000000a4d00000, 0x00000000a4d00000| Untracked 
| 590|0x00000000a4e00000, 0x00000000a4e00000, 0x00000000a4f00000|  0%| F|  |TAMS 0x00000000a4e00000, 0x00000000a4e00000| Untracked 
| 591|0x00000000a4f00000, 0x00000000a4f00000, 0x00000000a5000000|  0%| F|  |TAMS 0x00000000a4f00000, 0x00000000a4f00000| Untracked 
| 592|0x00000000a5000000, 0x00000000a5000000, 0x00000000a5100000|  0%| F|  |TAMS 0x00000000a5000000, 0x00000000a5000000| Untracked 
| 593|0x00000000a5100000, 0x00000000a5100000, 0x00000000a5200000|  0%| F|  |TAMS 0x00000000a5100000, 0x00000000a5100000| Untracked 
| 594|0x00000000a5200000, 0x00000000a5200000, 0x00000000a5300000|  0%| F|  |TAMS 0x00000000a5200000, 0x00000000a5200000| Untracked 
| 595|0x00000000a5300000, 0x00000000a5300000, 0x00000000a5400000|  0%| F|  |TAMS 0x00000000a5300000, 0x00000000a5300000| Untracked 
| 596|0x00000000a5400000, 0x00000000a5400000, 0x00000000a5500000|  0%| F|  |TAMS 0x00000000a5400000, 0x00000000a5400000| Untracked 
| 597|0x00000000a5500000, 0x00000000a5500000, 0x00000000a5600000|  0%| F|  |TAMS 0x00000000a5500000, 0x00000000a5500000| Untracked 
| 598|0x00000000a5600000, 0x00000000a5600000, 0x00000000a5700000|  0%| F|  |TAMS 0x00000000a5600000, 0x00000000a5600000| Untracked 
| 599|0x00000000a5700000, 0x00000000a5700000, 0x00000000a5800000|  0%| F|  |TAMS 0x00000000a5700000, 0x00000000a5700000| Untracked 
| 600|0x00000000a5800000, 0x00000000a5800000, 0x00000000a5900000|  0%| F|  |TAMS 0x00000000a5800000, 0x00000000a5800000| Untracked 
| 601|0x00000000a5900000, 0x00000000a5900000, 0x00000000a5a00000|  0%| F|  |TAMS 0x00000000a5900000, 0x00000000a5900000| Untracked 
| 602|0x00000000a5a00000, 0x00000000a5a00000, 0x00000000a5b00000|  0%| F|  |TAMS 0x00000000a5a00000, 0x00000000a5a00000| Untracked 
| 603|0x00000000a5b00000, 0x00000000a5b00000, 0x00000000a5c00000|  0%| F|  |TAMS 0x00000000a5b00000, 0x00000000a5b00000| Untracked 
| 604|0x00000000a5c00000, 0x00000000a5c00000, 0x00000000a5d00000|  0%| F|  |TAMS 0x00000000a5c00000, 0x00000000a5c00000| Untracked 
| 605|0x00000000a5d00000, 0x00000000a5d00000, 0x00000000a5e00000|  0%| F|  |TAMS 0x00000000a5d00000, 0x00000000a5d00000| Untracked 
| 606|0x00000000a5e00000, 0x00000000a5e00000, 0x00000000a5f00000|  0%| F|  |TAMS 0x00000000a5e00000, 0x00000000a5e00000| Untracked 
| 607|0x00000000a5f00000, 0x00000000a5f00000, 0x00000000a6000000|  0%| F|  |TAMS 0x00000000a5f00000, 0x00000000a5f00000| Untracked 
| 608|0x00000000a6000000, 0x00000000a6000000, 0x00000000a6100000|  0%| F|  |TAMS 0x00000000a6000000, 0x00000000a6000000| Untracked 
| 609|0x00000000a6100000, 0x00000000a6100000, 0x00000000a6200000|  0%| F|  |TAMS 0x00000000a6100000, 0x00000000a6100000| Untracked 
| 610|0x00000000a6200000, 0x00000000a6200000, 0x00000000a6300000|  0%| F|  |TAMS 0x00000000a6200000, 0x00000000a6200000| Untracked 
| 611|0x00000000a6300000, 0x00000000a6300000, 0x00000000a6400000|  0%| F|  |TAMS 0x00000000a6300000, 0x00000000a6300000| Untracked 
| 612|0x00000000a6400000, 0x00000000a6400000, 0x00000000a6500000|  0%| F|  |TAMS 0x00000000a6400000, 0x00000000a6400000| Untracked 
| 613|0x00000000a6500000, 0x00000000a6500000, 0x00000000a6600000|  0%| F|  |TAMS 0x00000000a6500000, 0x00000000a6500000| Untracked 
| 614|0x00000000a6600000, 0x00000000a6600000, 0x00000000a6700000|  0%| F|  |TAMS 0x00000000a6600000, 0x00000000a6600000| Untracked 
| 615|0x00000000a6700000, 0x00000000a6700000, 0x00000000a6800000|  0%| F|  |TAMS 0x00000000a6700000, 0x00000000a6700000| Untracked 
| 616|0x00000000a6800000, 0x00000000a6800000, 0x00000000a6900000|  0%| F|  |TAMS 0x00000000a6800000, 0x00000000a6800000| Untracked 
| 617|0x00000000a6900000, 0x00000000a6900000, 0x00000000a6a00000|  0%| F|  |TAMS 0x00000000a6900000, 0x00000000a6900000| Untracked 
| 618|0x00000000a6a00000, 0x00000000a6a00000, 0x00000000a6b00000|  0%| F|  |TAMS 0x00000000a6a00000, 0x00000000a6a00000| Untracked 
| 619|0x00000000a6b00000, 0x00000000a6b00000, 0x00000000a6c00000|  0%| F|  |TAMS 0x00000000a6b00000, 0x00000000a6b00000| Untracked 
| 620|0x00000000a6c00000, 0x00000000a6c00000, 0x00000000a6d00000|  0%| F|  |TAMS 0x00000000a6c00000, 0x00000000a6c00000| Untracked 
| 621|0x00000000a6d00000, 0x00000000a6d00000, 0x00000000a6e00000|  0%| F|  |TAMS 0x00000000a6d00000, 0x00000000a6d00000| Untracked 
| 622|0x00000000a6e00000, 0x00000000a6e00000, 0x00000000a6f00000|  0%| F|  |TAMS 0x00000000a6e00000, 0x00000000a6e00000| Untracked 
| 623|0x00000000a6f00000, 0x00000000a6f00000, 0x00000000a7000000|  0%| F|  |TAMS 0x00000000a6f00000, 0x00000000a6f00000| Untracked 
| 624|0x00000000a7000000, 0x00000000a7000000, 0x00000000a7100000|  0%| F|  |TAMS 0x00000000a7000000, 0x00000000a7000000| Untracked 
| 625|0x00000000a7100000, 0x00000000a7100000, 0x00000000a7200000|  0%| F|  |TAMS 0x00000000a7100000, 0x00000000a7100000| Untracked 

Card table byte_map: [0x0000018a47950000,0x0000018a47d50000] _byte_map_base: 0x0000018a47550000

Marking Bits (Prev, Next): (CMBitMap*) 0x0000018a2ec9f210, (CMBitMap*) 0x0000018a2ec9f1d8
 Prev Bits: [0x0000018a4a150000, 0x0000018a4c150000)
 Next Bits: [0x0000018a48150000, 0x0000018a4a150000)

Polling page: 0x0000018a2ed30000

Metaspace:

Usage:
  Non-class:    110.04 MB capacity,   106.87 MB ( 97%) used,     2.76 MB (  3%) free+waste,   421.94 KB ( <1%) overhead. 
      Class:     18.33 MB capacity,    16.40 MB ( 89%) used,     1.73 MB (  9%) free+waste,   202.19 KB (  1%) overhead. 
       Both:    128.37 MB capacity,   123.27 MB ( 96%) used,     4.49 MB (  4%) free+waste,   624.13 KB ( <1%) overhead. 

Virtual space:
  Non-class space:      112.00 MB reserved,     110.28 MB ( 98%) committed 
      Class space:      504.00 MB reserved,      18.43 MB (  4%) committed 
             Both:      616.00 MB reserved,     128.71 MB ( 21%) committed 

Chunk freelists:
   Non-Class:  6.00 KB
       Class:  0 bytes
        Both:  6.00 KB

CodeHeap 'non-profiled nmethods': size=120000Kb used=10848Kb max_used=10848Kb free=109151Kb
 bounds [0x0000018a3f5c0000, 0x0000018a40060000, 0x0000018a46af0000]
CodeHeap 'profiled nmethods': size=120000Kb used=39479Kb max_used=39479Kb free=80520Kb
 bounds [0x0000018a38090000, 0x0000018a3a730000, 0x0000018a3f5c0000]
CodeHeap 'non-nmethods': size=5760Kb used=2355Kb max_used=2440Kb free=3404Kb
 bounds [0x0000018a37af0000, 0x0000018a37d60000, 0x0000018a38090000]
 total_blobs=18367 nmethods=17385 adapters=892
 compilation: enabled
              stopped_count=0, restarted_count=0
 full_count=0

Compilation events (10 events):
Event: 36.796 Thread 0x0000018a4f4eb000 nmethod 18596 0x0000018a3a711790 code [0x0000018a3a711da0, 0x0000018a3a7151e8]
Event: 36.796 Thread 0x0000018a4f4eb000 18576 %     3       com.android.tools.r8.internal.l4::a @ 27 (219 bytes)
Event: 36.798 Thread 0x0000018a4f4eb000 nmethod 18576% 0x0000018a3a716610 code [0x0000018a3a7168a0, 0x0000018a3a7175d8]
Event: 36.798 Thread 0x0000018a4f4eb000 18595       2       com.android.tools.r8.ir.regalloc.b::c (3963 bytes)
Event: 36.812 Thread 0x0000018a4f4e8000 nmethod 18439 0x0000018a40050490 code [0x0000018a40050a80, 0x0000018a400551b8]
Event: 36.814 Thread 0x0000018a4f4e8000 18484       4       com.android.tools.r8.internal.jV::a (23 bytes)
Event: 36.824 Thread 0x0000018a4f4e8000 nmethod 18484 0x0000018a40057c10 code [0x0000018a40057e20, 0x0000018a400583d8]
Event: 36.824 Thread 0x0000018a4f4e8000 18533       4       com.android.tools.r8.internal.tJ::a (447 bytes)
Event: 36.832 Thread 0x0000018a4f4eb000 nmethod 18595 0x0000018a3a717a10 code [0x0000018a3a718d20, 0x0000018a3a720658]
Event: 36.832 Thread 0x0000018a4f4eb000 18608       3       com.android.tools.r8.internal.Pl::a (3110 bytes)

GC Heap History (10 events):
Event: 34.884 GC heap after
{Heap after GC invocations=43 (full 0):
 garbage-first heap   total 320512K, used 237704K [0x0000000080000000, 0x0000000100000000)
  region size 1024K, 5 young (5120K), 5 survivors (5120K)
 Metaspace       used 120259K, capacity 125093K, committed 125396K, reserved 624640K
  class space    used 15908K, capacity 17714K, committed 17848K, reserved 516096K
}
Event: 34.972 GC heap before
{Heap before GC invocations=43 (full 0):
 garbage-first heap   total 320512K, used 266376K [0x0000000080000000, 0x0000000100000000)
  region size 1024K, 33 young (33792K), 5 survivors (5120K)
 Metaspace       used 121414K, capacity 126385K, committed 126548K, reserved 626688K
  class space    used 16109K, capacity 17959K, committed 17976K, reserved 516096K
}
Event: 34.995 GC heap after
{Heap after GC invocations=44 (full 0):
 garbage-first heap   total 641024K, used 242561K [0x0000000080000000, 0x0000000100000000)
  region size 1024K, 5 young (5120K), 5 survivors (5120K)
 Metaspace       used 121414K, capacity 126385K, committed 126548K, reserved 626688K
  class space    used 16109K, capacity 17959K, committed 17976K, reserved 516096K
}
Event: 35.652 GC heap before
{Heap before GC invocations=45 (full 0):
 garbage-first heap   total 641024K, used 370561K [0x0000000080000000, 0x0000000100000000)
  region size 1024K, 131 young (134144K), 5 survivors (5120K)
 Metaspace       used 125211K, capacity 130429K, committed 130644K, reserved 628736K
  class space    used 16690K, capacity 18622K, committed 18744K, reserved 516096K
}
Event: 35.672 GC heap after
{Heap after GC invocations=46 (full 0):
 garbage-first heap   total 641024K, used 259025K [0x0000000080000000, 0x0000000100000000)
  region size 1024K, 17 young (17408K), 17 survivors (17408K)
 Metaspace       used 125211K, capacity 130429K, committed 130644K, reserved 628736K
  class space    used 16690K, capacity 18622K, committed 18744K, reserved 516096K
}
Event: 36.049 GC heap before
{Heap before GC invocations=46 (full 0):
 garbage-first heap   total 641024K, used 395217K [0x0000000080000000, 0x0000000100000000)
  region size 1024K, 151 young (154624K), 17 survivors (17408K)
 Metaspace       used 125846K, capacity 131061K, committed 131156K, reserved 628736K
  class space    used 16737K, capacity 18699K, committed 18744K, reserved 516096K
}
Event: 36.071 GC heap after
{Heap after GC invocations=47 (full 0):
 garbage-first heap   total 641024K, used 270848K [0x0000000080000000, 0x0000000100000000)
  region size 1024K, 12 young (12288K), 12 survivors (12288K)
 Metaspace       used 125846K, capacity 131061K, committed 131156K, reserved 628736K
  class space    used 16737K, capacity 18699K, committed 18744K, reserved 516096K
}
Event: 36.430 GC heap before
{Heap before GC invocations=47 (full 0):
 garbage-first heap   total 641024K, used 416256K [0x0000000080000000, 0x0000000100000000)
  region size 1024K, 154 young (157696K), 12 survivors (12288K)
 Metaspace       used 126099K, capacity 131331K, committed 131540K, reserved 630784K
  class space    used 16782K, capacity 18749K, committed 18872K, reserved 516096K
}
Event: 36.441 GC heap after
{Heap after GC invocations=48 (full 0):
 garbage-first heap   total 641024K, used 275269K [0x0000000080000000, 0x0000000100000000)
  region size 1024K, 5 young (5120K), 5 survivors (5120K)
 Metaspace       used 126099K, capacity 131331K, committed 131540K, reserved 630784K
  class space    used 16782K, capacity 18749K, committed 18872K, reserved 516096K
}
Event: 36.838 GC heap before
{Heap before GC invocations=48 (full 0):
 garbage-first heap   total 641024K, used 439109K [0x0000000080000000, 0x0000000100000000)
  region size 1024K, 166 young (169984K), 5 survivors (5120K)
 Metaspace       used 126228K, capacity 131455K, committed 131796K, reserved 630784K
  class space    used 16795K, capacity 18771K, committed 18872K, reserved 516096K
}

Deoptimization events (10 events):
Event: 36.232 Thread 0x0000018a507e4000 Uncommon trap: reason=unstable_if action=reinterpret pc=0x0000018a3f7d4b0c method=com.android.tools.r8.internal.xa.a(Lcom/android/tools/r8/internal/V1;ILjava/lang/String;[C)I @ 81 c2
Event: 36.501 Thread 0x0000018a57d8a000 Uncommon trap: reason=unstable_if action=reinterpret pc=0x0000018a3ffdf4a8 method=com.android.tools.r8.graph.G1.d()Lcom/android/tools/r8/graph/D1$g; @ 91 c2
Event: 36.548 Thread 0x0000018a57d8a000 Uncommon trap: reason=range_check action=make_not_entrant pc=0x0000018a4002dc94 method=com.android.tools.r8.graph.d1.a(Lcom/android/tools/r8/graph/d1;)I @ 9 c2
Event: 36.563 Thread 0x0000018a57d8a000 Uncommon trap: reason=class_check action=maybe_recompile pc=0x0000018a4001cea0 method=com.android.tools.r8.internal.jV.a(Lcom/android/tools/r8/internal/jV;Lcom/android/tools/r8/internal/Yb;)I @ 19 c2
Event: 36.563 Thread 0x0000018a57d8a000 Uncommon trap: reason=class_check action=maybe_recompile pc=0x0000018a4001cea0 method=com.android.tools.r8.internal.jV.a(Lcom/android/tools/r8/internal/jV;Lcom/android/tools/r8/internal/Yb;)I @ 19 c2
Event: 36.618 Thread 0x0000018a549c3000 Uncommon trap: reason=bimorphic_or_optimized_type_check action=maybe_recompile pc=0x0000018a3ffd0fb0 method=com.android.tools.r8.graph.G1.i()Lcom/android/tools/r8/graph/D1$e; @ 36 c2
Event: 36.618 Thread 0x0000018a549c3000 Uncommon trap: reason=bimorphic_or_optimized_type_check action=maybe_recompile pc=0x0000018a3ffd0fb0 method=com.android.tools.r8.graph.G1.i()Lcom/android/tools/r8/graph/D1$e; @ 36 c2
Event: 36.645 Thread 0x0000018a520cf000 Uncommon trap: reason=unstable_if action=reinterpret pc=0x0000018a3fcca560 method=com.esotericsoftware.kryo.io.Output.writeString(Ljava/lang/CharSequence;)V @ 50 c2
Event: 36.645 Thread 0x0000018a520cf000 Uncommon trap: reason=unstable_if action=reinterpret pc=0x0000018a3f92f874 method=com.esotericsoftware.kryo.io.Output.writeString(Ljava/lang/CharSequence;)V @ 50 c2
Event: 36.702 Thread 0x0000018a549c3000 Uncommon trap: reason=unstable_if action=reinterpret pc=0x0000018a3f87e810 method=java.util.HashMap.computeIfAbsent(Ljava/lang/Object;Ljava/util/function/Function;)Ljava/lang/Object; @ 294 c2

Classes redefined (0 events):
No events

Internal exceptions (10 events):
Event: 35.084 Thread 0x0000018a57d87000 Exception <a 'java/lang/IncompatibleClassChangeError'{0x00000000a5fb6cd8}: Found class java.lang.Object, but interface was expected> (0x00000000a5fb6cd8) thrown at [./open/src/hotspot/share/interpreter/linkResolver.cpp, line 838]
Event: 35.147 Thread 0x0000018a57d87000 Exception <a 'java/lang/NoSuchMethodError'{0x00000000a5522368}: java.lang.invoke.DirectMethodHandle$Holder.invokeSpecial(Ljava/lang/Object;Ljava/lang/Object;I)V> (0x00000000a5522368) thrown at [./open/src/hotspot/share/interpreter/linkResolver.cpp, line 7
Event: 35.165 Thread 0x0000018a57d87000 Exception <a 'sun/nio/fs/WindowsException'{0x00000000a5007498}> (0x00000000a5007498) thrown at [./open/src/hotspot/share/prims/jni.cpp, line 611]
Event: 35.198 Thread 0x0000018a549c5800 Exception <a 'sun/nio/fs/WindowsException'{0x00000000a4c02240}> (0x00000000a4c02240) thrown at [./open/src/hotspot/share/prims/jni.cpp, line 611]
Event: 35.233 Thread 0x0000018a4febd800 Exception <a 'java/lang/NoSuchMethodError'{0x00000000a48e2d48}: java.lang.invoke.DirectMethodHandle$Holder.invokeInterface(Ljava/lang/Object;Ljava/lang/Object;I)Ljava/lang/Object;> (0x00000000a48e2d48) thrown at [./open/src/hotspot/share/interpreter/linkR
Event: 35.304 Thread 0x0000018a549c5800 Exception <a 'java/lang/NoSuchMethodError'{0x00000000a438a150}: java.lang.invoke.DirectMethodHandle$Holder.newInvokeSpecial(Ljava/lang/Object;Ljava/lang/Object;Ljava/lang/Object;Ljava/lang/Object;)Ljava/lang/Object;> (0x00000000a438a150) thrown at [./open
Event: 35.525 Thread 0x0000018a57d80800 Exception <a 'sun/nio/fs/WindowsException'{0x00000000a197c678}> (0x00000000a197c678) thrown at [./open/src/hotspot/share/prims/jni.cpp, line 611]
Event: 35.674 Thread 0x0000018a507e4000 Exception <a 'sun/nio/fs/WindowsException'{0x00000000a70cc828}> (0x00000000a70cc828) thrown at [./open/src/hotspot/share/prims/jni.cpp, line 611]
Event: 36.627 Thread 0x0000018a57d8a000 Exception <a 'sun/nio/fs/WindowsException'{0x00000000a32ba6b8}> (0x00000000a32ba6b8) thrown at [./open/src/hotspot/share/prims/jni.cpp, line 611]
Event: 36.677 Thread 0x0000018a548e4000 Exception <a 'sun/nio/fs/WindowsException'{0x00000000a1275de8}> (0x00000000a1275de8) thrown at [./open/src/hotspot/share/prims/jni.cpp, line 611]

Events (10 events):
Event: 36.763 loading class com/android/tools/r8/internal/Jo done
Event: 36.763 loading class com/android/tools/r8/internal/kY
Event: 36.763 loading class com/android/tools/r8/internal/kY done
Event: 36.812 Executing VM operation: RevokeBias
Event: 36.813 Executing VM operation: RevokeBias done
Event: 36.825 Thread 0x0000018a507e4000 DEOPT PACKING pc=0x0000018a3a5de467 sp=0x00000008b17f9800
Event: 36.825 Thread 0x0000018a507e4000 DEOPT UNPACKING pc=0x0000018a37b16dde sp=0x00000008b17f9168 mode 0
Event: 36.829 Thread 0x0000018a507e4000 DEOPT PACKING pc=0x0000018a3a5cd725 sp=0x00000008b17f9a80
Event: 36.829 Thread 0x0000018a507e4000 DEOPT UNPACKING pc=0x0000018a37b16dde sp=0x00000008b17f90e8 mode 0
Event: 36.837 Executing VM operation: G1CollectForAllocation


Dynamic libraries:
0x00007ff6d5e40000 - 0x00007ff6d5e4f000 	C:\Program Files\Java\jdk-11.0.16\bin\java.exe
0x00007ffe773b0000 - 0x00007ffe775a8000 	C:\WINDOWS\SYSTEM32\ntdll.dll
0x00007ffe3d3c0000 - 0x00007ffe3d3d7000 	C:\Program Files\AVAST Software\Avast\aswhook.dll
0x00007ffe75950000 - 0x00007ffe75a0f000 	C:\WINDOWS\System32\KERNEL32.DLL
0x00007ffe74c40000 - 0x00007ffe74f12000 	C:\WINDOWS\System32\KERNELBASE.dll
0x00007ffe74aa0000 - 0x00007ffe74ba0000 	C:\WINDOWS\System32\ucrtbase.dll
0x00007ffe6e960000 - 0x00007ffe6e975000 	C:\Program Files\Java\jdk-11.0.16\bin\VCRUNTIME140.dll
0x00007ffe6e900000 - 0x00007ffe6e918000 	C:\Program Files\Java\jdk-11.0.16\bin\jli.dll
0x00007ffe77060000 - 0x00007ffe7710e000 	C:\WINDOWS\System32\ADVAPI32.dll
0x00007ffe758b0000 - 0x00007ffe7594e000 	C:\WINDOWS\System32\msvcrt.dll
0x00007ffe757d0000 - 0x00007ffe7586c000 	C:\WINDOWS\System32\sechost.dll
0x00007ffe75c00000 - 0x00007ffe75d25000 	C:\WINDOWS\System32\RPCRT4.dll
0x00007ffe771c0000 - 0x00007ffe77361000 	C:\WINDOWS\System32\USER32.dll
0x00007ffe751c0000 - 0x00007ffe751e2000 	C:\WINDOWS\System32\win32u.dll
0x00007ffe603b0000 - 0x00007ffe6064a000 	C:\WINDOWS\WinSxS\amd64_microsoft.windows.common-controls_6595b64144ccf1df_6.0.19041.1110_none_60b5254171f9507e\COMCTL32.dll
0x00007ffe76710000 - 0x00007ffe7673b000 	C:\WINDOWS\System32\GDI32.dll
0x00007ffe752e0000 - 0x00007ffe753ef000 	C:\WINDOWS\System32\gdi32full.dll
0x00007ffe74ba0000 - 0x00007ffe74c3d000 	C:\WINDOWS\System32\msvcp_win.dll
0x00007ffe6da40000 - 0x00007ffe6da4a000 	C:\WINDOWS\SYSTEM32\VERSION.dll
0x00007ffe75870000 - 0x00007ffe758a2000 	C:\WINDOWS\System32\IMM32.DLL
0x00007ffe5ab40000 - 0x00007ffe5abdb000 	C:\Program Files\Java\jdk-11.0.16\bin\msvcp140.dll
0x00007ffe03f40000 - 0x00007ffe04a58000 	C:\Program Files\Java\jdk-11.0.16\bin\server\jvm.dll
0x00007ffe76c80000 - 0x00007ffe76c88000 	C:\WINDOWS\System32\PSAPI.DLL
0x00007ffe6d3b0000 - 0x00007ffe6d3d7000 	C:\WINDOWS\SYSTEM32\WINMM.dll
0x00007ffe6b9a0000 - 0x00007ffe6b9a9000 	C:\WINDOWS\SYSTEM32\WSOCK32.dll
0x00007ffe76740000 - 0x00007ffe767ab000 	C:\WINDOWS\System32\WS2_32.dll
0x00007ffe733b0000 - 0x00007ffe733c2000 	C:\WINDOWS\SYSTEM32\kernel.appcore.dll
0x00007ffe6e950000 - 0x00007ffe6e960000 	C:\Program Files\Java\jdk-11.0.16\bin\verify.dll
0x00007ffe72db0000 - 0x00007ffe72f94000 	C:\WINDOWS\SYSTEM32\DBGHELP.DLL
0x00007ffe687b0000 - 0x00007ffe687e5000 	C:\WINDOWS\SYSTEM32\dbgcore.DLL
0x00007ffe74f20000 - 0x00007ffe74fa2000 	C:\WINDOWS\System32\bcryptPrimitives.dll
0x00007ffe6e7b0000 - 0x00007ffe6e7d8000 	C:\Program Files\Java\jdk-11.0.16\bin\java.dll
0x00007ffe5e1e0000 - 0x00007ffe5e1ea000 	C:\Program Files\Java\jdk-11.0.16\bin\jimage.dll
0x00007ffe5dfb0000 - 0x00007ffe5dfc6000 	C:\Program Files\Java\jdk-11.0.16\bin\zip.dll
0x00007ffe75fc0000 - 0x00007ffe76704000 	C:\WINDOWS\System32\SHELL32.dll
0x00007ffe72540000 - 0x00007ffe72cd2000 	C:\WINDOWS\SYSTEM32\windows.storage.dll
0x00007ffe75470000 - 0x00007ffe757c5000 	C:\WINDOWS\System32\combase.dll
0x00007ffe74410000 - 0x00007ffe74440000 	C:\WINDOWS\SYSTEM32\Wldp.dll
0x00007ffe75f10000 - 0x00007ffe75fbd000 	C:\WINDOWS\System32\SHCORE.dll
0x00007ffe75ba0000 - 0x00007ffe75bf5000 	C:\WINDOWS\System32\shlwapi.dll
0x00007ffe749e0000 - 0x00007ffe749ff000 	C:\WINDOWS\SYSTEM32\profapi.dll
0x00007ffe5d690000 - 0x00007ffe5d6a9000 	C:\Program Files\Java\jdk-11.0.16\bin\net.dll
0x00007ffe69e40000 - 0x00007ffe69f4c000 	C:\WINDOWS\SYSTEM32\WINHTTP.dll
0x00007ffe74190000 - 0x00007ffe741fa000 	C:\WINDOWS\system32\mswsock.dll
0x00007ffe5c490000 - 0x00007ffe5c4a2000 	C:\Program Files\Java\jdk-11.0.16\bin\nio.dll
0x00007ffe5c340000 - 0x00007ffe5c367000 	C:\Users\Pieter.at.Innoventix\.gradle\native\e1d6ef7f7dcc3fd88c89a11ec53ec762bb8ba0a96d01ffa2cd45eb1d1d8dd5c5\windows-amd64\native-platform.dll
0x00007ffe59f70000 - 0x00007ffe5a0b4000 	C:\Users\Pieter.at.Innoventix\.gradle\native\0d407fdbe67a94daf76414ababcb853783967236a71b16ec16e742cd7a986fd3\windows-amd64\native-platform-file-events.dll
0x00007ffe5de20000 - 0x00007ffe5de29000 	C:\Program Files\Java\jdk-11.0.16\bin\management.dll
0x00007ffe5dd20000 - 0x00007ffe5dd2b000 	C:\Program Files\Java\jdk-11.0.16\bin\management_ext.dll
0x00007ffe74370000 - 0x00007ffe74388000 	C:\WINDOWS\SYSTEM32\CRYPTSP.dll
0x00007ffe73ad0000 - 0x00007ffe73b04000 	C:\WINDOWS\system32\rsaenh.dll
0x00007ffe752b0000 - 0x00007ffe752d7000 	C:\WINDOWS\System32\bcrypt.dll
0x00007ffe749a0000 - 0x00007ffe749ce000 	C:\WINDOWS\SYSTEM32\USERENV.dll
0x00007ffe74330000 - 0x00007ffe7433c000 	C:\WINDOWS\SYSTEM32\CRYPTBASE.dll
0x00007ffe73ea0000 - 0x00007ffe73edb000 	C:\WINDOWS\SYSTEM32\IPHLPAPI.DLL
0x00007ffe76f10000 - 0x00007ffe76f18000 	C:\WINDOWS\System32\NSI.dll
0x00007ffe6b570000 - 0x00007ffe6b587000 	C:\WINDOWS\SYSTEM32\dhcpcsvc6.DLL
0x00007ffe6b7b0000 - 0x00007ffe6b7cd000 	C:\WINDOWS\SYSTEM32\dhcpcsvc.DLL
0x00007ffe73ee0000 - 0x00007ffe73faa000 	C:\WINDOWS\SYSTEM32\DNSAPI.dll
0x00007ffe5bb50000 - 0x00007ffe5bb75000 	C:\Program Files\Java\jdk-11.0.16\bin\sunec.dll
0x0000000050a90000 - 0x0000000050ac5000 	C:\Program Files\Bonjour\mdnsNSP.dll
0x00007ffe6b400000 - 0x00007ffe6b40a000 	C:\Windows\System32\rasadhlp.dll
0x00007ffe68510000 - 0x00007ffe68590000 	C:\WINDOWS\System32\fwpuclnt.dll
0x00007ffe5d870000 - 0x00007ffe5d87d000 	C:\Program Files\Java\jdk-11.0.16\bin\sunmscapi.dll
0x00007ffe74fb0000 - 0x00007ffe75106000 	C:\WINDOWS\System32\CRYPT32.dll
0x00007ffe744e0000 - 0x00007ffe74507000 	C:\WINDOWS\SYSTEM32\ncrypt.dll
0x00007ffe74460000 - 0x00007ffe7449b000 	C:\WINDOWS\SYSTEM32\NTASN1.dll

dbghelp: loaded successfully - version: 4.0.5 - missing functions: none
symbol engine: initialized successfully - sym options: 0x614 - pdb path: .;C:\Program Files\Java\jdk-11.0.16\bin;C:\WINDOWS\SYSTEM32;C:\Program Files\AVAST Software\Avast;C:\WINDOWS\WinSxS\amd64_microsoft.windows.common-controls_6595b64144ccf1df_6.0.19041.1110_none_60b5254171f9507e;C:\Program Files\Java\jdk-11.0.16\bin\server;C:\Users\Pieter.at.Innoventix\.gradle\native\e1d6ef7f7dcc3fd88c89a11ec53ec762bb8ba0a96d01ffa2cd45eb1d1d8dd5c5\windows-amd64;C:\Users\Pieter.at.Innoventix\.gradle\native\0d407fdbe67a94daf76414ababcb853783967236a71b16ec16e742cd7a986fd3\windows-amd64;C:\Program Files\Bonjour

VM Arguments:
jvm_args: -XX:MaxMetaspaceSize=512m --add-opens=java.base/java.util=ALL-UNNAMED --add-opens=java.base/java.lang=ALL-UNNAMED --add-opens=java.base/java.lang.invoke=ALL-UNNAMED --add-opens=java.base/java.util=ALL-UNNAMED --add-opens=java.prefs/java.util.prefs=ALL-UNNAMED --add-opens=java.prefs/java.util.prefs=ALL-UNNAMED --add-opens=java.base/java.nio.charset=ALL-UNNAMED --add-opens=java.base/java.net=ALL-UNNAMED --add-opens=java.base/java.util.concurrent.atomic=ALL-UNNAMED -Xmx2048m -Dfile.encoding=windows-1252 -Duser.country=US -Duser.language=en -Duser.variant 
java_command: org.gradle.launcher.daemon.bootstrap.GradleDaemon 7.5.1
java_class_path (initial): C:\Users\Pieter.at.Innoventix\.gradle\wrapper\dists\gradle-7.5.1-all\1ehga6e77gqps5uk2kc5kf1vc\gradle-7.5.1\lib\gradle-launcher-7.5.1.jar
Launcher Type: SUN_STANDARD

[Global flags]
     intx CICompilerCount                          = 4                                         {product} {ergonomic}
   size_t CompressedClassSpaceSize                 = 528482304                                 {product} {ergonomic}
     uint ConcGCThreads                            = 2                                         {product} {ergonomic}
     uint G1ConcRefinementThreads                  = 8                                         {product} {ergonomic}
   size_t G1HeapRegionSize                         = 1048576                                   {product} {ergonomic}
    uintx GCDrainStackTargetSize                   = 64                                        {product} {ergonomic}
   size_t InitialHeapSize                          = 266338304                                 {product} {ergonomic}
   size_t MarkStackSize                            = 4194304                                   {product} {ergonomic}
   size_t MaxHeapSize                              = 2147483648                                {product} {command line}
   size_t MaxMetaspaceSize                         = 536870912                                 {product} {command line}
   size_t MaxNewSize                               = 1287651328                                {product} {ergonomic}
   size_t MinHeapDeltaBytes                        = 1048576                                   {product} {ergonomic}
    uintx NonNMethodCodeHeapSize                   = 5836300                                {pd product} {ergonomic}
    uintx NonProfiledCodeHeapSize                  = 122910970                              {pd product} {ergonomic}
    uintx ProfiledCodeHeapSize                     = 122910970                              {pd product} {ergonomic}
    uintx ReservedCodeCacheSize                    = 251658240                              {pd product} {ergonomic}
     bool SegmentedCodeCache                       = true                                      {product} {ergonomic}
     bool UseCompressedClassPointers               = true                                 {lp64_product} {ergonomic}
     bool UseCompressedOops                        = true                                 {lp64_product} {ergonomic}
     bool UseG1GC                                  = true                                      {product} {ergonomic}
     bool UseLargePagesIndividualAllocation        = false                                  {pd product} {ergonomic}

Logging:
Log output configuration:
 #0: stdout all=warning uptime,level,tags
 #1: stderr all=off uptime,level,tags

Environment Variables:
CLASSPATH=D:\Alkmaar\Indlovu\tricap\frontend\TricApp\android\\gradle\wrapper\gradle-wrapper.jar
PATH=D:\Alkmaar\Indlovu\tricap\frontend\TricApp\android\node_modules\.bin;D:\Alkmaar\Indlovu\tricap\frontend\TricApp\node_modules\.bin;D:\Alkmaar\Indlovu\tricap\frontend\node_modules\.bin;D:\Alkmaar\Indlovu\tricap\node_modules\.bin;D:\Alkmaar\Indlovu\node_modules\.bin;D:\Alkmaar\node_modules\.bin;D:\node_modules\.bin;C:\Program Files\nodejs;D:\Alkmaar\Indlovu\tricap\frontend\TricApp\node_modules\.bin;D:\Alkmaar\Indlovu\tricap\frontend\node_modules\.bin;D:\Alkmaar\Indlovu\tricap\node_modules\.bin;D:\Alkmaar\Indlovu\node_modules\.bin;D:\Alkmaar\node_modules\.bin;D:\node_modules\.bin;C:\Program Files\nodejs\node_modules\npm\node_modules\@npmcli\run-script\lib\node-gyp-bin;D:\Alkmaar\Indlovu\tricap\frontend\TricApp\node_modules\.bin;C:\Users\Pieter.at.Innoventix\bin;C:\Program Files\Git\mingw64\bin;C:\Program Files\Git\usr\local\bin;C:\Program Files\Git\usr\bin;C:\Program Files\Git\usr\bin;C:\Program Files\Git\mingw64\bin;C:\Program Files\Git\usr\bin;C:\Users\Pieter.at.Innoventix\bin;C:\Python310\Scripts;C:\Python310;C:\Program Files\Pico Technology\SDK\lib;C:\Python27;C:\Python27\Scripts;C:\Program Files (x86)\Intel\iCLS Client;C:\Program Files\Intel\iCLS Client;C:\Windows\System32;C:\Windows;C:\Windows\System32\Wbem;C:\Windows\System32\WindowsPowerShell\v1.0;C:\Program Files (x86)\Intel\Intel(R) Management Engine Components\DAL;C:\Program Files\Intel\Intel(R) Management Engine Components\DAL;C:\Program Files (x86)\Intel\Intel(R) Management Engine Components\IPT;C:\Program Files\Intel\Intel(R) Management Engine Components\IPT;C:\Program Files (x86)\NVIDIA Corporation\PhysX\Common;C:\WINDOWS\system32;C:\WINDOWS;C:\WINDOWS\System32\Wbem;C:\WINDOWS\System32\WindowsPowerShell\v1.0;C:\Program Files\PuTTY;C:\Program Files (x86)\WinMerge;C:\Program Files (x86)\Graphviz2.38\bin;C:\Program Files (x86)\Bitvise SSH Client;C:\Program Files (x86)\Windows Kits\10\Windows Performance Toolkit;D:\opencv\build\x64\vc14\bin;C:\Program Files\Git\cmd;C:\WINDOWS\System32\OpenSSH;C:\Program Fil
USERNAME=Alkmaar
SHELL=C:\Program Files\Git\usr\bin\bash.exe
DISPLAY=needs-to-be-defined
OS=Windows_NT
PROCESSOR_IDENTIFIER=Intel64 Family 6 Model 158 Stepping 9, GenuineIntel



---------------  S Y S T E M  ---------------

OS: Windows 10 , 64 bit Build 19041 (10.0.19041.2364)
Hyper-V role detected

CPU:total 8 (initial active 8) (4 cores per cpu, 2 threads per core) family 6 model 158 stepping 9 microcode 0xb4, cmov, cx8, fxsr, mmx, sse, sse2, sse3, ssse3, sse4.1, sse4.2, popcnt, avx, avx2, aes, clmul, erms, 3dnowpref, lzcnt, ht, tsc, tscinvbit, bmi1, bmi2, adx, fma

Memory: 4k page, system-wide physical 16250M (3256M free)
TotalPageFile size 19177M (AvailPageFile size 260M)
current process WorkingSet (physical memory assigned to process): 914M, peak: 914M
current process commit charge ("private bytes"): 1131M, peak: 1415M

vm_info: Java HotSpot(TM) 64-Bit Server VM (11.0.16+11-LTS-199) for windows-amd64 JRE (11.0.16+11-LTS-199), built on Jun 28 2022 08:23:17 by "mach5one" with MS VC++ 15.9 (VS2017)

END.
